node_id,true_best,tb_fam,top1_business_id,top1_label,hit1,hit3
0011ab75dc67a999437588145616b5bb,10000088,10000088,10000244,B站专线-盒子V2 10000244,0,0
003c9cf5a920e369322ab3a6e3c44a13,10000244,10000244,10000244,B站专线-盒子V2 10000244,1,1
004119eaff185bef013c31d456c2a310,10000304,10000304,10000096,字节架构专线V3 10000096,0,1
00c47917172c6a11f3f8082a80f98bd6,10000304,10000304,10000078,七牛特招 10000078,0,0
00ce8c9913701e5dfca2ebdab4c26750,10000079,10000079,10000244,B站专线-盒子V2 10000244,0,1
0118af89241a525d895390f498baeff8,10000244,10000244,10000244,B站专线-盒子V2 10000244,1,1
012c86236e001be31d71af300dff9ca9,10000069,10000069,10000292,七牛CDN-虚拟业务10000292 10000292,0,0
013033c1f4091d011c90f7b207bf88d3,10000079,10000079,10000304,快手严选 10000304,0,0
01350fb81f2ef6abea2387ec97e20c27,10000079,10000079,10000244,B站专线-盒子V2 10000244,0,1
016d4d366b70678c8b0f724f5284b305,10000079,10000079,10000244,B站专线-盒子V2 10000244,0,0
0184c835e4c62a07153483d100aeb514,10000123,10000123,10000292,七牛CDN-虚拟业务10000292 10000292,0,1
01a8dfe736b07fbcf664a5e76112e991,10000069,10000069,10000244,B站专线-盒子V2 10000244,0,1
01b7346e126744ddb3d7f6c692f8cf79,10000183,10000183,10000304,快手严选 10000304,0,1
01c009339a9893a9708da94f91eccb43,10000079,10000079,10000244,B站专线-盒子V2 10000244,0,0
01c049349947f090ef71cfe61da0eed4,10000244,10000244,10000244,B站专线-盒子V2 10000244,1,1
01c56523b4e04ce7bb697f04f78bfec4,10000244,10000244,10000244,B站专线-盒子V2 10000244,1,1
01e8092f6b1025868f6225cde985c7de,10000069,10000069,10000244,B站专线-盒子V2 10000244,0,1
022368d0b934cd689271b32ba8a3e5d2,10000079,10000079,10000244,B站专线-盒子V2 10000244,0,1
027003dcd9dc51a3b757bff3a97ee2e7,10000079,10000079,10000244,B站专线-盒子V2 10000244,0,1
029d3065f17b5b832870fbdb9dd5c30f,10000064,10000064,10000292,七牛CDN-虚拟业务10000292 10000292,0,1
02b508f7da2d89d03088eda51884771a,10000292,FQCDNV,10000244,B站专线-盒子V2 10000244,0,1
02bd6a16ae8b9156259e73b05cb7c1a0,10000064,10000064,10000069,腾讯汇聚P2P 10000069,0,0
02d4d3789c5448886573990d54c0cee6,10000079,10000079,1380460970,七牛CDN 1380460970,0,0
02def36957ce0cbb0cc2ce53888bb621,10000074,10000074,10000074,腾讯直连独立 10000074,1,1
02e203f3c6246a8048e9e5c96ce065ec,10000294,10000294,1382680008,字节CDN专线 1382680008,0,0
02f067fa377d5ecab00116926d3c74ff,10000064,10000064,10000069,腾讯汇聚P2P 10000069,0,0
030246bf127253a9584245a77091678c,10000069,10000069,10000304,快手严选 10000304,0,1
03054b0a2a56dfd93273edaaf04e6558,10000292,FQCDNV,10000244,B站专线-盒子V2 10000244,0,1
031920ec562afc9d8b6d836bbeaac426,10000079,10000079,10000292,七牛CDN-虚拟业务10000292 10000292,0,1
031fec1008f7e6a2e805e5b8640e0461,10000064,10000064,10000244,B站专线-盒子V2 10000244,0,0
032e874019fc7be0f83bebef17267255,10000079,10000079,10000069,腾讯汇聚P2P 10000069,0,1
0335741becbc6ba5338430082711d57b,10000244,10000244,10000244,B站专线-盒子V2 10000244,1,1
038b232106eea57a49648c88670f9b2b,10000292,FQCDNV,10000244,B站专线-盒子V2 10000244,0,0
03a420789167268f443a4bf7762b9637,10000304,10000304,1380460970,七牛CDN 1380460970,0,1
03c883f8f67fbc4c527a5a33e9b34f17,10000123,10000123,10000244,B站专线-盒子V2 10000244,0,0
03e4d02a34f7495299a086bf59cc7ad6,10000064,10000064,10000292,七牛CDN-虚拟业务10000292 10000292,0,1
03f9708b0e7b6d8dd9c21154993173a1,10000064,10000064,10000244,B站专线-盒子V2 10000244,0,0
03f997758c2db3463511e2809c8f5b7b,10000244,10000244,10000244,B站专线-盒子V2 10000244,1,1
04039371bf64985b266b921509d585b1,10000069,10000069,10000292,七牛CDN-虚拟业务10000292 10000292,0,0
0407be1f56c57a4ef03e53e943bc7f87,10000325,10000325,10000096,字节架构专线V3 10000096,0,1
042e768e92109ca9704ad6ee60197956,10000064,10000064,10000244,B站专线-盒子V2 10000244,0,0
043700c3e00d1406befd36b2c0fd657e,10000079,10000079,10000244,B站专线-盒子V2 10000244,0,1
043a28cd72613539883c6bc8c1b682c6,10000079,10000079,10000244,B站专线-盒子V2 10000244,0,0
043c835b4bc1f2814e08aaea921a9096,10000064,10000064,10000244,B站专线-盒子V2 10000244,0,0
0446c0280ec8cfd3e8b51b5070e146d8,10000294,10000294,10000294,优酷汇聚晚高峰 10000294,1,1
0449194dc0be62dcb99476a1cdc2aae5,10000041,10000041,10000005,快手直播 10000005,0,0
04777d441ca38de78d6bd17679488f4f,10000304,10000304,10000304,快手严选 10000304,1,1
0485d8a944409562c94a2789a2ae7a5d,10000079,10000079,10000244,B站专线-盒子V2 10000244,0,1
048985a37d76f5f236a3dd3e50b58b9d,1382680008,1382680008,10000034,优酷专线 10000034,0,1
04aac6e27e6525d85cf8ad91b9a9bba4,10000079,10000079,10000304,快手严选 10000304,0,0
04ae8c6f65797104419efd07a57e607d,10000079,10000079,10000244,B站专线-盒子V2 10000244,0,1
04c06e1d099d3c520575e4615601a757,10000279,FQTZV,1380460970,七牛CDN 1380460970,0,1
04eb0bb6b6733224852e3de608018fbc,10000123,10000123,10000244,B站专线-盒子V2 10000244,0,0
05382a3048da2ba7de22e09f39a5eef0,10000292,FQCDNV,10000244,B站专线-盒子V2 10000244,0,1
05665e1ca1c17851705f766dc0b59ba4,10000292,FQCDNV,10000244,B站专线-盒子V2 10000244,0,1
059f510882dfba4c9d0a9635e4ef5f57,10000069,10000069,10000292,七牛CDN-虚拟业务10000292 10000292,0,0
05a0b861e08af7f335dc93f51af7fb6b,10000019,10000019,10000244,B站专线-盒子V2 10000244,0,0
05a12e6a4b32a9616aa5611c43e71505,10000244,10000244,10000244,B站专线-盒子V2 10000244,1,1
05a3f118db5c98e33b4661cf05b9525f,10000064,10000064,10000069,腾讯汇聚P2P 10000069,0,0
05a9249d846cfaf1bc4a70b2c3b70974,10000003,10000003,10000244,B站专线-盒子V2 10000244,0,0
05b3c32222a4a4c1415c5c4d002dde26,10000064,10000064,10000244,B站专线-盒子V2 10000244,0,0
05b694320f143fe3c1f682f8caa28406,10000292,FQCDNV,10000244,B站专线-盒子V2 10000244,0,1
05cdddd930d22667dd8dfa61290af898,10000183,10000183,10000304,快手严选 10000304,0,0
05d6aca5cec398f670c4fa0fff7f7e36,10000244,10000244,10000244,B站专线-盒子V2 10000244,1,1
05daf6d94ca4dda660215e5e65a42029,10000079,10000079,1380460970,七牛CDN 1380460970,0,0
05e9919d8580a8431c820b8a7500c230,10000123,10000123,10000244,B站专线-盒子V2 10000244,0,0
05f56da414b3d888df1b176e5111b658,10000123,10000123,10000244,B站专线-盒子V2 10000244,0,0
061823c0a10e5dd352cc41250fc07196,10000292,FQCDNV,10000292,七牛CDN-虚拟业务10000292 10000292,1,1
0618861634557a1df54bfccfc18bcf1a,10000064,10000064,10000244,B站专线-盒子V2 10000244,0,0
061e65f042d0c138cfb0d930d3cdd81d,10000292,FQCDNV,10000244,B站专线-盒子V2 10000244,0,1
0624e7e42eccc185048f97fa6f803981,10000079,10000079,10000244,B站专线-盒子V2 10000244,0,1
063211125ef987cd0e3b3a130df5f99f,10000244,10000244,10000244,B站专线-盒子V2 10000244,1,1
06354ad2bae5db954f720f384ade50c7,10000292,FQCDNV,10000304,快手严选 10000304,0,0
06356ce0a8d8cbbfba381b5dd216b6dd,10000292,FQCDNV,10000244,B站专线-盒子V2 10000244,0,1
0649936dcd1b86fd5c98408fd8d146e4,10000064,10000064,10000292,七牛CDN-虚拟业务10000292 10000292,0,1
06574f7f81a646d1ade68298ed6ac1e0,10000069,10000069,10000292,七牛CDN-虚拟业务10000292 10000292,0,0
06c62d3ca701b9fd5ee1194efcd073b1,10000292,FQCDNV,10000244,B站专线-盒子V2 10000244,0,1
06d6d4d13871a57203d1d85de188a154,10000064,10000064,10000069,腾讯汇聚P2P 10000069,0,0
06e675eb05707d097068d58e1da46bce,10000079,10000079,10000244,B站专线-盒子V2 10000244,0,1
06feccd5fba6e830758403e5ebb0c74b,10000123,10000123,10000244,B站专线-盒子V2 10000244,0,0
07059fc060ec97fee0293af9fba135da,10000292,FQCDNV,10000244,B站专线-盒子V2 10000244,0,1
072770fca57846adcff3eaa7508ec04e,10000244,10000244,1382680008,字节CDN专线 1382680008,0,0
072f16f8594bb2d671778ee0a2327da1,10000244,10000244,10000074,腾讯直连独立 10000074,0,0
0743cddb265f8fd30dc8dcb9957af1b9,10000123,10000123,10000244,B站专线-盒子V2 10000244,0,0
07651a7e0470537fc6a2d68fc2446805,10000244,10000244,10000244,B站专线-盒子V2 10000244,1,1
07751ce823ba4f28b81a812179f67a14,10000000,10000000,10000000,腾讯汇聚直连 10000000,1,1
07a253329dcf80de8ef0ecdbba6dfc85,10000079,10000079,10000244,B站专线-盒子V2 10000244,0,1
07b0c5ddbbee558253fc34ecbd035b0d,10000064,10000064,10000079,字节架构汇聚V2 10000079,0,0
07c764d1e66b2ed5fee72199a3bf76fd,10000244,10000244,10000244,B站专线-盒子V2 10000244,1,1
07f5f2a9d70dc4ab21175adbd482ddb1,10000079,10000079,1380460970,七牛CDN 1380460970,0,0
08372268444b841ca973656c8ebdbd2b,10000292,FQCDNV,10000244,B站专线-盒子V2 10000244,0,1
0848c610c43970f58b0039568911d685,10000244,10000244,10000244,B站专线-盒子V2 10000244,1,1
08795463a0e848c5f0f67864ae81c9e9,10000079,10000079,10000244,B站专线-盒子V2 10000244,0,0
087ebfc44c1342948ff912faf57230a5,10000244,10000244,10000244,B站专线-盒子V2 10000244,1,1
088f36d7d09da02308deb97ac3d819e5,10000292,FQCDNV,10000244,B站专线-盒子V2 10000244,0,1
0897e6b1e3fb8935d204a2c22cfb8f92,10000244,10000244,10000244,B站专线-盒子V2 10000244,1,1
08f6448551a68ceaf7c2cca00a7238e1,10000079,10000079,10000096,字节架构专线V3 10000096,0,0
08ffc19c7dec14157419cc1dd84e995b,1380317970,1380317970,10000244,B站专线-盒子V2 10000244,0,0
090dcac643ff587783dba8e8b9b3e67c,10000064,10000064,10000244,B站专线-盒子V2 10000244,0,0
0918982900fdd617117390525f6fd81d,1382490022,1382490022,10000069,腾讯汇聚P2P 10000069,0,0
0923fc0e3ddcbdab6d44dc4bece2ec98,10000019,10000019,10000079,字节架构汇聚V2 10000079,0,1
09321291a0b29284071ff4738c0f1873,10000292,FQCDNV,10000005,快手直播 10000005,0,1
097b19aadd3d5a21dccc2b46bbf5b727,10000041,10000041,10000069,腾讯汇聚P2P 10000069,0,0
09d50439e6d3b6266b097d04d54a9a12,10000292,FQCDNV,10000244,B站专线-盒子V2 10000244,0,1
09fa7ced172f1aad65c7f2425c8773f0,10000292,FQCDNV,10000244,B站专线-盒子V2 10000244,0,1
0a094ff19f24f3933edc8f5b2c8c06f6,10000079,10000079,10000244,B站专线-盒子V2 10000244,0,1
0a09b2da588d3c277312d459acb06ea2,10000079,10000079,10000244,B站专线-盒子V2 10000244,0,1
0a42121dfe26d09cd8bfc9e33fbc99b2,10000079,10000079,10000244,B站专线-盒子V2 10000244,0,0
0a4ef339b5cde11a7a845f84952b5e51,10000244,10000244,10000244,B站专线-盒子V2 10000244,1,1
0a52e625142150c2189616141e782b97,10000292,FQCDNV,10000244,B站专线-盒子V2 10000244,0,1
0a77f852100eec7b2fa20e8d0eabb94c,10000079,10000079,10000244,B站专线-盒子V2 10000244,0,1
0a8c6e537e23e9f6c36fecf0fc7cba3e,10000304,10000304,10000304,快手严选 10000304,1,1
0aa36349405e72f70d687b23378d7f75,10000079,10000079,10000244,B站专线-盒子V2 10000244,0,1
0ac80518f645200fc9c4f1d8ba87208b,10000019,10000019,10000244,B站专线-盒子V2 10000244,0,0
0ae84e57073c99d4b5f91a9481453e6c,10000292,FQCDNV,10000292,七牛CDN-虚拟业务10000292 10000292,1,1
0aee1d89172c82c88c6b040578ad8c7a,10000292,FQCDNV,10000244,B站专线-盒子V2 10000244,0,1
0aef4c8b3fb11fc764f43199c6291d3e,10000123,10000123,10000292,七牛CDN-虚拟业务10000292 10000292,0,1
0af2bf5b4dedb2b10742b8ba6c0d436f,10000079,10000079,10000244,B站专线-盒子V2 10000244,0,1
0afaeb30e717150e72ffffa63b07d4e6,10000079,10000079,10000244,B站专线-盒子V2 10000244,0,1
0b05ac1ae5cdb847dddb26b9cf0e165c,1382680008,1382680008,10000224,字节CDN专线V4 10000224,0,0
0b1a56596f4186bd3c451dc718eceee3,10000292,FQCDNV,10000244,B站专线-盒子V2 10000244,0,1
0b2a92092440aa8627f3e20ba9790a43,10000123,10000123,10000292,七牛CDN-虚拟业务10000292 10000292,0,1
0b36feb34352529d57ebaabfe94c7fdf,10000079,10000079,10000304,快手严选 10000304,0,0
0b4366a5a9db94a327754b0c31075ce1,10000300,10000300,10000292,七牛CDN-虚拟业务10000292 10000292,0,0
0b577de9c677c1aee6f5c159cabf7f82,10000244,10000244,10000244,B站专线-盒子V2 10000244,1,1
0b6e06876213df807420a78f70628d7b,10000079,10000079,10000244,B站专线-盒子V2 10000244,0,1
0b6e588dd6d4952a2c6efea441ba19d5,10000079,10000079,10000304,快手严选 10000304,0,0
0b6f318d903ace29eed6e20e14a2df59,10000183,10000183,10000096,字节架构专线V3 10000096,0,1
0b8497421a903a0a51173d20ca01f466,10000292,FQCDNV,10000244,B站专线-盒子V2 10000244,0,1
0b95c16ed63026290e5e6c6f8ef87130,10000292,FQCDNV,10000244,B站专线-盒子V2 10000244,0,1
0b9665725127b25950f18301e80840ba,10000244,10000244,10000244,B站专线-盒子V2 10000244,1,1
0b97ecde7ef4592ff6d6cc4d568d5b18,10000064,10000064,10000244,B站专线-盒子V2 10000244,0,0
0baa8e9c4be0b9c8f67c19505c671650,10000079,10000079,10000244,B站专线-盒子V2 10000244,0,1
0bc55c2d2e2c4f919cf938c2a172fc8e,10000074,10000074,10000244,B站专线-盒子V2 10000244,0,1
0bc91be48b21c1cf8789c515cba216e3,1382490022,1382490022,10000069,腾讯汇聚P2P 10000069,0,0
0bdad4aeb784ad286991f616fffc8a60,10000292,FQCDNV,10000244,B站专线-盒子V2 10000244,0,1
0beb1658a016c03781ceb6fc0ef29dea,10000304,10000304,10000034,优酷专线 10000034,0,0
0bf659792ee64379233db404bf1ad8bb,10000064,10000064,10000244,B站专线-盒子V2 10000244,0,0
0c033516c12e408790b6fa37b1bca3f0,10000278,10000278,1382680008,字节CDN专线 1382680008,0,0
0c13147736f8f2b7ae98df981d751939,10000292,FQCDNV,10000292,七牛CDN-虚拟业务10000292 10000292,1,1
0c1a82ad75b4875f541ad097bf6eb814,1382649737,1382649737,1382680008,字节CDN专线 1382680008,0,0
0c45e169b1425ae3f8a54f79dba4c5dc,10000064,10000064,10000244,B站专线-盒子V2 10000244,0,0
0c5277c9a61b11505206a3d6de5cda9c,10000292,FQCDNV,10000244,B站专线-盒子V2 10000244,0,1
0c7d2e070c589e033cf081dd97368c8c,10000064,10000064,10000069,腾讯汇聚P2P 10000069,0,0
0c9579e62abeb9a31942323fe146fbee,10000244,10000244,10000244,B站专线-盒子V2 10000244,1,1
0c95f559516979783a9ab4d356a5548e,10000019,10000019,10000244,B站专线-盒子V2 10000244,0,0
0c9d18111681870ad3a548e5c811d5e1,4200000001,4200000001,1380460970,七牛CDN 1380460970,0,0
0ca2bd3cdb9edd634776b933c883fce9,10000079,10000079,1381526443,爱奇艺 1381526443,0,1
0ce32b316ad18fa48e44a54641326765,10000079,10000079,10000244,B站专线-盒子V2 10000244,0,1
0d1107e130f48c423fd9f88e03fe0d07,10000123,10000123,10000244,B站专线-盒子V2 10000244,0,0
0d16d8655c29fca5a1342cb3eb2a4e63,10000069,10000069,10000244,B站专线-盒子V2 10000244,0,1
0d1b45e2d2a0f237a0b9dcc3e67ebb84,10000079,10000079,10000244,B站专线-盒子V2 10000244,0,1
0d2fdf360720436dfa9685c2d7138a94,10000064,10000064,10000244,B站专线-盒子V2 10000244,0,0
0d59e070ffb0dbe183f271d3e4ccc5ee,10000079,10000079,10000244,B站专线-盒子V2 10000244,0,0
0d7209f91e76a9eeb05a38c5b662605b,10000244,10000244,10000244,B站专线-盒子V2 10000244,1,1
0d90951b7b58ecf8bfe74103e1cd11f5,10000244,10000244,10000244,B站专线-盒子V2 10000244,1,1
0dbf5854bd1f37bd664004e89b5d0ae5,10000064,10000064,10000069,腾讯汇聚P2P 10000069,0,0
0df558c5697d1412eaa6a689d0425036,10000064,10000064,10000244,B站专线-盒子V2 10000244,0,0
0dfa3b15a364699a6cf55803340d72b1,10000079,10000079,10000244,B站专线-盒子V2 10000244,0,1
0e56c1a276a17b090deabb9e799fa2c2,10000244,10000244,10000244,B站专线-盒子V2 10000244,1,1
0e5880ccf2f60403ff79286d638199a4,10000292,FQCDNV,10000244,B站专线-盒子V2 10000244,0,1
0e614a49341d8ad6bbf38b91f089f5c8,10000183,10000183,10000034,优酷专线 10000034,0,0
0e8197859c25372d4dec806c9244c89d,10000064,10000064,10000244,B站专线-盒子V2 10000244,0,0
0ece87d0b70a5ec626d3fa914e8a4bfb,10000064,10000064,10000292,七牛CDN-虚拟业务10000292 10000292,0,1
0edd3c6e9774f0479e8e8d9535a7f0cf,10000304,10000304,10000304,快手严选 10000304,1,1
0edf5c51bc67dcc0966c8a6fceb77382,10000244,10000244,10000244,B站专线-盒子V2 10000244,1,1
0ee5ce6647dc961f329b79bfc890fdb2,10000064,10000064,10000069,腾讯汇聚P2P 10000069,0,0
0f043f2bf15ed831bdba6040d8eb1d2c,10000064,10000064,10000292,七牛CDN-虚拟业务10000292 10000292,0,1
0f0cf3ea99d398bc83d9e04971ed67c0,10000069,10000069,10000069,腾讯汇聚P2P 10000069,1,1
0f1815cf600f32f213e73c744bf519f0,10000079,10000079,10000079,字节架构汇聚V2 10000079,1,1
0f2b61305246517081fff5ae42d06ed1,10000244,10000244,10000244,B站专线-盒子V2 10000244,1,1
0f824640836042805786cba50e53dad3,1382649737,1382649737,10000304,快手严选 10000304,0,1
0f8396fb9476e28baf84cb0da680f787,10000244,10000244,10000244,B站专线-盒子V2 10000244,1,1
0fc6eaee4c4ffb65c04782ce561a0099,10000304,10000304,10000304,快手严选 10000304,1,1
0fdf1a9c6b486c0ad3ff5eda3e58747e,10000244,10000244,10000244,B站专线-盒子V2 10000244,1,1
0ffb200b8e8900b78c9655f5e627331c,10000019,10000019,10000069,腾讯汇聚P2P 10000069,0,0
100961bbd8cd73f1fd6dc6888f5d3aac,10000069,10000069,1380460970,七牛CDN 1380460970,0,1
10111db371ad4dfaa33695a5959e17d7,10000244,10000244,10000244,B站专线-盒子V2 10000244,1,1
104fc27a2308bd38985838510f027743,10000079,10000079,10000304,快手严选 10000304,0,0
107192a78f394b52ad81a420061edf16,10000292,FQCDNV,10000292,七牛CDN-虚拟业务10000292 10000292,1,1
10786ee6aeb65ce179515390ecc1233e,10000244,10000244,10000244,B站专线-盒子V2 10000244,1,1
10a2b73000dea39cc0249f3caa873ebe,1382680008,1382680008,1382680008,字节CDN专线 1382680008,1,1
10df86307cc3c119daa6abb875616428,10000079,10000079,10000244,B站专线-盒子V2 10000244,0,0
111b39e8a50823d796df1c8370c3ae63,10000079,10000079,1380317970,快手点播 1380317970,0,1
112776558abec89e17f5c29bc0545715,10000079,10000079,10000304,快手严选 10000304,0,0
116ba1587909e3a8165b2b2cb7c5468d,10000244,10000244,10000244,B站专线-盒子V2 10000244,1,1
116fd8b67e49996798877064446d9e49,10000244,10000244,10000244,B站专线-盒子V2 10000244,1,1
117dbfa913d227c404fc47d63b4663fa,10000292,FQCDNV,10000005,快手直播 10000005,0,1
118edbb109818438716a1bcda7b6eeff,10000244,10000244,1380460970,七牛CDN 1380460970,0,1
119ff26107a4716bb59a02ee228dfe15,10000069,10000069,10000244,B站专线-盒子V2 10000244,0,1
11a966437f977d30127af473c74cd44f,10000079,10000079,10000244,B站专线-盒子V2 10000244,0,1
11b5be31b6c3ea5213a939ba44f61242,10000294,10000294,10000304,快手严选 10000304,0,0
11c107b24fd82cb5a1dd29fa38cdd14f,10000079,10000079,10000244,B站专线-盒子V2 10000244,0,1
11c4db2b33565fc349123a9c3130ed28,1382649737,1382649737,10000096,字节架构专线V3 10000096,0,0
11cb9fd76e0af57bfd02e036b946efc6,10000292,FQCDNV,10000244,B站专线-盒子V2 10000244,0,1
11e5120607a79979554b8aa7fbc8e703,1382649737,1382649737,10000304,快手严选 10000304,0,1
122c3334c979dda846973f3477888d2f,10000244,10000244,10000244,B站专线-盒子V2 10000244,1,1
124ee14aa2fd6edc2ba9f0db925753bd,10000088,10000088,10000244,B站专线-盒子V2 10000244,0,0
12770625187b00aa9ed62fbedd2e6ceb,10000064,10000064,10000244,B站专线-盒子V2 10000244,0,0
129b157c4e335581d11e9ccf6f49ae22,10000292,FQCDNV,10000244,B站专线-盒子V2 10000244,0,1
129c7825bf2d95b8b839d9b7254044bf,10000292,FQCDNV,1380460970,七牛CDN 1380460970,0,0
12b19e038380d0a25f414cab3c913619,10000074,10000074,10000292,七牛CDN-虚拟业务10000292 10000292,0,1
12dc4ad53a14511354fb7b2bb61d7458,10000079,10000079,10000244,B站专线-盒子V2 10000244,0,0
12fbfb7e8e57780f3ca4440b1f6a56f8,10000079,10000079,10000244,B站专线-盒子V2 10000244,0,1
13104db2663e2163d13ecbe4c1adee3b,10000079,10000079,10000244,B站专线-盒子V2 10000244,0,1
13137839c2e10c5cf96d4a327c2db2bb,10000079,10000079,10000244,B站专线-盒子V2 10000244,0,1
1318e7db20a6e3ea0eda709b4c9c613c,10000281,FQTZV,1380460970,七牛CDN 1380460970,0,0
132135924d8fe2c99e656b0cf73b6b4c,10000079,10000079,1380460970,七牛CDN 1380460970,0,0
132e6c9bd8f237c16c96c7aa850c1c4f,10000079,10000079,10000244,B站专线-盒子V2 10000244,0,1
1337bc7ac9dcaefe8d9e0d3e5cdce7e8,10000079,10000079,10000244,B站专线-盒子V2 10000244,0,1
133a08489eeb48a6881acf815eb534b6,10000064,10000064,10000292,七牛CDN-虚拟业务10000292 10000292,0,1
1349343c4b014349670de5f534993135,10000304,10000304,10000304,快手严选 10000304,1,1
13696b1726281cdf7622235d86c53035,10000069,10000069,10000292,七牛CDN-虚拟业务10000292 10000292,0,0
136da5d88c30c2bafd22d43d37c3ec70,10000292,FQCDNV,10000074,腾讯直连独立 10000074,0,0
1380097768e355cf3d5f398e1fcdfc23,10000064,10000064,10000014,百度XCDN专线 10000014,0,0
1391b3eaef693682f2c84c1530edd352,10000244,10000244,10000244,B站专线-盒子V2 10000244,1,1
139e497f707ca5c2c93a7adea84eff19,10000064,10000064,10000292,七牛CDN-虚拟业务10000292 10000292,0,1
13a226157bb1781573c1dd04ab19945f,10000079,10000079,10000244,B站专线-盒子V2 10000244,0,1
13ce103e687d0661d4702ebb5592f3c6,10000244,10000244,10000244,B站专线-盒子V2 10000244,1,1
13d40ea747673620bc844ad37a08510a,10000294,10000294,1382680008,字节CDN专线 1382680008,0,0
13d73fe65768e8769468093f9c7ed86f,10000244,10000244,10000244,B站专线-盒子V2 10000244,1,1
13e1ec9decfcd450de8745fb05930a17,10000244,10000244,10000244,B站专线-盒子V2 10000244,1,1
1442821390c64b8fa387bbc0dfc2f0ca,10000123,10000123,10000244,B站专线-盒子V2 10000244,0,0
145ad86fe2d516040571b59d444f2901,10000294,10000294,1380460970,七牛CDN 1380460970,0,0
146ce3914763651c4f34cd708c3482d4,10000183,10000183,10000034,优酷专线 10000034,0,0
14a20bfe5ea66bb00ec4980dd0e64b61,10000064,10000064,10000292,七牛CDN-虚拟业务10000292 10000292,0,1
14a5a2446fffcea32b1a5111c259f48c,10000304,10000304,10000244,B站专线-盒子V2 10000244,0,0
14febc3ada1ec5c589540418a7d8e8a2,10000244,10000244,10000244,B站专线-盒子V2 10000244,1,1
150348d860d66981e11356f26f4c8665,10000281,FQTZV,1382680008,字节CDN专线 1382680008,0,0
150dd4b061abbc1079c77226bb271f3e,10000304,10000304,10000096,字节架构专线V3 10000096,0,1
152974f450cf75785e58dbd879e19c81,10000064,10000064,10000244,B站专线-盒子V2 10000244,0,0
1538caa6273c1d0afbe7c8deb8fffd5e,10000294,10000294,10000304,快手严选 10000304,0,0
153f3e2e2ec10ce3ebf27a6a7f519bf4,10000244,10000244,10000244,B站专线-盒子V2 10000244,1,1
156b161d162e60406de15fe52ecf1b1c,10000244,10000244,10000244,B站专线-盒子V2 10000244,1,1
15798f28c7307d363c0bd8e6e974025c,10000088,10000088,10000191,腾讯专线-80 10000191,0,0
1599d225fd12b7c41474a8192b444052,10000074,10000074,10000244,B站专线-盒子V2 10000244,0,1
15a46e2a09ce3338eff8d83b5ca25d00,10000292,FQCDNV,10000244,B站专线-盒子V2 10000244,0,1
15be8df3c2dadda3f37761adf712d19a,10000079,10000079,10000304,快手严选 10000304,0,0
15c557607b5146d467148b32b150c92c,10000079,10000079,10000244,B站专线-盒子V2 10000244,0,1
15e5a25714221c3dfe011955f6902229,10000244,10000244,10000244,B站专线-盒子V2 10000244,1,1
15e66a72bd45eca43ea0247e13734a0b,10000019,10000019,10000244,B站专线-盒子V2 10000244,0,0
15f372c57b94a41bf8fa467e525de9a6,10000244,10000244,10000244,B站专线-盒子V2 10000244,1,1
163b21d4ae882c4b4a02d5296228519c,10000064,10000064,10000244,B站专线-盒子V2 10000244,0,0
16400b85aabcdbfc74366947b55709de,10000074,10000074,10000244,B站专线-盒子V2 10000244,0,0
164b7b3408fbb309e415a7159794c182,10000123,10000123,10000244,B站专线-盒子V2 10000244,0,0
165744f8157a8c59d55c3e2d0c735435,10000064,10000064,10000244,B站专线-盒子V2 10000244,0,0
1665625f247bd036c0166cc9aeb22865,10000281,FQTZV,1380460970,七牛CDN 1380460970,0,1
1685fc4504d66796a19fe3d9a7e29775,10000244,10000244,10000244,B站专线-盒子V2 10000244,1,1
16a3bbfc398e23ae706d6eca12f1da85,10000064,10000064,10000244,B站专线-盒子V2 10000244,0,0
16a74c9cf5b9acda883d9b69355fc87e,10000064,10000064,10000292,七牛CDN-虚拟业务10000292 10000292,0,1
16ca3e7be66e977f4b7e3f3fc8c301c1,10000292,FQCDNV,10000244,B站专线-盒子V2 10000244,0,1
16cb9394f4d5affc6b440858172d7722,10000325,10000325,1382680008,字节CDN专线 1382680008,0,0
16dcf07ed8824160b08c975b1f39020d,10000003,10000003,10000244,B站专线-盒子V2 10000244,0,0
16deabe983ad5c56a98ccdb8e747da77,10000079,10000079,1380317970,快手点播 1380317970,0,0
16decd0e023d4f156e5330179c898e76,10000003,10000003,10000244,B站专线-盒子V2 10000244,0,0
16f757d9064feb69bb1bb5c0b02db390,10000177,10000177,10000304,快手严选 10000304,0,0
1733500ef86c98b6df323c1492e633e7,10000069,10000069,10000224,字节CDN专线V4 10000224,0,0
176bb10447302d23fd6b25f7c8dbdc91,10000064,10000064,10000244,B站专线-盒子V2 10000244,0,0
177bfa4c4333083c553645d2bf3bfce8,10000019,10000019,10000244,B站专线-盒子V2 10000244,0,0
179bfc75b904f27e451ba38fa62dd025,10000088,10000088,10000244,B站专线-盒子V2 10000244,0,0
179f532ff49ecb078995edbe1cf3b07a,10000123,10000123,10000244,B站专线-盒子V2 10000244,0,0
17c84b39e6854a22beb02f791d6afb47,10000079,10000079,10000292,七牛CDN-虚拟业务10000292 10000292,0,0
17caa810991e304da3df2a7e255de574,10000019,10000019,10000304,快手严选 10000304,0,0
17cefe4fae3239b56b97eeea2db2a0ba,10000069,10000069,10000014,百度XCDN专线 10000014,0,0
17d92a1bff963da48c6b86bad2b7d3e8,10000019,10000019,10000244,B站专线-盒子V2 10000244,0,0
17f85f0047c21d7cae28e66dff40239c,10000294,10000294,10000304,快手严选 10000304,0,0
180c915c5e2a6e99bfa4b829d7b606f9,10000064,10000064,10000292,七牛CDN-虚拟业务10000292 10000292,0,1
1813421a6f7a219fbd8ce5fe4203cc6b,10000123,10000123,10000244,B站专线-盒子V2 10000244,0,0
1826ff73edb545d3b1c7354162a06fc6,10000064,10000064,10000292,七牛CDN-虚拟业务10000292 10000292,0,1
18291aea1c8bf848e3e8de3b3ba8725f,10000069,10000069,10000244,B站专线-盒子V2 10000244,0,0
183f7f00ff379c5c0235ab8fefa9a885,10000069,10000069,10000014,百度XCDN专线 10000014,0,0
184575a2e015d37d576bcd7f21f06a14,10000064,10000064,10000244,B站专线-盒子V2 10000244,0,1
184ac9f243a7f51bbaab6be178182444,10000088,10000088,10000244,B站专线-盒子V2 10000244,0,0
1854538b33284e4187436ed5e0dcbb38,10000292,FQCDNV,10000304,快手严选 10000304,0,1
1860d9d41a9a42a8cd7710ef05179870,10000064,10000064,10000292,七牛CDN-虚拟业务10000292 10000292,0,1
18b01a52bbfa3b25d8e7a36be08f1430,1382680008,1382680008,10000191,腾讯专线-80 10000191,0,0
18d656458889caa1aed11ae80b0431ad,10000244,10000244,10000244,B站专线-盒子V2 10000244,1,1
18e0a9d9368e628070e7a14fbfd0e9a8,10000064,10000064,10000244,B站专线-盒子V2 10000244,0,0
18ebd0cf39a44c4cb45a7f5d581f2e06,10000019,10000019,10000244,B站专线-盒子V2 10000244,0,0
18f36afd1c04145c68b5d0b27f73b21d,10000244,10000244,10000244,B站专线-盒子V2 10000244,1,1
1908f62016675cf7a3cdda69066937df,10000123,10000123,10000244,B站专线-盒子V2 10000244,0,0
190b46c3eb9215f550415c316a363178,10000244,10000244,10000244,B站专线-盒子V2 10000244,1,1
19490b16e3f4473914933606b0578fa3,10000292,FQCDNV,10000088,字节CDN汇聚V2 10000088,0,0
19829d7f43ca16f5e7fec1ebf30ed44e,10000244,10000244,10000244,B站专线-盒子V2 10000244,1,1
198dcd8742c49b0ceb43ef5b196f002e,10000001,10000001,10000244,B站专线-盒子V2 10000244,0,0
1a0a1bb7a808df2e6879ac1278d76153,10000019,10000019,10000292,七牛CDN-虚拟业务10000292 10000292,0,0
1a686a19411c5aa9373f00e7f7d23af3,10000079,10000079,10000244,B站专线-盒子V2 10000244,0,1
1a7d17c1e785fc1c6a4baa0fd2b91dc9,10000304,10000304,10000292,七牛CDN-虚拟业务10000292 10000292,0,0
1a8a3120dc6aad271c78ae1a10000a4b,10000244,10000244,1381526443,爱奇艺 1381526443,0,1
1ac0fb1372646e20b5262d6a8926b46f,10000292,FQCDNV,10000292,七牛CDN-虚拟业务10000292 10000292,1,1
1ad75a7b9560305b2ee1ef2fa48dc011,10000003,10000003,10000244,B站专线-盒子V2 10000244,0,0
1aecbfafd41d06a176b816e62e2654bd,10000294,10000294,10000069,腾讯汇聚P2P 10000069,0,0
1aee141d9fb809a8c8f955980eb7092f,10000064,10000064,10000292,七牛CDN-虚拟业务10000292 10000292,0,1
1b1d2ec5cf96786503d5d18b548a02fd,10000019,10000019,10000244,B站专线-盒子V2 10000244,0,0
1b5717fe62aa9821a0866e0c4a41909f,10000019,10000019,10000064,百度小度 10000064,0,1
1b5a6170374e75f64b5ea4dc55662ffc,10000019,10000019,10000244,B站专线-盒子V2 10000244,0,1
1b62c4a7ac148b01033015e84b41ced0,10000088,10000088,10000244,B站专线-盒子V2 10000244,0,0
1b868b0f5a6f2cefe07ee1da1aae4780,10000292,FQCDNV,10000244,B站专线-盒子V2 10000244,0,1
1b9fbe95aaa1912a36ae6125210a5311,10000294,10000294,10000079,字节架构汇聚V2 10000079,0,1
1ba069982133f8f4aa6ac10d357c6a37,10000281,FQTZV,10000034,优酷专线 10000034,0,0
1bb1b07e0bcdc63a3c4c508650f0c0a3,10000304,10000304,10000064,百度小度 10000064,0,0
1bcff04e0c5d7fc77ff4673f96925786,1382680008,1382680008,1382680008,字节CDN专线 1382680008,1,1
1bd2cd840d4ffd50277fc54db5f88e5a,10000088,10000088,10000244,B站专线-盒子V2 10000244,0,0
1bed1ccdab4c5372f159ae01004a88ad,10000079,10000079,10000244,B站专线-盒子V2 10000244,0,1
1bf267477d9f5c22b83a721f0d6f8a6b,10000019,10000019,10000244,B站专线-盒子V2 10000244,0,0
1bf33b503274052892ee4bd08a0c0581,10000244,10000244,1380460970,七牛CDN 1380460970,0,1
1c306855006f69dd11bd810d663f2b83,10000294,10000294,10000294,优酷汇聚晚高峰 10000294,1,1
1c37217e696f7ce185b457661ed22473,10000079,10000079,10000244,B站专线-盒子V2 10000244,0,1
1c46f82cbe62380cd81fb0f2a899fbec,10000019,10000019,10000244,B站专线-盒子V2 10000244,0,0
1c5f2e451665428784964811d794cbf1,10000292,FQCDNV,10000064,百度小度 10000064,0,1
1c80dcad4a00bd1b774569c585153489,10000000,10000000,10000244,B站专线-盒子V2 10000244,0,1
1c8360af377acffdec3943ac75f1a2e0,10000064,10000064,10000292,七牛CDN-虚拟业务10000292 10000292,0,0
1c9050dca00329e94df22324b3d21115,10000079,10000079,10000244,B站专线-盒子V2 10000244,0,1
1c9d61b2f89a3aa5b87441260cb04793,10000123,10000123,10000304,快手严选 10000304,0,0
1ca0e46cd432d5b6958a629bc2e2eb8b,1382680008,1382680008,10000034,优酷专线 10000034,0,1
1caf5b89b2da2eb398210642c302aa0b,10000088,10000088,10000244,B站专线-盒子V2 10000244,0,0
1cbc6ecea5c4da3c1851533121aa1bbe,10000064,10000064,10000244,B站专线-盒子V2 10000244,0,0
1cd5cbf1bca6afe0713fceabe82b193a,10000294,10000294,10000244,B站专线-盒子V2 10000244,0,0
1d0ee523ae0f565696b71a483d82fe30,1382649737,1382649737,1382649737,腾讯专线 1382649737,1,1
1d4fb628ebf099b36ef6e692dc371dff,10000123,10000123,10000244,B站专线-盒子V2 10000244,0,0
1d546842f97564b8835c3451d857dd0e,10000281,FQTZV,10000096,字节架构专线V3 10000096,0,0
1d5cfe19a89cbd9fe68c92a2330fa9d1,10000123,10000123,10000304,快手严选 10000304,0,0
1d70b3afc3f5016ef269f971081c172c,10000064,10000064,10000244,B站专线-盒子V2 10000244,0,0
1d92b0ba8d152a293ab591ea991b9227,10000079,10000079,1380460970,七牛CDN 1380460970,0,0
1d9d12003704cfc66981676d79b4c11e,10000294,10000294,1382680008,字节CDN专线 1382680008,0,0
1db332de055d4b8999566ed076d924d9,10000079,10000079,10000183,B站专线-盒子 10000183,0,0
1dc4256961164e76bcfe38626c645e6f,10000244,10000244,10000244,B站专线-盒子V2 10000244,1,1
1df3c79a06834112ae5662542a46b73f,10000123,10000123,10000244,B站专线-盒子V2 10000244,0,0
1e2a41702fcbbb0e73f5841f2d0beb0c,10000064,10000064,10000292,七牛CDN-虚拟业务10000292 10000292,0,1
1e37955580e88dd0f446c5abc01684ef,10000294,10000294,10000244,B站专线-盒子V2 10000244,0,0
1e78397f43e2eab86e283b1398a4a942,10000064,10000064,10000304,快手严选 10000304,0,0
1ea84fefbb13d5ed67e2efb975ce6c16,10000294,10000294,10000294,优酷汇聚晚高峰 10000294,1,1
1eb3431c1580f5ccf33ce8f84c8e70c8,10000123,10000123,10000244,B站专线-盒子V2 10000244,0,0
1ec4162fa601266f045e01dfe2dc5bda,1382649737,1382649737,1382649737,腾讯专线 1382649737,1,1
1ece03bd07c62fb061d45a7b30e63f08,10000294,10000294,1380460970,七牛CDN 1380460970,0,0
1ede18e23e4a95d541c1059a03a7fdfa,10000316,10000316,1382649737,腾讯专线 1382649737,0,0
1eedd457d73d256ec09602dca76605d6,10000069,10000069,10000096,字节架构专线V3 10000096,0,0
1f08a5e4e59bb0546ec18da0956e71c2,10000069,10000069,10000292,七牛CDN-虚拟业务10000292 10000292,0,0
1f0c811570cab9efb08dcc68bde01e44,10000064,10000064,10000244,B站专线-盒子V2 10000244,0,0
1f1b0580516935d10ea0c0a9e29fa8d3,10000294,10000294,10000294,优酷汇聚晚高峰 10000294,1,1
1f43e2a066b90c7886f6f849d1bb6c75,10000292,FQCDNV,10000292,七牛CDN-虚拟业务10000292 10000292,1,1
1f63601260607987f9fbabb7a81ab84d,10000064,10000064,10000244,B站专线-盒子V2 10000244,0,0
1f638035ca23c031b8bf3decb6c1df74,10000244,10000244,10000244,B站专线-盒子V2 10000244,1,1
1f86b75d993f164aa2b8f3c1d690fbfe,10000244,10000244,10000244,B站专线-盒子V2 10000244,1,1
1fa5285b1ecd413983950610f16f6421,10000019,10000019,10000244,B站专线-盒子V2 10000244,0,1
1fa7d62cf31a4a50ad1e3dbec792dce8,10000064,10000064,10000292,七牛CDN-虚拟业务10000292 10000292,0,1
1fd1a65049cdc12c1e53df5452614000,10000079,10000079,10000244,B站专线-盒子V2 10000244,0,0
200cb3d92216db4ff8d8fdff3743f60f,10000244,10000244,10000244,B站专线-盒子V2 10000244,1,1
2012c64fab514b144d1bc822c807ed27,10000079,10000079,10000244,B站专线-盒子V2 10000244,0,1
2028253e47b2cdf3532c902a65cdb3f7,10000079,10000079,10000244,B站专线-盒子V2 10000244,0,1
202eefac95353d4e9c027617700d183e,10000079,10000079,10000244,B站专线-盒子V2 10000244,0,1
203876767101bd66b6abc318c478ff91,10000079,10000079,10000244,B站专线-盒子V2 10000244,0,0
204b17d56c5fc713e7f285e9e98d5b88,10000123,10000123,10000292,七牛CDN-虚拟业务10000292 10000292,0,0
2051e999a947fc29701c2fc1655adcd7,10000303,10000303,10000244,B站专线-盒子V2 10000244,0,0
207eec83b6d078342b09409159c52510,10000300,10000300,10000292,七牛CDN-虚拟业务10000292 10000292,0,0
209992227d85dbfbb8edcb5279674d4d,10000183,10000183,10000034,优酷专线 10000034,0,0
209c583bf0e775c778281baadb4db58b,10000292,FQCDNV,10000292,七牛CDN-虚拟业务10000292 10000292,1,1
20df71a654019f412caabd563b33884e,10000278,10000278,1380460970,七牛CDN 1380460970,0,0
21165ab637c90d86cbd5ec70e49ce187,10000069,10000069,1380460970,七牛CDN 1380460970,0,0
21241afa28b7985b3b3c411047af98c0,10000244,10000244,10000244,B站专线-盒子V2 10000244,1,1
2135001128f3820ff82ce185b522b10d,10000069,10000069,10000078,七牛特招 10000078,0,0
213f28565b9148da493e439f530568c7,10000292,FQCDNV,10000292,七牛CDN-虚拟业务10000292 10000292,1,1
2164df7cb11a8a5e10a81f6d2ea6bcbb,10000244,10000244,10000244,B站专线-盒子V2 10000244,1,1
21965548c9fb0c347c8708f049b52084,10000088,10000088,10000244,B站专线-盒子V2 10000244,0,0
21ad5269a7bf0038c7dc81cbe9449fb7,10000064,10000064,10000244,B站专线-盒子V2 10000244,0,0
21d073109a7aa2775ef1e265a2153b42,10000064,10000064,10000292,七牛CDN-虚拟业务10000292 10000292,0,1
21e932c6e86f61e1feff0b22d0322b9e,10000244,10000244,10000244,B站专线-盒子V2 10000244,1,1
2200869c1d13af205237df33a4b846b1,10000304,10000304,10000244,B站专线-盒子V2 10000244,0,0
2218a9ddcd8e18f98f53cb2b76d62048,10000244,10000244,10000244,B站专线-盒子V2 10000244,1,1
222bcf487f67bc4e5381cdacfabfa1e6,10000064,10000064,10000244,B站专线-盒子V2 10000244,0,0
222eafa242f4ba96912131ca789e921c,10000079,10000079,10000244,B站专线-盒子V2 10000244,0,1
2249002af95103efd4e597f7cc39df08,10000292,FQCDNV,10000244,B站专线-盒子V2 10000244,0,1
2276517864b12192a819a02ceba2e3d0,10000292,FQCDNV,10000244,B站专线-盒子V2 10000244,0,1
227c8e27ca41dc475871ddfdfa708c01,10000079,10000079,10000244,B站专线-盒子V2 10000244,0,1
227f5b782bb0bfe87749bd0677311b6d,10000244,10000244,10000244,B站专线-盒子V2 10000244,1,1
2286b11ac579834de22621ecb669efac,10000292,FQCDNV,10000244,B站专线-盒子V2 10000244,0,1
228d7d5a4263ce02f50fa0d223f4132b,10000304,10000304,10000244,B站专线-盒子V2 10000244,0,0
229f0aa459275c574ef56809165eaa25,10000292,FQCDNV,10000292,七牛CDN-虚拟业务10000292 10000292,1,1
22adfcde0526e8d73becbe6affdb7716,10000001,10000001,10000292,七牛CDN-虚拟业务10000292 10000292,0,0
230a207a23b70e3b2ec2350a8173f35d,10000244,10000244,10000244,B站专线-盒子V2 10000244,1,1
231cb8291a8720051330abb1bbcb6a1e,10000292,FQCDNV,10000244,B站专线-盒子V2 10000244,0,1
2323e02173941f05e3e7314c9ce47a6c,10000003,10000003,10000244,B站专线-盒子V2 10000244,0,0
23495a2f3aa75c2d14d56a5625abda4a,10000292,FQCDNV,10000244,B站专线-盒子V2 10000244,0,1
23496aeca516d4e69ef1c0f1f8e20cf0,10000079,10000079,10000244,B站专线-盒子V2 10000244,0,1
239636c273eaddfab588db23128808e7,10000079,10000079,10000244,B站专线-盒子V2 10000244,0,1
23c0c7be400ed272c209d106a5223ba0,10000079,10000079,10000244,B站专线-盒子V2 10000244,0,1
23d80423b481412f819d91535798bfcb,10000244,10000244,10000244,B站专线-盒子V2 10000244,1,1
23e20427d4aadcd9a75196072cac8fb1,10000292,FQCDNV,10000244,B站专线-盒子V2 10000244,0,1
23f9695255e10c9b36aaedbec82a60ba,10000079,10000079,10000244,B站专线-盒子V2 10000244,0,1
2414e9a9f92a53d7acf1b5f2e24337e7,10000079,10000079,10000244,B站专线-盒子V2 10000244,0,1
241f31ec1fe8579bbf538da8725dfbf8,10000019,10000019,10000244,B站专线-盒子V2 10000244,0,0
242820c909e5a9c6328e26ce25f42c5f,10000304,10000304,10000034,优酷专线 10000034,0,0
24366eae1960b11081d4c3f4fd96e1ec,10000064,10000064,10000292,七牛CDN-虚拟业务10000292 10000292,0,0
2463484005c2d8967bfff1b61dd168f8,10000244,10000244,10000244,B站专线-盒子V2 10000244,1,1
247adedb9aef603f499a24890876c740,10000292,FQCDNV,10000292,七牛CDN-虚拟业务10000292 10000292,1,1
24e7a7db5a99aca115a5aeb781f1e54d,10000304,10000304,10000304,快手严选 10000304,1,1
24f6b8289c1a5d0a599154dc9e4eec94,10000064,10000064,10000069,腾讯汇聚P2P 10000069,0,0
24fa542f4d853d4d6c7e869b176bf038,10000304,10000304,10000096,字节架构专线V3 10000096,0,1
250ae97e71aef6f8ecf5e8520fc331da,10000244,10000244,10000244,B站专线-盒子V2 10000244,1,1
2547d824bf03ee9cbbaa1f9abea1d9e0,10000079,10000079,1380460970,七牛CDN 1380460970,0,0
254f1869b650b74a115218d1f1fc83be,10000292,FQCDNV,10000244,B站专线-盒子V2 10000244,0,1
2551f2896bc5224c356a17b2accf6376,10000064,10000064,10000244,B站专线-盒子V2 10000244,0,1
255b6da6628c55b75fa3e7b47984dfae,10000041,10000041,1381526443,爱奇艺 1381526443,0,0
255f04a1333822c18aef3083ca065404,10000304,10000304,10000244,B站专线-盒子V2 10000244,0,0
255f04a1333822c18aef3083ca0654a0,10000079,10000079,10000244,B站专线-盒子V2 10000244,0,1
255fbcec80f0390bd669e3a12633b972,10000183,10000183,10000034,优酷专线 10000034,0,0
25722a2c7cb4976ab5d50157e4af6119,10000064,10000064,10000244,B站专线-盒子V2 10000244,0,0
258e3d639d80698a6f0914bddcb278db,10000064,10000064,10000244,B站专线-盒子V2 10000244,0,0
25af65029d3c8794744867267039fbbd,10000088,10000088,10000191,腾讯专线-80 10000191,0,0
25b8f24fe3ed09ad19be95ea369d746b,10000122,10000122,10000069,腾讯汇聚P2P 10000069,0,0
2613f8451ea73cde7e4cca570ffce840,10000064,10000064,10000244,B站专线-盒子V2 10000244,0,0
262a5970e78c2e9d7fc73be736675521,10000064,10000064,10000292,七牛CDN-虚拟业务10000292 10000292,0,1
2637b4d27acb0bb91d5da1e3862a2008,10000292,FQCDNV,10000244,B站专线-盒子V2 10000244,0,1
2640b319d3d6d1d9f85b0d1847a3581b,10000069,10000069,1380460970,七牛CDN 1380460970,0,0
265c5cbb305397e509abb65475e66c0b,10000294,10000294,1380460970,七牛CDN 1380460970,0,0
268e11312e56b15c2fcfb79594e32625,10000069,10000069,10000304,快手严选 10000304,0,0
26a6e8145c56457d766b16f1f437fded,10000064,10000064,10000244,B站专线-盒子V2 10000244,0,0
26a7c3580a2218c276a44d36ed016ccd,10000079,10000079,10000244,B站专线-盒子V2 10000244,0,1
26ad1dc3591d14e47000643af0ccb738,10000281,FQTZV,10000183,B站专线-盒子 10000183,0,0
26d434bd3929facc2586a981cdb8ce63,10000074,10000074,10000244,B站专线-盒子V2 10000244,0,1
26e6778970ebe53d66307dd8a5f85ec8,10000079,10000079,10000244,B站专线-盒子V2 10000244,0,1
26f0aca6dfcf0c24c72dbc7be72794a6,10000088,10000088,10000244,B站专线-盒子V2 10000244,0,1
273babf9e2efe2a3dfd1382a4124b8c1,10000244,10000244,1382680008,字节CDN专线 1382680008,0,1
2747c163d61e76102a7d873513993adb,10000281,FQTZV,10000096,字节架构专线V3 10000096,0,0
27817f92fa7f009e713c48abc6c90125,10000079,10000079,10000244,B站专线-盒子V2 10000244,0,0
278bb23943ac4567883e3f005e87721e,10000064,10000064,10000078,七牛特招 10000078,0,0
279905cad32ce7c2f85634f9797093b0,10000244,10000244,10000244,B站专线-盒子V2 10000244,1,1
27bd167ff32dca37f3e0f9fad0c484a6,10000079,10000079,10000244,B站专线-盒子V2 10000244,0,1
27ea5680db3e99c8dbfee1114651b983,10000079,10000079,10000244,B站专线-盒子V2 10000244,0,1
27f7a062991b28f737aedc1442ff0dc4,10000244,10000244,10000244,B站专线-盒子V2 10000244,1,1
280fa4e8c686a2b7d1bdbfd98d31e821,10000294,10000294,1382680008,字节CDN专线 1382680008,0,0
281b3aa96cf8fe74aa5052001931c996,10000123,10000123,10000244,B站专线-盒子V2 10000244,0,0
2828cc3d29f15fb94a9f2f317a6d39cf,10000292,FQCDNV,10000244,B站专线-盒子V2 10000244,0,0
284a75b4169c21dc150e8ea8bda57b0c,10000064,10000064,10000292,七牛CDN-虚拟业务10000292 10000292,0,1
28534230991e9c138b2aba65e2f1b7bc,10000088,10000088,10000224,字节CDN专线V4 10000224,0,0
286731f3c353788619b573a4c7105360,10000292,FQCDNV,10000292,七牛CDN-虚拟业务10000292 10000292,1,1
286aaeb363dd5532d2b7586178b07b3e,10000292,FQCDNV,10000244,B站专线-盒子V2 10000244,0,1
2876ab8f3c9b0cb70208fb81d01c3697,10000183,10000183,10000304,快手严选 10000304,0,0
28928cfd1723b7df21144d827cc5dee7,10000064,10000064,10000292,七牛CDN-虚拟业务10000292 10000292,0,0
2895245403dc3d311f25bf0668a60f28,10000123,10000123,10000244,B站专线-盒子V2 10000244,0,0
2895b9b06e7f4a8ed2099560faf32e1f,10000244,10000244,10000244,B站专线-盒子V2 10000244,1,1
289b01966237bf23807b80985b58cf60,10000069,10000069,10000292,七牛CDN-虚拟业务10000292 10000292,0,0
28b91d50c8aab18674437d477a600410,10000064,10000064,10000244,B站专线-盒子V2 10000244,0,0
28bc4f5121f6c76adb498d5971e70831,10000079,10000079,10000244,B站专线-盒子V2 10000244,0,1
28f554b0a4a3b3131f14409f63f6be52,10000122,10000122,10000244,B站专线-盒子V2 10000244,0,0
290a681dd8c92ea12ca89acbdd0c0db7,10000292,FQCDNV,10000244,B站专线-盒子V2 10000244,0,1
2913e23902d53bb59fd40e037aaca08a,1382490022,1382490022,10000069,腾讯汇聚P2P 10000069,0,0
2919d6b48c568388dba539343089fd2f,10000064,10000064,10000244,B站专线-盒子V2 10000244,0,0
292e87497a97d7fbeada609933a9816b,10000244,10000244,10000244,B站专线-盒子V2 10000244,1,1
29303718cee961ae529c2d92967c3fad,10000064,10000064,10000244,B站专线-盒子V2 10000244,0,0
2940b129b907e39c1348e6dc554ac563,10000079,10000079,10000244,B站专线-盒子V2 10000244,0,1
294936fb73263e74aa4ab4c351f9ce87,10000079,10000079,10000096,字节架构专线V3 10000096,0,0
2957459840f1aec85d22b265fa1f6c12,10000074,10000074,10000244,B站专线-盒子V2 10000244,0,1
2957460e31229a7bf2d29c1b6150f384,10000064,10000064,10000244,B站专线-盒子V2 10000244,0,0
296b61f2ad95041557b84fd2df1f0f7a,10000048,10000048,10000244,B站专线-盒子V2 10000244,0,0
29796b26edc6b908962f0348cb3d1e4c,10000304,10000304,10000096,字节架构专线V3 10000096,0,1
297feed1412c7760cce83386ee9e2e09,10000244,10000244,10000244,B站专线-盒子V2 10000244,1,1
29b4093ad84d72ea4df7d2bacb87be68,10000304,10000304,10000304,快手严选 10000304,1,1
29b7681fb3df83789089ca9fb6bf540b,10000292,FQCDNV,10000304,快手严选 10000304,0,1
29bfc78fc1604e6cc1f8b8a12fa4299d,10000079,10000079,10000244,B站专线-盒子V2 10000244,0,0
29c3c0245784bfa872f55a7e870a7456,10000294,10000294,10000034,优酷专线 10000034,0,0
29c9e75a0a144fdba40e2d115f2db245,10000292,FQCDNV,10000064,百度小度 10000064,0,1
29ee527f22e5b445b54f13139d74c37d,10000079,10000079,10000244,B站专线-盒子V2 10000244,0,1
2a55e3b2aed221395785b17790f1efb2,10000294,10000294,1380460970,七牛CDN 1380460970,0,0
2a5e812e4b8dfd0f64becc0af4bddb8e,10000224,10000224,10000183,B站专线-盒子 10000183,0,1
2a8b9ad4d133b5b556ff6929a645bd03,10000000,10000000,1382649737,腾讯专线 1382649737,0,0
2a91e6a2ea346fcf525d7fd49b37e816,10000123,10000123,10000292,七牛CDN-虚拟业务10000292 10000292,0,1
2a921d219beeb61d6c7ff2b19f924155,10000244,10000244,10000244,B站专线-盒子V2 10000244,1,1
2a921d219beeb61de64ac1aa2005f156,10000244,10000244,10000244,B站专线-盒子V2 10000244,1,1
2a952240262093ad368a107967607cbc,10000079,10000079,10000244,B站专线-盒子V2 10000244,0,1
2aa780042d2560fdeb1a44bf375ab6c0,10000183,10000183,10000096,字节架构专线V3 10000096,0,1
2ab56b6c49a603f927055f06111e1ee9,10000088,10000088,10000244,B站专线-盒子V2 10000244,0,0
2ac1053214ce7c13baa5675c2ba7a19e,10000123,10000123,10000244,B站专线-盒子V2 10000244,0,0
2ac4e1eb838c20c905b6ce8f5bafae3e,1380389889,1380389889,10000244,B站专线-盒子V2 10000244,0,0
2afcd45789ed910ab374333d0dbfae67,10000079,10000079,10000244,B站专线-盒子V2 10000244,0,1
2b0e2419b7091f2fbb3efec423d8f26b,10000304,10000304,10000244,B站专线-盒子V2 10000244,0,0
2b1c2b7381688f5e07e579f308613eee,10000123,10000123,10000244,B站专线-盒子V2 10000244,0,0
2b563f4a634206a3fe0c80a374d7df81,10000123,10000123,10000244,B站专线-盒子V2 10000244,0,0
2bcdf08db01cd9ef73d03a69e8899485,10000079,10000079,10000191,腾讯专线-80 10000191,0,0
2bd4c4f500d608ea61f1dd2c7af5f265,10000244,10000244,10000244,B站专线-盒子V2 10000244,1,1
2c21dd66aa5d27431eb8d4a39df63a54,10000292,FQCDNV,10000304,快手严选 10000304,0,1
2c398988bbdfa79d69a2e2543731baaa,10000064,10000064,10000069,腾讯汇聚P2P 10000069,0,0
2c7a5a753873fb51890a0309177fb5bf,10000294,10000294,10000304,快手严选 10000304,0,0
2c946a8cae4042a895bd9d3c77ee7742,10000292,FQCDNV,10000292,七牛CDN-虚拟业务10000292 10000292,1,1
2cc64a7b802fa1e22fd18cf605243d95,10000019,10000019,1381526443,爱奇艺 1381526443,0,0
2cdda7e33ef2842d6fa13ec7d74dc859,10000123,10000123,10000244,B站专线-盒子V2 10000244,0,0
2cec96312c4634e93fd79c0349118698,10000244,10000244,10000244,B站专线-盒子V2 10000244,1,1
2cf5ba8df589649c5fa203f93744544a,10000292,FQCDNV,10000244,B站专线-盒子V2 10000244,0,1
2d09d61bb73ebcd5730115dc6b061795,10000244,10000244,10000244,B站专线-盒子V2 10000244,1,1
2d3db5c3019529387092b481bfc06362,10000244,10000244,10000244,B站专线-盒子V2 10000244,1,1
2d75844e4493eb7b3bbeeefc9fe0549b,10000064,10000064,1382680008,字节CDN专线 1382680008,0,0
2d8b6c7243c4d24996793f7b0d449a62,10000244,10000244,10000244,B站专线-盒子V2 10000244,1,1
2dd72f78a59820642598346480d58aa0,10000079,10000079,10000244,B站专线-盒子V2 10000244,0,1
2df1da0a99821a1049c4e95a4027f1c0,10000123,10000123,10000244,B站专线-盒子V2 10000244,0,0
2df9138aaedcfd2ec2933ceb99dba03d,10000292,FQCDNV,10000244,B站专线-盒子V2 10000244,0,1
2e09c8d658525c77c72eb9ab7845ad82,10000003,10000003,10000244,B站专线-盒子V2 10000244,0,0
2e10b7a65c71c16b5a4c4a8e1a7555df,10000064,10000064,10000244,B站专线-盒子V2 10000244,0,1
2e5f982b03d583622fe17ce0947f9b8f,10000325,10000325,1380460970,七牛CDN 1380460970,0,0
2e7501c41e8e267a982a4193f82d8fd7,1382680008,1382680008,1382680008,字节CDN专线 1382680008,1,1
2e752f158785921d7932f8c43eddba09,10000079,10000079,10000244,B站专线-盒子V2 10000244,0,0
2e90ef75d90c64e544c391b762465a8b,10000292,FQCDNV,10000292,七牛CDN-虚拟业务10000292 10000292,1,1
2e9479090c1aedc3aa9be4f34c3a69cd,10000304,10000304,10000244,B站专线-盒子V2 10000244,0,0
2ea08de9ed33daabaf6d8c855285f48a,10000064,10000064,10000292,七牛CDN-虚拟业务10000292 10000292,0,1
2eae05f4484b9864aa99e30a03f07bdd,10000079,10000079,10000244,B站专线-盒子V2 10000244,0,1
2eb2921355e41083c1a082da045439d2,10000244,10000244,1381526443,爱奇艺 1381526443,0,0
2ec18c3d69424f449ffd1f2e842e0978,10000079,10000079,10000244,B站专线-盒子V2 10000244,0,1
2eee4a3d8b936aa9baf7a95e6ea4211f,10000304,10000304,10000304,快手严选 10000304,1,1
2efbadb43e6ffbe4a18d61bcc28a4625,10000079,10000079,10000244,B站专线-盒子V2 10000244,0,1
2f0bf7ce2bc8d13186234d229d7095e8,10000304,10000304,1382680008,字节CDN专线 1382680008,0,1
2f3357b5228bf5c8183f7f05dc7a8943,10000294,10000294,1382680008,字节CDN专线 1382680008,0,0
2f3c47833cff4a501d4dfec2010fdac0,10000244,10000244,10000244,B站专线-盒子V2 10000244,1,1
2f49d075ef42d5a6af0184582bfb6707,10000312,10000312,10000244,B站专线-盒子V2 10000244,0,0
2f51158611f9947c5b2549ced10deb35,10000088,10000088,10000244,B站专线-盒子V2 10000244,0,0
2f576c3cd451f4679a20422a0cf23faf,10000074,10000074,10000244,B站专线-盒子V2 10000244,0,1
2f8fa11ef69b51ab27a38c7911e00f07,10000079,10000079,10000244,B站专线-盒子V2 10000244,0,1
2fa4bf0fd312457ba0229561639422d7,10000292,FQCDNV,10000064,百度小度 10000064,0,1
2fb6c6516778b01755509d2bf536cce4,10000064,10000064,10000244,B站专线-盒子V2 10000244,0,0
2fbeab6ea5f738e2babc5d8b49337480,10000294,10000294,10000304,快手严选 10000304,0,0
2fd1e97698a69bf2b0188b6cef81fa7d,10000064,10000064,10000244,B站专线-盒子V2 10000244,0,0
2ff3394ac2ca7ce8ef6f7ce75bda5c18,10000325,10000325,1382680008,字节CDN专线 1382680008,0,0
2ffec1b8b16ff84e1b0bd92e3dde474d,10000292,FQCDNV,10000074,腾讯直连独立 10000074,0,0
300f407a36be12ae4fb124e09131e723,10000069,10000069,10000224,字节CDN专线V4 10000224,0,0
3023ec759fac7ae102b795deaf1ae728,10000079,10000079,10000244,B站专线-盒子V2 10000244,0,1
302d60183d5bcafc67840c8820ad3384,10000244,10000244,10000244,B站专线-盒子V2 10000244,1,1
3086b05da52aba0fe2490833d3f95b07,10000019,10000019,10000079,字节架构汇聚V2 10000079,0,1
30972c8d32dfa3c2b8dd334e32064400,10000244,10000244,10000244,B站专线-盒子V2 10000244,1,1
30a1f1e1f27c93df0d16cad572782d31,10000019,10000019,10000069,腾讯汇聚P2P 10000069,0,0
30afbbe54895432cd4561b50697ad1fe,10000079,10000079,1380460970,七牛CDN 1380460970,0,0
30b0dade97bf2b28c709ec9ab1d1e597,10000282,FQCDNV,10000244,B站专线-盒子V2 10000244,0,1
30d0fb4fddb6d833449116476699e2b6,10000244,10000244,10000244,B站专线-盒子V2 10000244,1,1
30f7949250e03d6a15e5fe3b165c08c1,10000304,10000304,10000244,B站专线-盒子V2 10000244,0,1
3104f2934cc8c6df8ff2a5dcde85243e,10000244,10000244,10000244,B站专线-盒子V2 10000244,1,1
31072fe47debd8ab32237e1ec389d0ab,10000079,10000079,10000244,B站专线-盒子V2 10000244,0,1
312530a609854ac5ad78ff794921820b,10000079,10000079,10000244,B站专线-盒子V2 10000244,0,1
314389b43a4169903ce18bab9b3c2cfb,10000123,10000123,10000244,B站专线-盒子V2 10000244,0,0
314b2d6bd6f99b5b16e720e0bf9be81c,10000079,10000079,10000304,快手严选 10000304,0,0
3157f6d3f2296e097f64b2e62320ecf4,10000292,FQCDNV,10000244,B站专线-盒子V2 10000244,0,1
319b580f1e6d47ca7b5eb2a2d0832d93,10000244,10000244,10000244,B站专线-盒子V2 10000244,1,1
31a1b19b45e93f7bdc2ebf524e475c94,10000079,10000079,10000244,B站专线-盒子V2 10000244,0,0
31b99c642f6177eaa4968f10f0592071,10000019,10000019,10000244,B站专线-盒子V2 10000244,0,0
31d7b75e6a4763853ea4b60b3271dfeb,10000069,10000069,10000244,B站专线-盒子V2 10000244,0,0
32073cf778eae5a6e497d23cb6ee9c99,10000244,10000244,10000244,B站专线-盒子V2 10000244,1,1
323811cb73b5badc8cbb0edf507b680e,1382649737,1382649737,10000304,快手严选 10000304,0,1
3243b00b5ac0cd83a6e92231490f5385,10000064,10000064,10000244,B站专线-盒子V2 10000244,0,0
3246cc98407a503f4bc663ce2f442222,10000244,10000244,10000244,B站专线-盒子V2 10000244,1,1
325ca9e8875de3a697475c95d52377ac,10000292,FQCDNV,1382649737,腾讯专线 1382649737,0,0
3269634f9a2445ad8f8a3aae259cbd29,10000304,10000304,10000064,百度小度 10000064,0,0
32758f13247d8c0a150be3a2a73a79f8,10000292,FQCDNV,10000244,B站专线-盒子V2 10000244,0,1
32d122fa577e6bf94b80c6051948f54c,10000244,10000244,10000244,B站专线-盒子V2 10000244,1,1
32ebdda33fa1ac6dc0ac3406395060a9,10000079,10000079,10000244,B站专线-盒子V2 10000244,0,1
3321f1a2bf8817f47c04e2fa7be7e9a7,10000019,10000019,1380460970,七牛CDN 1380460970,0,0
3323e4d8e1093983cc639af8ad5450e5,10000183,10000183,10000096,字节架构专线V3 10000096,0,1
33386064513db3d1196756ebc9b74025,1382649737,1382649737,1382649737,腾讯专线 1382649737,1,1
33723b935613041c9ddff80b3d073802,10000244,10000244,10000244,B站专线-盒子V2 10000244,1,1
337ff510d1f9305e0fe6d30aede8f83f,10000304,10000304,10000096,字节架构专线V3 10000096,0,1
33878103e477fceb2184a88a4d1f030d,10000244,10000244,10000244,B站专线-盒子V2 10000244,1,1
33a7b882138534d5eb0007dc4d7798cc,10000088,10000088,10000244,B站专线-盒子V2 10000244,0,1
33bcf6e5e1890cc580f4545cf19e5b35,10000244,10000244,10000244,B站专线-盒子V2 10000244,1,1
33cd079bf2299c9c0598bf7934ef9a6d,10000064,10000064,10000292,七牛CDN-虚拟业务10000292 10000292,0,1
33dfccdea3969b9e79f1eed1ecb45cb5,1382680008,1382680008,10000034,优酷专线 10000034,0,1
33f0dbae7333c4efbb5bea4451669e84,10000079,10000079,10000014,百度XCDN专线 10000014,0,0
34098e3529df4a80f96cd60e28e4bca7,10000069,10000069,10000096,字节架构专线V3 10000096,0,0
3416cd69a6723d5493782cabd327707d,10000292,FQCDNV,10000244,B站专线-盒子V2 10000244,0,1
3471b4cd6dba1d6b9116242f00f3f9a9,10000064,10000064,10000069,腾讯汇聚P2P 10000069,0,0
347d69042318ea2306e56e09c46dda4a,10000244,10000244,10000244,B站专线-盒子V2 10000244,1,1
3480f91db2edc58cf3db12bc6f2cf101,10000079,10000079,10000244,B站专线-盒子V2 10000244,0,1
348bd137ce099661cfc64e99ab671c6d,10000019,10000019,10000244,B站专线-盒子V2 10000244,0,0
348d0cabba75f7b81b1fda4fc4105a97,10000304,10000304,10000304,快手严选 10000304,1,1
34a36fe1a5841c4e9a6d89debd378a5f,10000064,10000064,10000244,B站专线-盒子V2 10000244,0,0
34ab8c3c94943fefb28cd53406cc1d5c,10000292,FQCDNV,10000244,B站专线-盒子V2 10000244,0,1
34cbc738613dfa10af0aed3b1ded0862,10000079,10000079,1380460970,七牛CDN 1380460970,0,0
353127b3c217abd995aad5fdf0751b1b,10000244,10000244,10000244,B站专线-盒子V2 10000244,1,1
354efe8c5a876ab19b7398ba1b3919c6,10000079,10000079,10000304,快手严选 10000304,0,0
35625d5850ee9a271a49643252a6f7f9,10000183,10000183,10000304,快手严选 10000304,0,0
35687dbe69f25ed184e710033222886a,1381526443,1381526443,10000244,B站专线-盒子V2 10000244,0,0
35742235a8be4434a2a3875248a51391,10000304,10000304,10000292,七牛CDN-虚拟业务10000292 10000292,0,0
357e7178033bc7e82cb577101e78dc80,10000294,10000294,10000244,B站专线-盒子V2 10000244,0,1
3580dfcf2d77f5de8157e9322e42e36b,10000292,FQCDNV,10000244,B站专线-盒子V2 10000244,0,1
35846ee46f1e85293f76364f0c4fcc4f,10000292,FQCDNV,10000244,B站专线-盒子V2 10000244,0,1
3589fce41bc27041dc25d9b65a63da10,10000069,10000069,10000191,腾讯专线-80 10000191,0,0
3597f3105b1328a3d8fc4a70ce2484cd,10000064,10000064,10000064,百度小度 10000064,1,1
359bf026eb639dc194cc5b4af6e6069a,10000304,10000304,10000244,B站专线-盒子V2 10000244,0,0
35cb98fe1791211f45b0296ea35416b5,10000292,FQCDNV,10000244,B站专线-盒子V2 10000244,0,1
35def4d07b16c67c13a53263e348ab3e,10000079,10000079,10000244,B站专线-盒子V2 10000244,0,1
35e7ce9a5cd179a7ac6b22c22b397c7c,10000019,10000019,10000244,B站专线-盒子V2 10000244,0,1
36042e04068dd6bcc620c886bdb64711,10000088,10000088,10000244,B站专线-盒子V2 10000244,0,0
360df56ec726400faac9d7e83bf9f4e3,10000294,10000294,10000304,快手严选 10000304,0,0
365e68f666808083698462f4b9426241,10000292,FQCDNV,10000244,B站专线-盒子V2 10000244,0,1
3671a99c0134066ae73ae6f88ec8de75,10000019,10000019,10000244,B站专线-盒子V2 10000244,0,0
3690f6f8767a89450524d082a804b673,10000123,10000123,10000244,B站专线-盒子V2 10000244,0,0
36acdd8a5babf8b2dfcf6fe9eb16afdb,10000304,10000304,10000292,七牛CDN-虚拟业务10000292 10000292,0,0
36bb1cba21f9a26c4387b7927816af7f,10000064,10000064,10000304,快手严选 10000304,0,0
36be784c68b27ea1538f07339d241452,10000064,10000064,10000244,B站专线-盒子V2 10000244,0,0
36c5d280853688332a0ab868bd7d6d06,10000244,10000244,10000244,B站专线-盒子V2 10000244,1,1
36cdfb782031b39840e2a0ea51cfdd7b,10000088,10000088,1380460970,七牛CDN 1380460970,0,0
36ee00178bf891ac9b702521fb8eb9d5,10000183,10000183,10000096,字节架构专线V3 10000096,0,1
370dcf98e20c83f53c58fc3e2166cfc5,10000292,FQCDNV,10000244,B站专线-盒子V2 10000244,0,1
3726cb8fb1b708c16d1252a5f17c082e,10000244,10000244,10000244,B站专线-盒子V2 10000244,1,1
3726fa50ade177c6dc7f746bab0e468a,10000003,10000003,10000244,B站专线-盒子V2 10000244,0,0
3753bab3ef5f45ce368a4c0156e99a0b,10000292,FQCDNV,10000244,B站专线-盒子V2 10000244,0,1
3760a7553dd506e027efa8443fc31584,10000079,10000079,10000244,B站专线-盒子V2 10000244,0,1
377cb5711af3e79d2f95b5694e2e8776,10000304,10000304,10000096,字节架构专线V3 10000096,0,1
37925d3061a3eff3daacc848ef9418ad,10000244,10000244,10000244,B站专线-盒子V2 10000244,1,1
37e1bba769f3b8e9ef81df0d9fcfbda9,10000064,10000064,10000292,七牛CDN-虚拟业务10000292 10000292,0,1
382a2db893af0f15de51d98a378339bb,10000292,FQCDNV,10000244,B站专线-盒子V2 10000244,0,1
3835a5e3c2fdb9fa38bc4d14b3940b32,10000079,10000079,10000244,B站专线-盒子V2 10000244,0,1
3836386f17c5dc931c5bfccb2eb0cb6b,10000244,10000244,10000244,B站专线-盒子V2 10000244,1,1
386f803a58b24e4f8be717fc6242ade1,10000079,10000079,10000244,B站专线-盒子V2 10000244,0,1
388028774e39eabfc1976ef02297490d,10000244,10000244,10000244,B站专线-盒子V2 10000244,1,1
3881feef24b00d9d1f3323805c69544a,10000244,10000244,10000244,B站专线-盒子V2 10000244,1,1
3887e2a90e881f1d80334d082847ed09,10000244,10000244,10000244,B站专线-盒子V2 10000244,1,1
38a711ff33098ae77148d52ad7e8dd44,10000292,FQCDNV,10000244,B站专线-盒子V2 10000244,0,1
38bcc3cc586bf60ebf711d63d96431be,10000304,10000304,10000034,优酷专线 10000034,0,0
38dd8eeabacb41ece082a728456b18af,10000292,FQCDNV,10000292,七牛CDN-虚拟业务10000292 10000292,1,1
38df7ec6b1b055f605739cf040581e7a,10000079,10000079,1380460970,七牛CDN 1380460970,0,0
391ef58df8263302fceb3b47a6e5968f,10000019,10000019,10000244,B站专线-盒子V2 10000244,0,0
39443ea8020ff6dba6cc63c7d98fdf26,10000074,10000074,10000074,腾讯直连独立 10000074,1,1
397265edd456667d84a33a443687f393,10000019,10000019,10000244,B站专线-盒子V2 10000244,0,0
397876db6f5bcbd213c638c270b9af22,10000088,10000088,10000191,腾讯专线-80 10000191,0,0
3993300a06b5313cfce2d67891677690,10000064,10000064,10000244,B站专线-盒子V2 10000244,0,0
39998cb40ba811aa4eaa9f447236fd1e,10000304,10000304,10000096,字节架构专线V3 10000096,0,1
399bc18f891824191e56ec5efbd9c4bf,10000244,10000244,10000244,B站专线-盒子V2 10000244,1,1
39c2f8f72967598e326afa5007f4be88,10000064,10000064,10000244,B站专线-盒子V2 10000244,0,0
3a237754ca6f3cd09722f0b5c64dc2b4,10000244,10000244,10000244,B站专线-盒子V2 10000244,1,1
3a306518079fbb44730da08a911df187,10000079,10000079,10000244,B站专线-盒子V2 10000244,0,1
3a5614cae67f71a3b5cbd6d17c9806f6,10000292,FQCDNV,10000244,B站专线-盒子V2 10000244,0,1
3a664a0ed094f5e96661741a257c04eb,10000244,10000244,10000244,B站专线-盒子V2 10000244,1,1
3a8572d160b9d81e8257aa65af7c2f14,10000281,FQTZV,10000034,优酷专线 10000034,0,0
3a870ffe852797d31c7987fa75e0e23c,10000079,10000079,10000244,B站专线-盒子V2 10000244,0,0
3aabda88ce83833f3d3d3ada25ec2053,10000079,10000079,10000244,B站专线-盒子V2 10000244,0,1
3ac2bcd3e3bde6d420a906db44bb73e7,10000088,10000088,10000244,B站专线-盒子V2 10000244,0,0
3ac824011b0544bcb515ed31d9f95bf7,10000069,10000069,10000292,七牛CDN-虚拟业务10000292 10000292,0,0
3ae2a9e4c88d354d215e327fd6363bd4,10000294,10000294,10000096,字节架构专线V3 10000096,0,0
3ae33b4d305b334d8148e6058a07cb8d,10000281,FQTZV,10000096,字节架构专线V3 10000096,0,1
3b08ad41e82bd992decab6159c6c67df,10000064,10000064,10000244,B站专线-盒子V2 10000244,0,0
3b1253280f985ae17880f7ee6b847016,10000064,10000064,10000244,B站专线-盒子V2 10000244,0,0
3b60ce383943cad42de91053b0c524a8,10000292,FQCDNV,10000244,B站专线-盒子V2 10000244,0,1
3b86f10479c866d5f9346bb6a4a6e29e,10000244,10000244,10000244,B站专线-盒子V2 10000244,1,1
3bc34429d709b7abd570f2408bdb64a0,10000304,10000304,1382680008,字节CDN专线 1382680008,0,1
3bda0404d9a5ff27cb277795cc51d1c6,10000079,10000079,10000096,字节架构专线V3 10000096,0,0
3be8e9f9cc2ec5f0590692351df60f84,10000175,10000175,1380460970,七牛CDN 1380460970,0,0
3bf962a59a4822a21ce9f035fab8ae5e,10000003,10000003,10000244,B站专线-盒子V2 10000244,0,0
3c074be56a96f1850c82ab00fd981521,10000294,10000294,1380460970,七牛CDN 1380460970,0,0
3c0de7df13d836339cb3c266eefe4ab5,10000064,10000064,1381526443,爱奇艺 1381526443,0,1
3c0ec167ad3df91bb985922c444cc7d4,10000064,10000064,10000292,七牛CDN-虚拟业务10000292 10000292,0,1
3c1b52e373aebace69c5bf370382db52,10000064,10000064,10000069,腾讯汇聚P2P 10000069,0,0
3c2f1ebbf83566a4c5cc6301c40e354e,10000074,10000074,10000244,B站专线-盒子V2 10000244,0,1
3c333b3335626f1e6a05449ed32547cc,10000292,FQCDNV,10000244,B站专线-盒子V2 10000244,0,1
3c3b75da598444ebff19fca36adfb693,10000019,10000019,10000244,B站专线-盒子V2 10000244,0,0
3c424cb6c4d9568bf68d7598dc48747b,10000079,10000079,10000244,B站专线-盒子V2 10000244,0,0
3c79e4f8217d3b448a1026dc3990fe3a,10000244,10000244,10000244,B站专线-盒子V2 10000244,1,1
3cc955d7b5706ab063138904a4550424,10000064,10000064,10000244,B站专线-盒子V2 10000244,0,0
3cda28fb7cae1db130a9ce7c532f57aa,10000088,10000088,10000244,B站专线-盒子V2 10000244,0,0
3cda68220c8d3dc1e12d4bc56a1fa5a5,10000069,10000069,10000292,七牛CDN-虚拟业务10000292 10000292,0,0
3ce5e82bb15fa16e6aee222e6e076f08,10000244,10000244,10000244,B站专线-盒子V2 10000244,1,1
3cf830913971364ab97f45103e09ec61,10000244,10000244,10000244,B站专线-盒子V2 10000244,1,1
3d0254e3ef317737d963d4b97d4db901,10000244,10000244,10000244,B站专线-盒子V2 10000244,1,1
3d07c9e14e2cc35af308a789e117998d,10000079,10000079,1380460970,七牛CDN 1380460970,0,0
3d2fb53c308b01faca73415428c34412,10000292,FQCDNV,10000244,B站专线-盒子V2 10000244,0,0
3d3004d9ca032c6750b1444cefe77fce,10000175,10000175,1380460970,七牛CDN 1380460970,0,0
3d406893e4c5346f5777b08855676785,10000079,10000079,10000244,B站专线-盒子V2 10000244,0,0
3d54cd2847fa9852f57bf1b50d88b9c9,10000079,10000079,10000244,B站专线-盒子V2 10000244,0,0
3d7ac5b4c0dc4e40f05a732fe8b5f2ae,10000292,FQCDNV,10000244,B站专线-盒子V2 10000244,0,1
3d99abb65b3b3b9a60265f6a66ad5d3f,10000079,10000079,10000244,B站专线-盒子V2 10000244,0,1
3dfc9f2e6f4865663f6906a400cf315e,10000079,10000079,10000304,快手严选 10000304,0,0
3e1ac9c892c764d54dfed76916644565,10000244,10000244,10000244,B站专线-盒子V2 10000244,1,1
3e1f97d783f444ea9a6c1655bd42c0f3,10000292,FQCDNV,10000064,百度小度 10000064,0,1
3e2a20e644392087f78308e2eb1161f2,10000088,10000088,10000244,B站专线-盒子V2 10000244,0,0
3e4d55e976bb57259dd6c95c0ae7b40e,10000064,10000064,10000244,B站专线-盒子V2 10000244,0,0
3e524726d08955535b63c0f21692021c,10000292,FQCDNV,10000244,B站专线-盒子V2 10000244,0,1
3e7ba33a2eae6de248d4bb201e3ac18b,10000079,10000079,10000244,B站专线-盒子V2 10000244,0,1
3e8252dca48f9cec34fa7c832eacd7e1,10000244,10000244,10000244,B站专线-盒子V2 10000244,1,1
3e8271025637bbcb0d145e1896b410df,10000079,10000079,10000244,B站专线-盒子V2 10000244,0,1
3e96b26a784d998e10bafb88d73a717a,10000244,10000244,10000244,B站专线-盒子V2 10000244,1,1
3e9fbb00f27d57983657cf84117dd6af,10000304,10000304,10000244,B站专线-盒子V2 10000244,0,0
3ebf5c6137391bca8294a9af0df6ba78,10000244,10000244,10000244,B站专线-盒子V2 10000244,1,1
3ecbbdfed997852adace2419df846271,10000019,10000019,10000244,B站专线-盒子V2 10000244,0,0
3ef7cfe628342f3953701c03ca3cadd2,10000064,10000064,10000064,百度小度 10000064,1,1
3f37241a02e2b48490d4dd5cdcd18a93,10000003,10000003,10000244,B站专线-盒子V2 10000244,0,0
3f483bf6f69813dedda5432bdbe5eebd,10000244,10000244,10000244,B站专线-盒子V2 10000244,1,1
3f57ad817fed2f4c2980aa6ee3133282,10000294,10000294,10000244,B站专线-盒子V2 10000244,0,0
3f6ff24c1a7bf688d23a125b7dde72cb,10000244,10000244,10000244,B站专线-盒子V2 10000244,1,1
3f75ddc93a9b0fc6f48ff67eb95498e1,10000079,10000079,10000244,B站专线-盒子V2 10000244,0,1
3fcbacf7295b7a73308eb4aa0d6ab397,10000244,10000244,10000244,B站专线-盒子V2 10000244,1,1
3ff1da32a88a455044cb883b5ea9526d,10000064,10000064,10000244,B站专线-盒子V2 10000244,0,0
3ff24c1ae3dd07d8ea2b652aed52c851,10000292,FQCDNV,10000244,B站专线-盒子V2 10000244,0,0
4006c21e5db32931def62e060cba1432,10000244,10000244,10000244,B站专线-盒子V2 10000244,1,1
4025a4f6cbbf6faf599ee86930e90eb0,10000019,10000019,10000069,腾讯汇聚P2P 10000069,0,0
402661408bc9684c81d8a57f26c299b3,10000064,10000064,10000244,B站专线-盒子V2 10000244,0,0
402f8f428c84e910e01aee5c4b53ddb9,10000064,10000064,1380460970,七牛CDN 1380460970,0,0
40306fd71fdd4284cb37457618d4b33b,10000292,FQCDNV,10000292,七牛CDN-虚拟业务10000292 10000292,1,1
4046af9acae53f9d4e288d0dfc5e6878,10000292,FQCDNV,10000244,B站专线-盒子V2 10000244,0,1
40697033ca1e4b2cbfb747001a9956b7,10000292,FQCDNV,10000064,百度小度 10000064,0,1
407f426bb114b2e6c0ae578ffe65fc47,10000292,FQCDNV,10000292,七牛CDN-虚拟业务10000292 10000292,1,1
4093cf7a28e5a438d1d46ff962813242,10000079,10000079,10000079,字节架构汇聚V2 10000079,1,1
40b18964c5cd1b592cb98f0129a8ed5d,10000003,10000003,10000244,B站专线-盒子V2 10000244,0,0
41049770ae9e0b09231ddf9b1301d74c,1382490022,1382490022,10000069,腾讯汇聚P2P 10000069,0,0
411394ae65879887b22eff6a15b23357,10000079,10000079,10000244,B站专线-盒子V2 10000244,0,1
412423ebd0a0a9410f7f3b993ecf46de,10000079,10000079,10000244,B站专线-盒子V2 10000244,0,0
41371aa3d8d934395a8739b0ff375205,10000079,10000079,10000244,B站专线-盒子V2 10000244,0,1
414c9c045b33a2145bacca2fdbab6541,1382680008,1382680008,1382680008,字节CDN专线 1382680008,1,1
417d12b39bffc69089644a783fbc69ac,10000079,10000079,10000244,B站专线-盒子V2 10000244,0,0
4199bc266aba61d054c3ea3c555f4122,10000244,10000244,10000244,B站专线-盒子V2 10000244,1,1
41b9cf034f7c2ccf51251ada781e6cd1,1382649737,1382649737,1382680008,字节CDN专线 1382680008,0,0
41c0b0eb6dc4e34a389449f10fc68fa6,10000079,10000079,10000244,B站专线-盒子V2 10000244,0,1
41c7786719d58ce28167c2c0983390ba,10000304,10000304,10000292,七牛CDN-虚拟业务10000292 10000292,0,0
41dffe2e16a8ab92284dc81e053f1df4,1382649737,1382649737,1382680008,字节CDN专线 1382680008,0,1
41f961a0d72a35583fab2d89477c5f3f,10000292,FQCDNV,10000244,B站专线-盒子V2 10000244,0,1
42033cbee8024197df6011bf96ecb9ad,10000079,10000079,1382680008,字节CDN专线 1382680008,0,0
4205e26e3a05e5bc8c5f47ca453e2f10,10000019,10000019,10000244,B站专线-盒子V2 10000244,0,0
420c3e1c693401ca96d6418692a780fd,10000244,10000244,10000244,B站专线-盒子V2 10000244,1,1
423894472440207a8a0f381075d7c99e,10000064,10000064,10000292,七牛CDN-虚拟业务10000292 10000292,0,1
424b6c44df95c9a50a3ffb5adb9d37f8,10000123,10000123,10000244,B站专线-盒子V2 10000244,0,0
424c507ce82801efade50f4890857890,10000244,10000244,10000244,B站专线-盒子V2 10000244,1,1
4253e472f17cd20ced7ad89d04c273ed,10000244,10000244,10000244,B站专线-盒子V2 10000244,1,1
426cc8f3147580533b58d2a9425344a2,10000079,10000079,1380460970,七牛CDN 1380460970,0,0
426cf6a574f6fd9bd6421f7920525045,10000244,10000244,10000244,B站专线-盒子V2 10000244,1,1
427a87eff9ca2afbd2492476ba26f1bb,10000304,10000304,10000304,快手严选 10000304,1,1
427e543e3669c7a04abcaba7fa2bd094,10000000,10000000,10000224,字节CDN专线V4 10000224,0,0
42b1dd3cc003e7752a1800c6a6579fb6,10000244,10000244,10000244,B站专线-盒子V2 10000244,1,1
42c4f71fc3bd9f770941724d38f5f5d7,10000123,10000123,10000244,B站专线-盒子V2 10000244,0,0
42c84575822a36d077905af4b947255f,10000064,10000064,10000244,B站专线-盒子V2 10000244,0,0
42e209b3b095fd2295df0cce1756393b,10000041,10000041,10000069,腾讯汇聚P2P 10000069,0,0
42f14052551ffcda71a57dd09568708d,10000123,10000123,10000244,B站专线-盒子V2 10000244,0,0
42f7160c13f09bf5f83a4f104b624e89,10000123,10000123,10000244,B站专线-盒子V2 10000244,0,0
42f7c3d71d2ba3a61ad2c0bc90f4e7d3,10000079,10000079,1381526443,爱奇艺 1381526443,0,1
43219bdf1ec074fcafd6141ab1af0450,10000244,10000244,10000244,B站专线-盒子V2 10000244,1,1
433b69392b929f551dffd04dbc5f61d5,10000003,10000003,10000244,B站专线-盒子V2 10000244,0,0
433d2055cbc31ad8dc11923dbcd79667,10000304,10000304,10000292,七牛CDN-虚拟业务10000292 10000292,0,0
4343d50c90da127bde7f30ebc76e3122,10000079,10000079,10000244,B站专线-盒子V2 10000244,0,1
436fb23c253589c30b2aa38f85a2222b,10000069,10000069,10000096,字节架构专线V3 10000096,0,0
4373011232f374f42bf4186e5aacfaec,10000003,10000003,10000244,B站专线-盒子V2 10000244,0,0
43a629f9b4cce0472f75a0e77d331528,10000064,10000064,10000244,B站专线-盒子V2 10000244,0,0
43b78876aa2714942667947267f86d6b,10000001,10000001,1382649737,腾讯专线 1382649737,0,0
43cda4c66604bfc7208b13a9034118f1,10000069,10000069,10000292,七牛CDN-虚拟业务10000292 10000292,0,0
43e10c616f09311c48e70c4e93f54f4f,10000304,10000304,10000304,快手严选 10000304,1,1
43e9f24a226d73914883094db7beda4c,10000019,10000019,10000292,七牛CDN-虚拟业务10000292 10000292,0,0
44263718feb05e4fb2587d219b39bcd2,10000244,10000244,10000244,B站专线-盒子V2 10000244,1,1
445269f8b00532cc1357a8c78bf77280,10000064,10000064,10000244,B站专线-盒子V2 10000244,0,0
445601b6e162eb61c15f272adb068180,10000304,10000304,10000079,字节架构汇聚V2 10000079,0,0
448f1a22c82e9d8985dca90b5c08a6e0,10000079,10000079,10000244,B站专线-盒子V2 10000244,0,1
449bd1b9d9564301c3fd42ac4f377a7f,10000244,10000244,10000244,B站专线-盒子V2 10000244,1,1
44da9b668bdee01f952188c3b24d785a,10000292,FQCDNV,10000074,腾讯直连独立 10000074,0,0
454180bb5db1ce5a07dfd18721c6164d,10000292,FQCDNV,10000244,B站专线-盒子V2 10000244,0,1
456437d1db8e661cbb1cf53ae85e6ab8,10000019,10000019,10000244,B站专线-盒子V2 10000244,0,0
456a792288fcda5ed32cf3282977ed4f,10000281,FQTZV,1380460970,七牛CDN 1380460970,0,0
457f43c9c572b17f90e1217a515cb0f7,10000003,10000003,10000244,B站专线-盒子V2 10000244,0,0
460b2b629ea374ccc04f4f5627239702,10000292,FQCDNV,10000244,B站专线-盒子V2 10000244,0,1
463f72fd98820705dea6f3dd493553a9,10000294,10000294,10000079,字节架构汇聚V2 10000079,0,1
46434063e7c701598fff1a5f0bccc233,10000064,10000064,10000292,七牛CDN-虚拟业务10000292 10000292,0,1
4649da738fc22af9f62b280187cc38ed,10000064,10000064,10000244,B站专线-盒子V2 10000244,0,0
4651ccdf12c43ff9beb69b6e09c5d784,10000294,10000294,10000304,快手严选 10000304,0,0
4652df8d39334080b06a234fe0caab0b,10000244,10000244,10000244,B站专线-盒子V2 10000244,1,1
46544e4d88cc11c8ef0d0637badc52c9,10000244,10000244,10000244,B站专线-盒子V2 10000244,1,1
4659b4f84b813594c2087dcbe667d4a9,10000079,10000079,10000244,B站专线-盒子V2 10000244,0,1
465c1581175f477da1f38b47ef5d2d42,10000244,10000244,10000244,B站专线-盒子V2 10000244,1,1
466b20ee384688055c58c6e028e6fa62,10000300,10000300,10000292,七牛CDN-虚拟业务10000292 10000292,0,0
466c92bf3bb43cbe03b6afd1fe5a6a6c,10000244,10000244,10000244,B站专线-盒子V2 10000244,1,1
466f59dd1cde4caf96e2237714bdc8bb,10000292,FQCDNV,10000292,七牛CDN-虚拟业务10000292 10000292,1,1
468f6ce6ceaedef7d04f1e89a751c60c,10000074,10000074,10000069,腾讯汇聚P2P 10000069,0,1
469b47e867c629573171a608e88710fe,10000123,10000123,10000244,B站专线-盒子V2 10000244,0,0
469e97a99712f6a0c7478ee78bd9feb4,10000244,10000244,10000244,B站专线-盒子V2 10000244,1,1
46a1bd8831493d094cb30ef34c777c15,10000292,FQCDNV,10000244,B站专线-盒子V2 10000244,0,1
46a49778edc8e30177a6770c0f648f27,10000019,10000019,10000244,B站专线-盒子V2 10000244,0,0
46aa1e96043b051ed7c111c96d75abd0,10000244,10000244,10000244,B站专线-盒子V2 10000244,1,1
46c567777fe79a87364b1567522d8ad0,1380389889,1380389889,10000244,B站专线-盒子V2 10000244,0,0
46d0842c59f82513d4344b88a58d2a2c,10000079,10000079,10000244,B站专线-盒子V2 10000244,0,0
46d7ae45552124a6ae00746690218735,10000292,FQCDNV,10000304,快手严选 10000304,0,1
46da7adf2c7d9752e5a0577bdf6c0d84,10000316,10000316,1382649737,腾讯专线 1382649737,0,0
46df41a930a1d0bf289bbf38094df72e,1382490022,1382490022,10000069,腾讯汇聚P2P 10000069,0,0
46f32b07937f5123ae85e88e26b2ed25,1382680008,1382680008,10000034,优酷专线 10000034,0,1
47062b54e56b0102ad7861493eeb75dd,10000251,10000251,10000244,B站专线-盒子V2 10000244,0,0
472c861210e7d9b61a6cfc608404150b,10000244,10000244,10000244,B站专线-盒子V2 10000244,1,1
475733738158ca179a1904806af30e8f,10000278,10000278,10000244,B站专线-盒子V2 10000244,0,0
4769187287e3d5665826f11b3fdea348,10000079,10000079,10000244,B站专线-盒子V2 10000244,0,0
477293ec22222a71f79a4eb1f2fb3eb1,10000079,10000079,10000244,B站专线-盒子V2 10000244,0,1
479025ddb598692a550dd4bcd523d6b1,10000069,10000069,10000078,七牛特招 10000078,0,0
4792ae7d4b808453df8e05917f6fda8f,10000064,10000064,10000244,B站专线-盒子V2 10000244,0,0
47b19eb1930e29b8d5ea8f7041eaa4d7,10000224,10000224,10000183,B站专线-盒子 10000183,0,1
47b647b36250e864eabc9468712f4a0a,10000292,FQCDNV,10000244,B站专线-盒子V2 10000244,0,1
47e0722ad259f9ef09da0c75c43f2b78,10000292,FQCDNV,10000244,B站专线-盒子V2 10000244,0,0
47e0fdf2dc56b128f610b00184817ae7,10000079,10000079,1380460970,七牛CDN 1380460970,0,0
48098403224a6e56d7ae2cfa9a5f4b19,10000292,FQCDNV,10000244,B站专线-盒子V2 10000244,0,1
481ef52dee6eec19427f476359d1108c,10000123,10000123,10000244,B站专线-盒子V2 10000244,0,0
48409256b9001ac4b72f9408c8f32224,10000292,FQCDNV,10000244,B站专线-盒子V2 10000244,0,0
484f9d39ee1781342d179cce108f3f03,10000019,10000019,10000244,B站专线-盒子V2 10000244,0,0
485165338cfe5cb64d22aabe28cbb741,10000244,10000244,10000244,B站专线-盒子V2 10000244,1,1
4871812073e54c9c431f0cd55bdea16a,10000064,10000064,10000292,七牛CDN-虚拟业务10000292 10000292,0,1
48915e12b5ecaa66f901ff340210fa4e,10000064,10000064,10000244,B站专线-盒子V2 10000244,0,0
4892e17b602ea0b5d4212cd2f813b9f7,10000079,10000079,10000244,B站专线-盒子V2 10000244,0,1
48a62b18a8c8af703f1b8a8f4b3547d9,1382649737,1382649737,10000096,字节架构专线V3 10000096,0,0
494e18274624eb7e19b15ee1670449c8,10000292,FQCDNV,10000244,B站专线-盒子V2 10000244,0,1
4962c960a1e4a276b3ac412ab7f88a2d,10000079,10000079,10000244,B站专线-盒子V2 10000244,0,1
49af25dd6de17b524ff4f0e2ccd80584,10000244,10000244,10000244,B站专线-盒子V2 10000244,1,1
49b6346a967a63938b3fff64aff42405,10000183,10000183,1380460970,七牛CDN 1380460970,0,0
49d7b9ef1b31742aee2e11ba6068b0dd,10000304,10000304,10000292,七牛CDN-虚拟业务10000292 10000292,0,0
4a1b3298a0167fbb9ee30c0ad7604514,10000294,10000294,10000304,快手严选 10000304,0,0
4a1d9239218f09b022f834218ba7d315,1382490022,1382490022,10000069,腾讯汇聚P2P 10000069,0,0
4a365c0d95315ec53b2eec088d045ee0,10000244,10000244,10000244,B站专线-盒子V2 10000244,1,1
4a3a6c135daf3ff7edca30b57aad8594,10000123,10000123,10000244,B站专线-盒子V2 10000244,0,0
4a4cba12b540871dcc9ad3331bd54c1c,10000244,10000244,10000244,B站专线-盒子V2 10000244,1,1
4a676de0eca39c2a311544b9ab63ee71,10000292,FQCDNV,10000244,B站专线-盒子V2 10000244,0,0
4a7fc19d7465ccda2c69b6f5c7345d9a,10000000,10000000,10000244,B站专线-盒子V2 10000244,0,1
4a852b8f8b3752fc15ada74fa4b86404,10000079,10000079,1381526443,爱奇艺 1381526443,0,1
4aaf31049c79414e8fd2a93af1b09cb6,10000000,10000000,10000244,B站专线-盒子V2 10000244,0,1
4ab8a0a057056b178d99c6a42cea97ce,10000019,10000019,10000244,B站专线-盒子V2 10000244,0,0
4ab996da4c5374586670f2c7384c8eae,10000304,10000304,10000244,B站专线-盒子V2 10000244,0,0
4accbb25e05cfa46622623159e25761d,10000064,10000064,10000244,B站专线-盒子V2 10000244,0,0
4ad099dfd8de7ae732ccf5c9a96da2e8,10000123,10000123,10000244,B站专线-盒子V2 10000244,0,0
4ad1fb7a53fd95a6d43d429c95a48847,10000244,10000244,10000244,B站专线-盒子V2 10000244,1,1
4aefbb90e749506eaa02100f9451823f,10000003,10000003,10000244,B站专线-盒子V2 10000244,0,0
4b064c65a710b3a0017e60d4abe69a89,10000123,10000123,10000244,B站专线-盒子V2 10000244,0,0
4b1ad45f2147d1a46b4e0888ef15741c,10000292,FQCDNV,10000244,B站专线-盒子V2 10000244,0,1
4b23fdf30c06129fe6841c0233e3c0f3,10000079,10000079,10000304,快手严选 10000304,0,0
4b24c5b6f6d240edb8753af14d322221,10000304,10000304,10000292,七牛CDN-虚拟业务10000292 10000292,0,0
4b2933e9a05b174d4e28604d1630c86a,10000244,10000244,10000244,B站专线-盒子V2 10000244,1,1
4b3bb4daf20e8d6a26bb3b35051d5982,10000292,FQCDNV,10000244,B站专线-盒子V2 10000244,0,0
4b48d385d881aaea4f0ebbffef25a9dc,1380389889,1380389889,10000244,B站专线-盒子V2 10000244,0,0
4b4eaeec3dd625b1810856d1e939ae63,10000244,10000244,10000244,B站专线-盒子V2 10000244,1,1
4b545c763abf3b3cff72d14a31a504ba,10000244,10000244,10000244,B站专线-盒子V2 10000244,1,1
4b60db90c151c04e8d6a86e2b83a67d7,10000292,FQCDNV,10000244,B站专线-盒子V2 10000244,0,1
4b832c8349daa52c70025a67b2b58dc7,10000019,10000019,10000244,B站专线-盒子V2 10000244,0,0
4b9020f15c18400879a2f9b1d05fb6cc,10000079,10000079,10000244,B站专线-盒子V2 10000244,0,1
4bb12f3e74fd68ff8774e3511ca49cc8,10000304,10000304,10000244,B站专线-盒子V2 10000244,0,1
4be015216e7129aabe6d891bdc764000,10000281,FQTZV,1382680008,字节CDN专线 1382680008,0,0
4be015216e7129aad1020a67ce5675a6,10000304,10000304,1382680008,字节CDN专线 1382680008,0,1
4bfee7cb3f41d02ab74a611757b93544,10000123,10000123,10000244,B站专线-盒子V2 10000244,0,0
4c0e1ac778fea014bc3d02316c3380d9,10000244,10000244,10000244,B站专线-盒子V2 10000244,1,1
4c341304344bb12a172ccb16c88f5c27,10000019,10000019,10000244,B站专线-盒子V2 10000244,0,0
4c38cefb798061a17c69acac27d6517c,1380389889,1380389889,10000079,字节架构汇聚V2 10000079,0,0
4c400b5c23aadb2efaa724ed67740e27,10000079,10000079,10000244,B站专线-盒子V2 10000244,0,1
4c54c8656bdeec90886017c9a50868e2,10000294,10000294,10000244,B站专线-盒子V2 10000244,0,0
4c7cceeb258122297300427f59f14479,10000244,10000244,10000244,B站专线-盒子V2 10000244,1,1
4c83b75c0035956ecbd678d89c4bce3d,10000079,10000079,10000244,B站专线-盒子V2 10000244,0,1
4c8a40fd12b2b5b2d5b140a6e98b5b8e,10000123,10000123,10000244,B站专线-盒子V2 10000244,0,0
4cdc0bc1908ef743ead0a5fa2d59f554,10000244,10000244,10000074,腾讯直连独立 10000074,0,0
4cf8acc1a121b6397508bf47fcbb5088,10000079,10000079,10000244,B站专线-盒子V2 10000244,0,1
4cfa9ec6fa52848be56e41780dec04e5,10000244,10000244,10000244,B站专线-盒子V2 10000244,1,1
4d16fab35ec349b629995c6372389dbc,10000064,10000064,10000244,B站专线-盒子V2 10000244,0,0
4d377ce7a655002d0c724d04c72073f3,10000088,10000088,10000244,B站专线-盒子V2 10000244,0,0
4d4a0b41fb6be7721d1416da1f29424b,10000244,10000244,10000244,B站专线-盒子V2 10000244,1,1
4d4dca95b989cf101a7bedec5f657b8d,10000244,10000244,10000244,B站专线-盒子V2 10000244,1,1
4d5f3067f6136d0d628b258039269cae,10000304,10000304,10000244,B站专线-盒子V2 10000244,0,0
4d5fe9777df24956342d0363304200d2,10000292,FQCDNV,10000244,B站专线-盒子V2 10000244,0,1
4d7d988076e19d7e84d6a0aaea547db6,10000109,10000109,10000244,B站专线-盒子V2 10000244,0,0
4db7a8e10994d0b46f14d19c92e46088,10000069,10000069,10000096,字节架构专线V3 10000096,0,0
4de7307da7841714a9bd7958ad903fd8,10000079,10000079,10000244,B站专线-盒子V2 10000244,0,1
4decf0a380eadde0a972b6fc305413bb,10000079,10000079,10000244,B站专线-盒子V2 10000244,0,1
4ded219f0d05fe0ae9b7af5d0bf465cf,10000244,10000244,10000244,B站专线-盒子V2 10000244,1,1
4df72f11ec85718930b8ebe1659872de,10000294,10000294,10000244,B站专线-盒子V2 10000244,0,0
4dfb4e86f22be9d7094a9f0cacf0f3e2,1382490022,1382490022,10000069,腾讯汇聚P2P 10000069,0,0
4e08d3ea84c67ac5dbb5c4c53dccc105,10000003,10000003,10000244,B站专线-盒子V2 10000244,0,0
4e129c4247d74e2981ea22c24cea0e32,10000088,10000088,10000191,腾讯专线-80 10000191,0,0
4e233326ec67152742f47fd5555c56b4,10000064,10000064,10000014,百度XCDN专线 10000014,0,0
4e52d7c3bffe4433f1a1b94c8626e237,10000312,10000312,10000244,B站专线-盒子V2 10000244,0,0
4e5ced26ea00f520d1c2c4bcd0a83a88,10000069,10000069,10000191,腾讯专线-80 10000191,0,0
4e61764783e3e5b333c269253cc81153,10000292,FQCDNV,10000244,B站专线-盒子V2 10000244,0,1
4e9e972e09738421d28e8ddd72cb4318,10000019,10000019,10000244,B站专线-盒子V2 10000244,0,0
4ea85b5dc2fb4151b5a6211820b4d1fd,10000088,10000088,10000244,B站专线-盒子V2 10000244,0,0
4eab642753499050616bedf1d63c8b02,10000079,10000079,10000244,B站专线-盒子V2 10000244,0,1
4ed4f6abce997ce04e6a82154d24c6a2,10000244,10000244,10000244,B站专线-盒子V2 10000244,1,1
4ee15a05d1ab5e0e9f0b3fe0314852d7,10000079,10000079,10000244,B站专线-盒子V2 10000244,0,0
4ee431086ce5bbc4347261ef93fec047,10000079,10000079,1380460970,七牛CDN 1380460970,0,0
4ee71a7f0935356c06b180e40ef4ac73,10000064,10000064,10000292,七牛CDN-虚拟业务10000292 10000292,0,1
4ef0ed1302e56894ebda3b058fb9cbb8,10000244,10000244,10000244,B站专线-盒子V2 10000244,1,1
4ef10cdca7e3594b5acea558ef5a7da5,10000292,FQCDNV,10000244,B站专线-盒子V2 10000244,0,0
4f3d25fd02c6014e62d70d0c963ff179,10000123,10000123,10000244,B站专线-盒子V2 10000244,0,0
4f5b3a006bf35c1b574b4d819db252c3,10000244,10000244,10000244,B站专线-盒子V2 10000244,1,1
4f654aadb1e3517ffa80dce84f8adeea,10000294,10000294,10000294,优酷汇聚晚高峰 10000294,1,1
4f77dc81e084f725115371747f577679,10000244,10000244,10000244,B站专线-盒子V2 10000244,1,1
4f88c4f98b1748d7daeef28dc690237e,10000122,10000122,10000244,B站专线-盒子V2 10000244,0,0
4f8ba306cea1fb63affdbea2185ce598,10000079,10000079,10000244,B站专线-盒子V2 10000244,0,1
4f9f315ea4577b77565fba98d1dc2c50,10000292,FQCDNV,10000069,腾讯汇聚P2P 10000069,0,0
4fa57d7663aea788cf7f421031b616ba,10000244,10000244,10000244,B站专线-盒子V2 10000244,1,1
4fad110c5c269721c5713f798ac3f2e9,10000304,10000304,10000244,B站专线-盒子V2 10000244,0,0
4fc23a9b33476f5f7238cd6d7602f44a,10000304,10000304,10000037,天翼云专线 10000037,0,0
4fd97df4110fa240915e47c5642cc12c,10000019,10000019,10000244,B站专线-盒子V2 10000244,0,0
501b97146a68c5af53f75bcd4e388e05,10000079,10000079,10000244,B站专线-盒子V2 10000244,0,1
505010b62c1c570ee361ae1f7f114a1e,10000123,10000123,10000244,B站专线-盒子V2 10000244,0,0
5056f6b6a880e13a500558b2cd2cbfdb,10000183,10000183,10000096,字节架构专线V3 10000096,0,1
505a0ac104122ba46cb443103bea6b02,10000123,10000123,10000244,B站专线-盒子V2 10000244,0,0
506cdf8b2ceeaf0430a701a7f98ec21b,10000304,10000304,10000244,B站专线-盒子V2 10000244,0,0
508129c7650e2f6e631c97279c91bc0b,10000292,FQCDNV,10000037,天翼云专线 10000037,0,0
508609231b778a7239939e05577ab7f2,10000292,FQCDNV,10000244,B站专线-盒子V2 10000244,0,1
50a5e1c67bc13cea97c20159c764a5f6,10000079,10000079,1380460970,七牛CDN 1380460970,0,0
50af10da048df9cd55bcc48f051f2f47,10000064,10000064,10000244,B站专线-盒子V2 10000244,0,0
50e92adb361421d291dfa7167136fe0b,1382490022,1382490022,10000069,腾讯汇聚P2P 10000069,0,0
50ed63f01b0839dec05d658e596b8961,10000244,10000244,10000244,B站专线-盒子V2 10000244,1,1
50f7cb7c412bde719f16ad926abd0927,10000316,10000316,1382649737,腾讯专线 1382649737,0,0
50fd552bfa254c8ffdfdad477ef4d129,10000079,10000079,10000244,B站专线-盒子V2 10000244,0,0
5114335a770371d1b9910336979f5b36,10000244,10000244,10000244,B站专线-盒子V2 10000244,1,1
5117c1179df5cc67ec6a19d6dfbc9111,10000292,FQCDNV,10000096,字节架构专线V3 10000096,0,0
514acc74b36f11ee9ee46151c2590bb0,10000292,FQCDNV,10000244,B站专线-盒子V2 10000244,0,1
516e6efdbcf1ef1529792bdc5c8a067f,10000292,FQCDNV,10000244,B站专线-盒子V2 10000244,0,1
517f253a62d938ab94bbfe4c6c309473,1382490022,1382490022,10000069,腾讯汇聚P2P 10000069,0,0
517f73868f783c800d2cd816660f633f,10000304,10000304,10000244,B站专线-盒子V2 10000244,0,1
5188f9371da2214dfa4f86f84f6cd7e1,10000292,FQCDNV,10000292,七牛CDN-虚拟业务10000292 10000292,1,1
518eda9e5442230ff8fa9a17f832e615,10000123,10000123,10000244,B站专线-盒子V2 10000244,0,0
5197524eb828d3a58029a00dcdc37d66,1382680008,1382680008,1382680008,字节CDN专线 1382680008,1,1
51af4a831668af02d3eda07e4a7fa7d2,10000244,10000244,10000244,B站专线-盒子V2 10000244,1,1
51b1198b4df7ba77361ce7ef157d89e2,10000292,FQCDNV,10000183,B站专线-盒子 10000183,0,0
51b76c9507bad8569720841eb559373a,10000064,10000064,10000292,七牛CDN-虚拟业务10000292 10000292,0,1
51cd4ae8432d7b19f8cb47889a9aa89a,10000003,10000003,10000244,B站专线-盒子V2 10000244,0,0
521a0986c18defc9708cb87719f8807a,10000064,10000064,10000244,B站专线-盒子V2 10000244,0,0
52939ce3f35f26c6d7ac8d53e221195d,10000079,10000079,10000244,B站专线-盒子V2 10000244,0,1
52bb0f86adb086c2207e17b92566bd53,10000244,10000244,10000244,B站专线-盒子V2 10000244,1,1
52bf46452b18aefda1e91283422d652a,10000292,FQCDNV,10000244,B站专线-盒子V2 10000244,0,1
52dbb338f5c52b9be08e4f86df114051,10000064,10000064,10000244,B站专线-盒子V2 10000244,0,0
52e36e9d8587cad072cac6e87ac08ebe,10000244,10000244,10000244,B站专线-盒子V2 10000244,1,1
530575da598f09574e0b13ae76255e39,10000079,10000079,1380460970,七牛CDN 1380460970,0,0
531819b9e9dad902caaeaf8d862176be,10000123,10000123,10000292,七牛CDN-虚拟业务10000292 10000292,0,1
532109f45bd36519cb571cff83a2fe64,10000123,10000123,10000244,B站专线-盒子V2 10000244,0,0
53473fe23aa944b573ad44556823b239,10000244,10000244,10000244,B站专线-盒子V2 10000244,1,1
5347f3df34512e1ceccb788c48cd5c14,10000244,10000244,10000244,B站专线-盒子V2 10000244,1,1
535004ecdd32ffb415f23148018bcfc2,10000244,10000244,10000244,B站专线-盒子V2 10000244,1,1
5372f0ce3fc232abe008e7b2b1c35c4d,10000123,10000123,10000244,B站专线-盒子V2 10000244,0,0
537ff157bb67bbf927bdfe80a26873ca,10000304,10000304,10000304,快手严选 10000304,1,1
53871fa2950082f21bd25957f47e9ddf,10000079,10000079,10000244,B站专线-盒子V2 10000244,0,1
5387cbd1b13b70d54e6fd7e271de7975,10000294,10000294,1380460970,七牛CDN 1380460970,0,0
538fc21eb92d1d377584b5936a11ba39,10000123,10000123,10000292,七牛CDN-虚拟业务10000292 10000292,0,1
539358d795b95421fbad5894d61cd6da,10000079,10000079,10000244,B站专线-盒子V2 10000244,0,0
539b1c176b2aa12fd4993ec45b9761a0,10000244,10000244,10000244,B站专线-盒子V2 10000244,1,1
53f2b494c220afc14e783390a3ac87ce,10000079,10000079,10000244,B站专线-盒子V2 10000244,0,1
53fbb41bbb61814ff3e477e8b2bfe129,10000079,10000079,10000244,B站专线-盒子V2 10000244,0,0
5419efb127a1180d0c823bbd5b5882c7,10000064,10000064,10000292,七牛CDN-虚拟业务10000292 10000292,0,1
542b87d48cb75d0535b231b8ad46b571,10000079,10000079,10000244,B站专线-盒子V2 10000244,0,1
545a5197fc80de0f06dcfbeb30cb8ef7,10000292,FQCDNV,10000244,B站专线-盒子V2 10000244,0,1
5463532ff3bc97188ce1b2aab9fe1f4c,10000064,10000064,10000244,B站专线-盒子V2 10000244,0,0
5469a9462eedde1819c9e89d8148549e,10000079,10000079,10000244,B站专线-盒子V2 10000244,0,1
547691752144041d7ed4b68ab7c43b1d,10000224,10000224,10000183,B站专线-盒子 10000183,0,1
54c755585e29302aaae1f9de28936a35,10000064,10000064,10000244,B站专线-盒子V2 10000244,0,0
54d1892aa240988943b4e79e39b2e394,10000304,10000304,10000244,B站专线-盒子V2 10000244,0,0
54d1d6782a6f63b1af7bbe67942feca4,10000244,10000244,10000244,B站专线-盒子V2 10000244,1,1
54dca311eba38110a3b2bac20fff3f2d,10000304,10000304,10000292,七牛CDN-虚拟业务10000292 10000292,0,0
54e3363ee87080331b7f5fd0f477bfac,10000292,FQCDNV,10000292,七牛CDN-虚拟业务10000292 10000292,1,1
55018ae95744b011550637212515f091,10000064,10000064,10000244,B站专线-盒子V2 10000244,0,0
551b66c4b8aa23a97056ee4c97ce4ba6,10000019,10000019,10000244,B站专线-盒子V2 10000244,0,0
55225442406daf16b689ab8b41015f3b,10000074,10000074,10000304,快手严选 10000304,0,0
5523eb4467027858bbd4144eb4aab85b,10000019,10000019,10000304,快手严选 10000304,0,0
553003bc6d25d1e777a0e555d8d48ab4,10000294,10000294,10000244,B站专线-盒子V2 10000244,0,0
553a4a61f75ccf3da7bcbe5974dff6ef,10000304,10000304,10000304,快手严选 10000304,1,1
553ec6aa6b05355b4f95086307960092,10000074,10000074,1380460970,七牛CDN 1380460970,0,0
554ae05f1263ad9aad2fe45e2863f59f,10000079,10000079,10000244,B站专线-盒子V2 10000244,0,1
559d64803f4326201f4ec9e80e97eabd,10000292,FQCDNV,10000244,B站专线-盒子V2 10000244,0,1
55a3154ff597a1b66cb35339248e86ac,10000304,10000304,10000292,七牛CDN-虚拟业务10000292 10000292,0,0
55a73cdfae38b7ac33e9d82827666839,10000079,10000079,10000079,字节架构汇聚V2 10000079,1,1
55ab19e7f76acc3fd4f701bf12383e19,10000183,10000183,10000096,字节架构专线V3 10000096,0,0
55ad7cc28815f0c5af6130f0e52a93eb,10000314,10000314,10000069,腾讯汇聚P2P 10000069,0,0
55c082f731b4d15fc37ffe8a14acb8f9,10000079,10000079,10000244,B站专线-盒子V2 10000244,0,1
55d6d43c6f955bc2444b7b6811a1e9b7,1382490022,1382490022,10000069,腾讯汇聚P2P 10000069,0,0
55f462e16c6d25a4a59b856b3a22e262,10000294,10000294,10000244,B站专线-盒子V2 10000244,0,1
56084425db35af404304d481b7ab16d5,10000064,10000064,10000069,腾讯汇聚P2P 10000069,0,0
560c506a479ab0a4ba9d8481c8333734,10000064,10000064,10000069,腾讯汇聚P2P 10000069,0,0
56149c71fb77f7c13138e90efa8f6d6e,10000303,10000303,10000244,B站专线-盒子V2 10000244,0,0
56293ee07c28e40d820cbff85df41ba1,10000292,FQCDNV,10000292,七牛CDN-虚拟业务10000292 10000292,1,1
56414b4e8053b92ddba01660e1d140ff,10000292,FQCDNV,10000244,B站专线-盒子V2 10000244,0,1
5648b22a29099c83e22c4806f11887b7,10000244,10000244,10000244,B站专线-盒子V2 10000244,1,1
565a5fa4a93e01f67606677486d0f2b1,10000079,10000079,10000244,B站专线-盒子V2 10000244,0,1
566699a9e84049d88b8e9bedd2e7ec3a,10000197,10000197,1380460970,七牛CDN 1380460970,0,0
568a8bf4c5e0958d16729901a94d4006,10000079,10000079,10000244,B站专线-盒子V2 10000244,0,1
569dd2ef2f495a9812fbbcbfe9c4dfb2,10000294,10000294,10000294,优酷汇聚晚高峰 10000294,1,1
56e5542d4fff633cf9af563b63a11133,1380389889,1380389889,10000069,腾讯汇聚P2P 10000069,0,0
56e72c90b67cb79d9b4abdf33e56cc47,10000292,FQCDNV,10000244,B站专线-盒子V2 10000244,0,1
56f07c2622fc9f28ddeee9ffd59a96b3,10000304,10000304,10000096,字节架构专线V3 10000096,0,1
570138785a9ca8268c70aeaaf62ae58b,10000244,10000244,10000292,七牛CDN-虚拟业务10000292 10000292,0,1
571693f1bf0113e66c16f97b7fce7813,10000292,FQCDNV,10000244,B站专线-盒子V2 10000244,0,1
572015a37d24324f35b9e42f8007b19a,10000244,10000244,10000244,B站专线-盒子V2 10000244,1,1
572052af84d49ee6f1901e3580dc5d6c,10000064,10000064,10000292,七牛CDN-虚拟业务10000292 10000292,0,1
573f819d9224abb2acc0390322b5ad69,10000064,10000064,10000292,七牛CDN-虚拟业务10000292 10000292,0,1
57433054e2bb80e1506903b58d12f8dc,10000079,10000079,10000244,B站专线-盒子V2 10000244,0,0
5754776363a0e2ea6d3a95822936a38f,10000244,10000244,1382680008,字节CDN专线 1382680008,0,0
576beeb00842834542cb0eba00b8a494,10000244,10000244,10000244,B站专线-盒子V2 10000244,1,1
578b4eb6943077ceb3f3320320fcaf1c,10000244,10000244,10000244,B站专线-盒子V2 10000244,1,1
57c8506d747cd07b5de0db95d949d65f,10000292,FQCDNV,1380317970,快手点播 1380317970,0,0
57fee66d31e3c23bef7a14cf558d3f0d,1382490022,1382490022,10000069,腾讯汇聚P2P 10000069,0,0
58051ac42ac078a4137a71a5aff36611,10000079,10000079,1382649737,腾讯专线 1382649737,0,0
580715fe5878f22eda0b83d62b31ef61,10000292,FQCDNV,10000244,B站专线-盒子V2 10000244,0,1
582a431106fde140ac1accb197b5fbda,10000244,10000244,10000244,B站专线-盒子V2 10000244,1,1
583284c31457ac1205cf151ab9863e6a,10000244,10000244,10000183,B站专线-盒子 10000183,0,1
58499a118d7d5958340f7a3027fdbdef,10000294,10000294,10000244,B站专线-盒子V2 10000244,0,0
585a5073206fe4a7eb98c861fe6c9e51,10000069,10000069,10000037,天翼云专线 10000037,0,0
5875a9d687b9bdc62b58ae29c0dc7994,10000064,10000064,10000244,B站专线-盒子V2 10000244,0,0
5879938cc75eecc64b4d4d707fcce004,10000244,10000244,10000244,B站专线-盒子V2 10000244,1,1
58a302ba945acd7db66ce24fd45d097f,10000244,10000244,10000244,B站专线-盒子V2 10000244,1,1
58a302ba945acd7db66ce24fd45d0990,10000244,10000244,10000244,B站专线-盒子V2 10000244,1,1
58a9377f1966e7968d95572aada01323,10000019,10000019,10000244,B站专线-盒子V2 10000244,0,0
58ab6530ddd236d4f91bd796866525b5,10000244,10000244,1380317970,快手点播 1380317970,0,1
58b6a0aae7c9df17be61c7e537a5c633,10000074,10000074,10000244,B站专线-盒子V2 10000244,0,0
58dfc8c906e2174ebd89c783318a8a5a,10000244,10000244,10000244,B站专线-盒子V2 10000244,1,1
58e5e2bf7ece2939c1cd04716f9d1c09,10000292,FQCDNV,10000074,腾讯直连独立 10000074,0,0
58e6a11edcb379e70e4ea0f3acda7aaa,10000294,10000294,1380460970,七牛CDN 1380460970,0,0
58f86156333fd57458ec127a071490ab,10000074,10000074,10000244,B站专线-盒子V2 10000244,0,1
593281f859425482fe0d38419569aad6,10000079,10000079,1380460970,七牛CDN 1380460970,0,0
593ab8c6776bb3c3f89c4927385c252c,10000183,10000183,10000304,快手严选 10000304,0,0
5944b1b6d1b0f4ae8848c9443ad5cc0b,10000292,FQCDNV,10000292,七牛CDN-虚拟业务10000292 10000292,1,1
5953509dbc570cc37decb33ab13fe652,10000079,10000079,10000244,B站专线-盒子V2 10000244,0,1
59a2371fb86a26eafe53477b3ef7b8a3,10000064,10000064,10000292,七牛CDN-虚拟业务10000292 10000292,0,1
59c3d678f44c14a62fc4bc261436b449,10000079,10000079,10000244,B站专线-盒子V2 10000244,0,1
59ccac5ab1b09b616cc43d034bc11961,10000224,10000224,10000183,B站专线-盒子 10000183,0,1
59de3908ec414361d68e99086c628aa0,10000074,10000074,10000292,七牛CDN-虚拟业务10000292 10000292,0,1
59f13a4457e767243113022a58df6a56,10000292,FQCDNV,10000244,B站专线-盒子V2 10000244,0,1
5a1430a31ae5f2a2558b3f7927968f5a,10000304,10000304,10000304,快手严选 10000304,1,1
5abb6c5dbfe5b7563021c18d6034f511,10000244,10000244,10000244,B站专线-盒子V2 10000244,1,1
5abc8ed0c53fb918761f1e62a6d892a6,10000294,10000294,10000034,优酷专线 10000034,0,0
5acac5e5d6f90bea8ede66fd11bacfe4,10000244,10000244,10000244,B站专线-盒子V2 10000244,1,1
5b586f3bf40ebd97b32e7110abbfb4bb,10000224,10000224,10000183,B站专线-盒子 10000183,0,1
5b5a77d8f8d42105aa5343134fef17ce,10000064,10000064,10000292,七牛CDN-虚拟业务10000292 10000292,0,1
5b67b04e0b7cd50cc391cf84a56d10d9,10000244,10000244,10000244,B站专线-盒子V2 10000244,1,1
5b74f027eba1e66bf3468dd4401ea1c7,10000079,10000079,10000244,B站专线-盒子V2 10000244,0,1
5b83285c05975ede6a4fc615d348ddf9,10000183,10000183,10000034,优酷专线 10000034,0,0
5b845524b9f72ae94642f554552d9bef,10000079,10000079,10000244,B站专线-盒子V2 10000244,0,0
5bb9e963db325651eba80a75a657d3ec,10000064,10000064,10000244,B站专线-盒子V2 10000244,0,0
5bbe114505e680b9bb2ea6e7bc826365,10000000,10000000,10000000,腾讯汇聚直连 10000000,1,1
5bbfba7b8c01bcc54f47543392294799,10000244,10000244,10000244,B站专线-盒子V2 10000244,1,1
5bc96f8bf3e40f612b89cf15602bb0d4,10000292,FQCDNV,10000244,B站专线-盒子V2 10000244,0,1
5be278e415eb4ec923c9d7cda422a014,10000294,10000294,10000034,优酷专线 10000034,0,0
5be5d58b05b6a1966f8c16c5047b548a,10000079,10000079,10000244,B站专线-盒子V2 10000244,0,1
5bf20ecd28796fd1e0d7ebe7b9ecd153,1380317970,1380317970,10000244,B站专线-盒子V2 10000244,0,0
5c0b9c6632ee98abd0e10c241dbbb9ff,10000034,10000034,1382680008,字节CDN专线 1382680008,0,0
5c1b805695faac9220acfa83ab3918ab,10000244,10000244,10000244,B站专线-盒子V2 10000244,1,1
5c2070aa98cf9fc3f4b85915ded85be5,10000079,10000079,10000244,B站专线-盒子V2 10000244,0,1
5c4eb6ef16ef463a09e812a467e50b7c,10000123,10000123,10000244,B站专线-盒子V2 10000244,0,0
5c5148fb7b184f1b3175d6fc78244686,10000244,10000244,10000244,B站专线-盒子V2 10000244,1,1
5c59ff87fb0de48174bc4f8c1f4a8a70,10000244,10000244,1380460970,七牛CDN 1380460970,0,1
5c5d0f746573f4714def5aea24e435b2,10000019,10000019,10000244,B站专线-盒子V2 10000244,0,0
5c7cb05b1fc44628613394bca0182211,10000079,10000079,10000244,B站专线-盒子V2 10000244,0,1
5c96312025c4efc2b325786ba015bf43,1382680008,1382680008,10000034,优酷专线 10000034,0,1
5c9bc0c4bb0c3613e9f13a526811fb52,10000079,10000079,10000244,B站专线-盒子V2 10000244,0,1
5cb8eb2a40a97162dad4d107db921144,10000244,10000244,10000244,B站专线-盒子V2 10000244,1,1
5cfe48ccd3310c89b08fdb84dc73f9fc,10000019,10000019,10000005,快手直播 10000005,0,0
5d0baf453c899b94e16328f3cd843609,10000292,FQCDNV,10000292,七牛CDN-虚拟业务10000292 10000292,1,1
5d198f19156db563b1324159f5a2b59c,10000316,10000316,1381526443,爱奇艺 1381526443,0,0
5d4a7d1b689f4c2529a79fda265f59bf,10000079,10000079,1382680008,字节CDN专线 1382680008,0,0
5d768e9fe84a679e56c12230be43eab3,10000244,10000244,10000244,B站专线-盒子V2 10000244,1,1
5d892c504750e0916b0f4b2a1dc26cd8,10000292,FQCDNV,10000244,B站专线-盒子V2 10000244,0,0
5db11ff81c99dbb3a8d2aaafff7431ab,10000001,10000001,10000244,B站专线-盒子V2 10000244,0,0
5dc16f855715836cfc1a4b9a3b724b8c,10000079,10000079,10000244,B站专线-盒子V2 10000244,0,1
5ddf14e1498b4052a5ab75309d9f7065,10000074,10000074,10000292,七牛CDN-虚拟业务10000292 10000292,0,1
5e11360ced4e0bc2c40b090c5ea3d70a,10000123,10000123,10000244,B站专线-盒子V2 10000244,0,0
5e5c45a893bf6a21e87a9081cf35fe1c,10000294,10000294,10000244,B站专线-盒子V2 10000244,0,0
5e7b2f2021e8aee8d31c0567e4cede8e,10000123,10000123,10000244,B站专线-盒子V2 10000244,0,0
5e87fa46ae58958af8aa6878e55536a7,10000292,FQCDNV,10000292,七牛CDN-虚拟业务10000292 10000292,1,1
5e8802255417f95dccdc811073962d67,10000079,10000079,10000244,B站专线-盒子V2 10000244,0,1
5e9a8037f8f7245efd43bf2d02b226bd,10000224,10000224,10000183,B站专线-盒子 10000183,0,1
5ea502c3c85c9f26c64cbd4c4dfd4935,10000079,10000079,10000244,B站专线-盒子V2 10000244,0,1
5eb9f61bfd9d94251a9e39994392883a,10000079,10000079,10000244,B站专线-盒子V2 10000244,0,1
5ece5ecbf345953b3e67ddaf56864fda,10000304,10000304,10000244,B站专线-盒子V2 10000244,0,0
5ed80ab597b6409e72117b659253ba80,10000123,10000123,10000244,B站专线-盒子V2 10000244,0,0
5eed8929f893fd4c326e8dd5b520ef19,10000295,10000295,10000224,字节CDN专线V4 10000224,0,0
5ef7158da1804739a58a4e9d9ee4a764,10000074,10000074,10000244,B站专线-盒子V2 10000244,0,1
5effef22a95bb2d7c51ddde63fc95785,10000292,FQCDNV,10000244,B站专线-盒子V2 10000244,0,1
5f0076427b22b6199ad83932e05e0617,10000303,10000303,10000069,腾讯汇聚P2P 10000069,0,0
5f10cff02239e38707aa3f052af0e11d,10000064,10000064,10000244,B站专线-盒子V2 10000244,0,0
5f1ee927150bea7c3bc1c56219c588d7,10000088,10000088,10000224,字节CDN专线V4 10000224,0,0
5f20f37f07b9929d710e962b7a472447,10000292,FQCDNV,10000292,七牛CDN-虚拟业务10000292 10000292,1,1
5f21378abea230dd87337e847e70a9a1,10000123,10000123,10000244,B站专线-盒子V2 10000244,0,0
5f2e857286dc96481ee678b63f064ad1,10000079,10000079,10000244,B站专线-盒子V2 10000244,0,1
5f5873735366a6625d5969e3b9e39000,10000079,10000079,10000244,B站专线-盒子V2 10000244,0,1
5f69627d705ac18e54b88316893217cd,10000079,10000079,10000244,B站专线-盒子V2 10000244,0,0
5f6f9cc351f30e10287bcbe1eef2eb16,10000079,10000079,10000244,B站专线-盒子V2 10000244,0,1
5f809772bc2126beb5e4fd3054f1e91a,10000123,10000123,10000244,B站专线-盒子V2 10000244,0,0
5f913f8916ff27a1e315c3d83137f103,10000244,10000244,10000244,B站专线-盒子V2 10000244,1,1
5f9e0d12064d10134b6be81549942e55,10000292,FQCDNV,10000244,B站专线-盒子V2 10000244,0,1
5fc514c8f3b796366e1cbdd57059a6a5,10000123,10000123,10000244,B站专线-盒子V2 10000244,0,0
5fcd7ba6a042c4b16e52036dfea7ca2b,10000325,10000325,10000096,字节架构专线V3 10000096,0,1
604c093b8101af5481ac574ba9226bfb,10000079,10000079,10000096,字节架构专线V3 10000096,0,0
605d5e260f0b8dbcb9c6597cd595f232,10000069,10000069,10000069,腾讯汇聚P2P 10000069,1,1
606bb4c0d8ed35157931321223e94ca0,10000122,10000122,10000244,B站专线-盒子V2 10000244,0,0
607667c38b23789f36b6fb38f0baae35,10000079,10000079,1380460970,七牛CDN 1380460970,0,0
60b5944a17c03b4120b151cc3e04bf8c,10000244,10000244,10000244,B站专线-盒子V2 10000244,1,1
60cdb1bdfd983613f4420a40e316ad38,10000088,10000088,10000244,B站专线-盒子V2 10000244,0,0
60db1e9bdc656b241998db6ce69f69c5,10000079,10000079,10000244,B站专线-盒子V2 10000244,0,1
60de199dbd80342c52ae3c554aa2acf1,10000244,10000244,10000244,B站专线-盒子V2 10000244,1,1
60ed6b82b3e642b9cf99f3c214cd2321,10000292,FQCDNV,10000292,七牛CDN-虚拟业务10000292 10000292,1,1
6126a35e7f0ec3ed1273567900c8ab1b,10000074,10000074,1380460970,七牛CDN 1380460970,0,0
612e2f7f3d8261b864aeac34bbc5eb05,10000079,10000079,10000244,B站专线-盒子V2 10000244,0,0
613b08ab5c03516c8dc296b1dee4ae4b,10000079,10000079,10000244,B站专线-盒子V2 10000244,0,1
613c23796676303687b4ec33d57b9887,10000292,FQCDNV,10000244,B站专线-盒子V2 10000244,0,1
6144c7f2a3ef98d547c82dadb95849b1,10000064,10000064,10000292,七牛CDN-虚拟业务10000292 10000292,0,1
6148437a1bc8b0d896a72b93b589216f,10000244,10000244,10000244,B站专线-盒子V2 10000244,1,1
615b3f46458614c5450c22bd767a03a3,10000074,10000074,10000244,B站专线-盒子V2 10000244,0,1
61671807e782f78fb5bb90548f31633e,10000244,10000244,10000244,B站专线-盒子V2 10000244,1,1
616b55c1109aeb3cbe8dd78fdd30841a,10000079,10000079,10000244,B站专线-盒子V2 10000244,0,1
616d2271c53a78a7c96d50b94806d458,10000123,10000123,10000244,B站专线-盒子V2 10000244,0,0
6176f7cb90d4a41bff3b79bd9aa91e10,10000123,10000123,10000244,B站专线-盒子V2 10000244,0,0
61798d44acb33c8688bf62abb53249d7,10000003,10000003,10000244,B站专线-盒子V2 10000244,0,0
618a14bd7ecf09cd03ba4f1c856e7895,10000123,10000123,10000244,B站专线-盒子V2 10000244,0,0
61a5a17789506e4ab90f8ed8af244b0a,10000123,10000123,10000244,B站专线-盒子V2 10000244,0,0
61b14585522eb9fa658343d48962476c,10000079,10000079,10000244,B站专线-盒子V2 10000244,0,1
61c6623a3fc4e89bac580c49c4f53ccf,10000244,10000244,10000244,B站专线-盒子V2 10000244,1,1
61d504e0753b3688adb1bc1dc5b69eee,10000109,10000109,10000292,七牛CDN-虚拟业务10000292 10000292,0,0
61d6beb130deb781f91a8b2bff6338ab,10000244,10000244,10000244,B站专线-盒子V2 10000244,1,1
61d8ff651120bfd771c57ebe3dc143a8,10000244,10000244,10000244,B站专线-盒子V2 10000244,1,1
61e17e38251128cbb1255a75a1e82482,10000064,10000064,10000292,七牛CDN-虚拟业务10000292 10000292,0,1
6217bfc1fb05e3cc90d775b97a28bb20,10000079,10000079,10000244,B站专线-盒子V2 10000244,0,1
6224750e0418c6a282d487630c7435e3,1382680008,1382680008,10000304,快手严选 10000304,0,1
624c5aca39ebbe3f6badc076c2887e67,10000069,10000069,10000014,百度XCDN专线 10000014,0,0
6252b82dea3ec3f3f271d0bc8c7fef08,10000064,10000064,10000244,B站专线-盒子V2 10000244,0,0
6254ef54c7e02f84df4170d437fd9f67,10000183,10000183,1382680008,字节CDN专线 1382680008,0,0
625bfd502a0309ba9b065fae733216e8,10000294,10000294,10000069,腾讯汇聚P2P 10000069,0,0
627f095303728d97e66aa25d766635a7,10000088,10000088,10000244,B站专线-盒子V2 10000244,0,0
6285763b368e26368a1651fd74b77664,10000244,10000244,10000244,B站专线-盒子V2 10000244,1,1
6297b610cdd25c5c12d2ee4a39696802,10000304,10000304,10000096,字节架构专线V3 10000096,0,1
62b4996e147e360b0fb13117c95738e2,10000123,10000123,10000244,B站专线-盒子V2 10000244,0,0
62c4466ab7973969ccca9be84aaae80b,10000183,10000183,10000034,优酷专线 10000034,0,0
62c6ebd1d69f47d1923b4ee592836812,10000244,10000244,10000244,B站专线-盒子V2 10000244,1,1
62e2cb327ca23bbddd73e210a9859a62,10000064,10000064,10000244,B站专线-盒子V2 10000244,0,0
62eeecbfa1e6614a54c64e0766fe6cac,10000079,10000079,10000244,B站专线-盒子V2 10000244,0,1
62f4e97902990ad28618018e46516ba3,10000074,10000074,10000244,B站专线-盒子V2 10000244,0,0
62f720f404f1f1f027d69b2472cbb3ef,10000292,FQCDNV,10000244,B站专线-盒子V2 10000244,0,1
6300d6395951b0cd1f6c31110aede0fc,10000292,FQCDNV,10000244,B站专线-盒子V2 10000244,0,1
632152113873ff27ed6e8ee611779da7,10000088,10000088,10000244,B站专线-盒子V2 10000244,0,0
6333abb88f4998c709a602cfdda84769,10000123,10000123,10000292,七牛CDN-虚拟业务10000292 10000292,0,0
6351dc673c1011198fd2ddb4045d00c4,10000292,FQCDNV,10000292,七牛CDN-虚拟业务10000292 10000292,1,1
63bd634986b55984e1b5e997e924e2e9,10000079,10000079,10000096,字节架构专线V3 10000096,0,0
63c7e20f97452d8e7562d2fff0815b60,10000294,10000294,10000244,B站专线-盒子V2 10000244,0,0
63c95108b6afa94d41e70af45fb4cf72,10000079,10000079,10000244,B站专线-盒子V2 10000244,0,1
63d615d8e125fd7c1eaffbac8a257e1c,10000292,FQCDNV,10000244,B站专线-盒子V2 10000244,0,1
63d6aeac14547a40953e621e3623e403,10000292,FQCDNV,10000244,B站专线-盒子V2 10000244,0,1
63d7e817fe00a133e1b6e37e6b84261d,10000088,10000088,10000244,B站专线-盒子V2 10000244,0,0
63e6a7b7314bb2ca5276194fac5c4f6d,10000088,10000088,10000191,腾讯专线-80 10000191,0,0
63eb6ce78a04338d2260cbe74541761a,10000079,10000079,10000244,B站专线-盒子V2 10000244,0,0
63f54c71ceeaf9a7913e28aa66f71e4e,10000292,FQCDNV,10000244,B站专线-盒子V2 10000244,0,1
640154efe14883533d364f28fd46ec7f,10000244,10000244,10000244,B站专线-盒子V2 10000244,1,1
6432c66782e11d8b636389974e76d4ae,10000064,10000064,10000064,百度小度 10000064,1,1
64579c8631290bd098b978a2cdccc4a2,10000079,10000079,10000244,B站专线-盒子V2 10000244,0,1
647173073d0442ee9d3ea8fe1d160a4c,10000244,10000244,10000244,B站专线-盒子V2 10000244,1,1
64806b9a9ae43b7e923bf5bedccc9fa8,10000292,FQCDNV,10000244,B站专线-盒子V2 10000244,0,1
649ee63f66387e4e7f31be4f2a8d649c,10000292,FQCDNV,10000244,B站专线-盒子V2 10000244,0,1
64a18a09d503f322f841b8da23fd68fa,10000123,10000123,10000244,B站专线-盒子V2 10000244,0,0
64b5c8c8c73aa1ee69510fdf1798788a,10000292,FQCDNV,10000244,B站专线-盒子V2 10000244,0,1
64cd285905954d4d9c94b597e3161aa6,10000079,10000079,1380460970,七牛CDN 1380460970,0,0
64d689979561a48005dbcfbc25280bac,10000292,FQCDNV,10000292,七牛CDN-虚拟业务10000292 10000292,1,1
64d85f97898f0902b20f6d814c282285,10000079,10000079,10000244,B站专线-盒子V2 10000244,0,1
64e38f8de6fd155f3a8b945f9b82d385,10000064,10000064,10000292,七牛CDN-虚拟业务10000292 10000292,0,1
65194a589b40e86ee9e970c953a0a17d,10000294,10000294,1382680008,字节CDN专线 1382680008,0,0
651e353df5530cb696ee0b253a42cefd,10000079,10000079,1380460970,七牛CDN 1380460970,0,0
653e0373d8c665ad384d06fdd2da473c,10000019,10000019,10000244,B站专线-盒子V2 10000244,0,0
6540f2db067fa900a6db53b4ec8a8789,10000294,10000294,10000244,B站专线-盒子V2 10000244,0,0
6555ce384942817f9fa0ad394715669b,10000064,10000064,10000244,B站专线-盒子V2 10000244,0,0
655abda83f0fc7f60a1c54211eddbb90,10000079,10000079,10000079,字节架构汇聚V2 10000079,1,1
65767b40f4dfe75e32b6bf398d838e7c,10000079,10000079,1382680008,字节CDN专线 1382680008,0,0
65873a0f5d172bdf75b40315272ba0c4,10000003,10000003,10000244,B站专线-盒子V2 10000244,0,0
65b9b583d565d2a23df2bd5a2b169c4b,10000304,10000304,1382680008,字节CDN专线 1382680008,0,1
65c9203f8638e8366fb91cc20da07d4c,10000079,10000079,10000096,字节架构专线V3 10000096,0,0
65cc6dae63090fc3ea7d16a46c01a191,10000244,10000244,1380460970,七牛CDN 1380460970,0,1
65e92c10bf1f9a7ed22914309fd48eeb,10000064,10000064,10000244,B站专线-盒子V2 10000244,0,0
6613d68f93684e60641de5e5420d4a1e,10000304,10000304,10000292,七牛CDN-虚拟业务10000292 10000292,0,0
662748682cd847d5f1f81c467ae8656e,10000304,10000304,10000292,七牛CDN-虚拟业务10000292 10000292,0,0
6631aa1b77ae181264c971e8a21c8008,10000064,10000064,10000244,B站专线-盒子V2 10000244,0,0
6634fe12330822e4e24e4ae34ad3e490,10000079,10000079,10000244,B站专线-盒子V2 10000244,0,1
66431297c1ad43baac5e6b771d5aab08,10000064,10000064,10000292,七牛CDN-虚拟业务10000292 10000292,0,1
665301c8769eb219318c57c584058278,10000088,10000088,10000244,B站专线-盒子V2 10000244,0,0
6661c1603d7cc6df50b4b516e7369e1c,1382649737,1382649737,10000304,快手严选 10000304,0,1
66673dc764b58f6b3a58f015f856ed3a,1380389889,1380389889,10000244,B站专线-盒子V2 10000244,0,0
6692333540810fdaaa4d026a57e1f9ec,10000079,10000079,10000244,B站专线-盒子V2 10000244,0,0
669dc9b738cf4224b3e28d9d656d2824,10000292,FQCDNV,1380460970,七牛CDN 1380460970,0,1
66d931133f7460c0c610f009ab48cdf9,10000183,10000183,1380460970,七牛CDN 1380460970,0,0
66eced89685f53feacd9867807915874,10000064,10000064,10000244,B站专线-盒子V2 10000244,0,0
671752885e02d2f194ff7172b2700f7e,10000079,10000079,10000244,B站专线-盒子V2 10000244,0,1
672b6ef791eebebf6986cf3ac6b9c3b3,10000064,10000064,10000244,B站专线-盒子V2 10000244,0,0
67669db41a9dcda1e5cc6d0ea4564bf1,10000244,10000244,10000244,B站专线-盒子V2 10000244,1,1
67672334bca961418ee7bcbd621cfdd9,10000069,10000069,10000244,B站专线-盒子V2 10000244,0,0
67949fb584a155a167e6c24e29cd7534,10000294,10000294,1382680008,字节CDN专线 1382680008,0,0
679d2cbed599452ba3348dd7b8bd5c3b,10000064,10000064,10000292,七牛CDN-虚拟业务10000292 10000292,0,1
679d74d42c5006ce6f260f95a27e3549,10000088,10000088,10000244,B站专线-盒子V2 10000244,0,0
67ad9c7645420e2f3d56233d368305a4,10000079,10000079,10000244,B站专线-盒子V2 10000244,0,1
67b41c6bee577727e37ec1f9385fd757,10000064,10000064,10000292,七牛CDN-虚拟业务10000292 10000292,0,0
67e21a140aacd58812b6f89a064ea070,10000244,10000244,10000244,B站专线-盒子V2 10000244,1,1
67e3b74271827da6da3c58b2fb18b748,10000244,10000244,10000244,B站专线-盒子V2 10000244,1,1
67ff4a64cbc5b737aaba870fd6dcde0e,10000069,10000069,10000304,快手严选 10000304,0,0
680346a5df412ac9867c87d17e264395,10000019,10000019,10000244,B站专线-盒子V2 10000244,0,0
6807569fb432b6d7d24886f3d2e3b483,10000079,10000079,10000244,B站专线-盒子V2 10000244,0,0
68161ebca090dc8bd5dad3d8b992474c,10000281,FQTZV,10000096,字节架构专线V3 10000096,0,0
6849f012562ca94d431eca43b0ce68c2,10000244,10000244,10000244,B站专线-盒子V2 10000244,1,1
687566773879f7fa6442d77511bba505,10000003,10000003,10000244,B站专线-盒子V2 10000244,0,0
68c2cc2584a243b5aed51ab41c281ac0,10000001,10000001,10000069,腾讯汇聚P2P 10000069,0,0
691e25606a078f10b9116ed80dbe2e13,10000294,10000294,1382680008,字节CDN专线 1382680008,0,0
694b527308484ac29a935ff3f69ae812,10000244,10000244,10000244,B站专线-盒子V2 10000244,1,1
696f54256ed358f3d06f16e6935cdf12,10000064,10000064,10000292,七牛CDN-虚拟业务10000292 10000292,0,1
697da514dbc1acb7083b5fe68c977eac,10000079,10000079,10000244,B站专线-盒子V2 10000244,0,1
69855151dcc61b04cdf6181b28d99eef,10000294,10000294,10000304,快手严选 10000304,0,0
69881d2556a05fdbcd14a088a56be9fb,10000244,10000244,10000244,B站专线-盒子V2 10000244,1,1
69b88dcf73ab520f03f851be835d14b7,10000281,FQTZV,1380460970,七牛CDN 1380460970,0,0
69bcfd8aa783d98309e20ac6c4071a3c,10000292,FQCDNV,1380460970,七牛CDN 1380460970,0,0
69c74c099711cc40fe47e9b36de25606,10000064,10000064,1380460970,七牛CDN 1380460970,0,0
69d93ed1bef9ccda00f02527a5902e68,10000019,10000019,10000244,B站专线-盒子V2 10000244,0,0
69dc8d9d0581358d101bd467adc7f669,10000244,10000244,10000244,B站专线-盒子V2 10000244,1,1
69e1ad8aca0d599d57017c8e6f73b3ab,10000244,10000244,10000244,B站专线-盒子V2 10000244,1,1
69e2e5ea31cdcd2550e4059c3029c766,10000244,10000244,10000244,B站专线-盒子V2 10000244,1,1
69f3df4c31fb034e09c97f37688916b9,10000244,10000244,10000244,B站专线-盒子V2 10000244,1,1
6a0c7b71bfdb4793ad9355bceeb25fda,10000244,10000244,10000244,B站专线-盒子V2 10000244,1,1
6a0f69e65872346a5dcbca285707f18a,10000281,FQTZV,10000183,B站专线-盒子 10000183,0,0
6a16efd12edb629af5c5ee9845e57662,10000079,10000079,10000244,B站专线-盒子V2 10000244,0,1
6a2107846d027e7727b81f0bf1dc28fd,10000079,10000079,10000244,B站专线-盒子V2 10000244,0,1
6a23b4be6f7f69d97967ef80d338a305,10000079,10000079,10000244,B站专线-盒子V2 10000244,0,0
6a274d932590147b6f42b75cc9e5c115,10000292,FQCDNV,10000304,快手严选 10000304,0,1
6a3439462a4f4775a8fa106e434534d8,10000281,FQTZV,10000304,快手严选 10000304,0,0
6a3e4d77854bad4f2ec99090045e019d,10000304,10000304,10000096,字节架构专线V3 10000096,0,1
6a5d05dff67fd189fbf924a0bc4857ee,10000292,FQCDNV,10000244,B站专线-盒子V2 10000244,0,1
6a6aa86c0aca18790bbb8fd8,10000321,10000321,1382680008,字节CDN专线 1382680008,0,0
6a70098d08910ccf70b89ab1,10000229,10000229,10000096,字节架构专线V3 10000096,0,0
6a71b33465cb79ddbc20c3a7,10000154,10000154,1380460970,七牛CDN 1380460970,0,0
6a720f0dc00163659dec9a79,10000147,10000147,1382680008,字节CDN专线 1382680008,0,0
6a78ac18b9a34e2592acd3007410a81f,10000079,10000079,10000244,B站专线-盒子V2 10000244,0,1
6a7af1daefd4393e16ec34d46f857cbb,10000003,10000003,10000244,B站专线-盒子V2 10000244,0,0
6a902ca42974adc59a1a074f4a3f47f5,10000244,10000244,10000244,B站专线-盒子V2 10000244,1,1
6a920919e75bb1c835a5e33cf5590993,10000304,10000304,10000096,字节架构专线V3 10000096,0,1
6ab67c69959b4686741a775ace80a448,10000292,FQCDNV,10000244,B站专线-盒子V2 10000244,0,1
6abc9cd45f9044c19d5a5862f6ec1896,10000079,10000079,10000096,字节架构专线V3 10000096,0,0
6abd843dd4cda16b29a79a49a34ca304,10000064,10000064,10000244,B站专线-盒子V2 10000244,0,0
6ac38c49dde5b8bfdb36593b9e74f427,10000064,10000064,10000292,七牛CDN-虚拟业务10000292 10000292,0,1
6af03b8af83f412d8b35edd01d34650c,10000292,FQCDNV,10000292,七牛CDN-虚拟业务10000292 10000292,1,1
6b06fa0842fb396c2728ece9ec7a55c9,10000304,10000304,10000244,B站专线-盒子V2 10000244,0,0
6b08bc82710da96cf5e5a741599b20b4,10000292,FQCDNV,10000244,B站专线-盒子V2 10000244,0,1
6b1e0346fb798463e1f55430c0af3472,10000292,FQCDNV,10000304,快手严选 10000304,0,0
6b1ecddddcec26bd20443257ee5ffb7a,10000079,10000079,10000244,B站专线-盒子V2 10000244,0,1
6b2491a949837c80909673025c34bd6a,10000088,10000088,10000191,腾讯专线-80 10000191,0,0
6b4fef442945d03ceb0e1a2309209212,10000304,10000304,10000292,七牛CDN-虚拟业务10000292 10000292,0,0
6b51f6c74f6d245d152aab187be5b2db,10000244,10000244,10000244,B站专线-盒子V2 10000244,1,1
6b6015389ce101036376ea2fb7695cde,10000019,10000019,1380460970,七牛CDN 1380460970,0,0
6b80d742c5b3108ebd13df25e1c9df8c,10000079,10000079,10000244,B站专线-盒子V2 10000244,0,1
6b92cedb4a7fa8081e7ff276f81e40a8,10000244,10000244,10000244,B站专线-盒子V2 10000244,1,1
6bb523fdd0dc1fab29067f2b88074123,10000244,10000244,10000244,B站专线-盒子V2 10000244,1,1
6bfeb12cc4e18e406a89fb334f1ad215,10000064,10000064,10000244,B站专线-盒子V2 10000244,0,0
6c32d43f630534b670640692615c7100,10000244,10000244,10000244,B站专线-盒子V2 10000244,1,1
6c3fd0d5208ead5b23b8a9b868b4c99c,10000079,10000079,10000244,B站专线-盒子V2 10000244,0,1
6c409667f30d15e4372c4c30759092de,10000123,10000123,10000244,B站专线-盒子V2 10000244,0,0
6c45752e49b95334249c1ea4e741e06a,10000183,10000183,10000034,优酷专线 10000034,0,0
6c4b138ef5cd5da7c21c4c4f5096835a,10000292,FQCDNV,10000064,百度小度 10000064,0,1
6c4e291c5aaaf860f07623b22a51b331,10000244,10000244,10000244,B站专线-盒子V2 10000244,1,1
6c592016f2f5dd29f454885b6ea59713,10000304,10000304,10000096,字节架构专线V3 10000096,0,1
6c80bb9033e9b283186bcbe18a881dd3,10000292,FQCDNV,10000244,B站专线-盒子V2 10000244,0,1
6c8b642112ca52382e8024c6a610c5b5,10000294,10000294,10000034,优酷专线 10000034,0,0
6ca7fc9f7fc0442e0426d138415af34a,10000064,10000064,10000244,B站专线-盒子V2 10000244,0,0
6caa5329be70814aaf6c089da9314d62,10000088,10000088,10000244,B站专线-盒子V2 10000244,0,1
6cadac46163f3337c708b1fe8aef76b4,10000064,10000064,10000069,腾讯汇聚P2P 10000069,0,0
6cc55decf2e0326a7a217bed8da6cd50,10000278,10000278,1380460970,七牛CDN 1380460970,0,0
6cc606f83ed33c0f05c70b48b08da8b6,10000122,10000122,10000244,B站专线-盒子V2 10000244,0,0
6d242ed7e1964e76293559db8af5ac2d,10000074,10000074,1380460970,七牛CDN 1380460970,0,0
6d2feb9ad2681c31325c251f9f4d9beb,10000079,10000079,10000096,字节架构专线V3 10000096,0,1
6d44cadba0a270f323008a497bc31050,10000244,10000244,10000244,B站专线-盒子V2 10000244,1,1
6d55f0a39ee9121974d8856ed8e28214,10000294,10000294,1380460970,七牛CDN 1380460970,0,0
6d6faf469e393ace73cab4d283704533,10000069,10000069,10000292,七牛CDN-虚拟业务10000292 10000292,0,0
6d736408a3f0682e6a2b25e6acdaa5de,10000304,10000304,10000244,B站专线-盒子V2 10000244,0,1
6d827a00bcbd8fab42a18943a2712d75,10000054,10000054,10000005,快手直播 10000005,0,0
6d8accb2523beaa6ee329277c8bd6445,10000314,10000314,10000224,字节CDN专线V4 10000224,0,0
6d90fab06ec96d2d1d290f8acc9556a5,10000123,10000123,10000244,B站专线-盒子V2 10000244,0,0
6d9b4f3b637d155382465cc4d26d79af,10000244,10000244,10000244,B站专线-盒子V2 10000244,1,1
6debc6826e1667115f3c9f3fd88e14b2,10000294,10000294,10000294,优酷汇聚晚高峰 10000294,1,1
6df50c5ef479e15308045efbc9620f97,10000123,10000123,10000244,B站专线-盒子V2 10000244,0,0
6dfe39baa12b41aabdf8c1efce92359c,10000292,FQCDNV,10000064,百度小度 10000064,0,1
6e314c60058ef7667477df741b23f908,10000079,10000079,10000304,快手严选 10000304,0,0
6e3d50f2504369eb2abbb1fab7780bed,10000079,10000079,10000304,快手严选 10000304,0,0
6e4eb45fb1ce5dff491767fcc04969d9,10000064,10000064,10000292,七牛CDN-虚拟业务10000292 10000292,0,1
6e5887ce96a506b4796d2eb6573425d0,10000244,10000244,10000244,B站专线-盒子V2 10000244,1,1
6e8ec1661862666bab377082daf10ddc,10000079,10000079,1380460970,七牛CDN 1380460970,0,0
6e923098ddc154beed3faff0322d21ca,1382680008,1382680008,10000304,快手严选 10000304,0,1
6e972fc3bfcb9969dba2286d84663163,10000292,FQCDNV,10000244,B站专线-盒子V2 10000244,0,1
6eb65e5f7e1c085b0df82e90c7ce0fe7,10000316,10000316,1382680008,字节CDN专线 1382680008,0,0
6eb9bb881de6e72fadcc036a022cfe5d,10000064,10000064,10000069,腾讯汇聚P2P 10000069,0,0
6ec85612f2a38c02ec8c9ce6f8c19862,10000079,10000079,10000244,B站专线-盒子V2 10000244,0,1
6ed14909fb72de189558b88d7d32763b,10000064,10000064,10000244,B站专线-盒子V2 10000244,0,0
6ee5172bf67dfeca7342d3af3c75204e,10000064,10000064,10000244,B站专线-盒子V2 10000244,0,0
6f3fe1df8a654c7a270ef1716a09d48e,10000294,10000294,1380460970,七牛CDN 1380460970,0,0
6f5bb9a51478e089e99e5f45f79f0540,10000281,FQTZV,1382680008,字节CDN专线 1382680008,0,0
6f7a787beff50a2e3f6e0e8df5566fe1,10000074,10000074,10000244,B站专线-盒子V2 10000244,0,1
6f893da66839ae642e896eb95d84b794,10000294,10000294,10000244,B站专线-盒子V2 10000244,0,1
6fa2e3d4adec5ed60ab484092d1f3d79,10000123,10000123,10000292,七牛CDN-虚拟业务10000292 10000292,0,0
6fbd45febd6eba72cb0bb3c3ad54b8ba,10000079,10000079,10000304,快手严选 10000304,0,0
6fc5f51a0f53597a8a76a7e3782a829c,10000244,10000244,10000244,B站专线-盒子V2 10000244,1,1
700ea55da3d9ef0f64a83bb0bcaf33e0,10000069,10000069,10000304,快手严选 10000304,0,0
7011b319fa7cf50eff94e7a35bf822dc,10000292,FQCDNV,10000064,百度小度 10000064,0,1
70359d4a05309889b0e71012abe2af51,10000019,10000019,10000244,B站专线-盒子V2 10000244,0,0
7053f42bf7fa8dfc835110a0b2e4fb0a,10000294,10000294,1380460970,七牛CDN 1380460970,0,0
7065c45a4a64c5e0ad3e90a2ea6c77e3,10000292,FQCDNV,1382680008,字节CDN专线 1382680008,0,0
70a48f0c134463c20d78a4ea52be1f98,10000064,10000064,10000244,B站专线-盒子V2 10000244,0,0
70b559e5f470ca962e563bca9ad60c31,10000064,10000064,10000292,七牛CDN-虚拟业务10000292 10000292,0,1
70b89d585db00a205b2426d2c5d90bb8,10000244,10000244,10000069,腾讯汇聚P2P 10000069,0,1
70c62ef37ddb6c79e4c3cceafc92c177,10000079,10000079,10000244,B站专线-盒子V2 10000244,0,0
70d49194ab830d720b71c26e5575ce39,10000292,FQCDNV,10000244,B站专线-盒子V2 10000244,0,1
70ec4e9530e05f5d11467921f7ab09d8,10000304,10000304,10000034,优酷专线 10000034,0,0
70ef1f9521c65ae374d8e0887639d67e,10000123,10000123,10000244,B站专线-盒子V2 10000244,0,0
70fdc1a804a24ff1284d36c47f5c5b30,10000064,10000064,10000292,七牛CDN-虚拟业务10000292 10000292,0,1
71219cb6ae2bad4bb16e84218369d573,10000244,10000244,10000244,B站专线-盒子V2 10000244,1,1
712f39309c7bc0ebdfedc47c83b97012,10000183,10000183,10000034,优酷专线 10000034,0,0
71460491e874ffaa94c83bc2c8c24a0f,10000079,10000079,10000244,B站专线-盒子V2 10000244,0,1
71496d0e17bb137a3d8e4fb9422ec8fc,10000079,10000079,10000244,B站专线-盒子V2 10000244,0,1
714b069c38e6ca5c4135e8f9074d13ab,10000069,10000069,1382680008,字节CDN专线 1382680008,0,0
71632f9dfbf303c9c31b67b5ecbc9328,10000281,FQTZV,1380460970,七牛CDN 1380460970,0,0
7186749434439c5533012a3a3e5a4f3c,10000064,10000064,10000304,快手严选 10000304,0,0
719e5f8cc0f8f855cefc360a3d87bca0,10000019,10000019,10000244,B站专线-盒子V2 10000244,0,1
71af079017508c35d6835f9c95fece3c,10000069,10000069,10000304,快手严选 10000304,0,0
71bc6809279183c5fe9611e9a35011bc,10000123,10000123,10000244,B站专线-盒子V2 10000244,0,0
71cf7c6a3ba8e93befd107b48ad4a193,10000079,10000079,1380460970,七牛CDN 1380460970,0,0
727b588ed58c6ee821d34b06d1b9646b,1382649737,1382649737,10000304,快手严选 10000304,0,1
730537a47c1e136909e6600864e0f01a,10000079,10000079,10000244,B站专线-盒子V2 10000244,0,1
732db4b4dbff463a8f60237a2899e989,10000183,10000183,10000096,字节架构专线V3 10000096,0,1
733385d167ec4a89fde6a149996250ae,10000292,FQCDNV,10000244,B站专线-盒子V2 10000244,0,0
734c5476f88fb7764ce44116cdb65a3b,10000314,10000314,1381526443,爱奇艺 1381526443,0,0
7364733e43130da83cb26168b4dab2e3,10000064,10000064,10000244,B站专线-盒子V2 10000244,0,0
736a40aa3916cda09df07f7b5acb51f3,10000079,10000079,10000244,B站专线-盒子V2 10000244,0,1
736af5dd73d5dbbd42362b3c8585a5e9,10000019,10000019,10000244,B站专线-盒子V2 10000244,0,0
738d56adfa0ef4e983d0848733e4edb4,10000019,10000019,10000244,B站专线-盒子V2 10000244,0,0
73c4ad35593bc9da82a7172187d7ac31,10000074,10000074,10000244,B站专线-盒子V2 10000244,0,0
73e4045549e8d13b21f8d65605e03ef2,10000292,FQCDNV,10000074,腾讯直连独立 10000074,0,0
73f489c68dc5b953165b6b13a908064d,1382490022,1382490022,10000069,腾讯汇聚P2P 10000069,0,0
73fa098705ded7339299bdbb59dc2e07,10000244,10000244,10000244,B站专线-盒子V2 10000244,1,1
7422a309259dc47f4ba32c0a3ff0519b,1381526443,1381526443,10000244,B站专线-盒子V2 10000244,0,1
7446cdea5c93831540dd70df1a9e8cb5,10000244,10000244,10000244,B站专线-盒子V2 10000244,1,1
744bbb1d285601e251c68f931a599248,10000292,FQCDNV,10000244,B站专线-盒子V2 10000244,0,0
74721fbf69b3a7f22bd0ffab43c7645c,10000069,10000069,10000079,字节架构汇聚V2 10000079,0,0
747ad69f09dd5f540cacf65fda8dcd44,10000244,10000244,10000069,腾讯汇聚P2P 10000069,0,1
748757487fd7cc24ffbb8758e8400573,10000088,10000088,1380460970,七牛CDN 1380460970,0,1
74880d2831fd03e5fca24cf998af91bc,10000019,10000019,10000304,快手严选 10000304,0,0
74ac0ecd3e0d41bfd2cab8deac8a4f67,10000175,10000175,1381526443,爱奇艺 1381526443,0,0
74beda1b154e19d8d4683f5e09fd1212,10000292,FQCDNV,10000244,B站专线-盒子V2 10000244,0,1
74d37318654dd37bd602e3caef51c931,10000244,10000244,10000244,B站专线-盒子V2 10000244,1,1
74d42a8b8590e77ebdb0abb52d94535c,10000244,10000244,10000244,B站专线-盒子V2 10000244,1,1
74db5dedba42cb0507be1354ab8b125f,10000064,10000064,10000244,B站专线-盒子V2 10000244,0,1
74dd8570a54a671edcbd28a81381feaa,10000064,10000064,10000292,七牛CDN-虚拟业务10000292 10000292,0,1
74efe5c9c7c278fcf7b863fb22bf68d7,1382649737,1382649737,10000304,快手严选 10000304,0,1
75153ee74ddf4fb39b2675ea9ca464de,10000074,10000074,10000244,B站专线-盒子V2 10000244,0,1
75384129ae932e1cd4719b062d98d3d2,10000292,FQCDNV,10000244,B站专线-盒子V2 10000244,0,1
754838fdd573667bfd2cedddb212ff27,10000079,10000079,10000244,B站专线-盒子V2 10000244,0,0
7558c9ef17b7970e026aacc53bc6bb39,10000292,FQCDNV,10000244,B站专线-盒子V2 10000244,0,1
7568b87fe81c73c0d66c90fb2c659e52,10000003,10000003,10000244,B站专线-盒子V2 10000244,0,0
756ecdcc3d6ea8824c024a48dfc54dc5,10000244,10000244,10000244,B站专线-盒子V2 10000244,1,1
758a7d0a4f37b77dc12b9a27c669006a,10000037,10000037,1380460970,七牛CDN 1380460970,0,1
7591b72ce800147e14f84c73c069d05d,10000079,10000079,10000304,快手严选 10000304,0,0
75964e28f4c986ef8f0926fbe2beb0c2,10000123,10000123,10000244,B站专线-盒子V2 10000244,0,0
75aafa00177a4b458e09d2f1c67d1886,10000244,10000244,10000244,B站专线-盒子V2 10000244,1,1
75c00aea5d5fbdbc4664cf08c1ce4a53,10000292,FQCDNV,10000244,B站专线-盒子V2 10000244,0,1
75c5623eecd404c261d3796709b51c0d,10000064,10000064,10000244,B站专线-盒子V2 10000244,0,0
75c5e0eced30bfd205957c05ba883611,10000064,10000064,10000244,B站专线-盒子V2 10000244,0,0
75dd612a0362ae9680bd393c47fa84a4,10000064,10000064,10000244,B站专线-盒子V2 10000244,0,0
75dde202de96ee130ada3dd01d5e7c98,10000123,10000123,10000244,B站专线-盒子V2 10000244,0,0
7600a65a18b6c07d8aea4272b1316bad,10000292,FQCDNV,10000244,B站专线-盒子V2 10000244,0,0
76026d07f2598e66e8ed8fb48607966c,10000191,10000191,1382680008,字节CDN专线 1382680008,0,1
76127a66913a86c27dfd2b90ad787a70,10000079,10000079,10000244,B站专线-盒子V2 10000244,0,1
76229342854e65dff78a4cb8d2116671,10000064,10000064,10000244,B站专线-盒子V2 10000244,0,0
76320c2d96fefed668a067a7e40dcedc,10000064,10000064,10000244,B站专线-盒子V2 10000244,0,0
763306a237ef6a0399931af89d3fe18b,10000064,10000064,10000244,B站专线-盒子V2 10000244,0,0
76340440501aa2fafb0f308bfb18f23a,10000294,10000294,1382680008,字节CDN专线 1382680008,0,0
7648cda26c682973b74c7f7c01045974,10000079,10000079,10000096,字节架构专线V3 10000096,0,0
7651199cbb5f615cfa40c042a4119207,10000064,10000064,1380460970,七牛CDN 1380460970,0,0
766796ebc3d0143497a49436400dae3f,10000079,10000079,10000304,快手严选 10000304,0,0
76ab79e6900cc5c772c9df34f0591e00,10000183,10000183,1380460970,七牛CDN 1380460970,0,0
76abb645c90cc4b59f69e9203358dd75,10000079,10000079,10000079,字节架构汇聚V2 10000079,1,1
76b1b0cdb44ab3e82e1011fada60a550,10000109,10000109,1381526443,爱奇艺 1381526443,0,0
76b2420d76ebb7377a8b8a1fd4cce1cd,10000079,10000079,10000244,B站专线-盒子V2 10000244,0,1
76c8c44bbba46e556d025850c9a6a41d,10000314,10000314,1380460970,七牛CDN 1380460970,0,0
76cd4c38de7e7b6a83f4bf1f1af09647,10000292,FQCDNV,10000244,B站专线-盒子V2 10000244,0,1
76cf07b7220d97daf2ef92c5314f31ba,10000294,10000294,10000244,B站专线-盒子V2 10000244,0,1
76d2ebcbf546e2b852b0d0af40cb4ffa,10000292,FQCDNV,10000244,B站专线-盒子V2 10000244,0,1
77251a5ac857ddfd2d813c1f8b8a0142,10000079,10000079,10000244,B站专线-盒子V2 10000244,0,1
772b06e84eb94a054e948d65f49436c8,10000079,10000079,10000244,B站专线-盒子V2 10000244,0,1
774210f516a26c387032fe7c4d9b2db8,10000079,10000079,10000244,B站专线-盒子V2 10000244,0,0
7746df30702ea841dca93b2e75844aac,10000079,10000079,10000244,B站专线-盒子V2 10000244,0,1
774b2e779331586b0dad5900db2a45b6,10000079,10000079,1380460970,七牛CDN 1380460970,0,0
7759f92965ffc03114eac6f726b9dcf0,10000064,10000064,10000244,B站专线-盒子V2 10000244,0,0
77861cbbbbb3326ce017abf535906975,10000088,10000088,10000244,B站专线-盒子V2 10000244,0,0
7787973f1f0d41808a45a1e3197efdf5,10000064,10000064,10000292,七牛CDN-虚拟业务10000292 10000292,0,1
77b506c80299fb4304a67f5b9cb4f40d,10000079,10000079,1380460970,七牛CDN 1380460970,0,0
77c0a9e6c2430a43593266d93492bd21,10000294,10000294,1382680008,字节CDN专线 1382680008,0,0
77c596d2c179a001325d2ddb6b006745,10000064,10000064,10000244,B站专线-盒子V2 10000244,0,0
77f8b1cf5f6f5c82c9e11f124d9c6703,10000079,10000079,10000244,B站专线-盒子V2 10000244,0,1
78037f19f0eabdde1308cc455aba339d,10000244,10000244,10000244,B站专线-盒子V2 10000244,1,1
7816dff718303363def18e15b75f1c5b,10000292,FQCDNV,10000244,B站专线-盒子V2 10000244,0,1
781c71841e6d7911556419697600ec59,10000304,10000304,1382680008,字节CDN专线 1382680008,0,1
784d7913a45f924a034021e7c3e7cc93,10000244,10000244,10000244,B站专线-盒子V2 10000244,1,1
7860c6448e71b8710a9cc87f14f1b275,1380389889,1380389889,10000244,B站专线-盒子V2 10000244,0,0
78621cdd2edcc86378a7337a379d15e2,10000244,10000244,10000244,B站专线-盒子V2 10000244,1,1
786d5afff89e37e3adefeaa2e2faaa86,10000123,10000123,10000244,B站专线-盒子V2 10000244,0,0
78816d9d42c8996dba5ac0451773db6a,10000064,10000064,10000244,B站专线-盒子V2 10000244,0,0
7888f9331fba1334c3426a442babc1e4,10000079,10000079,1382680008,字节CDN专线 1382680008,0,0
789e61b758cd794bbde45b73c38be6e1,10000294,10000294,10000244,B站专线-盒子V2 10000244,0,0
78ba8e469ca62aa195b22125017039b5,10000325,10000325,1380460970,七牛CDN 1380460970,0,0
78c3cedcd4b560a61fdb9786a8bc805a,10000292,FQCDNV,10000304,快手严选 10000304,0,1
78c3f2acc307909bd5edca098a5b1015,10000064,10000064,10000244,B站专线-盒子V2 10000244,0,0
78e390c6da871da647bb05be99e3a7fd,10000000,10000000,10000224,字节CDN专线V4 10000224,0,0
78ec46fee88a6d2660a3e194dcc8a3b1,10000079,10000079,10000244,B站专线-盒子V2 10000244,0,0
7932957e0729374d4e45d4ba39fb63ec,10000079,10000079,10000244,B站专线-盒子V2 10000244,0,1
794930a7d2c5090037d3d2d78198c5d5,10000064,10000064,10000244,B站专线-盒子V2 10000244,0,1
795b47e75d0a33783a7b707616324547,1382680008,1382680008,10000034,优酷专线 10000034,0,1
7971fdbf650f8691876679cfcba85917,10000244,10000244,10000244,B站专线-盒子V2 10000244,1,1
79878e626e5f9c6dc683abf11381a137,10000244,10000244,10000244,B站专线-盒子V2 10000244,1,1
79a245ee135fe79d287093f109448cbc,10000224,10000224,10000183,B站专线-盒子 10000183,0,1
79f79630f596cd5f8118e7abe2d1adbc,10000088,10000088,10000244,B站专线-盒子V2 10000244,0,0
79f8ec725c1a13485606d82d2d4f54a2,10000244,10000244,10000244,B站专线-盒子V2 10000244,1,1
79fcc163d5694c08c570e36d14c9b15f,10000064,10000064,10000244,B站专线-盒子V2 10000244,0,0
7a0666a814434589b865b61b8d2237df,10000064,10000064,10000244,B站专线-盒子V2 10000244,0,0
7a0d304d588a6b8650f4cedd1c2bd581,10000069,10000069,10000014,百度XCDN专线 10000014,0,0
7a15a004a7f55f907b5053f4a5af4e9c,10000123,10000123,10000292,七牛CDN-虚拟业务10000292 10000292,0,0
7a1bb044d01b41cde3018107789fd100,10000244,10000244,10000244,B站专线-盒子V2 10000244,1,1
7a1effceaf3f8f789a47eb9d75f54735,10000079,10000079,10000244,B站专线-盒子V2 10000244,0,1
7a20d09e6f1b790de9a6934e3a8e59aa,10000074,10000074,10000244,B站专线-盒子V2 10000244,0,0
7a34f416d8ffb4256e07b6ce5888d02d,10000079,10000079,10000244,B站专线-盒子V2 10000244,0,1
7a44f0fc1bb6e2f4e81c2d8f6996ac7c,10000304,10000304,10000096,字节架构专线V3 10000096,0,1
7a45d68f0f32fcdfaef51027bf68c687,10000244,10000244,10000244,B站专线-盒子V2 10000244,1,1
7a4ebec1e42c99dc6d5e48e412d49968,10000123,10000123,10000292,七牛CDN-虚拟业务10000292 10000292,0,1
7a62c4a1761044ad0eeb33135b0d2cfc,10000292,FQCDNV,10000244,B站专线-盒子V2 10000244,0,1
7a6ee21ec4a4e05c18346893f3b170ce,10000079,10000079,10000244,B站专线-盒子V2 10000244,0,1
7a82b4847ee67eb61d6db1ead1fb6344,10000079,10000079,10000244,B站专线-盒子V2 10000244,0,0
7a8a66b85d4680cfdda8a8f217bdf334,10000244,10000244,10000244,B站专线-盒子V2 10000244,1,1
7a8c3772f50c34e6c09b40bec3d4fb39,10000281,FQTZV,10000034,优酷专线 10000034,0,0
7aa14dfac9c46306f6284a5857abfeb1,10000304,10000304,10000244,B站专线-盒子V2 10000244,0,0
7aeacc6e4c5b3c2d2729ccc1e8db6c0a,10000244,10000244,10000244,B站专线-盒子V2 10000244,1,1
7b16ef7254bcb0f93b6ebd88538b71da,1380389889,1380389889,10000244,B站专线-盒子V2 10000244,0,0
7b1933e5e2dc0e9a8e3328eac551679e,10000244,10000244,10000244,B站专线-盒子V2 10000244,1,1
7b246a455a388fed853b8cd68489b358,10000294,10000294,10000304,快手严选 10000304,0,0
7b260b6e525f4ecbf5b091fa9274c6b3,10000079,10000079,10000183,B站专线-盒子 10000183,0,0
7b4a68ef95f5a26422c57bb3e58e8bfc,10000244,10000244,10000244,B站专线-盒子V2 10000244,1,1
7b52eb84d25ce0f922c6631e559d0dfe,10000123,10000123,10000064,百度小度 10000064,0,0
7b5ea6f8af2639ac1e05736b8bca75ee,10000019,10000019,10000244,B站专线-盒子V2 10000244,0,0
7b61b301b87146ae25fc9943b4b5225a,10000000,10000000,10000244,B站专线-盒子V2 10000244,0,0
7b806c360ed7d73dbe3641482373b2a8,10000304,10000304,10000096,字节架构专线V3 10000096,0,1
7b83a39160c0f851c10bdfabb51412cc,10000064,10000064,10000244,B站专线-盒子V2 10000244,0,0
7b86fad9dc8ded49c32d7cffab63fb30,10000292,FQCDNV,10000244,B站专线-盒子V2 10000244,0,1
7b8cab13fb8f1cdd599585279d560654,10000064,10000064,10000244,B站专线-盒子V2 10000244,0,0
7b9ace53a93a4696e3aefcf98c3adc59,10000244,10000244,10000244,B站专线-盒子V2 10000244,1,1
7baa22c1695b90042873300cdb273944,10000088,10000088,10000244,B站专线-盒子V2 10000244,0,0
7bbc796f5841883e0e21d36e696f7db5,10000074,10000074,10000244,B站专线-盒子V2 10000244,0,1
7be8fa9d73e97a7d22c3d41bf10f4a1d,10000064,10000064,10000292,七牛CDN-虚拟业务10000292 10000292,0,1
7be999baebbdc4f2493af42b4f47357e,1381526443,1381526443,10000244,B站专线-盒子V2 10000244,0,0
7c2080f200e133bc142121bd656cc899,10000294,10000294,10000244,B站专线-盒子V2 10000244,0,0
7c4e2f7d956cb2b98c65292cc0fe6d9b,10000123,10000123,10000244,B站专线-盒子V2 10000244,0,0
7c5817f1c71ede2d65c7278cfbe4b9a2,10000123,10000123,10000244,B站专线-盒子V2 10000244,0,0
7c70b77cef35271e56bc3f69cea91730,10000292,FQCDNV,10000064,百度小度 10000064,0,1
7c756c34349b31df4c9f9a7623f1f0c4,10000069,10000069,10000292,七牛CDN-虚拟业务10000292 10000292,0,0
7c830616beee73e6efe44e9b3527d896,10000079,10000079,10000244,B站专线-盒子V2 10000244,0,1
7c8d14fb4426225182b4fad6b3001ea6,10000244,10000244,10000244,B站专线-盒子V2 10000244,1,1
7c95e950a292d98361eab29daae0266c,10000244,10000244,10000244,B站专线-盒子V2 10000244,1,1
7c9a827da446d2031fb3129e9395064d,10000244,10000244,10000244,B站专线-盒子V2 10000244,1,1
7c9db351cdb4b372340cdd121493d067,10000278,10000278,10000244,B站专线-盒子V2 10000244,0,0
7ca74fd3ac38172453195e3749084b64,10000294,10000294,10000244,B站专线-盒子V2 10000244,0,1
7caac5d03a267bbe5825e79ceea1c6c1,10000281,FQTZV,10000034,优酷专线 10000034,0,0
7cd440c0c6df1640bf7a06f68d1eca2b,10000079,10000079,1380460970,七牛CDN 1380460970,0,0
7ce60063d0af78fb90e2e3e24a2da7f1,10000064,10000064,10000292,七牛CDN-虚拟业务10000292 10000292,0,1
7ce7e38fd7f367f8819d14c9c3c73518,10000123,10000123,10000244,B站专线-盒子V2 10000244,0,0
7d1683904e0ae1148ddebd4cc7cd4a1e,10000244,10000244,10000244,B站专线-盒子V2 10000244,1,1
7d277c7cf0d49bfb703e5125969e9869,10000064,10000064,10000244,B站专线-盒子V2 10000244,0,0
7d31dc1f19cf0b4771b6560654fa1342,10000244,10000244,10000244,B站专线-盒子V2 10000244,1,1
7d5b17df8a1413bd06126f6d70f96e97,10000079,10000079,1382680008,字节CDN专线 1382680008,0,0
7d69cd2e1917af7ca956f6cf38742a05,10000224,10000224,10000183,B站专线-盒子 10000183,0,1
7d794bf696f992f2e69e8309a60f5ff3,10000244,10000244,10000244,B站专线-盒子V2 10000244,1,1
7d9219c142129a836b8c308c0c6de74c,10000079,10000079,10000244,B站专线-盒子V2 10000244,0,1
7dbc5d0d804cd18490a07b145a230929,10000244,10000244,10000244,B站专线-盒子V2 10000244,1,1
7dca7ad2f1fd14047d4f68172f2ce7ef,10000292,FQCDNV,10000244,B站专线-盒子V2 10000244,0,1
7dcfd6410e9692378da938d2f296a987,10000292,FQCDNV,10000244,B站专线-盒子V2 10000244,0,1
7dd32f4099f03c902a2445fbed549d53,10000244,10000244,1380317970,快手点播 1380317970,0,1
7dddcb9fbd7d3465c11ce7f536b76407,10000019,10000019,10000244,B站专线-盒子V2 10000244,0,0
7e0d396fbf53a8121008287701ce3798,10000074,10000074,10000244,B站专线-盒子V2 10000244,0,0
7e19c8e4c1b99640efddaee6b2d78283,10000019,10000019,10000244,B站专线-盒子V2 10000244,0,0
7e1da3541fb43342cf0d22d640faa6d6,10000294,10000294,10000244,B站专线-盒子V2 10000244,0,0
7e1e300236db6f3baf8bebe11b10ee51,10000064,10000064,10000244,B站专线-盒子V2 10000244,0,0
7e530bac64c97c0265e92e2f955b7aa9,10000278,10000278,10000005,快手直播 10000005,0,0
7e578896dc5eb892a27fc10a10679e1e,10000079,10000079,10000244,B站专线-盒子V2 10000244,0,1
7e64b6adfae844f6bf8b544b54fb6714,10000074,10000074,10000244,B站专线-盒子V2 10000244,0,1
7e706f6a74024fe574d146121f4b60e6,10000244,10000244,10000244,B站专线-盒子V2 10000244,1,1
7e7b4ccc9818f68481ceab073637a0a0,10000079,10000079,1380460970,七牛CDN 1380460970,0,0
7e82ed0d75b08a71e2497e15ed60bf70,10000079,10000079,10000244,B站专线-盒子V2 10000244,0,1
7e8c8d2deef621c774577ddebb3c0f7c,10000123,10000123,10000244,B站专线-盒子V2 10000244,0,0
7e94ffa3323c59b0ce49f25d3904c20b,10000292,FQCDNV,10000244,B站专线-盒子V2 10000244,0,1
7eb272ce8ac7e4b7ec64dd4bdbac9dfb,10000292,FQCDNV,10000244,B站专线-盒子V2 10000244,0,1
7eb641e04781b31996b6b5272504e32c,10000292,FQCDNV,10000244,B站专线-盒子V2 10000244,0,1
7ec2674338a7db9c410a612f48b65ab3,10000079,10000079,10000244,B站专线-盒子V2 10000244,0,1
7eccac040fd11dc21b781d3a79c6b476,10000294,10000294,1380460970,七牛CDN 1380460970,0,0
7ecd9401fc8002393aba4efe2461f2d2,10000079,10000079,10000244,B站专线-盒子V2 10000244,0,1
7ecf6c05d4e61333a33cf9a037abd8b7,10000244,10000244,10000244,B站专线-盒子V2 10000244,1,1
7ef33efa45ea4629857ac075882ace30,10000244,10000244,10000244,B站专线-盒子V2 10000244,1,1
7f0ea77ed799f9a5b01baa09f74a0c85,10000079,10000079,10000244,B站专线-盒子V2 10000244,0,1
7f0ebbcaf5114cc92b6e232cc76573f5,10000079,10000079,10000244,B站专线-盒子V2 10000244,0,1
7f2c5cb2baf8381e7e06b08e25b32c20,10000019,10000019,10000244,B站专线-盒子V2 10000244,0,0
7f30b29327b96d131fd15c42bcbcbc94,10000123,10000123,10000244,B站专线-盒子V2 10000244,0,0
7f33196589cdea0d28fb4c1c32d8faef,10000244,10000244,10000244,B站专线-盒子V2 10000244,1,1
7f659e253928033f95e1a8576dcc3749,10000079,10000079,10000244,B站专线-盒子V2 10000244,0,1
7f675164f813519a0eda9ad60a3ed94a,10000123,10000123,10000292,七牛CDN-虚拟业务10000292 10000292,0,0
7f70c3ad2b028e2c54059782e99867a6,10000244,10000244,10000244,B站专线-盒子V2 10000244,1,1
7fae067118b957f2c38dd2ce16020848,10000292,FQCDNV,10000292,七牛CDN-虚拟业务10000292 10000292,1,1
7fb87be60128dc3a1a67ba894de81ea6,10000064,10000064,10000244,B站专线-盒子V2 10000244,0,0
7fe3f7c0bfda7d0a86f3e699fd9b84c5,10000123,10000123,10000244,B站专线-盒子V2 10000244,0,0
7fe40a3c5ca87f5dc3d6e9dc8e241908,10000244,10000244,10000244,B站专线-盒子V2 10000244,1,1
7ff733ac2ab716be9ab8a60f4bcdc6ad,10000064,10000064,10000292,七牛CDN-虚拟业务10000292 10000292,0,1
7ff9a1c7c29c8d3437f440619636c817,10000064,10000064,10000244,B站专线-盒子V2 10000244,0,0
7ffbc6860205d792ea728d1d6fb1f574,10000019,10000019,10000244,B站专线-盒子V2 10000244,0,0
8027fddee532f76add8c097089ce07e6,10000304,10000304,10000304,快手严选 10000304,1,1
804026c932ef41ced7e73cd8840cedf1,10000244,10000244,10000244,B站专线-盒子V2 10000244,1,1
806ca08d98c7f2085400558857ac8749,10000304,10000304,1382680008,字节CDN专线 1382680008,0,1
807b4f0d73d5593226378414c616fd81,10000064,10000064,10000244,B站专线-盒子V2 10000244,0,0
80a4a8026a8219c3a807dc027f2445c5,10000325,10000325,1382680008,字节CDN专线 1382680008,0,0
80af7b6fca4495f804d4101a28a7dbc7,10000300,10000300,10000292,七牛CDN-虚拟业务10000292 10000292,0,0
80bf187e223745e5fbd607086dd99b45,10000069,10000069,10000079,字节架构汇聚V2 10000079,0,0
80c15964f22ede3cac78443387ac5e5d,10000123,10000123,10000244,B站专线-盒子V2 10000244,0,0
80d10124cf647c996d41b8f538e3726e,10000244,10000244,10000244,B站专线-盒子V2 10000244,1,1
80ff53503b2d586d6567933eddfe5978,10000292,FQCDNV,10000244,B站专线-盒子V2 10000244,0,1
810822f8c87a8e0cc8fe0274e6fd6753,10000282,FQCDNV,10000244,B站专线-盒子V2 10000244,0,1
810962816859756ae4a724de558531df,10000304,10000304,10000244,B站专线-盒子V2 10000244,0,1
81207beaafe4f6ad8dccf9a571386202,10000123,10000123,10000244,B站专线-盒子V2 10000244,0,0
812311320ec9dde1cf2104848bafe137,10000079,10000079,10000244,B站专线-盒子V2 10000244,0,1
812571b8c587a5b2dcff6615e502bceb,10000079,10000079,10000304,快手严选 10000304,0,0
8128ad52c7c1572b35655e9790853beb,10000244,10000244,10000244,B站专线-盒子V2 10000244,1,1
8134791e46a8aec4cd4a2b205b7766f9,10000064,10000064,10000244,B站专线-盒子V2 10000244,0,0
81497c783bb15df6ac13bb2234404595,10000244,10000244,10000244,B站专线-盒子V2 10000244,1,1
814a2fe55010d86b35d061fe20b417d7,10000304,10000304,10000292,七牛CDN-虚拟业务10000292 10000292,0,0
8150e543dfb8de33988b3a8fe9ddada8,10000123,10000123,10000244,B站专线-盒子V2 10000244,0,0
815d9db79326e320a67b2ef1fee05abf,1380389889,1380389889,10000244,B站专线-盒子V2 10000244,0,0
8191d4955cec3f599ac8767e8e49e31d,10000064,10000064,10000069,腾讯汇聚P2P 10000069,0,0
81b9d273d88218489c94de8bc35ba604,10000064,10000064,10000292,七牛CDN-虚拟业务10000292 10000292,0,1
81bf05aaa13011e1cf382b74f85de78b,10000244,10000244,10000244,B站专线-盒子V2 10000244,1,1
81d5a218b14364b6b2251c79ac364dc2,10000292,FQCDNV,10000244,B站专线-盒子V2 10000244,0,1
81dd82d73b9430fc9af777145fbc155c,10000079,10000079,10000244,B站专线-盒子V2 10000244,0,1
81eb7b1c6881abd6649baf900eb092c1,10000079,10000079,10000079,字节架构汇聚V2 10000079,1,1
823943cd0c392d682ab33609729ad3f2,10000019,10000019,10000244,B站专线-盒子V2 10000244,0,0
824319dbb5810a4f843b5618b346eb29,10000064,10000064,10000304,快手严选 10000304,0,0
8245714bc5d9c8e4e38e80656d43897a,10000064,10000064,10000244,B站专线-盒子V2 10000244,0,0
826bd13fe124661c92746a42fe2ba510,10000244,10000244,10000244,B站专线-盒子V2 10000244,1,1
827061bcd760d75c2958aceb53bf380b,10000244,10000244,10000244,B站专线-盒子V2 10000244,1,1
8299bbcbfdbb9f814afe3ea2ae024192,10000244,10000244,10000244,B站专线-盒子V2 10000244,1,1
82bf1fa9dfbaf26fdba83bbdef933062,10000244,10000244,10000244,B站专线-盒子V2 10000244,1,1
82c62c35f57456ed4c7d7e8c1f571442,10000064,10000064,10000244,B站专线-盒子V2 10000244,0,0
82cb8e48cdd5aebe6b3b4a0e0fcae26a,1382680008,1382680008,10000191,腾讯专线-80 10000191,0,0
82d505d0b7c14190bf9a0b7b77891f01,10000064,10000064,10000292,七牛CDN-虚拟业务10000292 10000292,0,1
830e155eacccb970aaf41c0de79c5c8b,10000079,10000079,10000304,快手严选 10000304,0,0
8313773bce9f3be0d0e27969ac4f5bb7,10000244,10000244,10000244,B站专线-盒子V2 10000244,1,1
8322e359a52345fe80f430467e140869,10000064,10000064,10000244,B站专线-盒子V2 10000244,0,0
832d16e4cc966eddabbb460a77f48acd,1380389889,1380389889,10000244,B站专线-盒子V2 10000244,0,0
833c16e9d80c0f6c14121c67eb6e8ba9,10000074,10000074,10000244,B站专线-盒子V2 10000244,0,0
8356e86fa09d730815efee2c50a9e7ca,10000244,10000244,10000244,B站专线-盒子V2 10000244,1,1
836651a95f9912f511ae3a5dd8758a0e,10000244,10000244,10000244,B站专线-盒子V2 10000244,1,1
836e63093e9bd894f1aea0fea07da495,10000064,10000064,10000064,百度小度 10000064,1,1
8371808c0953aa11ed0b457d0b44ef03,1382649737,1382649737,1382680008,字节CDN专线 1382680008,0,0
837f543ef3d21f7ebadda12eecfc7e89,10000244,10000244,10000244,B站专线-盒子V2 10000244,1,1
83a632d29028d5ee105d2792471e228d,10000244,10000244,10000244,B站专线-盒子V2 10000244,1,1
83d0291e88e177e8d68ae30ef1ae88a1,10000292,FQCDNV,10000244,B站专线-盒子V2 10000244,0,1
83e06879adfabfa4da46ababb56e818a,10000292,FQCDNV,10000292,七牛CDN-虚拟业务10000292 10000292,1,1
83f02442287f374ae641a4f5f0df68e0,10000064,10000064,10000064,百度小度 10000064,1,1
83f2cec3f45b3042eb8c23bfee017854,10000069,10000069,10000292,七牛CDN-虚拟业务10000292 10000292,0,0
841a3f2abd23ec72b56a198b7975e479,10000244,10000244,10000244,B站专线-盒子V2 10000244,1,1
8437445b52787c2837e6caa21bc9ca7c,10000281,FQTZV,1380460970,七牛CDN 1380460970,0,0
846669aedae37665aea3c0b5917910b3,10000079,10000079,10000244,B站专线-盒子V2 10000244,0,1
846bf79a017da5c8fc175c10b6c141ec,10000292,FQCDNV,10000244,B站专线-盒子V2 10000244,0,1
84748fa863fed218af0e06e0f15c54e3,10000069,10000069,1380460970,七牛CDN 1380460970,0,0
847981ccdb163ddc1275df3e864b2959,10000079,10000079,10000244,B站专线-盒子V2 10000244,0,1
847d21c6d8b1c9ec742b236ea6f6a297,10000064,10000064,10000244,B站专线-盒子V2 10000244,0,0
848969d4b2939f1bfc1da41b1b68b493,10000244,10000244,10000244,B站专线-盒子V2 10000244,1,1
849ff63cfaba7b8706f7d1ebe582d961,10000064,10000064,10000244,B站专线-盒子V2 10000244,0,0
84aa346cc908eaafaeb35b791ab661c1,10000292,FQCDNV,10000244,B站专线-盒子V2 10000244,0,1
84b2efc68f62ba4457e9000d23875761,10000122,10000122,10000079,字节架构汇聚V2 10000079,0,0
84c6a3d8d4f7cfb51f012909178741a0,10000292,FQCDNV,10000292,七牛CDN-虚拟业务10000292 10000292,1,1
84dbd9139f8a0a48b569dad0f477db79,10000064,10000064,10000244,B站专线-盒子V2 10000244,0,0
84eaa32cd4569cedf1e78c7e6fe873eb,10000292,FQCDNV,10000244,B站专线-盒子V2 10000244,0,1
850be873525a344470b132eeacdde878,10000064,10000064,10000292,七牛CDN-虚拟业务10000292 10000292,0,1
85352ae416d262e4cde6d0a672b9ac13,10000069,10000069,10000292,七牛CDN-虚拟业务10000292 10000292,0,0
85475ea51e190f81bdb8830f9f14b99c,10000304,10000304,10000096,字节架构专线V3 10000096,0,1
8549395bf61240eabfe745d4afdba104,10000292,FQCDNV,10000064,百度小度 10000064,0,1
85501daa04ad37822d7f9c3fc666b4db,10000079,10000079,1380460970,七牛CDN 1380460970,0,0
855ef98c019a210d48db8af333cb3607,10000064,10000064,10000244,B站专线-盒子V2 10000244,0,0
857e63156426df2a61252054baac6ed5,10000088,10000088,10000244,B站专线-盒子V2 10000244,0,0
85a7ade8eae8328cb92ce4ec0c2094cc,10000088,10000088,10000191,腾讯专线-80 10000191,0,0
85cec1eeb31a1674de4f75f7e5e4ae07,1382649737,1382649737,10000096,字节架构专线V3 10000096,0,0
85cf55d11f970c3f800cc17a9f98be66,10000001,10000001,10000244,B站专线-盒子V2 10000244,0,0
85dae7ffb231a82a28480f926b24c177,10000003,10000003,10000244,B站专线-盒子V2 10000244,0,0
85dcc2925453e4d910f5484f2c7ff5cb,10000079,10000079,10000096,字节架构专线V3 10000096,0,0
85ea3848fcfdbb060d965d32a5ae9000,10000292,FQCDNV,10000244,B站专线-盒子V2 10000244,0,1
85ec273f51b669df980c58c1aef59f1c,10000123,10000123,10000244,B站专线-盒子V2 10000244,0,0
861cbadd31a514573e73012f50e4fa73,10000123,10000123,10000292,七牛CDN-虚拟业务10000292 10000292,0,0
862530353accee37feb83433d03bcce6,10000088,10000088,10000244,B站专线-盒子V2 10000244,0,0
863aac922914bd4d093980f8e0766f49,10000244,10000244,10000244,B站专线-盒子V2 10000244,1,1
86458a4c0c18470785eb92a087218e46,10000003,10000003,10000244,B站专线-盒子V2 10000244,0,0
86499ebdc25a714ffa0acbe763717e6a,10000244,10000244,10000244,B站专线-盒子V2 10000244,1,1
864de0c2d8fcbc4b9f3a42593b764c2a,10000079,10000079,10000244,B站专线-盒子V2 10000244,0,1
8654cd49cf7a1cc8a58f77c60a98e0d6,10000304,10000304,10000244,B站专线-盒子V2 10000244,0,0
86727c28c8ac64b4763ef4bd0ed30d30,10000019,10000019,10000244,B站专线-盒子V2 10000244,0,0
868cd5e5090315bb1e4bbfd957808e0e,10000224,10000224,10000183,B站专线-盒子 10000183,0,1
868f1174380bc658da2bb58cd2ccdf7f,10000079,10000079,10000244,B站专线-盒子V2 10000244,0,1
869ebd5bd4fa2091783260337add43ca,10000244,10000244,10000244,B站专线-盒子V2 10000244,1,1
86ac34558670427d2eeef8216016a9a3,10000304,10000304,10000304,快手严选 10000304,1,1
86ba8ec4b820f9ccb1f24acbc633b680,10000064,10000064,10000244,B站专线-盒子V2 10000244,0,0
86be20bdd58ffe2a5b0fad9a8ee44701,10000088,10000088,10000191,腾讯专线-80 10000191,0,0
86c2ab326306c9cd2e1478b50ab76306,10000079,10000079,1380460970,七牛CDN 1380460970,0,0
86cb758cd4a94d0d369e5ec6a5a741e6,10000123,10000123,10000244,B站专线-盒子V2 10000244,0,0
86d02560d60be329f5d19c96d292c487,10000281,FQTZV,10000304,快手严选 10000304,0,0
86facdc53f16ed5075ee09cda659e8bc,10000069,10000069,10000096,字节架构专线V3 10000096,0,0
8754e4ec3317118850524d2c2a7a6e0a,10000244,10000244,10000244,B站专线-盒子V2 10000244,1,1
8755deb51056efaef11acdcf035d7d97,10000244,10000244,10000244,B站专线-盒子V2 10000244,1,1
876e3546b8d181a1fa7d6ac5cef0390f,10000122,10000122,10000292,七牛CDN-虚拟业务10000292 10000292,0,0
877e75d3ba953c4e6d89f6484f0ac01e,10000064,10000064,10000014,百度XCDN专线 10000014,0,0
87901f90fff392d030a68cfd9e831b01,10000292,FQCDNV,10000244,B站专线-盒子V2 10000244,0,1
87cbfee6b8ee1809d83f402d06127816,10000079,10000079,10000244,B站专线-盒子V2 10000244,0,1
87f0ebeff381c5345095c69eea454a49,10000064,10000064,10000069,腾讯汇聚P2P 10000069,0,0
87f901386ece88d98b24167c8b4792f5,10000304,10000304,1382680008,字节CDN专线 1382680008,0,1
8855dd5fd33d391b23e9cd19953f4477,1382680008,1382680008,10000191,腾讯专线-80 10000191,0,0
8859f1f86d824f30c2fb68dea360777c,10000074,10000074,10000244,B站专线-盒子V2 10000244,0,1
88876d5fd3d820ee941ecf75da7c64d2,10000123,10000123,10000244,B站专线-盒子V2 10000244,0,0
888fe53bffaefdb8d3429a81978132aa,10000183,10000183,10000034,优酷专线 10000034,0,0
88ab3888a0e9182ff453fb1125f3ba4a,10000079,10000079,10000244,B站专线-盒子V2 10000244,0,0
88f60e6ace403993dd7999cef8cac9d2,10000292,FQCDNV,10000244,B站专线-盒子V2 10000244,0,1
88f6d73785183032a3aa47c891f92ed6,10000304,10000304,10000292,七牛CDN-虚拟业务10000292 10000292,0,0
88f7634d88bfbe2376bcb128efaa130a,10000064,10000064,10000292,七牛CDN-虚拟业务10000292 10000292,0,1
88f7e04be3da4083201b91503d6d1275,10000019,10000019,1380460970,七牛CDN 1380460970,0,0
891459d77456735b1c69d4a2234db307,10000281,FQTZV,10000096,字节架构专线V3 10000096,0,1
892013cc54e34629971387e673e78ace,10000292,FQCDNV,10000292,七牛CDN-虚拟业务10000292 10000292,1,1
892581b1fb6f566a95425a373bd3c126,10000064,10000064,10000292,七牛CDN-虚拟业务10000292 10000292,0,1
8945f55c9159eba577d606ff5be26a13,10000079,10000079,10000244,B站专线-盒子V2 10000244,0,1
896924ff0babfbec5c1743922c53e982,10000019,10000019,10000005,快手直播 10000005,0,0
896e93d2a7e92ba1e7a692e08336ea36,10000003,10000003,1382680008,字节CDN专线 1382680008,0,0
896f85f0ca71479eef5bbd102fcd34b5,10000079,10000079,10000244,B站专线-盒子V2 10000244,0,0
897a2c51bc80f2b86916b7f1fc283149,10000064,10000064,10000244,B站专线-盒子V2 10000244,0,0
897d0a71f23b10dd461ca3ca360664fa,10000001,10000001,10000292,七牛CDN-虚拟业务10000292 10000292,0,0
898f3abf29094370b4a554552f25bb1e,10000064,10000064,10000292,七牛CDN-虚拟业务10000292 10000292,0,1
89ae532dcd2f2b245c931a6f499f1cbf,10000292,FQCDNV,10000292,七牛CDN-虚拟业务10000292 10000292,1,1
89dc2da60215d836c10491020100ebc9,10000069,10000069,10000292,七牛CDN-虚拟业务10000292 10000292,0,0
89dd7cc273cedbbb8d4246e807e32028,10000079,10000079,10000244,B站专线-盒子V2 10000244,0,1
89dff1d017e8b73d4d8ac7d75364fd4e,10000244,10000244,10000244,B站专线-盒子V2 10000244,1,1
89dff802cfec4c8f9113d252957cdbaa,10000244,10000244,10000244,B站专线-盒子V2 10000244,1,1
8a06051a3d2ecce6b413f367a3b78925,10000123,10000123,10000244,B站专线-盒子V2 10000244,0,0
8a3133c64fbcd71378fd2de439d63b3b,10000064,10000064,10000292,七牛CDN-虚拟业务10000292 10000292,0,0
8a525c2c55acbce0d160ac5b957f2988,10000123,10000123,10000244,B站专线-盒子V2 10000244,0,0
8a5d4b673a7c27e340e4e23eb0f004a8,10000244,10000244,10000244,B站专线-盒子V2 10000244,1,1
8a887b62e16f62403ea79380820b4a52,10000079,10000079,10000244,B站专线-盒子V2 10000244,0,1
8aa00e275786cbc43ffaeb041cc9ac90,10000054,10000054,1381526443,爱奇艺 1381526443,0,0
8aac28d68f71dc0c331bc653b3cd7942,10000079,10000079,10000304,快手严选 10000304,0,0
8ab87970e8ca8abbc0c989913a13eb95,10000244,10000244,10000244,B站专线-盒子V2 10000244,1,1
8abf6b0ea73916096544a17fd5fab9ce,10000003,10000003,10000244,B站专线-盒子V2 10000244,0,0
8addb0569554933c2fca5c0074d9b176,10000244,10000244,10000244,B站专线-盒子V2 10000244,1,1
8afb0f4e6dda012629640af5e9fe6930,10000244,10000244,10000244,B站专线-盒子V2 10000244,1,1
8b07c41f126b2e7aa35fb7beacc0e98b,10000244,10000244,10000244,B站专线-盒子V2 10000244,1,1
8b2aab3d2d96a54552e903b35e122ad8,10000088,10000088,10000244,B站专线-盒子V2 10000244,0,0
8b4af25484f703562803f52e4391c3fb,10000069,10000069,10000078,七牛特招 10000078,0,0
8b60402ce9e1a770c0bc3a5d642cde5a,10000244,10000244,10000244,B站专线-盒子V2 10000244,1,1
8b63df4771bec3245e8bbc9f642a3592,10000123,10000123,10000244,B站专线-盒子V2 10000244,0,0
8b7d422bbbde4559dd33947b0566d7ac,10000294,10000294,10000304,快手严选 10000304,0,0
8b8024834ed3dd6bd6a787842422cc4c,10000079,10000079,10000244,B站专线-盒子V2 10000244,0,0
8b8c0253d3aca269e018211c5e00459b,10000079,10000079,10000244,B站专线-盒子V2 10000244,0,1
8b8f966b7adfef471d977bba5594fbd8,10000064,10000064,10000244,B站专线-盒子V2 10000244,0,0
8bb50d748296473389bb4cd04d4afeac,10000064,10000064,10000292,七牛CDN-虚拟业务10000292 10000292,0,1
8bbc907d035dbd327a598670b136f709,10000064,10000064,10000069,腾讯汇聚P2P 10000069,0,0
8c019ee869974495c6985cb9b3d8fc65,10000300,10000300,10000292,七牛CDN-虚拟业务10000292 10000292,0,0
8c1ac0c96a93285b7a1d9d63720505f6,10000079,10000079,10000244,B站专线-盒子V2 10000244,0,1
8c2ccb9b3be86fbeeca5aded3c32ad75,10000281,FQTZV,10000304,快手严选 10000304,0,0
8c4d0bd397785dedb4b0490d5ccaabf8,10000292,FQCDNV,10000292,七牛CDN-虚拟业务10000292 10000292,1,1
8c65e21e69ce53a51bb4b8016960119e,10000244,10000244,10000244,B站专线-盒子V2 10000244,1,1
8c923372f24c9c55a52ef6acc542066b,10000294,10000294,10000294,优酷汇聚晚高峰 10000294,1,1
8cb33cf59fb53432f6d5002a4083f3f0,10000079,10000079,1380460970,七牛CDN 1380460970,0,0
8cd30d23d7606025ae930f32e77833fd,10000244,10000244,10000244,B站专线-盒子V2 10000244,1,1
8cdb58ac92bb6b398f8f41ac25b73c5b,10000292,FQCDNV,10000292,七牛CDN-虚拟业务10000292 10000292,1,1
8ced2e0602c36bb7628e39f5d4e43828,10000079,10000079,10000244,B站专线-盒子V2 10000244,0,0
8cef06abedcd4bb1cee63faee2bafb10,10000000,10000000,10000191,腾讯专线-80 10000191,0,1
8cf7e40d935fc21c7189e0d686b545ee,10000079,10000079,10000244,B站专线-盒子V2 10000244,0,1
8cfb89b0808f583ec330c9f45152d6b6,10000079,10000079,10000244,B站专线-盒子V2 10000244,0,1
8cffb0271201465ef2c68403eea221a6,10000294,10000294,10000244,B站专线-盒子V2 10000244,0,0
8d0574d34895cbb789a30b38acf67793,10000123,10000123,10000244,B站专线-盒子V2 10000244,0,0
8d1d59d51b946acf401f9cbd692fef59,10000088,10000088,10000224,字节CDN专线V4 10000224,0,0
8d857b47c587f53cd5332ee35e8328f9,1382649737,1382649737,1382680008,字节CDN专线 1382680008,0,0
8d8cd340c2c62127585e3a6dcb78a101,10000079,10000079,10000244,B站专线-盒子V2 10000244,0,1
8d8f073e12404569f29faca5e24dc11b,10000316,10000316,10000069,腾讯汇聚P2P 10000069,0,1
8d90470d2c8075a4b84914d337be5244,10000304,10000304,10000244,B站专线-盒子V2 10000244,0,0
8db6ab604c434473aea73811edb86620,10000292,FQCDNV,10000064,百度小度 10000064,0,1
8dc7eada4a1c0af3f34e7779375501ff,10000244,10000244,10000244,B站专线-盒子V2 10000244,1,1
8dca5ddeb486317e3ef58e4ecc4d867b,10000304,10000304,10000244,B站专线-盒子V2 10000244,0,0
8dfc9d5053e04707d6b8cd3ad836d64b,10000074,10000074,10000074,腾讯直连独立 10000074,1,1
8dff831a4ef3df9006a0ac6a71d2f82e,10000079,10000079,1380460970,七牛CDN 1380460970,0,0
8e3c2b3e666858577a663c1bcecaf518,10000064,10000064,10000244,B站专线-盒子V2 10000244,0,0
8e42b8d82c2073303ea7dd68a8b07636,10000183,10000183,10000034,优酷专线 10000034,0,0
8e594be2b002207d53c3dfb83dc2508b,10000079,10000079,10000304,快手严选 10000304,0,0
8e60f39eeb003f53ecc16d3dc1b898c2,10000064,10000064,10000244,B站专线-盒子V2 10000244,0,0
8eb4d35a7d561c8f577d8daef6f9936a,10000292,FQCDNV,10000244,B站专线-盒子V2 10000244,0,1
8eeac6f7afef9d02c0e460773882ceb5,10000292,FQCDNV,10000244,B站专线-盒子V2 10000244,0,1
8f0afcc9e4a200de9c0fb41e9dd072aa,10000292,FQCDNV,10000244,B站专线-盒子V2 10000244,0,1
8f35d103c5bf5d3d5703862364058b96,10000292,FQCDNV,10000244,B站专线-盒子V2 10000244,0,1
8f4948c0896e53966345cdf48ff0207e,10000292,FQCDNV,10000244,B站专线-盒子V2 10000244,0,1
8f6ca7c1edaf19ccb30238476c882f46,10000244,10000244,10000244,B站专线-盒子V2 10000244,1,1
8f92df6792cf9dfc0bf8cb384385f9b7,10000064,10000064,10000244,B站专线-盒子V2 10000244,0,0
8fb0b02d3142f29224126f43ce71a838,1380317970,1380317970,10000244,B站专线-盒子V2 10000244,0,0
8fc12572291afba33ea1a19669d1f632,10000294,10000294,10000294,优酷汇聚晚高峰 10000294,1,1
8fcb570d066271017575f49b1fca00bd,10000314,10000314,10000304,快手严选 10000304,0,0
9002ac0db49546e1b22388caa6eab240,10000064,10000064,10000292,七牛CDN-虚拟业务10000292 10000292,0,1
9008261fdf2a89036db157d5f1c96558,10000281,FQTZV,10000304,快手严选 10000304,0,0
900e0cabceebe48e42a42c355d9fe256,10000294,10000294,10000224,字节CDN专线V4 10000224,0,0
900e6a47778edc10529e3daed67ea035,10000079,10000079,10000244,B站专线-盒子V2 10000244,0,1
90100850e24cbc0c2406a3b7b723ba13,10000079,10000079,1380460970,七牛CDN 1380460970,0,0
9015a6d0de1c507b7e167d63783fa06f,10000041,10000041,10000304,快手严选 10000304,0,0
9017cfd86d7a6a2f48f42048f72a55ee,10000183,10000183,1382680008,字节CDN专线 1382680008,0,0
9037fcd0552ef42e571ccd2fbc83b22c,10000244,10000244,10000244,B站专线-盒子V2 10000244,1,1
90469e68d30e46cc69d90c8c63bf81cc,10000244,10000244,10000244,B站专线-盒子V2 10000244,1,1
9054121e6734e9283a42cd461c152851,10000079,10000079,10000244,B站专线-盒子V2 10000244,0,1
9089506296d66dc1447e4e00be658b68,10000088,10000088,10000244,B站专线-盒子V2 10000244,0,0
90ab5bb5ca78e6bd747ebff31ae4ab96,10000064,10000064,10000244,B站专线-盒子V2 10000244,0,0
90c0c032ba9f4b0bba06e0a61906d487,10000064,10000064,10000292,七牛CDN-虚拟业务10000292 10000292,0,1
90cde33d574c3a37f05e5956fa15fc4e,10000019,10000019,10000244,B站专线-盒子V2 10000244,0,0
90cf9482bf85c97c7daeab3ecd74c81d,10000292,FQCDNV,10000244,B站专线-盒子V2 10000244,0,1
910d84d59872570752fa36d16efa5461,10000244,10000244,10000244,B站专线-盒子V2 10000244,1,1
910e05aa11c665743decdec7ce97007e,10000079,10000079,10000244,B站专线-盒子V2 10000244,0,1
9114fb5f59c3772a11a1695eb61b3d67,10000064,10000064,10000244,B站专线-盒子V2 10000244,0,0
9125d40e86a5982c0b2545bf91c7688a,10000079,10000079,10000244,B站专线-盒子V2 10000244,0,1
913a0155f90049ec9a97aa4f26b0fb4b,10000294,10000294,10000244,B站专线-盒子V2 10000244,0,0
913c3590876e7b849bf2f7f3ac20c5a2,10000304,10000304,10000304,快手严选 10000304,1,1
9173aa4755b88fa6c4af65ae2d29426f,10000123,10000123,10000244,B站专线-盒子V2 10000244,0,0
9173e76357e2592bcd3c887ec29a5ceb,10000244,10000244,10000244,B站专线-盒子V2 10000244,1,1
9182989f0a5db23134070dcc64faa5ed,10000292,FQCDNV,10000244,B站专线-盒子V2 10000244,0,1
9182a9071916ad2c2f69a81a2ad61b6e,10000123,10000123,10000244,B站专线-盒子V2 10000244,0,0
91a44152f622516500f1c4cebff662d4,10000292,FQCDNV,10000244,B站专线-盒子V2 10000244,0,1
91bc40c663d94d3375803d2f8e262714,10000244,10000244,10000244,B站专线-盒子V2 10000244,1,1
91bf5613d4ee00f40d15f8391f327d46,10000088,10000088,10000244,B站专线-盒子V2 10000244,0,0
91c0297d80a5a7201673115aa8571c12,10000244,10000244,10000244,B站专线-盒子V2 10000244,1,1
92062b50f49f65358755afbffc73defd,10000019,10000019,10000069,腾讯汇聚P2P 10000069,0,0
920e7633f2c2467b684a6481e2a03e71,10000005,10000005,10000005,快手直播 10000005,1,1
9214c53677e8099dcd2f0b037acab496,10000079,10000079,10000244,B站专线-盒子V2 10000244,0,1
921c70c1f4194f2b91025f37fcc47ac1,10000292,FQCDNV,10000064,百度小度 10000064,0,1
92439d00bf7eb15b1e5fcaf2dd73724d,10000079,10000079,10000244,B站专线-盒子V2 10000244,0,1
928888562747c50e55b0bd9196500402,10000019,10000019,10000244,B站专线-盒子V2 10000244,0,0
9289362ae88c29643ec1004c187022a9,10000064,10000064,10000244,B站专线-盒子V2 10000244,0,0
92c02027cc168d1ac629cce50b49c373,10000300,10000300,10000292,七牛CDN-虚拟业务10000292 10000292,0,0
92d6c47c81dfc7fde934033086b80a83,10000244,10000244,10000244,B站专线-盒子V2 10000244,1,1
92da0d94f85cae18d780a6fcd6c9d99e,10000292,FQCDNV,10000244,B站专线-盒子V2 10000244,0,1
92e3188c4dab248a6caeedcc0958a000,10000244,10000244,10000244,B站专线-盒子V2 10000244,1,1
92e3188c4dab248a73cb41c270aba000,10000064,10000064,1381526443,爱奇艺 1381526443,0,0
92e3188c4dab248ae0b7dd5c21da3000,10000079,10000079,10000244,B站专线-盒子V2 10000244,0,1
92e3188c4dab248af78607786991ccfe,10000079,10000079,10000244,B站专线-盒子V2 10000244,0,1
93064fa9a6600a6eebaa306723c6c12d,10000064,10000064,10000292,七牛CDN-虚拟业务10000292 10000292,0,1
93250f3357b7eefeba9c391759938ced,10000304,10000304,10000292,七牛CDN-虚拟业务10000292 10000292,0,0
9329a80cf50eb168574ad6102aca32cc,10000064,10000064,10000292,七牛CDN-虚拟业务10000292 10000292,0,1
933d414077674a653cd65ad07005e579,10000079,10000079,10000292,七牛CDN-虚拟业务10000292 10000292,0,1
933f7481ee769fe7b7f997e95803065a,10000294,10000294,10000069,腾讯汇聚P2P 10000069,0,0
937672b6e9273d87e4ddb43798932531,10000244,10000244,10000244,B站专线-盒子V2 10000244,1,1
937a33ec9f7636dd65b09dc4e46a9045,10000064,10000064,10000088,字节CDN汇聚V2 10000088,0,0
939a1d74430e9ef1adfb97d160ca459d,10000292,FQCDNV,10000244,B站专线-盒子V2 10000244,0,1
93c89feb3db670377c5ada0aebeeab2b,10000304,10000304,10000034,优酷专线 10000034,0,0
93cb844cc95842e96bc68b199c2d098a,10000079,10000079,10000244,B站专线-盒子V2 10000244,0,0
93d19fddb9178d2574244dec47b66dca,10000281,FQTZV,1382680008,字节CDN专线 1382680008,0,0
93d1b2e0c35ddfe52b4a14dd73ece6af,10000019,10000019,10000069,腾讯汇聚P2P 10000069,0,0
942e5b2a5e5942f608b17ef81209fefa,10000294,10000294,10000244,B站专线-盒子V2 10000244,0,0
9439e43ca944d440e5314bccbd0acb7d,10000123,10000123,10000244,B站专线-盒子V2 10000244,0,0
944043abe64772afa3d3fcfbef631d46,10000123,10000123,10000292,七牛CDN-虚拟业务10000292 10000292,0,0
945032bdc0e1eb0082fb634043d56567,10000278,10000278,10000069,腾讯汇聚P2P 10000069,0,0
945830d13359aede034ed35ec0f4cbef,10000079,10000079,10000244,B站专线-盒子V2 10000244,0,1
945ac1d1c7c6a3b81db13ef2489283ea,10000244,10000244,10000244,B站专线-盒子V2 10000244,1,1
9462acfabb96acf17ce229b293ba4f2a,10000079,10000079,10000244,B站专线-盒子V2 10000244,0,1
947eb2832cd6f62f29f164c19ec0b1be,10000079,10000079,10000244,B站专线-盒子V2 10000244,0,1
947fedc7f6297db0165ef22d3596cadc,10000292,FQCDNV,10000244,B站专线-盒子V2 10000244,0,1
94c00919fc4bdaca6473643a1660486d,10000244,10000244,10000244,B站专线-盒子V2 10000244,1,1
94c7e16867badddb2c8897e229227f5f,10000019,10000019,10000079,字节架构汇聚V2 10000079,0,1
94c93b4c5dd31589e4af4dfee5c82d4f,10000244,10000244,10000244,B站专线-盒子V2 10000244,1,1
94e76ec65cb8d81115930357ddd7480a,10000244,10000244,10000244,B站专线-盒子V2 10000244,1,1
94fbe27e0ba0ffb95e22c1d91493f92e,10000123,10000123,10000244,B站专线-盒子V2 10000244,0,0
9511673c312b294f3ccf225736721ae9,10000064,10000064,10000069,腾讯汇聚P2P 10000069,0,0
952362262af0f45ede0136c3edc79a68,10000292,FQCDNV,10000244,B站专线-盒子V2 10000244,0,1
95477e3e994f4cc399164ceda4c92e83,10000244,10000244,10000244,B站专线-盒子V2 10000244,1,1
954b59cc53e07ddb0b540b20d6eb3685,10000079,10000079,10000244,B站专线-盒子V2 10000244,0,1
955f940952e18c8fceb0b73f69bb3d73,10000244,10000244,10000244,B站专线-盒子V2 10000244,1,1
95614476b33359fed987968f5f1f06d0,10000079,10000079,10000244,B站专线-盒子V2 10000244,0,1
956cc030a581987121127f868bb0bd1a,10000064,10000064,10000069,腾讯汇聚P2P 10000069,0,0
958815d5d22b2ce9c283b3e4970fd7e7,10000123,10000123,10000244,B站专线-盒子V2 10000244,0,0
95947a95a11343b3bbe6966f1849a94d,10000079,10000079,10000244,B站专线-盒子V2 10000244,0,1
96047d4bdd086cbbe4e18b534b6e0ff3,10000244,10000244,10000244,B站专线-盒子V2 10000244,1,1
9624ce3cd220ce9b3a12200edda17b22,10000123,10000123,10000244,B站专线-盒子V2 10000244,0,0
962fc78150617c86be4348cafe9e7b6b,1382649737,1382649737,10000096,字节架构专线V3 10000096,0,0
9632a3e3304e98b44cc0e5aa26aa8dac,10000244,10000244,10000244,B站专线-盒子V2 10000244,1,1
963611878cfc936884bbe29d2624593e,10000019,10000019,10000079,字节架构汇聚V2 10000079,0,1
964607caa97c29528e1ce44fd80b3fa4,10000123,10000123,10000244,B站专线-盒子V2 10000244,0,0
9656faedb017f584e5807351e3e120ef,10000019,10000019,10000244,B站专线-盒子V2 10000244,0,0
965b7e7323b1e1c08a511f2b0d345f64,10000123,10000123,10000244,B站专线-盒子V2 10000244,0,0
96606c66f55c9cce17ba651cb6e44e0d,10000292,FQCDNV,10000244,B站专线-盒子V2 10000244,0,1
966906def8d87662a96c163e678f605d,10000278,10000278,1382680008,字节CDN专线 1382680008,0,0
966c8c8bf7ae82e5136a06d158d08d6e,1382490022,1382490022,10000069,腾讯汇聚P2P 10000069,0,0
968474a3e4ae5cfa6b54f50d82a216d7,10000001,10000001,10000292,七牛CDN-虚拟业务10000292 10000292,0,0
9689c1b208b9fa470444cb8d3dcb5126,10000292,FQCDNV,10000292,七牛CDN-虚拟业务10000292 10000292,1,1
96c2c9c96b740169eafd6939c6e6d1bc,10000244,10000244,10000244,B站专线-盒子V2 10000244,1,1
96dddb13993e22c62da35e1ede43a18a,1382490022,1382490022,10000069,腾讯汇聚P2P 10000069,0,0
96f46894521b57485ebd4cb586a56461,10000064,10000064,10000292,七牛CDN-虚拟业务10000292 10000292,0,1
96fa828337132c488af8cbeab9c42d62,10000244,10000244,10000244,B站专线-盒子V2 10000244,1,1
970fe3412dc180ab7ef041a61761e500,10000294,10000294,10000224,字节CDN专线V4 10000224,0,0
9722ce5ed471cfd8531624d810ef546a,10000079,10000079,10000244,B站专线-盒子V2 10000244,0,0
976b0897dc60222fec703e745473ca8b,10000244,10000244,10000244,B站专线-盒子V2 10000244,1,1
977b1b0d9d70457ed98452b2be272b86,10000064,10000064,10000079,字节架构汇聚V2 10000079,0,1
97a4e75381b9f65d6ec933a5134c3981,10000088,10000088,10000244,B站专线-盒子V2 10000244,0,0
97a6a5200f6a83044f0b1a667d441248,10000292,FQCDNV,10000244,B站专线-盒子V2 10000244,0,1
97c41faa8b52c206bc370abbb9ecf465,10000034,10000034,1382649737,腾讯专线 1382649737,0,0
97c6a7683a7c01c5d2d575fe08071b1d,10000294,10000294,10000244,B站专线-盒子V2 10000244,0,1
97e513a7af72dd7a1627c3e52bb4ea3b,10000079,10000079,10000244,B站专线-盒子V2 10000244,0,1
981940d205c3d3fbda851370945817fc,10000079,10000079,10000096,字节架构专线V3 10000096,0,0
984667d39408b90ece394b0df9bfee6f,10000079,10000079,10000244,B站专线-盒子V2 10000244,0,1
9848c6664cfdcec81475d29ab74dd48b,10000088,10000088,10000191,腾讯专线-80 10000191,0,0
986f0bfd464eebd256decd1b9a86e416,10000244,10000244,10000183,B站专线-盒子 10000183,0,1
98b988e3bf63a2b8ea1548d074f7ee95,10000079,10000079,10000244,B站专线-盒子V2 10000244,0,1
98c1157bf84f08803fc9b503531b6900,10000122,10000122,10000244,B站专线-盒子V2 10000244,0,0
98d1cc86e5a8e77ab1574003bfe7a7d8,10000079,10000079,10000244,B站专线-盒子V2 10000244,0,1
98d359c1050e8932456ba37955a1af66,10000244,10000244,10000244,B站专线-盒子V2 10000244,1,1
990af493ba98ade5c5113ece403662e5,10000088,10000088,10000244,B站专线-盒子V2 10000244,0,0
992a1318c0b2e699ec892b82a9d91494,10000244,10000244,10000244,B站专线-盒子V2 10000244,1,1
99496dbf200c9539ffa30d02e9ca22f1,10000292,FQCDNV,10000244,B站专线-盒子V2 10000244,0,1
997db2993881c618eb98418e2fe31d03,10000292,FQCDNV,10000244,B站专线-盒子V2 10000244,0,1
99883fcfe6bb2438da72895debf7de37,10000244,10000244,10000244,B站专线-盒子V2 10000244,1,1
998d0b6113cf3f499ed335e2192840d7,10000183,10000183,10000304,快手严选 10000304,0,0
99959e20ab7a1809b2b21a477bfe444b,10000003,10000003,10000244,B站专线-盒子V2 10000244,0,0
99ae23bd9e6215b1286a718d4246b531,10000325,10000325,10000096,字节架构专线V3 10000096,0,1
99e83aff4deee2af31fa80c8a539cc43,10000292,FQCDNV,10000244,B站专线-盒子V2 10000244,0,1
99ee46534944f7210e92c77898c50c21,1380389889,1380389889,10000244,B站专线-盒子V2 10000244,0,0
9a181c753faafdc3a1142147bbcc209b,10000079,10000079,1380460970,七牛CDN 1380460970,0,0
9a190f05637440c8bf3f5a77ee5aabfe,10000244,10000244,10000244,B站专线-盒子V2 10000244,1,1
9a1caf6fccb28313f9ca38d73608c972,10000244,10000244,10000244,B站专线-盒子V2 10000244,1,1
9a1e1ece5412d2d86ed9658d30e7eb91,10000041,10000041,10000074,腾讯直连独立 10000074,0,0
9a2acbed2f1715cbd190c27a21340766,10000282,FQCDNV,10000292,七牛CDN-虚拟业务10000292 10000292,1,1
9a3ce004943b2ab6801e92711b593a16,1380317970,1380317970,1380460970,七牛CDN 1380460970,0,0
9aa00ed585d2c8b41795bbd763390c94,10000074,10000074,10000244,B站专线-盒子V2 10000244,0,1
9ab46be372898a5f7255493a9e10d5c7,10000244,10000244,10000244,B站专线-盒子V2 10000244,1,1
9ad444d09ff579753bb7b1931a99bd30,10000244,10000244,10000244,B站专线-盒子V2 10000244,1,1
9afdc5b01248cc6bac7b8254eaf8a841,10000316,10000316,1382649737,腾讯专线 1382649737,0,0
9b104b763d32e9eb9eb24e28a36fc00a,10000244,10000244,10000244,B站专线-盒子V2 10000244,1,1
9b2145fb6b322b4fa4203ea6b7932680,10000183,10000183,10000034,优酷专线 10000034,0,0
9b242f458e08e6fa2d8c240299ce70b4,10000069,10000069,10000014,百度XCDN专线 10000014,0,0
9b27a8de65a823c1e07ee4a22a28c784,10000064,10000064,10000244,B站专线-盒子V2 10000244,0,0
9b2b1433daae3747c5d6369ca15c20e5,10000069,10000069,10000078,七牛特招 10000078,0,0
9b2ea6a404e9486d6851b2f6be961ae8,10000064,10000064,10000244,B站专线-盒子V2 10000244,0,0
9b5d9f7cf387c028a396a4d31b50634b,10000244,10000244,10000244,B站专线-盒子V2 10000244,1,1
9b7a379cb4bb354e4d3fec189d6366a2,10000304,10000304,10000292,七牛CDN-虚拟业务10000292 10000292,0,1
9bc9b653a12ad4469acc018b71478cf8,10000069,10000069,10000096,字节架构专线V3 10000096,0,1
9bd4dc4e3db4746c2b898648d63a088b,10000294,10000294,10000244,B站专线-盒子V2 10000244,0,0
9bd5d9b7d29231a72b599817025ce172,10000019,10000019,10000244,B站专线-盒子V2 10000244,0,0
9bef2708ec88245f01203a8413e2686f,10000079,10000079,10000244,B站专线-盒子V2 10000244,0,0
9bf0c2fe754fa2e015531f69edc02100,10000292,FQCDNV,10000244,B站专线-盒子V2 10000244,0,1
9c0ed2f9f256572534bb6223b72604e3,10000292,FQCDNV,10000292,七牛CDN-虚拟业务10000292 10000292,1,1
9c1ce3621501cf167ea2f9fd0f8b73f5,10000079,10000079,10000079,字节架构汇聚V2 10000079,1,1
9c41df169ee6dcd740ece8307a86141e,10000292,FQCDNV,10000244,B站专线-盒子V2 10000244,0,1
9c61527adaf29803cfce6784eacb4c0e,10000123,10000123,10000244,B站专线-盒子V2 10000244,0,0
9c673b5dfceda11348b69e51506e880a,10000079,10000079,10000244,B站专线-盒子V2 10000244,0,1
9c77e4cb94cd38ac5004e0e23b78f4a0,10000019,10000019,10000244,B站专线-盒子V2 10000244,0,0
9c7fd2186fc6d95cbd6a5b99b56f7f88,10000005,10000005,10000005,快手直播 10000005,1,1
9c82531d298593e6a7d90bc0326b2a89,10000064,10000064,10000069,腾讯汇聚P2P 10000069,0,0
9c88cdb21b6241879107066c559f281a,10000003,10000003,10000244,B站专线-盒子V2 10000244,0,0
9cb71b567497f00c7de571666282384f,10000292,FQCDNV,10000292,七牛CDN-虚拟业务10000292 10000292,1,1
9ccf77a0113e080d8ec0ac1768aacfbc,10000069,10000069,10000069,腾讯汇聚P2P 10000069,1,1
9cd4416225f2547315a4b56616457e77,10000304,10000304,10000244,B站专线-盒子V2 10000244,0,0
9cee34045dd12b158a7fba49543203a5,10000292,FQCDNV,10000244,B站专线-盒子V2 10000244,0,1
9cf0c58c90301db274a94ffb3da9d456,10000079,10000079,10000244,B站专线-盒子V2 10000244,0,1
9d13231dc2db1f08fb3ccfc4b5f1465b,10000019,10000019,10000244,B站专线-盒子V2 10000244,0,0
9d1db2cf3e505e477d735d30705c1ed9,10000304,10000304,10000191,腾讯专线-80 10000191,0,0
9d21f112cf035ac1f58bd60130f06c55,10000074,10000074,10000292,七牛CDN-虚拟业务10000292 10000292,0,1
9d2be4dc5188e0d80999f6d062a0efd6,10000282,FQCDNV,10000292,七牛CDN-虚拟业务10000292 10000292,1,1
9d7056cd4fdd796843ffae668597ac42,10000079,10000079,10000079,字节架构汇聚V2 10000079,1,1
9d77e85a8ce35891d8213a83751ec51a,10000244,10000244,10000244,B站专线-盒子V2 10000244,1,1
9d7e44d0281b00ff27c8d1bafb6e4d5c,10000064,10000064,10000244,B站专线-盒子V2 10000244,0,1
9d9435acb43db1f4e117801612d8d992,1380389889,1380389889,10000244,B站专线-盒子V2 10000244,0,0
9d9e47d5a37b742a06819aff6682a2b4,10000244,10000244,10000244,B站专线-盒子V2 10000244,1,1
9da2617270ac7e5a0b0d321bd3307e1e,10000079,10000079,10000244,B站专线-盒子V2 10000244,0,0
9da317b7bdcb8911ec9d6e2ee1a57fa9,10000079,10000079,10000244,B站专线-盒子V2 10000244,0,1
9da7441c1f39a61c96280481a31e6c0a,10000244,10000244,10000244,B站专线-盒子V2 10000244,1,1
9da7652a210b22de052c80f078f63912,10000064,10000064,10000244,B站专线-盒子V2 10000244,0,1
9dcb1fe289904c6a9ac1f5f817315a20,10000244,10000244,10000244,B站专线-盒子V2 10000244,1,1
9dd1e519d52be769c41ea94cee260e77,10000079,10000079,10000244,B站专线-盒子V2 10000244,0,1
9dfc84824091e18fcd1e475870adc0aa,10000224,10000224,10000183,B站专线-盒子 10000183,0,1
9e054c341fa30c5499baf177632e629a,10000292,FQCDNV,10000244,B站专线-盒子V2 10000244,0,1
9e302d7b51094d24daa192cacc6d885c,10000294,10000294,10000244,B站专线-盒子V2 10000244,0,0
9e726142dddaff6eeeca992c9c90c793,10000292,FQCDNV,10000244,B站专线-盒子V2 10000244,0,1
9e72ed97c12dd14f0530d1a3fe0afc69,10000019,10000019,10000244,B站专线-盒子V2 10000244,0,0
9e7d38f2846da9588460314730de1311,10000244,10000244,10000244,B站专线-盒子V2 10000244,1,1
9e8254a2350abed625118faec736db6d,10000079,10000079,10000244,B站专线-盒子V2 10000244,0,0
9e9e84c162e62b9301f0aa52f30bb559,10000244,10000244,10000244,B站专线-盒子V2 10000244,1,1
9ea3f7aa4cbd30b397604935617adac7,10000064,10000064,10000244,B站专线-盒子V2 10000244,0,0
9ea472c2672f0b5940fe66fc050d05fc,10000079,10000079,10000244,B站专线-盒子V2 10000244,0,1
9eb36b6fd6d23019d9e8bb8068d90d05,10000292,FQCDNV,10000244,B站专线-盒子V2 10000244,0,1
9ef5f0561747874a37c34ca2cd6df1ba,10000079,10000079,10000244,B站专线-盒子V2 10000244,0,1
9f0385c39a6c301cd16b5099c38bebb1,1381526443,1381526443,10000304,快手严选 10000304,0,0
9f0443dacd1633387494cc8aa7746a44,10000292,FQCDNV,10000292,七牛CDN-虚拟业务10000292 10000292,1,1
9f1508a0a4dbd0f77c478f94ee0eddd1,10000244,10000244,10000244,B站专线-盒子V2 10000244,1,1
9f1b20c6642084ec53af96278f9af6bb,10000079,10000079,10000244,B站专线-盒子V2 10000244,0,1
9f22ccbbc16f33fc1464d286cc095883,10000123,10000123,10000244,B站专线-盒子V2 10000244,0,0
9f3483361cedd7894fba8948d5c944d7,1382649737,1382649737,10000304,快手严选 10000304,0,1
9f38e18401f756da97fa97dc623c7d58,1381526443,1381526443,10000244,B站专线-盒子V2 10000244,0,0
9f4306d5a03b5791dea36c1d6d95ffed,10000292,FQCDNV,10000244,B站专线-盒子V2 10000244,0,1
9f44802d87c148ad377a321e47d5be2e,10000304,10000304,10000304,快手严选 10000304,1,1
9f83b06e0cb3f79b9579fdd757132b66,10000079,10000079,10000244,B站专线-盒子V2 10000244,0,0
9f9149aa9bf8991aadde525698379b2c,10000244,10000244,10000244,B站专线-盒子V2 10000244,1,1
9f9fa10298022d8b4ea4f79130168025,10000244,10000244,10000244,B站专线-盒子V2 10000244,1,1
9fe563992f9bae9aef7eee734c061151,10000074,10000074,10000244,B站专线-盒子V2 10000244,0,0
a000175f3647aa4ed5936450ba8c0d4d,10000292,FQCDNV,10000304,快手严选 10000304,0,1
a001b000015e6a992887b96d27d42a51,10000251,10000251,10000244,B站专线-盒子V2 10000244,0,0
a014e059f84da72b53cc807555cdc020,10000292,FQCDNV,10000244,B站专线-盒子V2 10000244,0,0
a04ce1911c446d87b8cc1983fd50a59c,10000244,10000244,10000244,B站专线-盒子V2 10000244,1,1
a0886fadd282d6424237e83d1213e908,10000244,10000244,10000244,B站专线-盒子V2 10000244,1,1
a08c6cb9bebed453b9971a3c7e3c53a6,10000064,10000064,10000244,B站专线-盒子V2 10000244,0,0
a0ad2dcd3796eb7fa1bfadd23136a0d6,10000019,10000019,10000074,腾讯直连独立 10000074,0,0
a0cf5190f127254023b6636077d2e3a8,10000244,10000244,10000244,B站专线-盒子V2 10000244,1,1
a0cf9b6cf377667ebdb4a0b1c227a139,1382649737,1382649737,1382649737,腾讯专线 1382649737,1,1
a0d89967fe2f62790b1f75e78b69f55b,10000294,10000294,10000079,字节架构汇聚V2 10000079,0,1
a102486f86d6a791b0afdc46cae47d9e,10000064,10000064,10000244,B站专线-盒子V2 10000244,0,0
a114356f7ed6c8677c318160725e8aa0,10000064,10000064,10000069,腾讯汇聚P2P 10000069,0,0
a115976c9efeb9c016d4f680cdd49005,10000244,10000244,10000244,B站专线-盒子V2 10000244,1,1
a11e0acc5322a964c807be49ba0988ab,10000244,10000244,10000244,B站专线-盒子V2 10000244,1,1
a155f6cbeeae3e4e4004b3895d39fb5d,10000183,10000183,10000096,字节架构专线V3 10000096,0,1
a1656628310127eafd0661bc1f6ea22c,10000244,10000244,10000244,B站专线-盒子V2 10000244,1,1
a16f1b58a4cf8dd10da736f64ff872fb,10000292,FQCDNV,10000244,B站专线-盒子V2 10000244,0,1
a19723d26ccb78aabc0902a1ab386801,10000244,10000244,10000244,B站专线-盒子V2 10000244,1,1
a19dea3c84c45a4ae00c651dcbd0ad27,10000292,FQCDNV,10000244,B站专线-盒子V2 10000244,0,1
a1a02ba038633dbb1e225049eaa9ceca,10000064,10000064,10000244,B站专线-盒子V2 10000244,0,0
a1a1aa1516bc3831ed55a4a3bd4df92e,10000123,10000123,10000244,B站专线-盒子V2 10000244,0,0
a1a8bc403f6601f5b3dc658dc7b81b91,10000079,10000079,10000292,七牛CDN-虚拟业务10000292 10000292,0,1
a1c5b1c0fa7ec59823910a89e53e27a6,10000019,10000019,10000244,B站专线-盒子V2 10000244,0,1
a1c7dc981bc04b09f5c250ab52369c35,10000069,10000069,10000304,快手严选 10000304,0,0
a1ca489702bc475394abe900052f08a9,10000064,10000064,10000292,七牛CDN-虚拟业务10000292 10000292,0,1
a1d6af5f0bc386471a93d498a4452ced,10000064,10000064,10000244,B站专线-盒子V2 10000244,0,0
a1e7b66b7a61f5c64ac5f27f21b02789,10000244,10000244,10000244,B站专线-盒子V2 10000244,1,1
a20aabc53b9eeba104848c902746de24,10000244,10000244,10000244,B站专线-盒子V2 10000244,1,1
a215204a7b8b943b436e412b14bd714c,10000079,10000079,10000244,B站专线-盒子V2 10000244,0,1
a236b6c4fd0470621c2d1c7740d763ff,10000064,10000064,10000292,七牛CDN-虚拟业务10000292 10000292,0,1
a25e2f784d664a18bc6276e343f17944,10000244,10000244,10000244,B站专线-盒子V2 10000244,1,1
a26e04189b23aced50d723126820c514,10000304,10000304,10000244,B站专线-盒子V2 10000244,0,1
a27bf77734f9d67c9fd27c8879035bbc,10000292,FQCDNV,10000244,B站专线-盒子V2 10000244,0,1
a2884c8e9dabd82f7708edf7752b70fd,10000019,10000019,10000244,B站专线-盒子V2 10000244,0,0
a2aa7af37370bb82f24717e367e5d69f,10000079,10000079,10000244,B站专线-盒子V2 10000244,0,1
a2bf1bb6019ef8ce8c4eecad80f7a5cb,10000244,10000244,10000244,B站专线-盒子V2 10000244,1,1
a2c041ab681418eb03f94a6cbcab9aa5,10000244,10000244,10000244,B站专线-盒子V2 10000244,1,1
a2c0cdfeb68d060e524dda2fcdf86c69,10000064,10000064,10000244,B站专线-盒子V2 10000244,0,0
a2c2fc823cced36246a05d07300cc1c0,10000079,10000079,10000244,B站专线-盒子V2 10000244,0,0
a2e4d3cd4d15bf389f186ea8bcb51635,10000175,10000175,10000304,快手严选 10000304,0,0
a2e7d661f41fe195437530d23a3f28ca,10000074,10000074,10000292,七牛CDN-虚拟业务10000292 10000292,0,1
a2efc755e14065d2262ba48615d098ba,10000079,10000079,10000244,B站专线-盒子V2 10000244,0,1
a2fb853be924330456766a19417852bd,1382680008,1382680008,10000224,字节CDN专线V4 10000224,0,0
a319eb66c605533349f18d76ffc7b702,10000064,10000064,10000292,七牛CDN-虚拟业务10000292 10000292,0,1
a330e7602234e0901203cab352052b30,10000069,10000069,10000244,B站专线-盒子V2 10000244,0,1
a33fee4424ccfc8a4aade14c2abe30aa,10000069,10000069,10000096,字节架构专线V3 10000096,0,0
a35b488288700a791128ca7c29235425,10000001,10000001,10000244,B站专线-盒子V2 10000244,0,0
a3822d61a626ecbf89b97944fbfe3e26,10000123,10000123,10000244,B站专线-盒子V2 10000244,0,0
a396faad39d580784ea0bfdc6e6364aa,10000069,10000069,10000244,B站专线-盒子V2 10000244,0,0
a3ae29f85d3a3f58936f5b85918e9b6c,10000292,FQCDNV,10000244,B站专线-盒子V2 10000244,0,1
a3c45459dacd1e6b8764dc1bf5b1e0d5,10000244,10000244,10000244,B站专线-盒子V2 10000244,1,1
a3c6db1fc5139e764aef4c22b3d3ee18,10000088,10000088,10000191,腾讯专线-80 10000191,0,0
a3c8e0d3364fd42d9bfeb46eb541d235,10000123,10000123,10000244,B站专线-盒子V2 10000244,0,0
a3d2df47d60ba23125c73e1cff3e6da9,10000079,10000079,1380460970,七牛CDN 1380460970,0,0
a3e0a2457f2a26f32c96298f8d95f4cd,10000064,10000064,10000292,七牛CDN-虚拟业务10000292 10000292,0,1
a3ee06c5f1e4d8e01e34d417d0497d61,10000292,FQCDNV,10000244,B站专线-盒子V2 10000244,0,1
a40efc60a8c96878633b0ad70ce0484f,10000074,10000074,10000244,B站专线-盒子V2 10000244,0,0
a48c3aa0e016de0a493e92c97473145e,10000123,10000123,10000244,B站专线-盒子V2 10000244,0,0
a492ea22e96c11f5a5079d4f0c9b6773,10000079,10000079,10000304,快手严选 10000304,0,0
a4bbce71fc2908ae6f849cbf85492418,10000019,10000019,10000244,B站专线-盒子V2 10000244,0,1
a4c32e2a790b02672086ddc2f35f671e,10000074,10000074,10000244,B站专线-盒子V2 10000244,0,1
a4c58c1d30a88b2c1154ca7c84832f53,10000064,10000064,10000292,七牛CDN-虚拟业务10000292 10000292,0,1
a4d384567ebc9f6cdb08a8880f971402,10000069,10000069,10000244,B站专线-盒子V2 10000244,0,1
a4fb8a0ae898685e9098bd0872d74b56,10000064,10000064,10000244,B站专线-盒子V2 10000244,0,0
a52ca68fbf9fdcb382a3865c07304180,10000244,10000244,10000244,B站专线-盒子V2 10000244,1,1
a556868c72cb9a91a740883a398bed50,10000064,10000064,10000244,B站专线-盒子V2 10000244,0,0
a55bef502107a9e8a42af40c9f4d5a97,10000088,10000088,10000244,B站专线-盒子V2 10000244,0,0
a565999e64e8e51158088a3bc3373b61,10000244,10000244,10000244,B站专线-盒子V2 10000244,1,1
a585a6387d5fed292b1bfa20ab7ad3df,10000304,10000304,10000292,七牛CDN-虚拟业务10000292 10000292,0,0
a5908a86a0a3953440aaecb8f49ea089,10000325,10000325,10000096,字节架构专线V3 10000096,0,1
a59d5507239de93f5b2bc2fd6ab8b92f,10000292,FQCDNV,10000244,B站专线-盒子V2 10000244,0,1
a5d88c21e381fe77e1efe2a29df805bb,10000064,10000064,10000244,B站专线-盒子V2 10000244,0,0
a5de3d84f55008a84458dd784ac3314a,10000292,FQCDNV,10000244,B站专线-盒子V2 10000244,0,1
a5ee3e1d5844618253558b66ccfaf024,10000064,10000064,10000244,B站专线-盒子V2 10000244,0,0
a610de3f2c7a141058be280d568cae2e,10000292,FQCDNV,10000069,腾讯汇聚P2P 10000069,0,0
a612615631423232eb6f801cea3d0aed,10000079,10000079,10000244,B站专线-盒子V2 10000244,0,1
a6128bbd61ad54955ac968a91ab7482b,10000064,10000064,10000244,B站专线-盒子V2 10000244,0,0
a623d71f13a244009e9205c325f77baa,10000244,10000244,10000244,B站专线-盒子V2 10000244,1,1
a6261ab90d171d594c59b8815483ed15,10000244,10000244,10000244,B站专线-盒子V2 10000244,1,1
a637bc6366b59d3df6bbab3c5c2ff8ce,10000183,10000183,10000034,优酷专线 10000034,0,0
a63866cb952d45caf248de5275dbe856,10000123,10000123,10000244,B站专线-盒子V2 10000244,0,0
a67329a88dd24803b7da9f8125268a14,10000244,10000244,10000244,B站专线-盒子V2 10000244,1,1
a68951e0cda9e1ce71d0b67d8d8ef3ac,10000079,10000079,10000244,B站专线-盒子V2 10000244,0,1
a6cca36b68c11e0f2c2bae321befa88c,10000079,10000079,10000244,B站专线-盒子V2 10000244,0,1
a6f86fc0794b6cb7099cdaf391844f01,10000064,10000064,10000244,B站专线-盒子V2 10000244,0,0
a70e1b7eb0ed837e4a3f863baac96c05,10000244,10000244,10000244,B站专线-盒子V2 10000244,1,1
a713f2b57ae42de348f7819d6061fc04,10000019,10000019,1382680008,字节CDN专线 1382680008,0,0
a71b90de4356b2c71656699d3fd7d528,10000244,10000244,10000244,B站专线-盒子V2 10000244,1,1
a723066c648ffaf459ecbec2834c28b0,10000292,FQCDNV,10000244,B站专线-盒子V2 10000244,0,1
a743e8986455441f46ff2575e5dd31f0,10000088,10000088,10000244,B站专线-盒子V2 10000244,0,1
a75a246da727419aa454b81b0b3371d9,10000244,10000244,10000244,B站专线-盒子V2 10000244,1,1
a76e6a6b7a038e7c926f4e0aead1e79b,10000244,10000244,10000244,B站专线-盒子V2 10000244,1,1
a77b200724664a65be1059b0d17a7d56,10000292,FQCDNV,10000064,百度小度 10000064,0,1
a78a6ec96e33471db62b2c5e4a3359f2,10000064,10000064,10000244,B站专线-盒子V2 10000244,0,0
a79279925fefa0b823afe5aa080cee01,10000064,10000064,10000078,七牛特招 10000078,0,0
a7998cc10e76733b8d21a9b186e32b83,10000123,10000123,10000244,B站专线-盒子V2 10000244,0,0
a8055c99903dd52237581ec64910fb35,10000074,10000074,1380460970,七牛CDN 1380460970,0,1
a814774cf97d955d386d3bc91964b7e5,1382649737,1382649737,10000304,快手严选 10000304,0,1
a817e63fb4a8f9c5667d239cbf2c7478,10000304,10000304,10000304,快手严选 10000304,1,1
a82929f093da64e9a06543add5e65daf,10000123,10000123,10000292,七牛CDN-虚拟业务10000292 10000292,0,0
a83f6fb5ef93f9b5be1fa00af085d53d,10000088,10000088,10000244,B站专线-盒子V2 10000244,0,0
a84565559df821b1b0447c94fd738e76,10000244,10000244,10000244,B站专线-盒子V2 10000244,1,1
a86698a83fac4ead14e917a6878b0fbc,10000069,10000069,10000292,七牛CDN-虚拟业务10000292 10000292,0,0
a88c17a82face32b9e91b13b372be2be,10000079,10000079,10000088,字节CDN汇聚V2 10000088,0,1
a8a0490e7c6b9832b1d194cf48595264,10000244,10000244,10000244,B站专线-盒子V2 10000244,1,1
a8aa4fa18e4193b1ba05b8acf7e79307,1382649737,1382649737,1382649737,腾讯专线 1382649737,1,1
a8ca255cd579166eea03be10f947811f,10000064,10000064,10000304,快手严选 10000304,0,0
a8e4f5bcb342c316b320df3d3b519fce,10000079,10000079,10000244,B站专线-盒子V2 10000244,0,1
a90bf32db6acd80311570477bdc313a7,10000019,10000019,10000244,B站专线-盒子V2 10000244,0,0
a94036a77451017a8050c130cdf49e93,10000079,10000079,10000244,B站专线-盒子V2 10000244,0,1
a944ff5987451912cf74582a4766d89d,10000019,10000019,10000244,B站专线-盒子V2 10000244,0,0
a94538aad68567b1254d0aa2867ca065,10000064,10000064,10000244,B站专线-盒子V2 10000244,0,0
a94a512ccecc90b4e03cc00e9838a34a,10000079,10000079,10000244,B站专线-盒子V2 10000244,0,1
a9631b34d32384e251cdf1a645561091,10000079,10000079,10000244,B站专线-盒子V2 10000244,0,0
a96a3aaa69b5bd0e4ce4ee6da71a15a6,10000079,10000079,10000244,B站专线-盒子V2 10000244,0,0
a96ba80f30067a8df5e28671166192c8,10000079,10000079,10000244,B站专线-盒子V2 10000244,0,1
a99387dcea0cffd3995362353909ff18,10000244,10000244,10000244,B站专线-盒子V2 10000244,1,1
a9972c31e5e61310bc500d322c40bc5d,10000244,10000244,1382680008,字节CDN专线 1382680008,0,1
a9982d7a7bf82dc3b74331c50885c9fb,10000079,10000079,10000244,B站专线-盒子V2 10000244,0,1
a9b98edfd2cdee93a41b50b8e427fd66,10000244,10000244,10000244,B站专线-盒子V2 10000244,1,1
a9c6c077dee87630cbbb27bf6be2b45b,1382649737,1382649737,10000304,快手严选 10000304,0,1
a9d45106bd219bcffe671318e8384100,10000292,FQCDNV,10000292,七牛CDN-虚拟业务10000292 10000292,1,1
a9fd748312e4cbc0e7b8f571a75644ca,10000244,10000244,10000244,B站专线-盒子V2 10000244,1,1
aa248f1c80f8e4eaa3853e000103d21d,1382649737,1382649737,10000096,字节架构专线V3 10000096,0,0
aa2c6156eb1efccee77afbf37ef98beb,10000014,10000014,10000191,腾讯专线-80 10000191,0,1
aa37d871d618c66587283757570254c5,10000079,10000079,10000244,B站专线-盒子V2 10000244,0,1
aa52dbd8a79a31f215bfcc15f756fc91,10000292,FQCDNV,10000244,B站专线-盒子V2 10000244,0,1
aa60e0c222df1402c121a9ab277314d2,10000001,10000001,10000244,B站专线-盒子V2 10000244,0,0
aa61956cf37c003b945bd8569b6ef73a,10000244,10000244,10000244,B站专线-盒子V2 10000244,1,1
aa7d48c89ace29dea5ed3a53a810fc09,10000304,10000304,10000244,B站专线-盒子V2 10000244,0,0
aa8aee2538b3952ce6152dc38ca39dfd,10000079,10000079,1380460970,七牛CDN 1380460970,0,0
aab7985740a3d366e35a21f53585244b,10000281,FQTZV,10000034,优酷专线 10000034,0,0
aac2e7a782a727f4f01e34c29bcbb081,1380389889,1380389889,1381526443,爱奇艺 1381526443,0,0
aad4ef28a3c154cc44e3b05823a978ec,10000088,10000088,10000191,腾讯专线-80 10000191,0,0
ab086fa4fa198a2eb442ecf544acded0,10000064,10000064,10000292,七牛CDN-虚拟业务10000292 10000292,0,1
ab22f864be6fcd2027394cd7a0860370,10000069,10000069,10000292,七牛CDN-虚拟业务10000292 10000292,0,0
ab4826f950804d731b8dc276a8288e88,10000079,10000079,10000244,B站专线-盒子V2 10000244,0,0
ab5f39c5644832847d5241bcad9f7e65,10000064,10000064,10000244,B站专线-盒子V2 10000244,0,0
ab704e8ea06bb745ae5260463ac5103a,10000281,FQTZV,1380460970,七牛CDN 1380460970,0,0
ab7b6dec2beca50361276a3b3ecd67dd,10000244,10000244,10000244,B站专线-盒子V2 10000244,1,1
abb8f907487d6d3644b17d0f091f78de,10000079,10000079,10000244,B站专线-盒子V2 10000244,0,1
abcb2889dd0d5563a6d08f264af32991,10000244,10000244,10000244,B站专线-盒子V2 10000244,1,1
abcbf4166bb1f22465722d12a0f20b97,10000244,10000244,10000244,B站专线-盒子V2 10000244,1,1
abf623f141ab8b1d72df2b7c603eb742,10000292,FQCDNV,10000244,B站专线-盒子V2 10000244,0,1
ac067a265595228f430cd2f48d9db80f,1382680008,1382680008,10000191,腾讯专线-80 10000191,0,0
ac1540056b5417dff48776db2de23bc9,10000292,FQCDNV,10000292,七牛CDN-虚拟业务10000292 10000292,1,1
ac2bc90002a122e5c997531c1df5365c,10000064,10000064,10000244,B站专线-盒子V2 10000244,0,0
ac313bc6a67f62fd41314afaab93bd84,10000079,10000079,10000244,B站专线-盒子V2 10000244,0,1
ac31c335b387ecb45d15c9a2e453f18c,10000292,FQCDNV,10000244,B站专线-盒子V2 10000244,0,1
ac36964d01b97cba8be13d5077e239c6,10000019,10000019,10000244,B站专线-盒子V2 10000244,0,0
ac5566a080aacccae0c0820441bac8d8,10000294,10000294,1382680008,字节CDN专线 1382680008,0,0
acba3e4f211853e90dc7d40a91326494,10000019,10000019,10000244,B站专线-盒子V2 10000244,0,0
accb269124b1bbe96630739ac4bc6adb,10000244,10000244,10000244,B站专线-盒子V2 10000244,1,1
acd05c1e7c6fdcdd200f455a711d8b55,10000244,10000244,10000244,B站专线-盒子V2 10000244,1,1
acdda6978451c270658f9bfc6a7f7933,10000019,10000019,10000244,B站专线-盒子V2 10000244,0,0
ace77e1fac531ebf4c856a6fa36ac4ed,10000292,FQCDNV,10000292,七牛CDN-虚拟业务10000292 10000292,1,1
ad24586d2871780981b22bd17741d0eb,10000079,10000079,1380460970,七牛CDN 1380460970,0,0
ad372f4b18f0945547219930e3813299,1380317970,1380317970,10000244,B站专线-盒子V2 10000244,0,0
ad71a1f6c7f0012ffc23db54a35d4bbd,10000123,10000123,10000244,B站专线-盒子V2 10000244,0,0
ad7ae78164d216e2158cbcea0e6c2dc1,10000244,10000244,1381526443,爱奇艺 1381526443,0,0
ad8a8f3bf93725a626a8594a780cdbbf,10000079,10000079,10000079,字节架构汇聚V2 10000079,1,1
ad8deee125ca8cb97660646d7da6df62,10000292,FQCDNV,1380460970,七牛CDN 1380460970,0,0
adb26ba1f6446e111aea837812701711,10000064,10000064,10000244,B站专线-盒子V2 10000244,0,0
add975818bab2a573f089cd240685ce6,10000139,10000139,10000244,B站专线-盒子V2 10000244,0,0
ade049ff8037fffa87f3bac84690fb12,10000069,10000069,10000014,百度XCDN专线 10000014,0,0
ae384bb581c26d632be14bc688622ac2,10000123,10000123,10000292,七牛CDN-虚拟业务10000292 10000292,0,1
aeab81c891cf5008485d89aff642ea9c,10000191,10000191,1380460970,七牛CDN 1380460970,0,0
aeda1a1845020024646ea5374ef30a7b,10000064,10000064,10000244,B站专线-盒子V2 10000244,0,0
af06a42f8ff2b11d1f5e2dab684352b8,10000064,10000064,10000244,B站专线-盒子V2 10000244,0,0
af0b8350d8d44c8762e7cb9d8e143a45,10000292,FQCDNV,10000244,B站专线-盒子V2 10000244,0,1
af0df1f2be7b4ded65d6ddc2a446e097,10000064,10000064,10000244,B站专线-盒子V2 10000244,0,0
af1d3b477debac0379e5aa5dec18a158,10000064,10000064,10000292,七牛CDN-虚拟业务10000292 10000292,0,0
af236b731b61800d2ae6086c321775ff,10000244,10000244,10000244,B站专线-盒子V2 10000244,1,1
af2716c1abc8474d0b2e9f2c3f0f4279,10000123,10000123,10000292,七牛CDN-虚拟业务10000292 10000292,0,0
af3c09d2017d3be1704174d71864c0f0,10000079,10000079,10000244,B站专线-盒子V2 10000244,0,1
af457cbce2d7be97c9170deddc7bd6cc,10000019,10000019,10000244,B站专线-盒子V2 10000244,0,0
af70fb0d54724679978c7e55c1279afc,10000123,10000123,10000292,七牛CDN-虚拟业务10000292 10000292,0,1
af7267888462d6ec1aebe7d99fdbb7d7,10000079,10000079,10000244,B站专线-盒子V2 10000244,0,1
af73d69c9cdce8b1da1e7857d929c991,10000079,10000079,10000096,字节架构专线V3 10000096,0,0
af8c8419bd108c55ff51c8a9238280d5,10000079,10000079,1381526443,爱奇艺 1381526443,0,0
af90ee15015a7e39651329f6ce73e6c4,10000292,FQCDNV,10000244,B站专线-盒子V2 10000244,0,1
afae557ba13fe73ce9a53bf6b7466ef3,10000183,10000183,10000096,字节架构专线V3 10000096,0,1
afbc2cef3b9105d2271e9700156ffdbe,10000244,10000244,10000244,B站专线-盒子V2 10000244,1,1
afbee28f092ded7aa3ac6f77ef0b0193,10000079,10000079,10000244,B站专线-盒子V2 10000244,0,1
afcdc32de12ad6a56362563c730be50a,10000123,10000123,10000244,B站专线-盒子V2 10000244,0,0
afdfc45ce7c5d651fa58eceb2516eb1d,10000244,10000244,10000244,B站专线-盒子V2 10000244,1,1
b01fa7def36451536a1f2cf9b7b5bc20,10000079,10000079,10000244,B站专线-盒子V2 10000244,0,1
b02f74928701d62b81c297369b83afc6,10000292,FQCDNV,10000244,B站专线-盒子V2 10000244,0,1
b03dc13a82a4f8931009a9dea1f6a717,10000064,10000064,10000244,B站专线-盒子V2 10000244,0,1
b09ac3e44817b990b7c3014fb31de54a,10000183,10000183,10000304,快手严选 10000304,0,0
b0a6f15203e6d667a66e779f31e6b4f9,10000064,10000064,10000244,B站专线-盒子V2 10000244,0,0
b0c28b14ea78faeeff063e9419eba002,10000123,10000123,10000292,七牛CDN-虚拟业务10000292 10000292,0,0
b0cb9818a99b830433b6169f019de258,10000292,FQCDNV,10000244,B站专线-盒子V2 10000244,0,1
b12f95572fb898dcd0f5e55690fb7281,10000314,10000314,1380460970,七牛CDN 1380460970,0,0
b13e720ff6ad8bccedeedb79eece0047,10000064,10000064,10000244,B站专线-盒子V2 10000244,0,0
b14345cf2c71562f7d2a6439bb5aed52,10000292,FQCDNV,10000244,B站专线-盒子V2 10000244,0,1
b151520b816d65ddbae5b92ddba4f1b3,10000064,10000064,10000014,百度XCDN专线 10000014,0,0
b15ba1b926de37e33dded903ae8721fe,10000123,10000123,10000244,B站专线-盒子V2 10000244,0,0
b1787123af92a9e2c0fa359fae13d4f2,10000064,10000064,10000244,B站专线-盒子V2 10000244,0,0
b1803a55e00d10ffdc79e76c7a9f9a98,10000292,FQCDNV,10000292,七牛CDN-虚拟业务10000292 10000292,1,1
b1a41e66d43b60f94f0ff2e4b494f99d,10000292,FQCDNV,10000244,B站专线-盒子V2 10000244,0,1
b1afdddb67f1f451174d288370dab069,10000316,10000316,10000292,七牛CDN-虚拟业务10000292 10000292,0,0
b1c0a39eb5c912c1de797a00d9c376ca,1381526443,1381526443,1381526443,爱奇艺 1381526443,1,1
b1ccce73f906dcbb308cf3255501584a,10000244,10000244,10000244,B站专线-盒子V2 10000244,1,1
b1d8a994df686330c68bf2c551e20629,10000064,10000064,10000069,腾讯汇聚P2P 10000069,0,0
b1e349625ce1509b2ccf80f66c221edb,10000244,10000244,10000244,B站专线-盒子V2 10000244,1,1
b2077ca85d53c7065e6f6c74db3a094d,10000064,10000064,10000244,B站专线-盒子V2 10000244,0,0
b229d27b20f4974b2a9f14458a9b4cc2,10000244,10000244,10000244,B站专线-盒子V2 10000244,1,1
b23300daeeb7e0d1c61362d6d3acc980,10000294,10000294,10000294,优酷汇聚晚高峰 10000294,1,1
b27a7bd78434a038d498d8628fd8dec6,10000224,10000224,10000183,B站专线-盒子 10000183,0,1
b2a4e029d4d156e3a75a75fb0de7bee2,10000064,10000064,10000244,B站专线-盒子V2 10000244,0,0
b2baf01d21bfa929e54b816bb4aaa3d9,10000069,10000069,10000292,七牛CDN-虚拟业务10000292 10000292,0,0
b2c0a73374e270e094abab7750f43ae1,10000123,10000123,10000244,B站专线-盒子V2 10000244,0,0
b2e40d2cc02ce29f55288020597ada2d,10000304,10000304,10000292,七牛CDN-虚拟业务10000292 10000292,0,0
b2eafec786594f98b082ab6bacf8615b,10000292,FQCDNV,10000304,快手严选 10000304,0,1
b2f450b01521198c459b41192b51b89f,10000292,FQCDNV,10000244,B站专线-盒子V2 10000244,0,1
b30c91c71b8abb1a26672fdc63e85249,10000123,10000123,10000244,B站专线-盒子V2 10000244,0,0
b311139510ffeb22bed2e206a8a8dda3,10000292,FQCDNV,10000244,B站专线-盒子V2 10000244,0,1
b3185af8a41c41ef389ecff3f5f09e05,10000079,10000079,10000244,B站专线-盒子V2 10000244,0,1
b349e20776381a682c55be4265560ff5,10000300,10000300,10000292,七牛CDN-虚拟业务10000292 10000292,0,0
b3683e1fb71517c9b6f6a81136ada6ca,10000244,10000244,10000244,B站专线-盒子V2 10000244,1,1
b389f805622bd9fdf0120262508311f4,10000244,10000244,10000183,B站专线-盒子 10000183,0,1
b3992360ec064e609e74f3b8a1d2c6ad,10000304,10000304,10000292,七牛CDN-虚拟业务10000292 10000292,0,1
b3b61080449f44851dc7e32cbc80b1c4,10000244,10000244,10000244,B站专线-盒子V2 10000244,1,1
b3bbbaa0f45bb3f7041fd322096e987d,10000079,10000079,10000183,B站专线-盒子 10000183,0,0
b3be9a5fd3f70f234514efaf62e90b4f,10000079,10000079,10000244,B站专线-盒子V2 10000244,0,1
b3d7606a6e31b3e156ab31aa1c36442e,10000000,10000000,10000224,字节CDN专线V4 10000224,0,0
b3f9002a8fbe59866ef6c56fec44f000,10000079,10000079,10000244,B站专线-盒子V2 10000244,0,1
b40b931a66d742838753a6d9cec9f0a8,10000079,10000079,10000244,B站专线-盒子V2 10000244,0,1
b41896b172c74c66aab71531ba2fd3e1,10000079,10000079,10000294,优酷汇聚晚高峰 10000294,0,1
b4304015fde0b400c42e8318c802dbd3,10000244,10000244,10000244,B站专线-盒子V2 10000244,1,1
b445ec91799f10311f3fbf1b72998deb,10000079,10000079,10000244,B站专线-盒子V2 10000244,0,1
b483665b33740f241ec6ed0604c863d8,10000281,FQTZV,10000034,优酷专线 10000034,0,0
b488b4b51add2e3d674fcc612d6ccd92,10000292,FQCDNV,10000069,腾讯汇聚P2P 10000069,0,0
b490a06d6872efe990b85675b16d203a,10000304,10000304,10000191,腾讯专线-80 10000191,0,0
b490c014f8a2a6a5bfea45bf40b873d0,10000064,10000064,10000292,七牛CDN-虚拟业务10000292 10000292,0,1
b4a839ae457663bead00d207a3a90aa3,10000123,10000123,10000244,B站专线-盒子V2 10000244,0,0
b4e55e5d137850515b471c46a18e331d,10000064,10000064,10000244,B站专线-盒子V2 10000244,0,0
b4e9bac5ace159c861c6b1487426e15b,10000079,10000079,1382680008,字节CDN专线 1382680008,0,0
b4f0549700b3ed1451ca04e49c85f63f,10000123,10000123,10000244,B站专线-盒子V2 10000244,0,0
b51311623184439a94e13f2869097268,10000244,10000244,10000244,B站专线-盒子V2 10000244,1,1
b5186f2cabec64b2b301046e8694f6ae,10000079,10000079,1380460970,七牛CDN 1380460970,0,0
b52809566a9f7f2dd0a734574e142963,10000244,10000244,10000244,B站专线-盒子V2 10000244,1,1
b57e9942e18b7276f1ada7b45d1254be,10000064,10000064,10000244,B站专线-盒子V2 10000244,0,0
b581abe4a2df5bbfbb6be5c7f04923a8,1380317970,1380317970,10000244,B站专线-盒子V2 10000244,0,0
b58d5f51946e64f748b7734aa0ed5bf0,10000079,10000079,1380460970,七牛CDN 1380460970,0,0
b58edbe1f6b2df7336634767b8ca5ed3,1380389889,1380389889,10000244,B站专线-盒子V2 10000244,0,0
b59b045d7bb45873e785c56909009f55,10000064,10000064,10000244,B站专线-盒子V2 10000244,0,0
b5a0977a4ffeb636c83d75187c7dd34d,10000064,10000064,10000292,七牛CDN-虚拟业务10000292 10000292,0,0
b5a24e41c253b362c4105af7cd4c95e1,10000079,10000079,10000244,B站专线-盒子V2 10000244,0,1
b5b1b15661badb5b328b3e942347903b,10000069,10000069,10000244,B站专线-盒子V2 10000244,0,0
b5cf2d162607b20ec507c618a587803f,1382680008,1382680008,1380460970,七牛CDN 1380460970,0,0
b5df00805f128e9e54dbff5136952702,10000123,10000123,10000244,B站专线-盒子V2 10000244,0,0
b5fee9ce73ad0d58bcd8ecf693b5d737,10000064,10000064,10000244,B站专线-盒子V2 10000244,0,0
b60d73fbbf692ecc7d12fb4fa14110f7,10000123,10000123,10000244,B站专线-盒子V2 10000244,0,0
b6164946d93981719a09de9d4c690baf,10000064,10000064,10000244,B站专线-盒子V2 10000244,0,0
b61b65b6d50ef2a3e3e400bb5f67a725,10000001,10000001,10000244,B站专线-盒子V2 10000244,0,0
b626cb557d663e34eb1fb152158583d6,10000079,10000079,10000244,B站专线-盒子V2 10000244,0,1
b6368ca08c17715b539aeb44932d4dbb,1382680008,1382680008,1382680008,字节CDN专线 1382680008,1,1
b64b38f4d604f9d08a7c9af0cd6e0870,10000079,10000079,10000244,B站专线-盒子V2 10000244,0,1
b64e537110d54bbcb32253041f0fb313,10000244,10000244,10000244,B站专线-盒子V2 10000244,1,1
b65697c829a0c86893df11ab1f2ff81f,10000244,10000244,10000244,B站专线-盒子V2 10000244,1,1
b65f0cd89d8b3c4bd0cf8cbc76a62562,10000064,10000064,10000304,快手严选 10000304,0,0
b676a2c2588968aede2f5dfd0f32d1f5,10000079,10000079,10000244,B站专线-盒子V2 10000244,0,1
b68652d4e4a41238d9957de119bdbd9e,10000244,10000244,10000244,B站专线-盒子V2 10000244,1,1
b6ad833abac5792660336cdf34cd3d8c,10000079,10000079,1380460970,七牛CDN 1380460970,0,0
b6e3021c6d73a466cb9f410f50f14cc6,10000079,10000079,10000304,快手严选 10000304,0,0
b6eb8f6e3c51c680a519e5f66b4ae006,10000079,10000079,10000244,B站专线-盒子V2 10000244,0,1
b6ed1afbe9d0345d96705a532f22cbf1,10000281,FQTZV,1382680008,字节CDN专线 1382680008,0,1
b6f8e4bbcfb9117957bdd4930ca6aa47,10000183,10000183,10000034,优酷专线 10000034,0,0
b7117eb4dd60b48b544ced61088fd01c,10000292,FQCDNV,10000244,B站专线-盒子V2 10000244,0,1
b7285c3cb2fcf03f82f2738f42790197,10000064,10000064,10000244,B站专线-盒子V2 10000244,0,0
b73445dcf2c9a522a90684badc40d680,10000079,10000079,10000244,B站专线-盒子V2 10000244,0,1
b761b034e05a71114628124eb2b592bc,10000123,10000123,10000244,B站专线-盒子V2 10000244,0,0
b7679c6a01340c8beb93a0d929704646,10000064,10000064,10000292,七牛CDN-虚拟业务10000292 10000292,0,1
b76e795e4de48f836a336a9528ec467a,10000079,10000079,10000244,B站专线-盒子V2 10000244,0,1
b7824365554d7a7bdf8b648d08028624,10000064,10000064,10000244,B站专线-盒子V2 10000244,0,0
b798cb450f1ba9e75ecb83a3b3c22f07,10000079,10000079,10000244,B站专线-盒子V2 10000244,0,1
b7b2e31aee2dcaabd5b3f4b0d212d451,10000064,10000064,10000079,字节架构汇聚V2 10000079,0,1
b7b661d36cef2ef0465df143772e80bd,10000304,10000304,10000079,字节架构汇聚V2 10000079,0,0
b8147cb1d94c95e123c2db88a9b7e200,10000123,10000123,10000244,B站专线-盒子V2 10000244,0,0
b822006269720fd1ffd124069cbbfe16,1382649737,1382649737,10000244,B站专线-盒子V2 10000244,0,0
b834118bbdb5db399cd4318d40ccd98e,10000064,10000064,10000244,B站专线-盒子V2 10000244,0,0
b83be51498e851b8e35ab7f8c728de4a,10000304,10000304,10000292,七牛CDN-虚拟业务10000292 10000292,0,0
b83d909d0088b3ad3f824075dcc9ef47,10000244,10000244,10000244,B站专线-盒子V2 10000244,1,1
b847a4de25b5b27e9cfce097cbb1b999,10000064,10000064,10000064,百度小度 10000064,1,1
b84f006a3a160b032e42be2a13837c4d,10000294,10000294,1380460970,七牛CDN 1380460970,0,0
b853c31552def00b038eed25918ace44,10000304,10000304,10000304,快手严选 10000304,1,1
b8643c2c4af8e19f9a2d8e542d6101ba,10000000,10000000,10000224,字节CDN专线V4 10000224,0,0
b886460d6b412d4976d790391a95e613,10000069,10000069,10000292,七牛CDN-虚拟业务10000292 10000292,0,0
b88cd6ab31d9064503b8417f2720bacc,10000123,10000123,10000244,B站专线-盒子V2 10000244,0,0
b8a9b84b218444f36dc3e79e82500c38,10000292,FQCDNV,10000064,百度小度 10000064,0,1
b8b0addcd9148177216141a89583c74c,10000183,10000183,10000096,字节架构专线V3 10000096,0,1
b8d73a90f7df4034bb2038091bd7750b,10000064,10000064,10000292,七牛CDN-虚拟业务10000292 10000292,0,1
b8dd68eacb961076a22311df5af179aa,10000088,10000088,10000244,B站专线-盒子V2 10000244,0,0
b8e1341bd9db8b72eeb453f6588c8c28,10000244,10000244,10000244,B站专线-盒子V2 10000244,1,1
b8e3d5819a96d4a2cbb1d1d604e5fc14,10000183,10000183,1382680008,字节CDN专线 1382680008,0,1
b8e9640981dadbf1d612f8bd922b92c9,10000292,FQCDNV,10000244,B站专线-盒子V2 10000244,0,1
b8ec280225675fa4d4ceadd1b9655ef4,1380389889,1380389889,10000079,字节架构汇聚V2 10000079,0,0
b8f3a26fb7c6b05ae4f69a32d5f3d592,10000314,10000314,10000183,B站专线-盒子 10000183,0,0
b8fdab9585074b1abaf19de5108bacf6,10000064,10000064,10000292,七牛CDN-虚拟业务10000292 10000292,0,1
b90516585516b2a38e795e15dec65b25,10000079,10000079,10000244,B站专线-盒子V2 10000244,0,1
b91777eb0fc0f928358fa5cb1af6e709,10000294,10000294,1382680008,字节CDN专线 1382680008,0,0
b92a7459f4fb9a1ae946722f7294e570,10000123,10000123,10000292,七牛CDN-虚拟业务10000292 10000292,0,1
b92b22132e0756d7e0fafa2dc52e6c23,10000079,10000079,10000244,B站专线-盒子V2 10000244,0,1
b94777bf19b474c1467b3b12ca1f882c,10000292,FQCDNV,10000244,B站专线-盒子V2 10000244,0,1
b9730ae79505c000402d63bcf672677f,10000244,10000244,10000244,B站专线-盒子V2 10000244,1,1
b98514dfa93f838b0db5fc00c9c5bb9a,10000001,10000001,10000244,B站专线-盒子V2 10000244,0,0
b9aa6f88dca4d3c7d1548617aae9304a,10000079,10000079,10000244,B站专线-盒子V2 10000244,0,1
b9ad908ee70b73e9cccd1bf1e2556fef,10000123,10000123,10000244,B站专线-盒子V2 10000244,0,0
b9f73bba2e7b52750602163a972edafe,10000244,10000244,10000244,B站专线-盒子V2 10000244,1,1
ba18ed619ae238352e0049cc89b8f48d,10000300,10000300,10000292,七牛CDN-虚拟业务10000292 10000292,0,0
ba1cbe484b96bbe32db20674a14b7bb3,10000079,10000079,10000244,B站专线-盒子V2 10000244,0,1
ba31aea79156bd226aca16032eb8bff8,10000064,10000064,10000244,B站专线-盒子V2 10000244,0,1
ba36005e187fd4a4f5d789fac862b19d,10000079,10000079,10000244,B站专线-盒子V2 10000244,0,1
ba4af6553a03556609793d4b1d3ea182,10000244,10000244,10000244,B站专线-盒子V2 10000244,1,1
ba4f39a33e1665a27b00410afcc82e6c,10000079,10000079,10000244,B站专线-盒子V2 10000244,0,1
ba6c708d5deb00301cc6598b56b15afe,10000314,10000314,1382649737,腾讯专线 1382649737,0,0
bab3c365d47bab1d1fbdbb5010e81598,10000244,10000244,1380460970,七牛CDN 1380460970,0,1
babff00654034075a78d4ac5b6d4036b,10000064,10000064,10000292,七牛CDN-虚拟业务10000292 10000292,0,1
bad6546233d877f7040ded52d7364610,10000292,FQCDNV,10000069,腾讯汇聚P2P 10000069,0,0
bb0e76d0b52fca3b867ce8959245143e,10000244,10000244,10000244,B站专线-盒子V2 10000244,1,1
bb131db88ede14d6c751bfeb2c874306,10000244,10000244,10000244,B站专线-盒子V2 10000244,1,1
bb15e1c1f63483f312037772cc286d74,10000079,10000079,10000244,B站专线-盒子V2 10000244,0,1
bb1d64b1d567a622884eb6e6fe93206d,10000079,10000079,10000244,B站专线-盒子V2 10000244,0,0
bb41654e3addc13aae4b22a1ed2ac92d,10000079,10000079,10000244,B站专线-盒子V2 10000244,0,1
bb9af80bc4d830fd71c1eed0d86e3614,10000079,10000079,10000244,B站专线-盒子V2 10000244,0,1
bba20c5876f51591dd757b95deff0ddc,10000079,10000079,10000304,快手严选 10000304,0,0
bbaaa1d29ed4c7914da86177861f8e76,10000001,10000001,10000292,七牛CDN-虚拟业务10000292 10000292,0,0
bbb25aa3b727c80c2367c069ba3181b3,10000292,FQCDNV,10000244,B站专线-盒子V2 10000244,0,1
bbb4f30b54041ba2f65f6a2983d0f199,10000069,10000069,10000244,B站专线-盒子V2 10000244,0,1
bbc0b02aefd83e9de788ffee7b03f2f7,10000123,10000123,10000244,B站专线-盒子V2 10000244,0,0
bc1d2d6576bca5115094fa311527819c,10000304,10000304,10000244,B站专线-盒子V2 10000244,0,1
bc4065d5dd760cefc64effafe548bc8a,10000292,FQCDNV,10000292,七牛CDN-虚拟业务10000292 10000292,1,1
bc582a4f19f4c6c6154a1a07e673b443,10000019,10000019,10000005,快手直播 10000005,0,0
bc6a1c9cba7a0971b059a745973d6d26,10000294,10000294,10000304,快手严选 10000304,0,0
bc807ab38a66ae8a264b5335c6cd9e50,10000304,10000304,10000244,B站专线-盒子V2 10000244,0,0
bc820800276807850e5007b85beaaebd,10000064,10000064,10000244,B站专线-盒子V2 10000244,0,0
bca22c04a94fb0b6f84d41f636c9ff6b,10000079,10000079,1380460970,七牛CDN 1380460970,0,0
bcaf511c0cfdacf9d03a5cb377cc1643,10000123,10000123,10000244,B站专线-盒子V2 10000244,0,0
bcbd5a0912fff9026fccfbc9665cb9a0,10000079,10000079,10000244,B站专线-盒子V2 10000244,0,0
bccb5431c19d5acee9e9e495487fb039,10000292,FQCDNV,10000244,B站专线-盒子V2 10000244,0,1
bcd5a1e79ea84f0e739f315963e68450,10000123,10000123,10000244,B站专线-盒子V2 10000244,0,0
bceaa6ff6c67442ab1f3e0f44394c4a9,10000244,10000244,10000244,B站专线-盒子V2 10000244,1,1
bcfaab6c78e15f72cac56d83a825075e,10000069,10000069,10000292,七牛CDN-虚拟业务10000292 10000292,0,0
bd21e92f0554eee2553272b76d03990c,10000292,FQCDNV,10000244,B站专线-盒子V2 10000244,0,1
bd27b747ddaf250832ff57f979d026f2,10000294,10000294,10000034,优酷专线 10000034,0,0
bd670a83ea3dc2761a52882c305b10ee,10000292,FQCDNV,10000292,七牛CDN-虚拟业务10000292 10000292,1,1
bd6ec2401cc545269c072bf4b92fd252,10000064,10000064,10000064,百度小度 10000064,1,1
bd7f02c14956d67aa1e6ad3f8ba7760f,10000292,FQCDNV,10000244,B站专线-盒子V2 10000244,0,1
bd80dab78c05f8381f56ca8cc223de19,10000292,FQCDNV,10000244,B站专线-盒子V2 10000244,0,1
bd9a608bf0d624ba2f0ddb7c845d84bf,10000064,10000064,10000244,B站专线-盒子V2 10000244,0,0
bda47b7cc2ad05d5291284c125c93bbd,10000079,10000079,10000244,B站专线-盒子V2 10000244,0,1
bdbcae333ee564e2d4963d1f44bc72a3,10000074,10000074,10000244,B站专线-盒子V2 10000244,0,0
bdbd50ee98af9337ee9e63fdcf41b833,10000079,10000079,10000079,字节架构汇聚V2 10000079,1,1
bdcadc7f15930d5675adae3614edf3cc,10000074,10000074,10000244,B站专线-盒子V2 10000244,0,1
bdd31f9a4196fa02076af36189be8158,10000292,FQCDNV,10000244,B站专线-盒子V2 10000244,0,1
bddd58a1f995899aba0efa1ee3f31ab1,10000088,10000088,10000224,字节CDN专线V4 10000224,0,0
bde367245d5ab50692f88763a6df1b2d,1382649737,1382649737,10000096,字节架构专线V3 10000096,0,0
bdebd7a51117739d81a642e8dd8b5d14,10000079,10000079,1380460970,七牛CDN 1380460970,0,0
be14ed8f879c634af1f74090d772e1d3,10000244,10000244,10000244,B站专线-盒子V2 10000244,1,1
be1ae479aae8f171f3eb6dd9d508f4d3,10000088,10000088,10000244,B站专线-盒子V2 10000244,0,0
be49261247d54aefa5208da108f113dd,10000244,10000244,10000244,B站专线-盒子V2 10000244,1,1
be5cf5e28ca5a4b1d5128b89b99d347c,10000123,10000123,10000244,B站专线-盒子V2 10000244,0,0
be9785451085fddb74b02a8571392b07,10000294,10000294,10000244,B站专线-盒子V2 10000244,0,0
bea155e39ebfdd5b67f15f32a12237d2,10000304,10000304,10000244,B站专线-盒子V2 10000244,0,0
bea6056b4cb6f9c38cfef77f201c5798,10000064,10000064,10000292,七牛CDN-虚拟业务10000292 10000292,0,1
bea75c7304381d35a76b7ecda9536ff0,10000079,10000079,10000244,B站专线-盒子V2 10000244,0,0
bec3f198c2d52f24f22a602c8a21ca5e,10000088,10000088,10000244,B站专线-盒子V2 10000244,0,0
bf1b2ba9a60068d34ecc90077753a0c4,10000019,10000019,10000244,B站专线-盒子V2 10000244,0,0
bf414519039d8cd671bc16b3636d3577,10000088,10000088,10000244,B站专线-盒子V2 10000244,0,1
bf6dbe9b5208387f871aba9466f3ff16,10000303,10000303,10000069,腾讯汇聚P2P 10000069,0,0
bf75779caa2482d11b61fe20b3e0193e,10000292,FQCDNV,10000292,七牛CDN-虚拟业务10000292 10000292,1,1
bfb23bc50af1e13610eedf11f24d2081,10000064,10000064,10000244,B站专线-盒子V2 10000244,0,0
bfd536c50798e652e79fb8acd1bf826b,10000244,10000244,10000244,B站专线-盒子V2 10000244,1,1
bfd8451265bc3d61877a1274d4664679,10000304,10000304,10000034,优酷专线 10000034,0,0
bfdbf1601ef52437a5caba4c63d100d7,10000079,10000079,1382680008,字节CDN专线 1382680008,0,0
bfe2c0e94935fb87a7ed8b8ab7951a25,10000281,FQTZV,10000304,快手严选 10000304,0,0
bff4b7a4493025adcb9553c593924a06,10000292,FQCDNV,10000244,B站专线-盒子V2 10000244,0,1
c006b65b71485753c35cc409a7daf627,10000244,10000244,10000244,B站专线-盒子V2 10000244,1,1
c01b2177f0027a6ba76466bc0d84ea63,10000122,10000122,10000244,B站专线-盒子V2 10000244,0,0
c0308a81cc10d7598eef9ed5039d4464,10000079,10000079,10000244,B站专线-盒子V2 10000244,0,1
c044fc919ac786c4ce368f5e7f39ef0a,10000123,10000123,10000244,B站专线-盒子V2 10000244,0,0
c04521cfdb0a5dfad41388bf976d73dd,10000304,10000304,10000304,快手严选 10000304,1,1
c04d1e2361ce27307bdad672c9430be7,1380389889,1380389889,1381526443,爱奇艺 1381526443,0,0
c05c0f8c34f67d411e62171a0f20f00b,10000244,10000244,10000244,B站专线-盒子V2 10000244,1,1
c06b38b8409b792bd203a38b606cffab,10000069,10000069,10000096,字节架构专线V3 10000096,0,0
c09e2f3e861d290e240b089678d4f624,10000079,10000079,10000244,B站专线-盒子V2 10000244,0,1
c09e2f3e861d290e575d30ae5aad2624,10000079,10000079,10000244,B站专线-盒子V2 10000244,0,1
c09e2f3e861d290e8c67cc4fc26d9624,10000079,10000079,10000244,B站专线-盒子V2 10000244,0,1
c09e2f3e861d290e976368c985aec624,10000064,10000064,1381526443,爱奇艺 1381526443,0,0
c09e2f3e861d290ebbb72ca80d1a6624,10000079,10000079,10000244,B站专线-盒子V2 10000244,0,1
c09e2f3e861d290ec336f41b245cb623,10000079,10000079,10000244,B站专线-盒子V2 10000244,0,1
c09e2f3e861d290edc2566554da9e624,10000079,10000079,10000244,B站专线-盒子V2 10000244,0,1
c0a981e3d48747a41a81f472cd2c73c5,10000079,10000079,10000244,B站专线-盒子V2 10000244,0,1
c0ab4dab254708929bcabfe0d12ff2c4,10000122,10000122,10000244,B站专线-盒子V2 10000244,0,0
c0b1e56095aea14e63b8ebfdf7aa50c3,10000074,10000074,10000244,B站专线-盒子V2 10000244,0,1
c0cc9445dcb33fcd5747d12224ecdd2b,10000064,10000064,10000244,B站专线-盒子V2 10000244,0,0
c0da036954fa2ce154e662d6f495f975,1381526443,1381526443,10000244,B站专线-盒子V2 10000244,0,1
c0eafc479b9b19bf7e818413c3e491bb,10000041,10000041,10000079,字节架构汇聚V2 10000079,0,0
c12bee7b0c9d80a99ee0917bb2e68b9d,10000292,FQCDNV,10000074,腾讯直连独立 10000074,0,0
c12c0b2b0cc2a70647f3780f588ce112,10000064,10000064,10000244,B站专线-盒子V2 10000244,0,0
c145b6911ff0b7ba34f5dba7d0dfadfe,10000304,10000304,10000183,B站专线-盒子 10000183,0,0
c160a6a09b38171512fd7943fa3c55a4,10000123,10000123,10000064,百度小度 10000064,0,1
c1787fe1819465710c65b0d51a2fe739,10000244,10000244,10000244,B站专线-盒子V2 10000244,1,1
c1787fe181946571262d143120352739,10000244,10000244,10000244,B站专线-盒子V2 10000244,1,1
c1787fe181946571652f92f0b24a9739,10000064,10000064,10000292,七牛CDN-虚拟业务10000292 10000292,0,1
c1787fe1819465717a4623eb224da739,10000244,10000244,10000244,B站专线-盒子V2 10000244,1,1
c1787fe18194657187b44974760f9739,10000244,10000244,10000244,B站专线-盒子V2 10000244,1,1
c1787fe181946571e04941cc45673739,10000244,10000244,10000244,B站专线-盒子V2 10000244,1,1
c1787fe181946571ec0e520bdd568739,10000088,10000088,10000191,腾讯专线-80 10000191,0,0
c1787fe181946571f28da328abef3739,10000064,10000064,10000292,七牛CDN-虚拟业务10000292 10000292,0,1
c1787fe181946571f31561c607bd8739,10000123,10000123,10000244,B站专线-盒子V2 10000244,0,0
c17945e211fcd2f4d4794134c5cafe23,10000312,10000312,10000292,七牛CDN-虚拟业务10000292 10000292,0,0
c17d7d344ea5921bca2f135762055d12,10000079,10000079,10000244,B站专线-盒子V2 10000244,0,1
c17ef04f4561ebe689103a238d2441e8,10000244,10000244,10000244,B站专线-盒子V2 10000244,1,1
c183c147346e1c7a3759953ae47054eb,10000183,10000183,10000096,字节架构专线V3 10000096,0,1
c1878ec1126cd9f5a80682010f3f2c6b,10000079,10000079,10000244,B站专线-盒子V2 10000244,0,1
c188ccbb012eade96002c9589dca40b3,10000069,10000069,10000292,七牛CDN-虚拟业务10000292 10000292,0,0
c189cfeb8827fef148f7bf2272e16891,10000244,10000244,10000244,B站专线-盒子V2 10000244,1,1
c18aeb662061d1de2555cbaf3a253442,10000079,10000079,10000244,B站专线-盒子V2 10000244,0,1
c1a027d67e5cdb35ede15bd5b2b222ca,10000292,FQCDNV,10000244,B站专线-盒子V2 10000244,0,1
c1ba729f589c5fd0da9c63e280daf433,10000079,10000079,10000096,字节架构专线V3 10000096,0,0
c1f2130f3bf7d170ca76a50a9697c499,10000064,10000064,10000244,B站专线-盒子V2 10000244,0,0
c1f62ce5f6a7b578fc9bdda0f51706f1,10000079,10000079,10000244,B站专线-盒子V2 10000244,0,1
c1fc6bc5e32a17d5e88d3ab6e7fbbee8,10000064,10000064,10000014,百度XCDN专线 10000014,0,0
c21ef3a83b7725432d6ef1eb0e2862d6,10000064,10000064,10000244,B站专线-盒子V2 10000244,0,0
c22a5ed5c57810aadd613f8fc687f3c9,1381526443,1381526443,10000244,B站专线-盒子V2 10000244,0,0
c22a96cb65f042c39d478b409b1333fb,1380389889,1380389889,10000244,B站专线-盒子V2 10000244,0,0
c24f311a37ab68fd45295a027769a0d4,10000292,FQCDNV,10000244,B站专线-盒子V2 10000244,0,1
c2602c9c5f8d2510e48d6a81cb382b13,10000079,10000079,10000244,B站专线-盒子V2 10000244,0,1
c26ca7ffd08989574cd5b6a9b1d938a9,10000304,10000304,10000034,优酷专线 10000034,0,0
c26cd3289fde29da495480bba0054e54,10000292,FQCDNV,10000292,七牛CDN-虚拟业务10000292 10000292,1,1
c287aa0386577e2e583d6d397d7ee669,10000088,10000088,10000244,B站专线-盒子V2 10000244,0,0
c2a781ff8bed25e0b1d84cca28678e5b,10000123,10000123,10000292,七牛CDN-虚拟业务10000292 10000292,0,0
c2abacc2c32a5c9d1943433b2657a1d6,10000079,10000079,10000014,百度XCDN专线 10000014,0,0
c2abd43c4261a5ae6d08f9706361ffdb,10000079,10000079,10000244,B站专线-盒子V2 10000244,0,1
c2c0ddf3838608400e11bb2d888f92d0,10000304,10000304,10000244,B站专线-盒子V2 10000244,0,0
c2c2a13b53bcae5798a68ba581f0ba83,10000292,FQCDNV,10000292,七牛CDN-虚拟业务10000292 10000292,1,1
c2e1b4448b646f7e59fd4ef74389a3e3,10000294,10000294,10000304,快手严选 10000304,0,0
c2f7604c400af99ab603d17a1f895a30,10000244,10000244,10000244,B站专线-盒子V2 10000244,1,1
c2fa82f6c596849813b5552808951ab3,10000088,10000088,1382680008,字节CDN专线 1382680008,0,0
c3201fc168fdb2eb87e3d3c46341c905,10000244,10000244,10000244,B站专线-盒子V2 10000244,1,1
c3204382faa2d187ab58f0a8ecfe32a3,10000281,FQTZV,10000034,优酷专线 10000034,0,0
c3301a69a3ea4c1bd580102d5c2da75c,1382649737,1382649737,1382680008,字节CDN专线 1382680008,0,0
c338d1d29199070a06941e35f71725d8,10000244,10000244,10000244,B站专线-盒子V2 10000244,1,1
c3661505ce332980c5c275ea7435af97,10000304,10000304,10000304,快手严选 10000304,1,1
c3b17b60be7ed08de22ddcdc505fccfc,10000294,10000294,10000244,B站专线-盒子V2 10000244,0,1
c3fe0d1232b8cc9531cbfcffd9468871,10000292,FQCDNV,10000244,B站专线-盒子V2 10000244,0,1
c405c8478c2f07cae6564eff254dd16c,10000244,10000244,10000244,B站专线-盒子V2 10000244,1,1
c416db5391bad1d3390b51f690c319c7,10000079,10000079,10000244,B站专线-盒子V2 10000244,0,1
c442cbee8397509b6524cd2cd1e05a6d,10000244,10000244,10000244,B站专线-盒子V2 10000244,1,1
c44359b6447ca3b9aa68e7a0246b843d,10000292,FQCDNV,10000244,B站专线-盒子V2 10000244,0,1
c474ee9ae03102674711338ffe552322,10000244,10000244,10000244,B站专线-盒子V2 10000244,1,1
c4bf9c0e143ec4e62711f99a46204ebf,10000292,FQCDNV,10000244,B站专线-盒子V2 10000244,0,1
c4ea191ad5390d04112cafe06e737091,10000001,10000001,10000292,七牛CDN-虚拟业务10000292 10000292,0,0
c4eac8089609459e905ee0cbe528ecc8,10000074,10000074,10000244,B站专线-盒子V2 10000244,0,1
c513b09d811ac824dca6a6597181ffbc,10000292,FQCDNV,10000244,B站专线-盒子V2 10000244,0,1
c5207914a06e9809d2c3f0a5664b0406,1381526443,1381526443,10000244,B站专线-盒子V2 10000244,0,0
c52141c5ddf99178767caca1a86a4054,10000064,10000064,10000244,B站专线-盒子V2 10000244,0,0
c5381a91f96fa3a4f2f9bfd47cd91a56,10000281,FQTZV,1380460970,七牛CDN 1380460970,0,0
c54952bc5b224195b663e1684090fcae,10000304,10000304,10000292,七牛CDN-虚拟业务10000292 10000292,0,0
c55ada39868880809cad42c708446bcf,10000244,10000244,10000244,B站专线-盒子V2 10000244,1,1
c56c78873e5b316558acd2e7a8270846,10000325,10000325,10000096,字节架构专线V3 10000096,0,1
c571bc790087abbbb9ed570da45f8382,10000079,10000079,1380460970,七牛CDN 1380460970,0,0
c5724e2f2b3b0f3c674c3c03dbcef513,10000019,10000019,10000244,B站专线-盒子V2 10000244,0,0
c5ad9c7d340cef191644651ba0d25512,10000292,FQCDNV,10000244,B站专线-盒子V2 10000244,0,1
c5bb28a50b75b6848fe64825a311c789,10000244,10000244,10000244,B站专线-盒子V2 10000244,1,1
c5c7f785aba6c04983d46986e1b06d61,10000244,10000244,10000244,B站专线-盒子V2 10000244,1,1
c5e38bbe0d558f26c2f99a3cc7fa36ed,10000292,FQCDNV,10000244,B站专线-盒子V2 10000244,0,1
c6007303a8ac7ac20c29e7799bff2668,1382680008,1382680008,1382680008,字节CDN专线 1382680008,1,1
c6120fd9940af3560b87e82b7c271401,10000123,10000123,10000244,B站专线-盒子V2 10000244,0,0
c6140586a792ab39e44ae6d57323682d,10000123,10000123,10000244,B站专线-盒子V2 10000244,0,0
c624da0e39f34f03ecb135fb1cde012b,10000304,10000304,10000244,B站专线-盒子V2 10000244,0,0
c63687b320e23973240068c93445dd19,10000123,10000123,10000244,B站专线-盒子V2 10000244,0,0
c66711c82103886f63e28da44fc0f81b,10000300,10000300,10000292,七牛CDN-虚拟业务10000292 10000292,0,0
c66f04e1851d7dc05d051fb30ce97cf3,1382490022,1382490022,10000069,腾讯汇聚P2P 10000069,0,0
c67715162e85cf8e45e2fd2fa4f44703,10000064,10000064,10000244,B站专线-盒子V2 10000244,0,0
c690386ce68a508160daff0309d5a471,10000088,10000088,10000244,B站专线-盒子V2 10000244,0,0
c69ffbd952664fffa6190c254cbc1f16,10000079,10000079,10000191,腾讯专线-80 10000191,0,0
c6d1ca4a6beb52d60c3f70c05fb62027,10000244,10000244,10000244,B站专线-盒子V2 10000244,1,1
c6d29c4f226345f18f3c5b312723015c,10000304,10000304,10000292,七牛CDN-虚拟业务10000292 10000292,0,1
c6ea8f5eb146da86faf29be4e416f0a3,10000244,10000244,10000244,B站专线-盒子V2 10000244,1,1
c719c2f4c8bb64a8c4cc5a5c5ec9267d,10000064,10000064,10000244,B站专线-盒子V2 10000244,0,0
c7363880120066bd3091f2492be62011,10000064,10000064,10000244,B站专线-盒子V2 10000244,0,0
c7440dc86aa1674a0da3de80a0b5cf4f,10000123,10000123,10000244,B站专线-盒子V2 10000244,0,0
c74ec9b956644f4197983476f3821992,10000019,10000019,10000244,B站专线-盒子V2 10000244,0,0
c76c01f50ef4a83e5ac3171c6183a87d,10000294,10000294,10000034,优酷专线 10000034,0,0
c76f3ee954f0aa82da0a54b556bb97da,10000244,10000244,10000244,B站专线-盒子V2 10000244,1,1
c7845ca5f72a148b3055a172a545a80d,10000064,10000064,10000244,B站专线-盒子V2 10000244,0,0
c784c1c5df83d864c24fb076da9a4e67,10000244,10000244,10000244,B站专线-盒子V2 10000244,1,1
c78e3169212de006bd96c587f90bf22c,10000244,10000244,1381526443,爱奇艺 1381526443,0,0
c7a3252839461092cea23096d2e396b4,10000064,10000064,10000244,B站专线-盒子V2 10000244,0,1
c7b0e1563357902e6addd77cc5497e80,10000292,FQCDNV,10000244,B站专线-盒子V2 10000244,0,1
c7c4a1ee4b320d4509e130ef07002ab1,10000244,10000244,10000244,B站专线-盒子V2 10000244,1,1
c8048c8cdfe809a8d8d0777f2716db17,10000282,FQCDNV,10000244,B站专线-盒子V2 10000244,0,1
c804964cb9474f28aae8725b1acd090f,10000079,10000079,10000244,B站专线-盒子V2 10000244,0,1
c8256411f5bc65c5bb0dbef19b336d2d,10000003,10000003,10000079,字节架构汇聚V2 10000079,0,1
c829d4bc416bbf65c37c0ce3212687e6,10000122,10000122,10000244,B站专线-盒子V2 10000244,0,0
c86574a5b13d4c4abef590970d9cb5eb,10000244,10000244,10000244,B站专线-盒子V2 10000244,1,1
c88d3216a7625f469f94a9d973b431a9,10000244,10000244,10000244,B站专线-盒子V2 10000244,1,1
c8a6b909285e5d2813fc3c3d2e4e8ab0,10000244,10000244,10000244,B站专线-盒子V2 10000244,1,1
c8ab4b6624c18a70307400e64e456cc2,10000244,10000244,10000244,B站专线-盒子V2 10000244,1,1
c8b422b5e7c075bede750a62b83e020c,10000054,10000054,1381526443,爱奇艺 1381526443,0,0
c9001389723dcf750af01cffc9ca9a1e,10000304,10000304,10000244,B站专线-盒子V2 10000244,0,1
c92c45e21dad0131bc7a71d5c3e4e175,10000064,10000064,10000064,百度小度 10000064,1,1
c955870344c27cd859bf8a1b3125880b,10000244,10000244,10000244,B站专线-盒子V2 10000244,1,1
c955c4deaac340d9fdad27378844bc46,10000300,10000300,10000292,七牛CDN-虚拟业务10000292 10000292,0,0
c97f3bf9d66e4f6be12fe39b3714c097,10000244,10000244,10000244,B站专线-盒子V2 10000244,1,1
c98bbe66a4d83f9488b48a15ad1bc2f8,10000003,10000003,10000244,B站专线-盒子V2 10000244,0,0
c9a72f8476d8abbc1f283f3e6ed472ad,1380389889,1380389889,10000079,字节架构汇聚V2 10000079,0,0
c9b500e225d59037a975b6508d59318a,1380389889,1380389889,10000244,B站专线-盒子V2 10000244,0,0
c9d27e251cacb76ab61c6d9df69005b6,10000294,10000294,10000244,B站专线-盒子V2 10000244,0,0
ca13f8ee1bf9b7f4445ad43558217532,10000279,FQTZV,1380460970,七牛CDN 1380460970,0,0
ca18835a6080052dce9377cc4f4e8f5f,10000244,10000244,10000244,B站专线-盒子V2 10000244,1,1
ca188f77c1d0399b140df43af0f781ce,10000019,10000019,10000244,B站专线-盒子V2 10000244,0,1
ca34b7d94dc6a16349ace77d190bde36,10000064,10000064,10000069,腾讯汇聚P2P 10000069,0,0
ca34c563936d2593b7775c1bf6accf56,10000064,10000064,10000244,B站专线-盒子V2 10000244,0,0
ca778889baff00b1e18653ca7a9147d2,10000294,10000294,10000244,B站专线-盒子V2 10000244,0,0
ca9f464f13c23e8fbae1a08959f927bc,10000294,10000294,1380460970,七牛CDN 1380460970,0,0
cacbf0611ca4550a3cb776d4370f687c,10000064,10000064,10000244,B站专线-盒子V2 10000244,0,1
cad9ff64afb0624f40ea8fa0659cf9bc,10000244,10000244,10000244,B站专线-盒子V2 10000244,1,1
cb22272f4ba7bc006e2f6fa2fd26ed1a,10000244,10000244,10000244,B站专线-盒子V2 10000244,1,1
cb34320b679bc0e78f576ed1be7a9f02,10000000,10000000,1380460970,七牛CDN 1380460970,0,0
cb3b1062ca01780a1ccf2295649c51a8,10000079,10000079,10000304,快手严选 10000304,0,0
cb4b56519f11a707eea18e8db02a51d8,10000123,10000123,10000244,B站专线-盒子V2 10000244,0,0
cb5481c8ce91091073120f28f67f8bc1,10000064,10000064,10000244,B站专线-盒子V2 10000244,0,0
cb578f4695aefdc2b3cfba54b4811be4,10000064,10000064,10000244,B站专线-盒子V2 10000244,0,0
cb6d0e4713998d484d469e89962ef8df,10000244,10000244,10000244,B站专线-盒子V2 10000244,1,1
cb826afdd430ed75162b976786cb1ca6,10000304,10000304,10000064,百度小度 10000064,0,0
cb9db23cc79b2051dbb25bbf30e859b7,10000292,FQCDNV,10000292,七牛CDN-虚拟业务10000292 10000292,1,1
cba126eb34144668b47e924fb0233dbf,10000244,10000244,10000244,B站专线-盒子V2 10000244,1,1
cba18424e281dc2ba44c036c7489c4d4,10000123,10000123,10000244,B站专线-盒子V2 10000244,0,0
cbdf38c4ff0fcba9f62dcea00152aa20,10000019,10000019,10000244,B站专线-盒子V2 10000244,0,0
cc0040e8a4b62a79ea75d12098bfc3ac,10000304,10000304,10000304,快手严选 10000304,1,1
cc0aa12adab7f8b7934789fd6bf55e95,10000079,10000079,10000244,B站专线-盒子V2 10000244,0,1
cc262ce63a36b2607af3a76c5f7d2b9d,10000292,FQCDNV,10000244,B站专线-盒子V2 10000244,0,1
cc3bc61fb5a606844cf85d86dca53afb,10000292,FQCDNV,10000292,七牛CDN-虚拟业务10000292 10000292,1,1
cc5f9a51e270c4bd50bfba5469d3f320,10000123,10000123,10000244,B站专线-盒子V2 10000244,0,0
cc7586e71b9508877654bb0230a0b000,10000244,10000244,10000244,B站专线-盒子V2 10000244,1,1
cc7586e71b950887e7a99f217efb6000,10000244,10000244,10000244,B站专线-盒子V2 10000244,1,1
cc86d6cd5330b9e0f8ee4db3615a244f,10000244,10000244,10000244,B站专线-盒子V2 10000244,1,1
cc8e8cec79b72790aff7619e60607984,10000064,10000064,10000244,B站专线-盒子V2 10000244,0,0
cc9241e18bc1f27ed597062df5d5e208,10000074,10000074,1382680008,字节CDN专线 1382680008,0,1
cd1966b5dff3b57e326e631f0c5ec8a2,10000304,10000304,10000292,七牛CDN-虚拟业务10000292 10000292,0,0
cd3651c382316fbbce4ed31bace5cb11,10000123,10000123,10000292,七牛CDN-虚拟业务10000292 10000292,0,1
cd45a96022ee3f76664599cf5091ae72,10000064,10000064,10000244,B站专线-盒子V2 10000244,0,0
cd51603a659d924a1e25314581975805,10000244,10000244,10000244,B站专线-盒子V2 10000244,1,1
cd81ad754ee8ab86a83bb03cfffe6def,10000304,10000304,10000096,字节架构专线V3 10000096,0,1
cd8ea46e833bf560233391813a7d2670,10000292,FQCDNV,10000244,B站专线-盒子V2 10000244,0,1
cd90fb8f7b3afb1e6af5b8a6b3c6b541,10000292,FQCDNV,10000244,B站专线-盒子V2 10000244,0,1
cdb51e59605790828a5a0e1c18690be5,10000064,10000064,10000244,B站专线-盒子V2 10000244,0,0
cdbc689b54a46fc27934abe4fb3652af,10000079,10000079,1380460970,七牛CDN 1380460970,0,0
cdec888dc6f53af27d3c16b4b56bccff,10000244,10000244,10000292,七牛CDN-虚拟业务10000292 10000292,0,1
cea0f4b67afe4d52aa2c659d27833883,10000244,10000244,10000244,B站专线-盒子V2 10000244,1,1
cea5eef3fc943b883bcfa36a767790ca,10000304,10000304,10000244,B站专线-盒子V2 10000244,0,0
ceb0f161b9285b5a385c0cb17d8140a9,10000064,10000064,10000244,B站专线-盒子V2 10000244,0,0
ceb7b0dd37dc1779f096c0319d29e1f2,10000304,10000304,10000096,字节架构专线V3 10000096,0,1
cf1de6f4993d86a1701ffb289f5be8aa,10000304,10000304,10000034,优酷专线 10000034,0,0
cf313f549b8fc8415d51bff75befa00b,10000304,10000304,10000292,七牛CDN-虚拟业务10000292 10000292,0,0
cf46748c829cc9308fc954f8bc1e2551,10000244,10000244,10000244,B站专线-盒子V2 10000244,1,1
cf57de7f66b04806d3997899dd92a5ca,10000123,10000123,10000244,B站专线-盒子V2 10000244,0,0
cf5d093f6a01aebe15ccb63df8f32c7e,10000123,10000123,10000244,B站专线-盒子V2 10000244,0,0
cf9e4a4c496432e7b93455909fa9475e,10000079,10000079,10000244,B站专线-盒子V2 10000244,0,1
cfb5338d8eb233236bcdb81f68571146,10000183,10000183,10000244,B站专线-盒子V2 10000244,0,0
cfcba04b10f8150757c160af31ebee5e,10000244,10000244,10000244,B站专线-盒子V2 10000244,1,1
d0217e307b496750d41a044779529700,10000282,FQCDNV,10000069,腾讯汇聚P2P 10000069,0,0
d044a7e7b266f125605ec612972e2ff5,10000244,10000244,10000244,B站专线-盒子V2 10000244,1,1
d0bc95fe755a9832f69224db44e5cfcb,10000304,10000304,10000078,七牛特招 10000078,0,0
d0d23785b7ac6f42077ed476e2838898,10000244,10000244,10000244,B站专线-盒子V2 10000244,1,1
d0ee2a9dbb8083c626ebcc7a64b65e74,10000292,FQCDNV,1381526443,爱奇艺 1381526443,0,1
d0fc79d45317b90ce201c28d5c066dc8,10000244,10000244,10000244,B站专线-盒子V2 10000244,1,1
d101c9b109c40e6a2532004db9b810c8,10000304,10000304,10000304,快手严选 10000304,1,1
d116d712d8744e3286f64b9e0beefe2a,10000244,10000244,10000244,B站专线-盒子V2 10000244,1,1
d126d2d5ebb37b71c8a36f7546e72129,10000292,FQCDNV,10000074,腾讯直连独立 10000074,0,0
d151841944e8b49b70b95360f31e9a80,10000074,10000074,10000244,B站专线-盒子V2 10000244,0,1
d1799c8d541455c17c1a4fa3b3952f19,10000079,10000079,10000244,B站专线-盒子V2 10000244,0,1
d1846445d55aa98f1780d8d9948a4a25,10000069,10000069,10000014,百度XCDN专线 10000014,0,0
d1957064b025a9bf39b95f731fe88d0a,10000064,10000064,10000244,B站专线-盒子V2 10000244,0,0
d19f87d5b5af56aab6ebe86c5f973d01,10000244,10000244,10000244,B站专线-盒子V2 10000244,1,1
d1aeb0bd1b9c8062d81520020eafe45d,10000079,10000079,10000096,字节架构专线V3 10000096,0,0
d203fe47473149d04eb81521420b6607,10000088,10000088,10000224,字节CDN专线V4 10000224,0,0
d2100393da07ad996c874430fff2ae58,10000183,10000183,10000304,快手严选 10000304,0,0
d23431225e1deec2d056e2f865666866,10000244,10000244,1381526443,爱奇艺 1381526443,0,1
d2367e073585dedccefd20a6f8a2b4a9,10000064,10000064,10000244,B站专线-盒子V2 10000244,0,0
d2699643f94c4df48af294e2fa421b72,1382649737,1382649737,1382680008,字节CDN专线 1382680008,0,0
d274102ffcd843db970bd633858beea4,10000304,10000304,10000244,B站专线-盒子V2 10000244,0,1
d27a85673aeb7ff04989872ffe717725,10000244,10000244,10000244,B站专线-盒子V2 10000244,1,1
d2c3380cf1959677519ecf6b4d30db95,10000079,10000079,10000244,B站专线-盒子V2 10000244,0,1
d2d1d8e41beaaeed5b632d317fe3963e,10000244,10000244,10000244,B站专线-盒子V2 10000244,1,1
d2d1e91dc565f3f92eb4d7ac1aea1b7e,10000224,10000224,10000183,B站专线-盒子 10000183,0,1
d3041bfb744b4eaaa411b21a80cb24f0,10000244,10000244,10000244,B站专线-盒子V2 10000244,1,1
d3249b3d86ea9bd1abbba8c1bb7d7b8c,10000244,10000244,10000074,腾讯直连独立 10000074,0,0
d3567e1979308b06d4308b9ec1ed874e,10000001,10000001,10000292,七牛CDN-虚拟业务10000292 10000292,0,0
d3717ba85053ed15819d221be021919c,10000244,10000244,10000244,B站专线-盒子V2 10000244,1,1
d378291238f2c7744d9193ef0cce4072,10000304,10000304,10000292,七牛CDN-虚拟业务10000292 10000292,0,0
d39863bc6024ac999924e0b03c10336d,10000079,10000079,10000244,B站专线-盒子V2 10000244,0,1
d3b4f828c8e24c7a751d81e27c2953bf,10000019,10000019,10000244,B站专线-盒子V2 10000244,0,0
d3bc92376bcdf3e1c3b74f8603aaa858,10000064,10000064,10000244,B站专线-盒子V2 10000244,0,0
d3cfb8629b8b8e3957d607bfe06d7a5a,10000064,10000064,10000244,B站专线-盒子V2 10000244,0,0
d40a62564770724ad0160b1be7c47297,10000123,10000123,10000304,快手严选 10000304,0,0
d441a7540d46070f8bc9e6cbb08c6dae,10000079,10000079,10000244,B站专线-盒子V2 10000244,0,1
d446456d4c0444d2a339626c2ffb11db,10000292,FQCDNV,10000244,B站专线-盒子V2 10000244,0,1
d44a1b4033025f8b3f625ffd61691099,10000064,10000064,10000069,腾讯汇聚P2P 10000069,0,0
d48d4719c70df49055281d44b135d1e0,10000079,10000079,10000191,腾讯专线-80 10000191,0,0
d4c397557837ff0578b2682a8473ec63,10000079,10000079,10000244,B站专线-盒子V2 10000244,0,1
d4f2cf52c468176d7f0154052fd01245,10000304,10000304,10000244,B站专线-盒子V2 10000244,0,1
d4f65ecbad9c8bb20b567c4b3235fb74,1380389889,1380389889,10000079,字节架构汇聚V2 10000079,0,0
d4fb9c305c30b9835f803b7d6926116c,10000244,10000244,10000244,B站专线-盒子V2 10000244,1,1
d5216fa4ac99031ddb75a1694fbe2cbb,1382649737,1382649737,10000096,字节架构专线V3 10000096,0,0
d52499f7eb8e330906e7d7ea2684b93f,10000079,10000079,10000292,七牛CDN-虚拟业务10000292 10000292,0,1
d5374997cb3ca6beea7fded14f3ff415,10000244,10000244,10000244,B站专线-盒子V2 10000244,1,1
d53b3210a94f86f1a3cbc0a3f6843428,10000244,10000244,10000244,B站专线-盒子V2 10000244,1,1
d5d36cd42697afa7b6607baed9fe980b,10000292,FQCDNV,10000244,B站专线-盒子V2 10000244,0,0
d5efaefed8d902ac73d4125bbf36d20c,10000064,10000064,10000244,B站专线-盒子V2 10000244,0,0
d6012eea6600451ee0e744e62d1ee971,10000019,10000019,10000244,B站专线-盒子V2 10000244,0,0
d6084f85dcbaee419c162c517c4dd6ff,10000064,10000064,10000244,B站专线-盒子V2 10000244,0,0
d6096b8b66a5c72d9ca30b8b1f5b552c,10000079,10000079,10000244,B站专线-盒子V2 10000244,0,1
d6272df36b7b346376260426a84a6a0e,10000244,10000244,1382680008,字节CDN专线 1382680008,0,0
d6325bfb0d3031c7a077843b79b14301,10000294,10000294,1382680008,字节CDN专线 1382680008,0,0
d646dabc6214d2c4cc908413cd001f30,10000069,10000069,10000096,字节架构专线V3 10000096,0,0
d65cf94147c4c2d77bf88b2752cdb5f5,10000019,10000019,10000244,B站专线-盒子V2 10000244,0,0
d6611b694fd018ce30fae4bc3948793c,10000224,10000224,10000183,B站专线-盒子 10000183,0,1
d66cb62e4a828406cf66f1d864eebcf6,10000069,10000069,10000292,七牛CDN-虚拟业务10000292 10000292,0,0
d670454bd3cbad4ac0d0f8ed74082315,10000224,10000224,10000183,B站专线-盒子 10000183,0,1
d673342cdb0a7e1c6bf95622505cb5da,10000123,10000123,10000292,七牛CDN-虚拟业务10000292 10000292,0,0
d68ad24dc69b6fe59642330b7712e48d,10000088,10000088,10000224,字节CDN专线V4 10000224,0,0
d6c250c03d5c298842e81a2fa63fcd14,1382649737,1382649737,10000304,快手严选 10000304,0,1
d6e5f155c60a4c96fc79da956d2c1029,10000244,10000244,10000244,B站专线-盒子V2 10000244,1,1
d6e87a57dbb542716d8ad1ac57b7c99e,10000244,10000244,10000244,B站专线-盒子V2 10000244,1,1
d6ef6fff3e2fb9ced166bbb89fda2e27,10000244,10000244,10000244,B站专线-盒子V2 10000244,1,1
d6f57288ea0ab21721a37a8a64fb0ea2,10000183,10000183,10000096,字节架构专线V3 10000096,0,1
d6f8f644c2fc89f6be3422c1146968ca,10000079,10000079,10000244,B站专线-盒子V2 10000244,0,0
d7044525d78dea0f64ff35a013b9cdf4,10000244,10000244,10000244,B站专线-盒子V2 10000244,1,1
d717499be93fa9998ccc6be43d5cc241,10000074,10000074,10000244,B站专线-盒子V2 10000244,0,0
d71ccf920ffc93de10f8b8c1a1756778,10000064,10000064,10000244,B站专线-盒子V2 10000244,0,0
d72ea1c938f4b774b3c94e72c1c33e53,10000304,10000304,10000292,七牛CDN-虚拟业务10000292 10000292,0,0
d72ebc789280fef04f387698aead8ecf,10000079,10000079,10000244,B站专线-盒子V2 10000244,0,1
d73977f62d19d721364f742e0cd51b00,10000244,10000244,10000244,B站专线-盒子V2 10000244,1,1
d741fb7c882a7242decae59d7fb0405e,10000079,10000079,10000244,B站专线-盒子V2 10000244,0,1
d779cf9561c97ddd762a06145290bc27,10000088,10000088,10000244,B站专线-盒子V2 10000244,0,0
d7b52b5650ebe1d57de40bf91dc1aea7,10000281,FQTZV,1380460970,七牛CDN 1380460970,0,0
d7d32c49d030026879a810a8eec7bdba,10000292,FQCDNV,10000292,七牛CDN-虚拟业务10000292 10000292,1,1
d7d44fa95897744d9e9d20a93bc04ac0,10000281,FQTZV,10000304,快手严选 10000304,0,0
d7d61ea3a45a46210740fc541220023e,10000079,10000079,10000244,B站专线-盒子V2 10000244,0,1
d7df163aa03282a2643ee9d28c431706,10000183,10000183,1382680008,字节CDN专线 1382680008,0,0
d8112fcdd45a9fbf69bbad34c074fcde,10000019,10000019,10000244,B站专线-盒子V2 10000244,0,0
d81419b7f4d0722b143adecd7f835c89,10000294,10000294,10000034,优酷专线 10000034,0,0
d8238771a5c047bfcdcf8d08b8f3b22d,10000064,10000064,1381526443,爱奇艺 1381526443,0,0
d834db721ddcb5a16963a00ed42fd106,10000292,FQCDNV,10000244,B站专线-盒子V2 10000244,0,1
d83e7ff10f7dc1916418bb64bc9f527e,10000292,FQCDNV,10000244,B站专线-盒子V2 10000244,0,1
d841700a4192397d2d343484547b0e6f,10000079,10000079,10000244,B站专线-盒子V2 10000244,0,1
d85ded829fda4a3f0b4497d7ed2ec57f,10000064,10000064,10000244,B站专线-盒子V2 10000244,0,0
d864a9e35720aa38ea2a721f8d33abb6,10000294,10000294,1380460970,七牛CDN 1380460970,0,0
d864e37139724920c1e406bc2a55d67e,1380317970,1380317970,10000244,B站专线-盒子V2 10000244,0,0
d88807aea7b00a557d364c56c4c9019b,10000304,10000304,10000292,七牛CDN-虚拟业务10000292 10000292,0,0
d88d764da6ada2ba85b78abab7d73eaa,10000019,10000019,10000244,B站专线-盒子V2 10000244,0,1
d8958e6c1d5a12cffdefc2d6b39f829e,10000304,10000304,10000292,七牛CDN-虚拟业务10000292 10000292,0,1
d8b98159486c788855a84bf40912a323,10000292,FQCDNV,10000244,B站专线-盒子V2 10000244,0,0
d8ecde1f4e3b58d9cfd56b2ca92e87c1,10000292,FQCDNV,10000244,B站专线-盒子V2 10000244,0,1
d929b33377a16c8c167a32ae1e4193ab,10000064,10000064,10000244,B站专线-盒子V2 10000244,0,0
d963a39d0961fe04293755c2a152c994,10000177,10000177,1380460970,七牛CDN 1380460970,0,0
d96b8b4a291023ddb87649ef47e8de19,10000079,10000079,10000244,B站专线-盒子V2 10000244,0,1
d977e6708b0340a09645ddf931d63b08,10000292,FQCDNV,10000244,B站专线-盒子V2 10000244,0,1
d978cede12b24ba3dd7e62d46707b014,10000088,10000088,10000244,B站专线-盒子V2 10000244,0,0
d980693f47da2b65c21e332d73ae524e,10000088,10000088,10000244,B站专线-盒子V2 10000244,0,0
d989328f67bfab9114ef0848bad447d7,10000292,FQCDNV,10000244,B站专线-盒子V2 10000244,0,1
d98a07bd35fa0882d01f16d82c3a4595,10000183,10000183,1380460970,七牛CDN 1380460970,0,0
d9aaed6965c060f398514de7a7cab556,1380389889,1380389889,10000079,字节架构汇聚V2 10000079,0,0
d9c368808e2419250c8785202f5fe011,10000244,10000244,10000244,B站专线-盒子V2 10000244,1,1
d9c595ee0c3510f97242868d5058e370,10000316,10000316,1381526443,爱奇艺 1381526443,0,0
d9c5f7ddf66ea83b3ca6197d582f3040,10000123,10000123,10000244,B站专线-盒子V2 10000244,0,0
d9edbd8374b1b601d999a64cda8ffe4c,10000294,10000294,10000224,字节CDN专线V4 10000224,0,0
da0a503f48ba818b8528a81dc0dd0536,10000292,FQCDNV,10000244,B站专线-盒子V2 10000244,0,1
da187adc7dccfcb0c2513a2f9e0ec813,10000123,10000123,10000292,七牛CDN-虚拟业务10000292 10000292,0,0
da3c3d01ebddf28b59f84502d97e2269,10000183,10000183,10000096,字节架构专线V3 10000096,0,1
da4c2abffd0fb34f908989dd1855def5,10000244,10000244,10000244,B站专线-盒子V2 10000244,1,1
da6eb668d1ad076429efcf8ac94a9dc9,10000079,10000079,10000244,B站专线-盒子V2 10000244,0,1
da77178e9cdea5d8604271a2aba5cbfe,10000292,FQCDNV,10000244,B站专线-盒子V2 10000244,0,1
da903c9d156360a379ff0f80dd3f9c59,10000079,10000079,10000244,B站专线-盒子V2 10000244,0,1
daab547229f62768c7dff6803b38c7ea,10000281,FQTZV,10000304,快手严选 10000304,0,0
dab58f54c6fdfceda6d3f31f5a55cd5c,10000019,10000019,10000244,B站专线-盒子V2 10000244,0,0
dacc9da78a30b35948105575e086f2fb,10000294,10000294,1382680008,字节CDN专线 1382680008,0,0
dae09bce788e22e41070c32ce16fa9c4,10000001,10000001,10000244,B站专线-盒子V2 10000244,0,0
dae352cbf9c2491af7320d0eb7d25d0d,10000244,10000244,10000244,B站专线-盒子V2 10000244,1,1
db0dd75683404330f0932f3444ad8a34,10000304,10000304,1380460970,七牛CDN 1380460970,0,1
db2ee36b6276a106bd938dfe4c853dd3,10000000,10000000,10000292,七牛CDN-虚拟业务10000292 10000292,0,1
db3c1e5e51ba4942fb1f3c295e271328,10000304,10000304,10000304,快手严选 10000304,1,1
db7ff9cbfe097b7192b2434c3ba5079f,10000294,10000294,10000034,优酷专线 10000034,0,0
dbb9d871144ff56ff43dc79f8f25ef1e,10000292,FQCDNV,10000244,B站专线-盒子V2 10000244,0,1
dc283c529090d54c835354656b0a7e55,10000292,FQCDNV,10000244,B站专线-盒子V2 10000244,0,1
dc29dac7a073eb2857eb169ec3949575,10000079,10000079,10000079,字节架构汇聚V2 10000079,1,1
dc2eaaa169088dfd2cf3a0397133ee0c,10000069,10000069,10000014,百度XCDN专线 10000014,0,0
dc2f184891b34fdc2aad02295c621de5,10000064,10000064,10000244,B站专线-盒子V2 10000244,0,0
dc7bb047e019897eb4a924f26854862b,10000304,10000304,10000244,B站专线-盒子V2 10000244,0,0
dc9957e3eabeacdf8392072fb146ac04,10000005,10000005,10000292,七牛CDN-虚拟业务10000292 10000292,0,0
dccc19ffe3784a543de4c99e17f08afd,10000079,10000079,10000244,B站专线-盒子V2 10000244,0,1
dccd19797b1e6751869e9ba891128648,10000019,10000019,10000244,B站专线-盒子V2 10000244,0,0
dcf12bedd68e82c841d129063a2b320d,10000244,10000244,10000244,B站专线-盒子V2 10000244,1,1
dcf14dec11966d94d7c7becb8fed8c1a,10000064,10000064,10000292,七牛CDN-虚拟业务10000292 10000292,0,1
dcf80350060aea7387bd01b7ec0fd200,10000079,10000079,10000191,腾讯专线-80 10000191,0,0
dd32165412fc81f9964fa63d023bfc5a,10000244,10000244,10000244,B站专线-盒子V2 10000244,1,1
dd37f36280cb8d1e46ff8119392dd595,10000292,FQCDNV,10000292,七牛CDN-虚拟业务10000292 10000292,1,1
dd48d5fd55e998df3918f231d44bd6ad,10000292,FQCDNV,10000244,B站专线-盒子V2 10000244,0,1
dd514ecf28d60abce08539134b811126,10000123,10000123,10000244,B站专线-盒子V2 10000244,0,0
dd515eb3ee883f93fdc1fab311634201,10000123,10000123,10000244,B站专线-盒子V2 10000244,0,0
dd6cbc30003af7149465ca7956639cc0,10000281,FQTZV,1382680008,字节CDN专线 1382680008,0,0
dd866475d5ef157afaf8a4479c7d3f33,10000244,10000244,10000244,B站专线-盒子V2 10000244,1,1
ddc41bc10326b4b95202aaf013463b49,10000294,10000294,10000304,快手严选 10000304,0,0
ddc7dbe330e6d1d9bee9b1ed5299b934,10000303,10000303,10000069,腾讯汇聚P2P 10000069,0,0
ddd3a5a1d91b89623228a6b9489ec846,10000244,10000244,10000244,B站专线-盒子V2 10000244,1,1
dddcf4d5ab1c8153d7caf2ff4e837158,10000292,FQCDNV,10000244,B站专线-盒子V2 10000244,0,1
ddf17335e7f3421d728250026476a7b3,10000316,10000316,1382649737,腾讯专线 1382649737,0,0
de0753d91ca9469ebb757e65780022af,10000064,10000064,10000292,七牛CDN-虚拟业务10000292 10000292,0,1
de0c6f2c73bda3b4d71b85b5c20c849e,10000244,10000244,10000244,B站专线-盒子V2 10000244,1,1
de2c028b993805456c81a15a36511c5a,10000281,FQTZV,1380460970,七牛CDN 1380460970,0,0
de2cb0a784894fc62708eaa0081deb4f,10000079,10000079,10000244,B站专线-盒子V2 10000244,0,0
de50a9d1a8ae4bdee2ec8eb1bf273965,10000292,FQCDNV,10000244,B站专线-盒子V2 10000244,0,1
deaa62416b0b16f2e1493df521756eab,10000088,10000088,10000224,字节CDN专线V4 10000224,0,0
dec4c9d8f9151c4b448ff50f36a8c6fe,10000292,FQCDNV,10000244,B站专线-盒子V2 10000244,0,1
df0b3ce348bc860c1d66d18022f07c89,10000079,10000079,10000244,B站专线-盒子V2 10000244,0,1
df49cccaa1e1e498f97aed90583ea5d7,10000244,10000244,10000244,B站专线-盒子V2 10000244,1,1
df4c1aadb8bb49cf9a3133dcbff0ec5c,10000244,10000244,10000244,B站专线-盒子V2 10000244,1,1
df50d9677ad52d2b9c6f1993fcb83a18,10000183,10000183,10000034,优酷专线 10000034,0,0
df9e1fda8958a221e5fae42d3a107385,10000314,10000314,1380460970,七牛CDN 1380460970,0,0
dfa84f7b9ab789b6e0b758975c61b6ec,10000292,FQCDNV,10000244,B站专线-盒子V2 10000244,0,1
dfb5224fd02bdd37b241a1c76164d997,1382680008,1382680008,1382680008,字节CDN专线 1382680008,1,1
dfc72182b2054eb38cca625b71ef296c,10000123,10000123,10000244,B站专线-盒子V2 10000244,0,0
dfe288403412ab788d4f2e36fc235c59,10000003,10000003,10000244,B站专线-盒子V2 10000244,0,0
dfe8c091d6691c8d59a82a168c660161,10000244,10000244,10000244,B站专线-盒子V2 10000244,1,1
dfe9cc8f2c217ff6bdfb3f458f620479,1382649737,1382649737,10000096,字节架构专线V3 10000096,0,0
dff5a1e51be2da74be74ff3483a79b0f,10000281,FQTZV,10000034,优酷专线 10000034,0,0
e046009a1985bc778224f7f0e00d3814,10000304,10000304,10000244,B站专线-盒子V2 10000244,0,0
e07248500df45009189bcf7de6623a24,10000064,10000064,10000064,百度小度 10000064,1,1
e079fc2a513e21891e80dbfc07e697c1,10000123,10000123,10000292,七牛CDN-虚拟业务10000292 10000292,0,1
e0873a97402e30108cc4a9bd50cb2902,10000079,10000079,10000304,快手严选 10000304,0,0
e0c9d5622a91aa7455bf4c57d5d45797,10000292,FQCDNV,10000244,B站专线-盒子V2 10000244,0,1
e0d37533d81dc1916524a7383efcaf2a,10000079,10000079,10000244,B站专线-盒子V2 10000244,0,1
e0e1c44f19062f4f3f21ad7f4dd3f6cc,10000244,10000244,10000244,B站专线-盒子V2 10000244,1,1
e15276b48306e8dfbffbc4f6ce50e2fb,10000064,10000064,10000244,B站专线-盒子V2 10000244,0,0
e18fcc93060b4921d59e9cfa5823abc3,10000064,10000064,10000244,B站专线-盒子V2 10000244,0,0
e19183f5e931c922f57a26b2bf33dae7,10000003,10000003,10000244,B站专线-盒子V2 10000244,0,0
e1b306b02f5b89d8ce7dd0b4cbcd4241,10000019,10000019,10000244,B站专线-盒子V2 10000244,0,0
e1bc3929821c8ecbd4baed1eba265ae2,10000064,10000064,10000244,B站专线-盒子V2 10000244,0,0
e1bf3d523f611363da4b76f5be4423e0,10000074,10000074,10000244,B站专线-盒子V2 10000244,0,1
e1c9e3fa8bbee3ffbd1bf5ad0631d055,10000244,10000244,10000244,B站专线-盒子V2 10000244,1,1
e1d0cc70b1491df34250d32c5c3f2984,10000088,10000088,10000244,B站专线-盒子V2 10000244,0,0
e1e36f56393e4364e9abf93bb5627596,10000244,10000244,10000244,B站专线-盒子V2 10000244,1,1
e228ac077be9a09a30d28b7d3de873d4,10000079,10000079,10000244,B站专线-盒子V2 10000244,0,1
e22beda35e6837d7ee22ba62b0c6cbc4,10000079,10000079,10000096,字节架构专线V3 10000096,0,0
e22c38c4a65f97b51b1eb232a2a3008c,10000074,10000074,10000244,B站专线-盒子V2 10000244,0,0
e2301b858f85bd0249c2cd7e17aa53a8,10000123,10000123,10000244,B站专线-盒子V2 10000244,0,0
e249258e442dc5277453619eacaa1e58,10000292,FQCDNV,10000244,B站专线-盒子V2 10000244,0,1
e256c8a848c6f72d6e544663d1fdffce,10000244,10000244,1382680008,字节CDN专线 1382680008,0,0
e2618ba21571d8fac7b90a1c9dcb3dd2,10000019,10000019,10000244,B站专线-盒子V2 10000244,0,0
e2683fd1803ee5407c366134a63cfde5,10000123,10000123,10000244,B站专线-盒子V2 10000244,0,0
e278a23d4e4695246a8f5881a7393d49,10000064,10000064,10000244,B站专线-盒子V2 10000244,0,0
e2f19d7a7aab6299c6d10bd36f7244ad,10000064,10000064,10000292,七牛CDN-虚拟业务10000292 10000292,0,1
e30ba3c57accb5551f14de54ebae6666,10000064,10000064,10000244,B站专线-盒子V2 10000244,0,0
e30d99afa2bc38942619c731c2938bf2,10000064,10000064,10000244,B站专线-盒子V2 10000244,0,0
e30f233a7784f8f7cc25b1f5434809db,10000003,10000003,10000244,B站专线-盒子V2 10000244,0,0
e31d9d48693fcc1af274a43bbf854346,10000244,10000244,10000244,B站专线-盒子V2 10000244,1,1
e39007f2349a74d9dc3cd0c85e57df5d,10000041,10000041,10000244,B站专线-盒子V2 10000244,0,0
e39c3bed77c888a7739d80809bd1dcf8,10000000,10000000,10000244,B站专线-盒子V2 10000244,0,1
e3a8f32c1021dd295e61e66f3aadc59f,10000300,10000300,10000292,七牛CDN-虚拟业务10000292 10000292,0,0
e3ab6837fec862689adfd513dc640838,10000079,10000079,10000244,B站专线-盒子V2 10000244,0,1
e3b4a6611f8c605f07fd4fb9d3e19b49,10000183,10000183,1382680008,字节CDN专线 1382680008,0,0
e3ba488fae0aacdda4919bf7d98a6c64,10000019,10000019,10000244,B站专线-盒子V2 10000244,0,0
e3c254a0f11ef54b458021e8f9477135,10000000,10000000,1382649737,腾讯专线 1382649737,0,0
e3c35c83b77c4bb6df1e9fd838f05a52,10000183,10000183,10000304,快手严选 10000304,0,0
e3c9798d5cf75e0e05adffaa706cd560,10000244,10000244,10000244,B站专线-盒子V2 10000244,1,1
e3ca13c4cc458aff86ed34dab41dc6da,10000064,10000064,10000292,七牛CDN-虚拟业务10000292 10000292,0,1
e3d87971991419ad6c7e7b75db62ce95,10000079,10000079,10000244,B站专线-盒子V2 10000244,0,1
e427a7cbe665232219ed7d6b7437935a,1382649737,1382649737,1382680008,字节CDN专线 1382680008,0,0
e452dd863123be2016982c8c98035000,10000069,10000069,1382680008,字节CDN专线 1382680008,0,0
e452dd863123be20718ae2e47924d000,10000069,10000069,1382680008,字节CDN专线 1382680008,0,0
e452dd863123be2080e7f7c5cb7dc000,10000069,10000069,1382680008,字节CDN专线 1382680008,0,0
e452dd863123be20ca128d56765d0d36,10000074,10000074,1382680008,字节CDN专线 1382680008,0,0
e45ad80750aeb13b673bb108a813996e,10000244,10000244,10000244,B站专线-盒子V2 10000244,1,1
e467bffdbafc44f32c8873fcc63ab0a5,10000123,10000123,10000244,B站专线-盒子V2 10000244,0,0
e4778bf14b0ac1a6c8cdbd9205583afe,10000183,10000183,10000304,快手严选 10000304,0,0
e48290524058e7622632dc4554eac9d5,10000123,10000123,10000069,腾讯汇聚P2P 10000069,0,0
e4909a16d23a749eadacc2a2dc58e9f1,10000304,10000304,10000096,字节架构专线V3 10000096,0,1
e4adca34c48e12a6e7692cf32f043ba2,10000064,10000064,10000292,七牛CDN-虚拟业务10000292 10000292,0,1
e4ae7d9984d4e5a5a680719276754228,1380317970,1380317970,10000244,B站专线-盒子V2 10000244,0,0
e4bbf9706eaeab5980e76da2c448465c,10000215,10000215,10000014,百度XCDN专线 10000014,0,0
e4d040b28d1dd878289e1aa6eddce8e1,1382490022,1382490022,10000069,腾讯汇聚P2P 10000069,0,0
e4e06e16780b2a03556bce9ba7a2dcab,10000074,10000074,10000244,B站专线-盒子V2 10000244,0,0
e4e34e9218e2e05f6b1b1d2696b5ea28,10000244,10000244,1382680008,字节CDN专线 1382680008,0,1
e4e531d776fdb6bd4b389649bd9a47a6,10000079,10000079,10000244,B站专线-盒子V2 10000244,0,0
e4ee034deb33e4a323bc56a89a822605,10000014,10000014,10000191,腾讯专线-80 10000191,0,1
e5020dfdfcd60d0db48288d562e8a7d9,10000292,FQCDNV,10000244,B站专线-盒子V2 10000244,0,1
e51309b0cd3013de39f7a94c60425784,10000079,10000079,10000244,B站专线-盒子V2 10000244,0,0
e526dc5047653fc139539594e3f11d03,10000244,10000244,10000244,B站专线-盒子V2 10000244,1,1
e537f95c8f76e08101fa9d56be958a52,10000294,10000294,10000034,优酷专线 10000034,0,0
e545619c4d7b61a7a2836e3cf4059948,10000019,10000019,10000244,B站专线-盒子V2 10000244,0,0
e54cdee3115f597485023d1b9c615bfb,10000244,10000244,10000244,B站专线-盒子V2 10000244,1,1
e586d6f4f99b49ed8a0c942bfa78c98f,10000088,10000088,10000244,B站专线-盒子V2 10000244,0,0
e5a1fa0d9ab9ef669d617c923abf7293,10000064,10000064,10000304,快手严选 10000304,0,0
e5a3a0419689d8eab36c93d0a12878dc,10000019,10000019,10000244,B站专线-盒子V2 10000244,0,0
e5a4c7fbcef896fe655c21a72e52bdf5,10000001,10000001,10000244,B站专线-盒子V2 10000244,0,1
e5bc4edee397530dc36c9c44c91a983e,10000224,10000224,10000183,B站专线-盒子 10000183,0,1
e5d62740e0cd72f0fc0911083fadcbfe,10000244,10000244,10000244,B站专线-盒子V2 10000244,1,1
e5f0f6ac72d9b9c4c82af8ed7a1c6a88,10000304,10000304,10000244,B站专线-盒子V2 10000244,0,1
e60a6744777947365b956fb0db90a043,10000292,FQCDNV,10000064,百度小度 10000064,0,1
e6352e371d3edc7f30bcd49ef2279c48,10000304,10000304,10000292,七牛CDN-虚拟业务10000292 10000292,0,0
e6430e4e12e3cd3253110c1a37c7b1a6,10000064,10000064,10000244,B站专线-盒子V2 10000244,0,0
e645dd55ac05ac6c096b7f79e93c3412,10000074,10000074,1380460970,七牛CDN 1380460970,0,0
e64b034012a58dbce222724d6fc2b157,10000003,10000003,10000244,B站专线-盒子V2 10000244,0,0
e67e4f736fe993d26d36137eb58d5ba3,10000003,10000003,10000244,B站专线-盒子V2 10000244,0,0
e67ff8778b38c917342b583245d292b7,10000244,10000244,10000244,B站专线-盒子V2 10000244,1,1
e6834d5f91e93e2e66025060eaad9129,10000244,10000244,10000244,B站专线-盒子V2 10000244,1,1
e6854feb33c3aab2862f47097403eadf,10000069,10000069,10000292,七牛CDN-虚拟业务10000292 10000292,0,0
e68b893554885765abc5cbd1d96ecc3d,10000079,10000079,10000069,腾讯汇聚P2P 10000069,0,0
e691efd8ed48f7679e9253c2eac79ff6,10000304,10000304,10000244,B站专线-盒子V2 10000244,0,1
e6a6c6db6078dd040b12d487c65fd57a,10000292,FQCDNV,10000244,B站专线-盒子V2 10000244,0,1
e6b1f78a7a1c78e3086c3738cb32ac0f,10000064,10000064,10000244,B站专线-盒子V2 10000244,0,0
e6c86e5fdf92e4d70ef0e0bc1bb7d00b,10000064,10000064,10000244,B站专线-盒子V2 10000244,0,0
e6d26525f1797d40af5b053910761f3b,10000079,10000079,10000096,字节架构专线V3 10000096,0,0
e6d37b00012d0a54d6f2864a356e210f,10000244,10000244,10000244,B站专线-盒子V2 10000244,1,1
e6f7b7feed0eba60c1fe65960839db64,10000079,10000079,1380460970,七牛CDN 1380460970,0,0
e70a2d066055c7437476164d1179e246,10000079,10000079,10000244,B站专线-盒子V2 10000244,0,1
e70c34571dddad957715469d1e8468a7,10000079,10000079,10000304,快手严选 10000304,0,0
e7228dc8ce3d0ed56d141db46e6d6e34,10000292,FQCDNV,10000244,B站专线-盒子V2 10000244,0,1
e731f837294adcf8b9003449db499357,10000079,10000079,10000244,B站专线-盒子V2 10000244,0,1
e75abec29fd4d81a224043409deb5725,10000292,FQCDNV,10000244,B站专线-盒子V2 10000244,0,1
e766f70062ec7480c0c0638fe95cf8b0,10000304,10000304,10000304,快手严选 10000304,1,1
e7b17887de491b39306b4a31a185e8f2,10000019,10000019,1382680008,字节CDN专线 1382680008,0,0
e7b52f18eda5f1e478c7ffe8644ca756,10000244,10000244,10000244,B站专线-盒子V2 10000244,1,1
e7b9f4b0e521579ed8758589b3ebe39e,10000019,10000019,10000244,B站专线-盒子V2 10000244,0,0
e7dcda615a45e9b4e1303b04a97a98dd,10000292,FQCDNV,10000244,B站专线-盒子V2 10000244,0,1
e7e6a51abfd030c698d8786dca21b90e,10000244,10000244,10000244,B站专线-盒子V2 10000244,1,1
e80a89a8e1a11f133bd65a14fbb447f1,10000079,10000079,10000244,B站专线-盒子V2 10000244,0,1
e8176c8c758c98be9df3124de2351657,10000064,10000064,10000244,B站专线-盒子V2 10000244,0,0
e840c3c5c35a6bacc4535ba13eb36582,10000079,10000079,10000244,B站专线-盒子V2 10000244,0,1
e84be4bfe32c8fca71cf29577470d5e8,10000244,10000244,10000244,B站专线-盒子V2 10000244,1,1
e861720f9a5a4d43b264865cc7b3c986,10000074,10000074,10000244,B站专线-盒子V2 10000244,0,1
e87b900c3f93016d01b0883bd900cfd0,1382649737,1382649737,1382680008,字节CDN专线 1382680008,0,0
e88ebe46105f34c12d73aed0052c3676,10000079,10000079,10000304,快手严选 10000304,0,0
e894d02e5a9c20a1af76f312707bfe40,10000079,10000079,10000096,字节架构专线V3 10000096,0,0
e8a3b27334c10b5c51a48dedd3905693,10000019,10000019,10000079,字节架构汇聚V2 10000079,0,1
e8ba2b6bd6c24890dba69404c3d3a068,10000304,10000304,10000096,字节架构专线V3 10000096,0,1
e8d0af87da8a36cf0a5cb343fd850a52,10000244,10000244,10000244,B站专线-盒子V2 10000244,1,1
e8e6a9f95f8f3ce069800a002bf33558,10000079,10000079,10000281,七牛特招-虚拟业务10000281 10000281,0,0
e921e11d806faf82553937fd2070279b,10000244,10000244,10000244,B站专线-盒子V2 10000244,1,1
e92ad0a67b1c9d3399139ff63b38235c,10000244,10000244,1380460970,七牛CDN 1380460970,0,1
e930b9ac90d683dbb09c781c08a1faff,10000292,FQCDNV,10000064,百度小度 10000064,0,1
e93d0a79ab70dd9bdd70980efec8a1d4,10000064,10000064,10000244,B站专线-盒子V2 10000244,0,0
e9413f05bfd5a8dfe4ece43494854b14,1382680008,1382680008,10000224,字节CDN专线V4 10000224,0,0
e9454bcd621e066c34060215ecb8fc63,10000292,FQCDNV,10000244,B站专线-盒子V2 10000244,0,1
e9513ffb0ed5411b09d916a6dccee956,10000123,10000123,10000244,B站专线-盒子V2 10000244,0,0
e99bcd39f601f47fc171793fbb31df17,10000079,10000079,10000244,B站专线-盒子V2 10000244,0,1
e9a164c9e981f4a94c61b7136356b548,10000088,10000088,10000244,B站专线-盒子V2 10000244,0,1
e9cfccba7ced48b945d682f980f9f43e,10000079,10000079,1380460970,七牛CDN 1380460970,0,0
e9ddfdb09dccbc606d4e3a9588ba19a4,10000123,10000123,10000292,七牛CDN-虚拟业务10000292 10000292,0,1
e9f3a86f13f3c8d3c4dab5ada0433d52,10000292,FQCDNV,1380460970,七牛CDN 1380460970,0,1
e9fc814e9916555b19426504643e19a1,10000292,FQCDNV,10000244,B站专线-盒子V2 10000244,0,0
ea0f1a5c791dea3b4e0bea92ddf7ceae,10000123,10000123,10000244,B站专线-盒子V2 10000244,0,0
ea1e16760e5a9dcf935b466084cad637,1382490022,1382490022,10000244,B站专线-盒子V2 10000244,0,0
ea2105de24cfdafca8d6a75fa833ff9d,10000292,FQCDNV,10000292,七牛CDN-虚拟业务10000292 10000292,1,1
ea298ffbe3672a4a545ab2b8f3ac34d0,10000122,10000122,10000079,字节架构汇聚V2 10000079,0,0
ea2cfa01ee550a04290b54ddebcc07ab,10000244,10000244,10000244,B站专线-盒子V2 10000244,1,1
ea613248ed9320b1dca5d917993ca81f,10000079,10000079,1380460970,七牛CDN 1380460970,0,0
ea6c592b71d34321dd80364e8abdd9cb,10000079,10000079,10000304,快手严选 10000304,0,0
eaadaa25f9509e471521f5b8bf91d208,10000122,10000122,10000292,七牛CDN-虚拟业务10000292 10000292,0,1
eb302d343f44d23d0eae4c52ed7808b6,10000048,10000048,10000244,B站专线-盒子V2 10000244,0,0
eb353cd34825d94592d61e9365ac6c95,10000064,10000064,10000244,B站专线-盒子V2 10000244,0,0
eb400b0ec1bbfbf3917b68f393159728,10000294,10000294,10000244,B站专线-盒子V2 10000244,0,0
eb44b4cff108f545868c5ff60df31b69,1382490022,1382490022,10000069,腾讯汇聚P2P 10000069,0,0
eb650ffecb4ae1216af0de6197448468,10000123,10000123,10000292,七牛CDN-虚拟业务10000292 10000292,0,1
eb776c109bc1c3bdab45d95d34c812f2,10000292,FQCDNV,10000244,B站专线-盒子V2 10000244,0,1
eb814a17825b751abb12521976e4dd44,10000088,10000088,10000244,B站专线-盒子V2 10000244,0,0
eb843d1d5b6bd382f4ff426c7b0bb94f,10000244,10000244,10000244,B站专线-盒子V2 10000244,1,1
eb855cdb56684954bc5eafad29d23223,10000064,10000064,10000292,七牛CDN-虚拟业务10000292 10000292,0,1
ebace004a81f9c5730d9f15568001e07,10000292,FQCDNV,10000244,B站专线-盒子V2 10000244,0,1
ebdd191cd2b746bddeb9af22e104a1eb,10000019,10000019,10000244,B站专线-盒子V2 10000244,0,1
ebe66e6bbb5f6158c6bd111e8c8804a5,10000064,10000064,10000244,B站专线-盒子V2 10000244,0,0
ebe9731214753c9a8b2bcbb7baa8f9d8,10000064,10000064,10000244,B站专线-盒子V2 10000244,0,0
ebf72604cfe24e46082ece31b3e6d293,10000304,10000304,10000244,B站专线-盒子V2 10000244,0,1
ebfcdf88266336f768db11a1d8e14aa0,10000244,10000244,10000244,B站专线-盒子V2 10000244,1,1
ec131e6fc7ef0bec44d3c10fe1120ab9,10000244,10000244,10000244,B站专线-盒子V2 10000244,1,1
ec137eae11b11daaa9eb0c7990698e78,10000123,10000123,10000244,B站专线-盒子V2 10000244,0,0
ec190b6a97488ce9c35bee059ce5a676,10000294,10000294,10000224,字节CDN专线V4 10000224,0,0
ec44e1b051da7f315eff724d629c2adb,10000079,10000079,10000244,B站专线-盒子V2 10000244,0,0
ec6d86da34374fa17dd2496a58a5502b,10000079,10000079,10000244,B站专线-盒子V2 10000244,0,1
ec8c827d0c1fb0cb9b1259a5ae843189,10000003,10000003,10000244,B站专线-盒子V2 10000244,0,0
ec8ea3b64a894778ffdfd11494c19a01,10000304,10000304,10000244,B站专线-盒子V2 10000244,0,0
eccb701f3f790b76424c30eb5823e30e,1382649737,1382649737,10000304,快手严选 10000304,0,1
ecdf4273e04af9cc0bb137445e1cc1c3,10000079,10000079,10000244,B站专线-盒子V2 10000244,0,1
ed09ad73d978dd84d36ecaa6211692f1,10000281,FQTZV,10000304,快手严选 10000304,0,0
ed16143206f9c3429cef1f7b587892fb,10000079,10000079,10000244,B站专线-盒子V2 10000244,0,1
ed3a4d6b9bc4146fc71c2de583bcd9c2,10000079,10000079,10000244,B站专线-盒子V2 10000244,0,1
ed4437243e31f04c50c4f257d8c2e4be,10000244,10000244,10000244,B站专线-盒子V2 10000244,1,1
ed5050c67a29af9d66b1694ab2b9df51,10000294,10000294,10000224,字节CDN专线V4 10000224,0,0
ed52822af54da693e827bd2328ba6ac6,10000079,10000079,1380460970,七牛CDN 1380460970,0,0
ed543cc579a269a4073e2df80ece1381,10000005,10000005,10000244,B站专线-盒子V2 10000244,0,0
ed97fcac0aebdc8a9bdbc3019a50f2f8,10000079,10000079,10000244,B站专线-盒子V2 10000244,0,0
ed9a3b76af8d07b946d99d6b38031cc5,10000292,FQCDNV,10000292,七牛CDN-虚拟业务10000292 10000292,1,1
eda657b1385ff34fa6939f30faf08c76,10000000,10000000,1382649737,腾讯专线 1382649737,0,0
edde3ff6959733265a6556c3d949f69a,10000079,10000079,10000244,B站专线-盒子V2 10000244,0,0
edfb3431f32f8ff8b64aab80b3897383,10000244,10000244,10000244,B站专线-盒子V2 10000244,1,1
ee327f3cd8fdb8d6854019a043a488e3,10000244,10000244,10000244,B站专线-盒子V2 10000244,1,1
ee5eaf3453dc8374c09ca9d7641ae16d,10000244,10000244,10000244,B站专线-盒子V2 10000244,1,1
ee89a638df71f1132d1f918d49bd2acf,10000244,10000244,10000244,B站专线-盒子V2 10000244,1,1
ee8d377c29c74aa7a20bc4dc2f83964b,10000292,FQCDNV,10000244,B站专线-盒子V2 10000244,0,1
eea6198199915cd0b0cdf8cf2eded277,10000292,FQCDNV,10000005,快手直播 10000005,0,0
eeb3d9434360c4a0fa8d4a10f8b05981,10000079,10000079,10000244,B站专线-盒子V2 10000244,0,1
eed7716a774d1fb19e8d8a1cbbc7d06f,10000183,10000183,10000096,字节架构专线V3 10000096,0,1
eedd3f17aa52123d161feaf478d4cc61,10000069,10000069,10000078,七牛特招 10000078,0,0
eede9dd9fa2f7314a008e1cbae4d43ec,10000183,10000183,10000034,优酷专线 10000034,0,0
ef0c6e42a8e95f9964cb593948420095,10000079,10000079,10000244,B站专线-盒子V2 10000244,0,1
ef1ce855d1e849040c096cb5864ccf5b,10000292,FQCDNV,10000244,B站专线-盒子V2 10000244,0,1
ef340b0f7767418c33d8edcf2c890b01,10000069,10000069,10000014,百度XCDN专线 10000014,0,0
ef341e6cd2229095a4242be5b3279480,10000003,10000003,10000244,B站专线-盒子V2 10000244,0,0
ef78be8249606e44de63a4a53fdcb980,10000079,10000079,1380460970,七牛CDN 1380460970,0,0
ef837d4f6cef63b3722e08947354cc0f,10000244,10000244,1382680008,字节CDN专线 1382680008,0,1
ef959f3b95efdeacbef4240ee8cbe55a,10000244,10000244,10000244,B站专线-盒子V2 10000244,1,1
ef9771d0a271152a04b4e4d86dcdfd79,10000281,FQTZV,10000304,快手严选 10000304,0,0
efb2c7ea72bc7c171689699af1847c81,10000244,10000244,10000244,B站专线-盒子V2 10000244,1,1
efb86b3b66920aff508443bd3289eeab,10000244,10000244,10000244,B站专线-盒子V2 10000244,1,1
efc3c1aa631045e2213cc9d2dc86058d,10000292,FQCDNV,10000244,B站专线-盒子V2 10000244,0,1
efc4935af2de17f2b1fce044f0325511,10000064,10000064,10000244,B站专线-盒子V2 10000244,0,0
efdb21303e8027d76a1f52f0842dd065,10000003,10000003,10000244,B站专线-盒子V2 10000244,0,0
f0109d2d3839f6422c36a8b4452c360d,10000292,FQCDNV,10000244,B站专线-盒子V2 10000244,0,1
f02c95f49001a634d208483c8b02db1f,10000000,10000000,10000224,字节CDN专线V4 10000224,0,0
f0525cde7e11a13c4d55afc66981e0e5,10000292,FQCDNV,10000244,B站专线-盒子V2 10000244,0,1
f05cdbdf6b36841f838541c04f8eb807,10000244,10000244,10000281,七牛特招-虚拟业务10000281 10000281,0,1
f05cdbdf6b36841f935a7b6f2c8f8808,10000244,10000244,10000281,七牛特招-虚拟业务10000281 10000281,0,1
f0827a78e2792ac28adf4e35bcd886d9,10000244,10000244,10000244,B站专线-盒子V2 10000244,1,1
f085a06d5daa585fb4a4b986dbe5ffe9,10000079,10000079,10000244,B站专线-盒子V2 10000244,0,1
f0ce7ce462797c40039b50b114a85cb8,10000244,10000244,10000244,B站专线-盒子V2 10000244,1,1
f10b992abd1f3375ae32b4920df82f35,10000281,FQTZV,10000304,快手严选 10000304,0,0
f1238ab4f8d5b67b17376503c7f52ac8,10000079,10000079,10000244,B站专线-盒子V2 10000244,0,1
f136d034724cd70088c59c07462f9956,10000064,10000064,10000244,B站专线-盒子V2 10000244,0,0
f14f9cfd987581985215c58e4d0fc599,10000064,10000064,10000292,七牛CDN-虚拟业务10000292 10000292,0,1
f151db77d134fe03bb7dee8554e6cf0d,10000079,10000079,10000244,B站专线-盒子V2 10000244,0,1
f1682a5f587926da8085457b0fa4bb75,10000079,10000079,10000244,B站专线-盒子V2 10000244,0,1
f18320cf82c05c5901a7226b7fa88d14,10000183,10000183,10000304,快手严选 10000304,0,0
f1b795cc9d17fc13e8a75693ca9a14f3,10000064,10000064,10000244,B站专线-盒子V2 10000244,0,0
f1bc33a30dd345044c37c25fbeeb712d,10000064,10000064,10000304,快手严选 10000304,0,0
f1c2fc3d2c853cefe03d68fe2c7ba427,10000123,10000123,10000292,七牛CDN-虚拟业务10000292 10000292,0,0
f1cd01a188a60fe92c646b699c3abf73,10000088,10000088,10000244,B站专线-盒子V2 10000244,0,0
f1eef7a5e267d479784ec0d6392d9950,10000244,10000244,10000244,B站专线-盒子V2 10000244,1,1
f1f43df185e4f2801801d367028e2c83,10000001,10000001,10000244,B站专线-盒子V2 10000244,0,0
f2144150d6024685ebbfcb941963016d,10000079,10000079,10000244,B站专线-盒子V2 10000244,0,0
f225d52f2c29e6067498d31d593b9a54,10000088,10000088,10000224,字节CDN专线V4 10000224,0,0
f23c7dcbbd5fe778ede9144d9c426b80,10000079,10000079,10000191,腾讯专线-80 10000191,0,0
f243cf1b1d54c5810a2c107791332be5,10000244,10000244,10000244,B站专线-盒子V2 10000244,1,1
f24bf4a45679a4f86b9bf0f80ef37498,10000123,10000123,10000244,B站专线-盒子V2 10000244,0,0
f25162d0b8822a45ab8d1818a2fd74da,10000123,10000123,10000244,B站专线-盒子V2 10000244,0,0
f26aeb2b9c779ff0348bde302ba3d24d,10000069,10000069,10000292,七牛CDN-虚拟业务10000292 10000292,0,0
f274ceaf1ed43c03e9438d4d2e5d0e56,10000244,10000244,1380317970,快手点播 1380317970,0,1
f2777437b7448ab1b81b42e74454bb94,10000079,10000079,10000304,快手严选 10000304,0,0
f2889c3c19f8d4b53a0a9fbef5c2a636,10000019,10000019,10000244,B站专线-盒子V2 10000244,0,0
f28c8312fff461db343a3cef1f314bf1,10000064,10000064,10000064,百度小度 10000064,1,1
f2a44fad8753753115f49705e41199c8,10000122,10000122,10000244,B站专线-盒子V2 10000244,0,0
f2c0350e0c6e041cdc0da2c48209c796,10000244,10000244,10000244,B站专线-盒子V2 10000244,1,1
f2c9a40644ad8c2853fc3c69ad6eb5fb,10000244,10000244,10000244,B站专线-盒子V2 10000244,1,1
f2d012c563ea60464b7248ebcf745d50,10000064,10000064,10000244,B站专线-盒子V2 10000244,0,1
f31be450736097c99d9b266152939fc4,10000292,FQCDNV,10000244,B站专线-盒子V2 10000244,0,0
f32d6c358ddea0ec0cea2edff781b882,10000292,FQCDNV,10000244,B站专线-盒子V2 10000244,0,1
f369a1ca9ec29da26b4bccc1969ee082,10000244,10000244,10000244,B站专线-盒子V2 10000244,1,1
f36b2faa299aed33ec7bf719f05213ac,1380317970,1380317970,1380460970,七牛CDN 1380460970,0,0
f36b880619ff4de99853de24ff897d93,10000244,10000244,10000244,B站专线-盒子V2 10000244,1,1
f382914aeb67d553cdfb8fad5039ee7d,10000294,10000294,1380460970,七牛CDN 1380460970,0,0
f39c268f64949143855a11c6949d01dd,10000064,10000064,10000069,腾讯汇聚P2P 10000069,0,0
f3cb647fed86d742d8aceadc15659d92,10000244,10000244,10000244,B站专线-盒子V2 10000244,1,1
f3e7618267bcb50ce981eccab4d32376,10000292,FQCDNV,10000244,B站专线-盒子V2 10000244,0,1
f3eb6f61c67b18ccc470a245d9c19a3e,10000244,10000244,1382680008,字节CDN专线 1382680008,0,1
f3fa5f2b873e48af8baed671dbe977a7,10000244,10000244,10000244,B站专线-盒子V2 10000244,1,1
f405151b53c04b9e941f78f42bb12049,10000069,10000069,10000292,七牛CDN-虚拟业务10000292 10000292,0,0
f4139c78b6277ecd54b24509e06c79b8,10000292,FQCDNV,10000292,七牛CDN-虚拟业务10000292 10000292,1,1
f418f3fe5c6fb14b83f55ae0dbbafeb8,10000244,10000244,10000244,B站专线-盒子V2 10000244,1,1
f44f92b0d2cffde59a28addea2f9ac9f,10000079,10000079,10000191,腾讯专线-80 10000191,0,0
f4511a34129cfaa4ab76d4fc456a9547,10000079,10000079,10000244,B站专线-盒子V2 10000244,0,0
f464192f5327bf1d956f1e3a1e89baa9,10000123,10000123,10000292,七牛CDN-虚拟业务10000292 10000292,0,0
f4643f53c60dd99b5546053e057f3bba,10000244,10000244,10000244,B站专线-盒子V2 10000244,1,1
f472a83718f028e4faafa2ba061a59a0,10000244,10000244,10000244,B站专线-盒子V2 10000244,1,1
f473581481d0143555a726ac74c82388,10000292,FQCDNV,10000244,B站专线-盒子V2 10000244,0,1
f4c3580b8dffa1721f5f95326046a74f,10000292,FQCDNV,10000244,B站专线-盒子V2 10000244,0,1
f4cec7c9d978a5bd3f7a53cea9c5dcdd,10000244,10000244,10000244,B站专线-盒子V2 10000244,1,1
f5013afc443e438edba5620c2e2098a4,10000064,10000064,10000244,B站专线-盒子V2 10000244,0,0
f515be9462d1f152f1b14c5e9cb87b08,10000069,10000069,1380460970,七牛CDN 1380460970,0,1
f52a7bcf8e105bff7444a0f0a80b8a98,10000079,10000079,10000244,B站专线-盒子V2 10000244,0,0
f536f622962ad22e7a364da3595882ff,10000294,10000294,10000304,快手严选 10000304,0,0
f54ce7701ffab4b1e9a4b8986bc6a2ae,10000079,10000079,10000244,B站专线-盒子V2 10000244,0,0
f5620bbdf64a546635a34401d1b16b77,10000074,10000074,10000292,七牛CDN-虚拟业务10000292 10000292,0,1
f591b1c9217979de732841af43c5c45c,10000064,10000064,10000244,B站专线-盒子V2 10000244,0,0
f5c5c23db66b4e0209bbf827f42140b8,10000064,10000064,10000014,百度XCDN专线 10000014,0,0
f5d53a7c352f55da9bffd839d6f291e4,10000292,FQCDNV,10000292,七牛CDN-虚拟业务10000292 10000292,1,1
f5dbaa0628f4fa927af164ea355899da,10000079,10000079,10000244,B站专线-盒子V2 10000244,0,1
f601714890bb57247d84166dddf629de,10000244,10000244,10000244,B站专线-盒子V2 10000244,1,1
f602fe4cbae4df78c81bb9f4d801eae5,10000292,FQCDNV,10000244,B站专线-盒子V2 10000244,0,1
f6047f88e4cbe727edab554a569343d4,10000088,10000088,10000191,腾讯专线-80 10000191,0,0
f61d5c63a994a697658a75412648d175,10000069,10000069,10000244,B站专线-盒子V2 10000244,0,1
f620074d55df54fb00d25b8237c0ce31,10000294,10000294,10000304,快手严选 10000304,0,0
f6259a85ef6fe50e4f1e631c83c9ae9b,10000019,10000019,10000244,B站专线-盒子V2 10000244,0,0
f62e800f2eed4930d59aee7063852c9f,10000304,10000304,10000292,七牛CDN-虚拟业务10000292 10000292,0,0
f6627959515847b735133245d8d2d915,10000292,FQCDNV,1380460970,七牛CDN 1380460970,0,0
f680ea4fb0080d124d7bb0ca91353402,10000079,10000079,1381526443,爱奇艺 1381526443,0,1
f6d266723f30ba54b3a670468ad1c478,1382649737,1382649737,10000096,字节架构专线V3 10000096,0,0
f7006bd505275d1d75be6ce1a842c27e,10000292,FQCDNV,10000244,B站专线-盒子V2 10000244,0,1
f704fa52e55375b956aa402e9147351f,10000123,10000123,10000244,B站专线-盒子V2 10000244,0,0
f716709c92ac9cf0a1fca47414c301eb,10000292,FQCDNV,10000069,腾讯汇聚P2P 10000069,0,0
f716f714fc33f58aae7923b8dbb472cf,10000074,10000074,10000244,B站专线-盒子V2 10000244,0,0
f71aa470155f663b5341bbcbbb9cb011,10000294,10000294,10000244,B站专线-盒子V2 10000244,0,0
f731a849030c4daecb7be5dd1250abbd,10000064,10000064,10000244,B站专线-盒子V2 10000244,0,0
f73323c6642c8526d06c4b3c3e1200b5,10000069,10000069,10000014,百度XCDN专线 10000014,0,0
f7451777ddf6a5f7ac02bc4f962dcf9a,10000088,10000088,10000191,腾讯专线-80 10000191,0,0
f74aaf464766d6a6c0d6bb8f5120569f,10000292,FQCDNV,10000292,七牛CDN-虚拟业务10000292 10000292,1,1
f76c6ca4892bf177dec8e44c91d6caca,10000292,FQCDNV,10000244,B站专线-盒子V2 10000244,0,1
f77139678e9e22605a0fb6e06d8c21cb,10000034,10000034,1382680008,字节CDN专线 1382680008,0,0
f77ebd0cb046ad98f12400a262f4da45,10000292,FQCDNV,10000244,B站专线-盒子V2 10000244,0,1
f7a5633b3e714b5758b13853d1ef3320,10000244,10000244,10000244,B站专线-盒子V2 10000244,1,1
f7befd166438e3ab5bfe5de1b0c6e9b7,10000079,10000079,10000244,B站专线-盒子V2 10000244,0,1
f7c0a3b2e0b1073333fafaf88ac8e32c,10000069,10000069,10000292,七牛CDN-虚拟业务10000292 10000292,0,1
f7d8bc8af3d00cacc4d039b89b552412,10000244,10000244,10000244,B站专线-盒子V2 10000244,1,1
f7e0ea6e1e7a144d6d6f2e84b5f3ff86,10000019,10000019,10000005,快手直播 10000005,0,0
f7f192a16b5cb4f580fc24864d1d27f5,10000292,FQCDNV,10000074,腾讯直连独立 10000074,0,0
f7fb90e55b2462c9231d2b353b14325b,10000123,10000123,10000244,B站专线-盒子V2 10000244,0,0
f80b53237c5a266b8e42db4d8d45a06f,10000281,FQTZV,10000183,B站专线-盒子 10000183,0,0
f8150307fcd804914a8bfcd7eece04ab,10000019,10000019,10000069,腾讯汇聚P2P 10000069,0,0
f827c3c5f56d07465e70f8af12d70879,10000064,10000064,10000292,七牛CDN-虚拟业务10000292 10000292,0,1
f8356550df5e6772c6a6ac88e673f9f9,10000079,10000079,10000244,B站专线-盒子V2 10000244,0,0
f839663a49e32ff0bae1eb178c42af38,10000281,FQTZV,10000183,B站专线-盒子 10000183,0,0
f84a07bc956a7687c43023207d95a0b4,10000069,10000069,1380460970,七牛CDN 1380460970,0,0
f84cf322b9e228b62eac1017cf5d537e,10000088,10000088,10000244,B站专线-盒子V2 10000244,0,0
f8501c0d28aaf9af4bd65400fd217f61,10000088,10000088,10000244,B站专线-盒子V2 10000244,0,0
f852b75048781b661a4bec0d0c9eeee3,10000069,10000069,10000292,七牛CDN-虚拟业务10000292 10000292,0,0
f8593ac120c1b98f5d2abcf8e98ba3f6,10000079,10000079,1380460970,七牛CDN 1380460970,0,0
f85d7eefbf444410c67baf0a5a3de591,10000003,10000003,10000244,B站专线-盒子V2 10000244,0,0
f874836b81c8eb6c533bea1c98719c51,10000079,10000079,10000014,百度XCDN专线 10000014,0,0
f889771e1c0d86d8d6efbe7f8f17e476,10000278,10000278,10000005,快手直播 10000005,0,0
f8bb657a359f8740cfc6979986f0c7a3,10000069,10000069,10000096,字节架构专线V3 10000096,0,0
f8bc35fcb4e882bed5d9126afc184458,10000064,10000064,10000292,七牛CDN-虚拟业务10000292 10000292,0,1
f8c4687439a24e45b0d2f240cf3f6bba,10000064,10000064,10000292,七牛CDN-虚拟业务10000292 10000292,0,1
f8d181834c6edf90cab93afce9e264bd,10000041,10000041,10000005,快手直播 10000005,0,0
f8e041861807cc9cf16e579a1c58babe,10000079,10000079,10000244,B站专线-盒子V2 10000244,0,1
f8efab7a26adce44a6a6db1803fea828,10000183,10000183,10000096,字节架构专线V3 10000096,0,1
f930785118c4acf1d7859d2e7106ea23,10000292,FQCDNV,10000244,B站专线-盒子V2 10000244,0,1
f93304dadc035a51f875069ba91bffb9,10000123,10000123,10000244,B站专线-盒子V2 10000244,0,0
f95b706e905f5f62c89abc048b855611,10000304,10000304,10000078,七牛特招 10000078,0,0
f97054d4adca487cbe3c6ddb7f21ad04,10000064,10000064,10000292,七牛CDN-虚拟业务10000292 10000292,0,1
f99534be1926ecc4c60fb90bb9cc4942,10000064,10000064,10000014,百度XCDN专线 10000014,0,0
f9af731378c3a85d4deae69fced8742b,10000244,10000244,10000244,B站专线-盒子V2 10000244,1,1
f9b3bfddb751bbd7ac52571a0dced827,10000064,10000064,10000244,B站专线-盒子V2 10000244,0,0
f9fbce3cae43ac9dbd222624571565b9,10000244,10000244,10000244,B站专线-盒子V2 10000244,1,1
fa26db222a803ac764c052f79f57c0e1,10000079,10000079,10000244,B站专线-盒子V2 10000244,0,1
fa398c6b8c5954b90f97fe6548df713c,10000294,10000294,1382680008,字节CDN专线 1382680008,0,0
fa92d3e4cf62af8627ad47fa253bdd38,10000064,10000064,10000244,B站专线-盒子V2 10000244,0,0
fa9ee0e5d3982d431dd4c873308fe37d,10000064,10000064,10000244,B站专线-盒子V2 10000244,0,0
faa1d892960c4b317e0dd162a1ba031c,10000088,10000088,10000244,B站专线-盒子V2 10000244,0,0
fac2fb48b34c0f3a920b40176f22569a,10000244,10000244,10000292,七牛CDN-虚拟业务10000292 10000292,0,1
fae175c3637bf0e765783539116829c1,10000019,10000019,10000244,B站专线-盒子V2 10000244,0,0
fb0195860ee7e13a4f9dcd9c4fd1bcc5,10000079,10000079,10000244,B站专线-盒子V2 10000244,0,0
fb1e26e4bfbd890ed01cf6a489c6e2ed,10000064,10000064,10000244,B站专线-盒子V2 10000244,0,0
fb2b7b43b85290763487e5c848dc2d58,10000123,10000123,10000244,B站专线-盒子V2 10000244,0,0
fb411110d4fe5beb4432cd5f0b79ea28,10000123,10000123,10000244,B站专线-盒子V2 10000244,0,0
fb46d1dd19f1d1e345d8cd2f7428c536,10000064,10000064,10000292,七牛CDN-虚拟业务10000292 10000292,0,0
fb4e07e8193e2e6e28f8b56053fe376f,10000244,10000244,10000244,B站专线-盒子V2 10000244,1,1
fb9385722cf1ba23f08f561c045290d4,1380389889,1380389889,10000244,B站专线-盒子V2 10000244,0,0
fbfc4fde8644e87040235e96e2a7434d,10000244,10000244,10000244,B站专线-盒子V2 10000244,1,1
fc11be84b1cb064de9255073fb9974db,1380389889,1380389889,10000244,B站专线-盒子V2 10000244,0,0
fc1da6fb21387fc73e658150455c8c56,10000079,10000079,10000244,B站专线-盒子V2 10000244,0,0
fc31ffdfbb12a09eb7747f6e3e9b1632,10000294,10000294,10000034,优酷专线 10000034,0,0
fc45489823297875e70f2c51347bb235,10000292,FQCDNV,10000096,字节架构专线V3 10000096,0,0
fc977d9afd083b7097d678cbbe7a729b,10000281,FQTZV,10000304,快手严选 10000304,0,0
fca57f86bfb20710aea58efea76f08fb,10000123,10000123,10000244,B站专线-盒子V2 10000244,0,0
fcc23fc711bcf889c50c593e00037127,10000244,10000244,10000244,B站专线-盒子V2 10000244,1,1
fce2d82ade1d5d25cb1d6a129b7a23b5,1382649737,1382649737,10000096,字节架构专线V3 10000096,0,0
fd09f17e8bab254ae461b99a3da82cf2,10000244,10000244,10000244,B站专线-盒子V2 10000244,1,1
fd3ea7e1be5f31bde1b8213cfa751a61,10000079,10000079,1381526443,爱奇艺 1381526443,0,1
fd51fdb103bac48229a37c4bd7bb628c,10000304,10000304,10000292,七牛CDN-虚拟业务10000292 10000292,0,0
fd535cb9316f4b75cb849d2cbf54efe2,10000183,10000183,10000304,快手严选 10000304,0,0
fd5406f2abc01eb7e4ed12e43980d516,1382490022,1382490022,10000069,腾讯汇聚P2P 10000069,0,0
fd63c1326561fcd065820b74f8ccc860,10000064,10000064,10000244,B站专线-盒子V2 10000244,0,0
fd6d4ae924b0069f0fb107c65f0ec227,10000069,10000069,10000292,七牛CDN-虚拟业务10000292 10000292,0,0
fd7a3e8cb7eeecdd3cc945370a1660fc,10000123,10000123,10000244,B站专线-盒子V2 10000244,0,0
fd8ce6bdc0122aadeee40d40e7936a38,10000064,10000064,10000244,B站专线-盒子V2 10000244,0,0
fd99d85ceb5c9b1df2a6d6687a84159b,10000079,10000079,1380460970,七牛CDN 1380460970,0,0
fd9b88e7d42e5859003acb46468e7ffd,10000123,10000123,10000292,七牛CDN-虚拟业务10000292 10000292,0,1
fe02423c7b9c441b0bef3a4445bb5d7b,10000294,10000294,10000034,优酷专线 10000034,0,0
fe402b37f5f0566443e0ddc43215dae9,10000304,10000304,10000244,B站专线-盒子V2 10000244,0,1
fe42e422b80e669f76de97004d483c36,10000079,10000079,10000244,B站专线-盒子V2 10000244,0,1
fe5eb57e79bb297fd54ba39160f52581,10000005,10000005,10000292,七牛CDN-虚拟业务10000292 10000292,0,0
fe6a3e6c4230f2efe32df0cee43cf3b5,10000019,10000019,1380460970,七牛CDN 1380460970,0,0
fe6aa063fc94cdc13276c5a76522aae8,10000292,FQCDNV,10000244,B站专线-盒子V2 10000244,0,1
fe7c8409e8f65e424a766788c747cddf,10000064,10000064,1380460970,七牛CDN 1380460970,0,0
fe9fca0d20560c5e84dc4e7806a0d6f4,10000079,10000079,10000292,七牛CDN-虚拟业务10000292 10000292,0,1
feb30455c89b45d32759378717e88eec,10000292,FQCDNV,10000292,七牛CDN-虚拟业务10000292 10000292,1,1
febee3d91ae9f1e13c374fa61df024a4,10000294,10000294,10000224,字节CDN专线V4 10000224,0,0
fee64ef54cac31d59b21ca078128d7da,10000294,10000294,10000304,快手严选 10000304,0,0
fee75212a64a7921fb747c90d306879e,10000244,10000244,10000244,B站专线-盒子V2 10000244,1,1
feed9dfe92a58c8be0d8d751617ec38b,10000304,10000304,10000292,七牛CDN-虚拟业务10000292 10000292,0,0
fef0ac1a3cc4c69b3875f869342fe36d,10000019,10000019,10000244,B站专线-盒子V2 10000244,0,1
fef4cca478afc6f1707e63729287623b,10000303,10000303,10000069,腾讯汇聚P2P 10000069,0,0
fef61b4982606e423d9b0c8e6f314559,10000079,10000079,10000244,B站专线-盒子V2 10000244,0,1
ff09b8eefd5b976aa03f557ba4171ca7,10000244,10000244,10000244,B站专线-盒子V2 10000244,1,1
ff109f06d07f74e6f9815f97186a90ef,10000244,10000244,10000244,B站专线-盒子V2 10000244,1,1
ff16655e52d20917bfe7409de173dbb5,1382680008,1382680008,10000034,优酷专线 10000034,0,1
ff69314b62be71471fc40196e3e46149,10000079,10000079,1380317970,快手点播 1380317970,0,1
ff75c0cee66d22b683961fa52765463e,10000079,10000079,10000079,字节架构汇聚V2 10000079,1,1
ff885667db2bbe4e4afef1a7115d8fea,10000069,10000069,10000292,七牛CDN-虚拟业务10000292 10000292,0,0
ffa486c2c43e80b44c26d358534f25a3,10000292,FQCDNV,10000244,B站专线-盒子V2 10000244,0,1
ffd3cec60cbd05ac4e1221498ee13216,10000064,10000064,10000244,B站专线-盒子V2 10000244,0,0
ffe09f33d424c008609ea90a07f0e9ba,10000079,10000079,10000244,B站专线-盒子V2 10000244,0,1
ffe75f975634df7ccd365d27bcbe6000,10000123,10000123,10000244,B站专线-盒子V2 10000244,0,0
fff0ce37ffaafb4033b227ffcfa7500a,10000304,10000304,10000292,七牛CDN-虚拟业务10000292 10000292,0,0
fff1a363ba2c3361fb83831729151790,10000292,FQCDNV,10000244,B站专线-盒子V2 10000244,0,1
fff46b47df1224dd2d7831b72ff4ea76,10000123,10000123,10000244,B站专线-盒子V2 10000244,0,0
oem22274ca5e80853d549e8e9324f9d5,10000038,10000038,10000069,腾讯汇聚P2P 10000069,0,0
oem2cd5c7421c9ef31a1a3a047b010b0,10000129,10000129,10000069,腾讯汇聚P2P 10000069,0,0
oem2d1744cfdb34d3d058130d28aab4d,10000129,10000129,10000079,字节架构汇聚V2 10000079,0,0
xdn23d3c773afce037d18cc8127dc8f5,10000050,10000050,10000069,腾讯汇聚P2P 10000069,0,0
xdn24b753ffd1f843338acd648fdc6ca,10000050,10000050,10000079,字节架构汇聚V2 10000079,0,0
xdn259614dcd4bae3b9596c9f9d5401f,10000038,10000038,10000000,腾讯汇聚直连 10000000,0,0
xdn2e78cce7e998a312387153b5bd7b7,10000083,10000083,10000292,七牛CDN-虚拟业务10000292 10000292,0,0
xdn2e7d9ed771f663570bf5f49e348de,10000038,10000038,10000069,腾讯汇聚P2P 10000069,0,0
