nodeid,bw_rated,corenum,memtotal,totaldisksize,hdddisksize,ssddisksize,systemdisksize,hardwaretype,os,arch
ant2a0f6ff56bf5832b382fd756d438d,63.61,5,1941948,23847805911,0,0,23847805911,,android,armeabi-v7a
28920fc012e4efc7705f222578429b0e,220.0,4,8140840,536870912000,0,429496729600,107374182400,,linux,x86_64
ant2ad7bf446b3483f648d222135167c,491.08,4,1048576,5637144576,0,0,5637144576,,android,armeabi-v7a
ant2e6af2285266037d9a990b86fafd1,243.12,4,8388608,5476083302,0,0,5476083302,,android,armeabi-v7a
ant21dcf7ac88ae43eceb85bc67e9d24,22.67,4,8388608,4724464025,0,0,4724464025,,android,armeabi-v7a
5ce2661609dffbb12eb4ed7bef8abbcb,5000.0,64,63870072,53146676939975,44750123250481,7916483719984,480069969510,,linux,x86_64
ant2c6b13ddb687a3b7987c4ff536147,74.39,4,8388608,5637144576,0,0,5637144576,,android,armeabi-v7a
ant2012f67d0737c30768d4c09b6d708,90.12,4,1048576,4960687226,0,0,4960687226,,android,armeabi-v7a
ant27c7cfd02a1323e08ac7705826cc5,386.52,4,1015940,5637144576,0,0,5637144576,,android,armeabi-v7a
ant2944be4506b0935bc9071d519bdf4,59.09,4,8388608,5476083302,0,0,5476083302,,android,armeabi-v7a
ant27eaf54375596385caa4553d77303,63.0,4,1048576,5100273664,0,0,5100273664,,android,armeabi-v7a
ant2238d73a477a73594935a2cfb8fbb,116.82,4,1484060,56833154744,0,0,56833154744,,android,armeabi-v7a
ant2c0d7fffcbe873625b33a64e61709,19.56,4,1016052,2458868776,0,0,2458868776,,android,armeabi-v7a
ant2c3677f5d793033b5a70d44bbbd36,83.61,5,2971064,62169651609,8160437862,0,54009213747,,android,armeabi-v7a
ant250de50aae7653165a7b849e0e4f1,481.52,4,1048576,5637144576,0,0,5637144576,,android,armeabi-v7a
ant21a785f69c865382b82261ff5a18d,96.72,4,2753840,25737591521,0,0,25737591521,,android,armeabi-v7a
ant730a7e96169733d62b659071b4925,90.99,2,4008904,85899345920,0,0,85899345920,,linux,x86_64
ant26a6d60863bd53d608b90863fbe10,113.93,4,2097152,2759516487,0,0,2759516487,,android,armeabi-v7a
ant2407933ec8a89351892ee1b1b0832,43.76,4,2045944,2630667468,0,0,2630667468,,android,armeabi-v7a
ant25659a100b0553a9ca8f36678b1b0,59.16,4,2055160,3704409292,0,0,3704409292,,android,armeabi-v7a
ant2d54feae8e3c43fc8b4078931a374,28.03,4,2058012,27358941675,0,0,27358941675,,android,armeabi-v7a
ant249af8734ad1a3e37934965b1647a,110.91,4,2053208,2899102924,0,0,2899102924,,android,armeabi-v7a
ant2ff4a63a4766b3337967f2f766965,28.67,4,1015940,5476083302,0,0,5476083302,,android,armeabi-v7a
ant3c2a11e4fd526232f9c1c68bd2a59,102.59,4,4002784,125627793408,0,0,125627793408,,linux,aarch64
ant23ee093940e0739dc89772d704b36,53.89,4,2054212,118133075476,0,0,118133075476,,android,armeabi-v7a
7a68d3c1a57a087541a88f224ce4bf1a,3000.0,64,131424540,10375674619490,0,9895604649980,480069969510,,linux,x86_64
ant29535a96523ce3238ab4c3dc39620,30.91,4,8388608,4885525299,0,0,4885525299,,android,armeabi-v7a
ant2a05565b59687330c84246d88a325,98.8,4,2097152,5293547192,0,0,5293547192,,android,armeabi-v7a
ant22db29cdf455c3ff98ca5c123e9ba,64.28,4,1015876,515396075,0,0,515396075,,android,armeabi-v7a
ant279317e18d1d13cdb9c65814a6045,7.61,4,7958656,28003186769,0,0,28003186769,,android,armeabi-v7a
ant2b8f3f81ecf8d3034b447b4844bc2,75.64,4,991436,5400921374,0,0,5400921374,,android,armeabi-v7a
ant244fdc6fc515436f8918c3e3e7c94,117.33,4,1048576,5637144576,0,0,5637144576,,android,armeabi-v7a
ant236374ea280503e42b1affd2bf4d7,76.6,4,2019608,27605902295,0,0,27605902295,,android,armeabi-v7a
ant2e502e0c263ba3edfb425daf0669e,35.96,4,477104,16943645982,15504831938,0,1438814044,,android,armeabi-v7a
ant2b1e541353fc6302f8091ac7a71a3,99.42,4,2020648,57713623040,0,0,57713623040,,android,armeabi-v7a
ant236438add1e733b15bb2dffb47345,83.83,4,4003380,121418725457,0,0,121418725457,,android,armeabi-v7a
ant2f1cbd7c7919535e0b6863017faef,100.88,4,1048576,4509715660,0,0,4509715660,,android,armeabi-v7a
ant8609a5c8055af4b7cf89d8d916602,200.0,4,4002784,125090922496,0,0,125090922496,,linux,aarch64
e0680ed3b25b1cc264aea392c6d3a8b4,220.0,4,8140840,536870912000,0,429496729600,107374182400,,linux,x86_64
ant233de98e3b3ef30478ed05a548a0f,99.7,4,3984284,116468775649,0,0,116468775649,,android,armeabi-v7a
ant256bb06c752f13e0c825ebd52574f,4.08,4,1985620,42810086522,31772020572,0,11038065950,,android,armeabi-v7a
ant27bec12a39e083adb906cdc26471f,379.33,4,1048576,5637144576,0,0,5637144576,,android,armeabi-v7a
ant2d1609b4b0365320185de34f87a22,45.81,2,979732,5583457484,0,0,5583457484,,android,armeabi-v7a
ant2c71984de67f431099f1f39ca271d,82.47,4,2055160,57370025656,0,0,57370025656,,android,armeabi-v7a
ant277d33e2b51943692830cecf86733,99.52,4,2052176,4048006676,0,0,4048006676,,android,armeabi-v7a
7aa36123e7502950ce5d5d870ea8422f,1100.0,36,65494252,2339146563583,0,2089072092774,250074470809,,linux,x86_64
ant26be6c5952e243cc19131c08ac94c,88.55,4,2055156,3650722201,0,0,3650722201,,android,armeabi-v7a
4ee72cd4e9aa9933beed3873d1774b89,1840.0,32,20485248,858993459200,0,644245094400,214748364800,,linux,x86_64
ant2f1fd0fc7dd49363a9fa85123a90b,94.58,4,4063504,4885525299,0,0,4885525299,,android,armeabi-v7a
ant25fb7c461239e39b88824b75dd78f,18.13,4,8388608,5637144576,0,0,5637144576,,android,armeabi-v7a
02c4b3d0d9184b0d862717b91f063188,5000.0,64,65529696,55125797869971,44750123250481,9895604649980,480069969510,,linux,x86_64
ant2b1c8dea650c133ba8b616232d215,103.37,4,3832724,53418655744,0,0,53418655744,,android,armeabi-v7a
ant21cc4c830889e3a50ab42bb7d189b,4.98,4,8388608,5637144576,0,0,5637144576,,android,armeabi-v7a
ant26d8d6586b69e3098be187105b4e4,100.67,4,2097152,4166118277,0,0,4166118277,,android,armeabi-v7a
ant285ec2a1f0d523170800d011319a1,70.9,4,1048576,5175435591,0,0,5175435591,,android,armeabi-v7a
ant243ab3a9ab50a34b094eccd88e9ef,72.85,4,2055156,56833154744,0,0,56833154744,,android,armeabi-v7a
ant2368275e748713ab3a118f5b271d4,11.42,4,2055160,3650722201,0,0,3650722201,,android,armeabi-v7a
ant2a27b03e6d3f63fe79f5119050eed,83.72,4,2019608,58057220423,0,0,58057220423,,android,armeabi-v7a
ant20243afbf182c38758246802c3b2a,83.85,4,2019608,27605902295,0,0,27605902295,,android,armeabi-v7a
ant2e6a086d751903706b83fb58b2a43,84.31,4,2054224,4166118277,0,0,4166118277,,android,armeabi-v7a
ant8e6b88fc532879bc673bf2cd1bf93,120.0,4,4002784,125090922496,0,0,125090922496,,linux,aarch64
ant22481751397c838529bc8b7b83467,77.37,4,2053196,57799522385,0,0,57799522385,,android,armeabi-v7a
ant2da6a5d6c42dd396fab17547c33ed,5.58,4,2089984,11220602060,0,0,11220602060,,android,armeabi-v7a
ant24ac7c8c29abb3d74ac4b03529acf,7.36,4,8127008,5422396211,0,0,5422396211,,android,armeabi-v7a
ant240f696089dfb3787816ce2d0bc2f,94.13,4,1936408,17652315585,7730941132,0,9921374453,,android,armeabi-v7a
ant2695ef0688801339b9697aaf1d0dd,27.55,4,1048576,5637144576,0,0,5637144576,,android,armeabi-v7a
ant2b658693988d83095a21018eeebfd,15.12,4,1048576,5637144576,0,0,5637144576,,android,armeabi-v7a
ant21de663415a353d219cf2f8013e29,72.71,4,1907816,33683281018,14946486190,0,18736794828,,android,armeabi-v7a
ant2cdf16da6978b3a72aa8e7cfbc77e,5.17,4,1048576,4810363371,0,0,4810363371,,android,armeabi-v7a
ant262a59a56c44c397499cb30908901,74.07,4,2053196,5744518758,0,0,5744518758,,android,armeabi-v7a
ant2fdac78313d7f350a8eea747ff6d9,46.12,4,2058012,27358941675,0,0,27358941675,,android,armeabi-v7a
ant272474958740e3590b52340eeb0aa,99.67,4,2052184,27605902295,0,0,27605902295,,android,armeabi-v7a
ant285558909648634bba6e43c8215c7,14.37,4,2052184,27605902295,0,0,27605902295,,android,armeabi-v7a
ant26b3a8288b1a43d809a6e3bd73564,7.28,4,8388608,5476083302,0,0,5476083302,,android,armeabi-v7a
d504ec955c630d4854fc066aa6383fc0,150.0,4,8140840,536870912000,429496729600,0,107374182400,,linux,x86_64
ant2efbfb32ef05834c6955424cd8853,151.07,4,1009628,3919157657,0,0,3919157657,,android,armeabi-v7a
ant6d54344a7860d5aad85aa2dfa5b6f,35.0,4,4002784,123802432307,0,0,123802432307,,linux,
ant20836ce9bfb7e3d47a58ca8e36c27,82.69,4,2048076,118476672860,0,0,118476672860,,android,armeabi-v7a
ant2df91e8c82ccc325f8d9bf083b052,99.46,4,4063504,4724464025,0,0,4724464025,,android,armeabi-v7a
ant10c5243f8127708e2ed4decfc3566,500.0,8,16108992,1152232351333,0,1024242325913,127990025420,,linux,
ant28e447012dbcc301d8b3d9e6643eb,12.06,4,4003212,115491670589,0,0,115491670589,,android,armeabi-v7a
ant2107934ff29b63e31a29e501fcc57,81.31,4,1048576,5132485918,0,0,5132485918,,android,armeabi-v7a
ant2dfe95fb3ef633f649c5b982743d0,287.91,4,8388608,5637144576,0,0,5637144576,,android,armeabi-v7a
ant26969a6debb363412b44ebeec4077,6.12,4,4063504,4724464025,0,0,4724464025,,android,armeabi-v7a
ant2b94c55894425338d964ae6954bc5,23.54,4,4063504,4724464025,0,0,4724464025,,android,armeabi-v7a
ant2b6966ccc750431b4b5b0bac9ee79,99.37,4,1537836,4874787880,0,0,4874787880,,android,armeabi-v7a
ant26df37f0b198130e69ea7e40c04ff,185.86,4,2997872,39449274612,19724637306,0,19724637306,,android,armeabi-v7a
ant2319af6be4be93f078745b654aca3,70.01,4,1537836,4874787880,0,0,4874787880,,android,armeabi-v7a
ant218196dc2a39d38d883ccf6ae5996,394.21,4,1015940,5637144576,0,0,5637144576,,android,armeabi-v7a
ant2ae5e7a95ef833a59b447bb5166d9,277.53,2,0,5465345884,0,0,5465345884,,android,armeabi-v7a
ant2a13085be71b1348fae56ae13595e,97.83,4,1964840,4896262717,0,0,4896262717,,android,armeabi-v7a
ant2a0f29756800535d1affe90bb3695,100.17,4,2060824,3629247365,0,0,3629247365,,android,armeabi-v7a
ant274cabcfeb8b3334c9a4d747c82bc,83.19,4,1015940,5637144576,0,0,5637144576,,android,armeabi-v7a
ant2c76b50064423358aa2281fd3a46d,34.96,4,2494656,70899172638,15998753177,0,54900419461,,android,armeabi-v7a
ant28ca1b34d26043cd495ad086751c8,351.36,4,8388608,5637144576,0,0,5637144576,,android,armeabi-v7a
ant268ebeaed230a354daa51f6fd2b7e,95.88,4,1938832,27391153930,0,0,27391153930,,android,armeabi-v7a
ant25deb22b6c9063a5c805f1a850638,99.14,4,2055160,3704409292,0,0,3704409292,,android,armeabi-v7a
ant2eea85af261113d1f88d2789eb50b,372.84,4,4063504,5604932321,0,0,5604932321,,android,armeabi-v7a
ant28cba319231bc39329cb020a4b161,350.11,4,1048576,5057323991,0,0,5057323991,,android,armeabi-v7a
ant2ba95e7637c4d3c36ab77d101faf4,80.9,4,2058012,27358941675,0,0,27358941675,,android,armeabi-v7a
ant2c47c145ff0f5307299a808e53e3a,160.76,5,1941948,23847805911,0,0,23847805911,,android,armeabi-v7a
ce65fca64097ea78ef5883e81f5709ab,1500.0,36,57691716,4197042041651,0,4068193022771,128849018880,,linux,x86_64
9e31ee261dfe73fd305343704172b7f6,1000.0,24,32529020,2304572076850,0,2048484651826,256087425024,,linux,x86_64
ant24dceea028f6e373c818dc9296345,71.18,4,1048576,5282809774,0,0,5282809774,,android,armeabi-v7a
ant2d95e43e41b363019802f367ed8f9,424.72,4,4063504,5604932321,0,0,5604932321,,android,armeabi-v7a
ant2c7f15b47c7023dac8a9046745549,74.55,4,3880728,117875377438,61976378081,0,55898999357,,android,armeabi-v7a
ant2ca5c835527c9320e91bd07ccf980,334.23,4,997896,4928474972,0,0,4928474972,,android,armeabi-v7a
antdfec9ed870e2bdc6ccc419bad7a2e,91.56,2,4009908,85899345920,0,0,85899345920,,linux,
ant2e24e017aaeab3d8296b640127d9e,40.88,4,3743292,47727824076,0,0,47727824076,,android,armeabi-v7a
49d2c22128549845a62288aac4022181,220.0,4,8140832,536870912000,0,429496729600,107374182400,,linux,x86_64
ant299c3bcccb4c2389c9e82f6302f26,99.57,4,4003376,121450937712,0,0,121450937712,,android,armeabi-v7a
ant8703d9f9482743c4e8e55815c1814,454.06,4,7835968,256087425024,0,0,256087425024,,linux,
ant21cb0202b9d88374db762e0765671,73.61,4,1048576,4552665333,0,0,4552665333,,android,armeabi-v7a
ant2b29edf9213cf343ea1baeea4f77d,50.0,4,2097152,3865470566,0,0,3865470566,,android,armeabi-v7a
ant259d87b8b33f3325da309b42ddf17,55.57,4,1018096,5132485918,0,0,5132485918,,android,armeabi-v7a
ant4fd64ee81d7a6cbf786302d10666b,204.5,4,4002784,125090922496,0,0,125090922496,,linux,
ant6a90dbf99005db30bbcbb9e451f6c,50.0,2,2279328,139586437120,0,0,139586437120,,linux,x86_64
ant2d076a49efe6f3ade97c600641bc0,122.44,4,8388608,5637144576,0,0,5637144576,,android,armeabi-v7a
ant9d7756e17608c729f3f4602433996,100.0,4,3805640,752263521894,0,512174850048,240088671846,,linux,x86_64
ant2caa9b4293cce3add8af09af9d6c4,96.51,4,1313616,11177652387,0,0,11177652387,,android,armeabi-v7a
ant20fd36596e5213583b3e0150d2d71,64.59,4,8388608,5637144576,0,0,5637144576,,android,armeabi-v7a
ant20aaad2871546397ebde236372e4a,55.45,4,8388608,5637144576,0,0,5637144576,,android,armeabi-v7a
ant2a5577aaa72db3d80aa01ffba1ccd,62.82,4,1016052,2458868776,0,0,2458868776,,android,armeabi-v7a
ant290a74b76350e3ae791f882fdcf8c,99.09,4,2055156,118111600640,0,0,118111600640,,android,armeabi-v7a
ant2fe2db87fc7ea3f73931235f8a87d,76.12,4,2089984,11220602060,0,0,11220602060,,android,armeabi-v7a
ant34ada3adfaca6a73bb7a982c48eca,411.53,12,8140404,549755813888,0,0,549755813888,,linux,x86_64
ant2c19bf1708a063b659872e453b96f,12.59,3,2054260,12884901888,0,0,12884901888,,android,armeabi-v7a
e3d114e9dedee54c6c1187f7d8497777,600.0,24,32879764,2303820457574,0,2089072092774,214748364800,,linux,x86_64
ant24d2bbeecc92e3f05a1e2846c581f,83.99,4,2019608,58057220423,0,0,58057220423,,android,armeabi-v7a
ant20ff6c7562b623dc2845c70e91e00,72.25,5,2971064,54009213747,0,0,54009213747,,android,armeabi-v7a
antb0d703660551938c6ce0622f4a18a,804.94,4,8131832,107374182400,0,0,107374182400,,linux,x86_64
2717bbd7d9dac5adbf8e28b6aa6017d5,150.0,4,8141844,536870912000,0,429496729600,107374182400,,linux,x86_64
ant21158c7e721bf3a8d8b427b35a9ef,101.46,4,2019608,27605902295,0,0,27605902295,,android,armeabi-v7a
ant23607b664952732a6b98ce4e781a9,106.06,4,1048576,4885525299,0,0,4885525299,,android,armeabi-v7a
ant2df6597b10f3033e8aa7ee1162be4,116.08,4,8388608,5637144576,0,0,5637144576,,android,armeabi-v7a
ant2db25c5d3903431279e8391313536,357.84,4,1048576,5476083302,0,0,5476083302,,android,armeabi-v7a
ant21bed2c91621630b4838e555d3e0e,22.3,4,1048576,4885525299,0,0,4885525299,,android,armeabi-v7a
ant275676f2242583aeb9d1aedc813a2,105.11,4,1048576,5304284610,0,0,5304284610,,android,armeabi-v7a
ant2614da76691cf3c1fa1bea0e48c01,88.14,4,2053224,27605902295,0,0,27605902295,,android,armeabi-v7a
ant27a9d88d819c23e9289604e183cfd,98.38,4,1048576,5411658792,0,0,5411658792,,android,armeabi-v7a
ant20ec6bba327c73f6885d76fb7da5a,83.16,4,2020648,57047903109,0,0,57047903109,,android,armeabi-v7a
ant240103ade88283b6da52d98342936,81.02,4,3855048,24985972244,0,0,24985972244,,android,armeabi-v7a
ant2ffd80ed7cb5e3c01bfc1a0331499,83.8,4,4063504,4724464025,0,0,4724464025,,android,armeabi-v7a
ant27ac765104d8c33a7983b9725c5c6,346.65,4,1048576,5637144576,0,0,5637144576,,android,armeabi-v7a
ant255d3048e35db3910a9b8099db595,361.88,4,1015940,5637144576,0,0,5637144576,,android,armeabi-v7a
ant21fec3f7f82a233cca97cc4f49d3a,331.86,4,1048576,5637144576,0,0,5637144576,,android,armeabi-v7a
ant26af713136aa1352f8c172ecfd82a,96.92,4,2055156,118648471552,0,0,118648471552,,android,armeabi-v7a
ant228bba490b6de38ffab057ac6bf0d,32.26,4,1880992,26349624360,0,0,26349624360,,android,armeabi-v7a
ant2c7a188b5f70d35a0b1d342b47398,54.17,4,2056272,4359391805,0,0,4359391805,,android,armeabi-v7a
antb767a80bffb12dc4c0d8cfe110c5c,103.81,4,1909808,125090922496,0,0,125090922496,,linux,
ant221c261af6b33356abf73ba1e2754,216.83,4,8388608,5637144576,0,0,5637144576,,android,armeabi-v7a
ant247fcd65bbc8f365b8633eb66f95a,7.08,4,1048576,5175435591,0,0,5175435591,,android,armeabi-v7a
ant2afae961049de32fc9e039f719b89,95.71,4,2052184,4219805368,0,0,4219805368,,android,armeabi-v7a
ant233349eff773739599dd17ad02f6d,83.48,4,3855048,24985972244,0,0,24985972244,,android,armeabi-v7a
ant2f2655fa6a5cb3e2eade48deb4d6c,8.33,4,8388608,5476083302,0,0,5476083302,,android,armeabi-v7a
ant25141bbc5ea8436028e0868b89a7a,339.53,4,8388608,5476083302,0,0,5476083302,,android,armeabi-v7a
ant282c8cabf157f3d51a6ae7d1b29eb,183.64,4,3859896,54277649203,0,0,54277649203,,android,armeabi-v7a
4412dddba951377580495c9600211107,1200.0,32,32512108,2345159517798,0,2089072092774,256087425024,,linux,x86_64
ant2ffc167348ca731fa85f020df90fe,88.07,4,2777084,56682830888,0,0,56682830888,,android,armeabi-v7a
ant2f42b1d00d6a53a59970e7dda9f71,74.62,4,2054220,118476672860,0,0,118476672860,,android,armeabi-v7a
ant21710f63d7b763446939d6d621599,9.06,4,1899160,0,0,0,0,,android,armeabi-v7a
ant45b994e151c49f2400363c2673cf0,100.22,1,789368,4713726607,0,0,4713726607,,android,armeabi-v7a
ant2dfb4dc3f709f317cbc856a253166,129.74,4,1048576,5637144576,0,0,5637144576,,android,armeabi-v7a
ant2d42f60eb62af4f316c8e768ab54a,270.29,4,1909808,123695058124,0,0,123695058124,,linux,aarch64
ant24483c575ef2235d88ba7d692c5d6,96.54,4,16777216,6292127088,0,0,6292127088,,android,armeabi-v7a
ant2420546c4620a3af798622e290234,52.89,3,8192000,2834678414,1417339207,0,1417339207,,android,armeabi-v7a
d58207cb7ed6e1bb9dae57d548a73f1a,600.0,32,16089264,1512365359104,0,1000190509056,512174850048,,linux,x86_64
ant2d39eed9e4ee5386292a7b5b90364,54.84,4,2053196,73809012981,61976378081,0,11832634900,,android,armeabi-v7a
ant216f21d0283763271a918417775dc,168.3,4,1015940,5637144576,0,0,5637144576,,android,armeabi-v7a
ant27e6b5e1fb1ad39259190a08dcfa8,333.2,4,1048576,5637144576,0,0,5637144576,,android,armeabi-v7a
ant4e10ade6abe8a85a58d012aea1c39,86.48,4,1909808,125090922496,0,0,125090922496,,linux,
ant2afdcdbf3f5823edb84d048e09974,78.47,4,2868504,53418655744,0,0,53418655744,,android,armeabi-v7a
ant257aa055845e13cb8ba4a981fa3ff,93.85,4,2055160,237833814016,0,119185342464,118648471552,,android,armeabi-v7a
ant211738df15b3c345e9abcb5b19801,78.97,4,1492180,10791105331,0,0,10791105331,,android,armeabi-v7a
ant26bcb73a64bef3e79ae765fbbbf46,83.63,4,2020648,3983582167,0,0,3983582167,,android,armeabi-v7a
4606967c9ac7804a58cc6a1d0726a6ce,2500.0,20,32607872,7952668819456,0,7696581394432,256087425024,,linux,x86_64
ant2a51e35317b7e392898a8666e6358,23.47,4,8388608,5476083302,0,0,5476083302,,android,armeabi-v7a
ant2f4c7deb6a644366595c1e25a46fa,68.81,4,2097152,12734578032,0,0,12734578032,,android,armeabi-v7a
ant2b9991a68ca003beb84934305800c,17.02,8,7743048,116640574341,0,0,116640574341,,android,armeabi-v7a
ant257f90434a0d534cba3e650af044f,96.35,4,3027544,50315541872,118111600,0,50197430272,,android,armeabi-v7a
ant23255a5bd8c4f35b38b5585aa3dec,66.27,4,1048576,5637144576,0,0,5637144576,,android,armeabi-v7a
ant2307cf9c65ec8320cbbd8979fdd8e,65.87,4,1015940,5637144576,0,0,5637144576,,android,armeabi-v7a
ant2740f829dc03333d4b8c57cecc640,178.62,4,1015940,5637144576,0,0,5637144576,,android,armeabi-v7a
ant2cf33f957ee3d374cac75545b1e46,94.79,4,4003316,56489557360,0,0,56489557360,,android,armeabi-v7a
ant27bc23338d2523f01abb4d29b1e01,436.21,4,1048576,5637144576,0,0,5637144576,,android,armeabi-v7a
ant2ed6e9940a82e327fa931071a14c2,24.58,4,2901012,26381836615,0,0,26381836615,,android,armeabi-v7a
ant258ea2a7d34ef388b86668b15e084,92.25,4,16777216,6302864506,0,0,6302864506,,android,armeabi-v7a
ant26d55c38a1f07399f8087667ff0bf,82.02,3,1048576,5368709120,0,0,5368709120,,android,armeabi-v7a
ant2fe81df58a8703432be2b1bd3dc8c,47.07,4,7958656,28003186769,0,0,28003186769,,android,armeabi-v7a
ant2f3992a0601a539ff8e0ce5c62fb2,174.55,4,8388608,5637144576,0,0,5637144576,,android,armeabi-v7a
ant2cc8f95301250308487e35fa7e7a1,72.69,4,2054144,3339337072,0,0,3339337072,,android,armeabi-v7a
ant2141ed91031e237ce9751b9633c1f,422.27,4,8388608,5476083302,0,0,5476083302,,android,armeabi-v7a
ant807ee31749c9efa3ad831ba3c4b08,136.89,4,4027168,0,0,0,0,,linux,aarch64
ant226d8abc8cc183c3fa0d0a3bf5b83,5.0,4,2093056,3038689361,0,0,3038689361,,android,armeabi-v7a
ant20d70e403a86c333da2450af7f47d,48.71,4,2055160,57370025656,0,0,57370025656,,android,armeabi-v7a
ant22c741957d6cc30929f0946954594,62.4,4,2776980,56682830888,0,0,56682830888,,android,armeabi-v7a
ffba04e68698ee4833e3c3d97af4f000,10000.0,104,131186732,108012307165994,88290783710404,19241453486080,480069969510,,linux,x86_64
ant2bd74f67ce1a23a079ffa82b47740,548.82,4,1015940,5476083302,0,0,5476083302,,android,armeabi-v7a
ant232115cc9be5b304e89bd84bf05b1,24.91,4,1048576,5057323991,0,0,5057323991,,android,armeabi-v7a
ant27c1faaeba20b3a7bb0abc2fc7777,10.17,4,1048576,5637144576,0,0,5637144576,,android,armeabi-v7a
ant26ab3449173bb3c99812cfb9e91ac,585.33,4,8388608,5637144576,0,0,5637144576,,android,armeabi-v7a
ant230f2eef2a9a234f5a6cf0367a239,191.3,4,2054232,3242700308,0,0,3242700308,,android,armeabi-v7a
ant2e6cdc3e3ec3b3f7f8410c4162b2b,107.7,4,1048576,5411658792,0,0,5411658792,,android,armeabi-v7a
ant20dbfca040d5f37839dfa0930bbd8,119.14,4,1048576,5411658792,0,0,5411658792,,android,armeabi-v7a
ant2b71fa8e398013fd592d375c322ae,73.14,4,2019608,58057220423,0,0,58057220423,,android,armeabi-v7a
ant13dc967acef85bedd7c405762d28c,889.06,24,16087216,768262275072,0,512174850048,256087425024,,linux,x86_64
ant235e2c4bd7474301e8be29933e350,92.8,4,3932624,28132035788,0,0,28132035788,,android,armeabi-v7a
anta83cc798428ebeb28e1342fc14600,98.0,4,1909808,123695058124,0,0,123695058124,,linux,aarch64
ante97e5cee4010123f0d9f45b6c1947,21.65,4,1909808,123695058124,0,0,123695058124,,linux,
ant2e5385b5e069d3f68a096cca70128,91.32,4,3832724,53418655744,0,0,53418655744,,android,armeabi-v7a
fb07fa46c4b27bf39f6a4cf4feebddf7,2800.0,88,131443376,48528191232402,40132174413820,7916483719984,479533098598,,linux,x86_64
ant2d69fd08705243bd79acee6ba26d6,381.4,4,1018096,4842575626,0,0,4842575626,,android,armeabi-v7a
ant226fa917c36813c09bce8fd256a6d,2.75,4,2058012,27487790693,128849018,0,27358941675,,android,armeabi-v7a
ant2e23b74562329318ab77d67ee730d,20.71,4,1015940,5637144576,0,0,5637144576,,android,armeabi-v7a
ant28a61fe1b5b443a578896f408b450,26.34,4,2519368,24781961297,0,0,24781961297,,android,armeabi-v7a
ant2c80eeffd718d3dbea4879a49002e,75.18,4,968152,4885525299,0,0,4885525299,,android,armeabi-v7a
ant2c1f0e1cf99753c6fac6f196ade7b,79.89,4,4003212,55168854917,0,0,55168854917,,android,armeabi-v7a
ant2fbfb8ae2fd7f37519a6e571a9369,60.43,4,1048576,5411658792,0,0,5411658792,,android,armeabi-v7a
b95133ee76c2a01f4137017f6f5f8e89,5000.0,64,65601508,41706172553621,32545544182168,8136386045540,1024242325913,,linux,x86_64
ant2311d8277de3b30b3851b2fb71748,20.44,4,4063504,4724464025,0,0,4724464025,,android,armeabi-v7a
ant2d23d98b66c52324f8fdb365c2deb,94.22,4,2019608,27605902295,0,0,27605902295,,android,armeabi-v7a
ant21c47d312f3433b4ea03b3e878c92,87.18,4,1661616,24051816857,0,0,24051816857,,android,armeabi-v7a
ant28ab722e61f21345aa5b0edfebe88,62.66,4,2048076,118476672860,0,0,118476672860,,android,armeabi-v7a
ant24376ddec1c2a359fb8b8d50ceecc,86.51,4,2868504,53418655744,0,0,53418655744,,android,armeabi-v7a
ant28d7a218f260430c78f25f10c3a7d,8.25,4,8388608,5637144576,0,0,5637144576,,android,armeabi-v7a
ant2b0c520d4b7383d1bb7e69eaeb027,39.85,4,2037492,11929271664,0,0,11929271664,,android,armeabi-v7a
ant2d09086d3acb0397388b098036f05,8.01,4,2020648,3983582167,0,0,3983582167,,android,armeabi-v7a
ant81e446526f37969330aab65bdf688,90.85,4,1844284,967763505971,960247313203,0,7516192768,,linux,aarch64
ant289cb364189d9386e84b1d82d79d6,117.61,4,2024280,58744415191,0,0,58744415191,,android,armeabi-v7a
ant2a37c9d1fb875348db82ff6938911,85.22,4,4003316,56489557360,0,0,56489557360,,android,armeabi-v7a
ant2b03a067ef3433648b30c0f87d260,449.4,4,8388608,5637144576,0,0,5637144576,,android,armeabi-v7a
ant2ecbde391c2f03009a987859f1f61,73.8,4,4003316,121987808624,0,0,121987808624,,android,armeabi-v7a
ant28c490d0dece93526953178dae3ef,85.89,4,3704484,54621246586,0,0,54621246586,,android,armeabi-v7a
ant222ee385f03a63b90ae6e36885f6f,63.38,4,1537844,4874787880,0,0,4874787880,,android,armeabi-v7a
ant2e284121b8f383a21b6b594ee88fb,92.32,4,2053084,10501195038,0,0,10501195038,,android,armeabi-v7a
ant255c31e50362234c8b55bd3610997,351.71,4,1015940,5637144576,0,0,5637144576,,android,armeabi-v7a
ant244381b83e504332fb82b22c03392,30.71,4,1015924,1803886264,0,0,1803886264,,android,armeabi-v7a
ant2d84b5d810828341ea9e4d56b31ee,81.38,8,3678032,44581760532,0,0,44581760532,,android,armeabi-v7a
ant2d93f3b20e06c3b9f8b323acc26bd,87.07,4,2894228,25963077304,0,0,25963077304,,android,armeabi-v7a
ant308b57e6a0c715ab03e23ef5ea5f7,234.78,4,4002784,125090922496,0,0,125090922496,,linux,aarch64
ant177421f957a50fd1b203d4f36dee4,374.52,16,16122488,869730877440,0,858993459200,10737418240,,linux,x86_64
ant24c2951663fbf3276a1698fd0ad2f,49.58,4,2761608,41188736368,15676630630,0,25512105738,,android,armeabi-v7a
ant20f00b069ec52381dac6a68d8bf15,70.49,4,2097152,4960687226,0,0,4960687226,,android,armeabi-v7a
ant21478e1e1d19d3e4fbca546e60b25,20.37,4,1048576,5476083302,0,0,5476083302,,android,armeabi-v7a
ant22cf3e8c542343dabbbae70117f1b,426.39,4,643268,2458868776,0,0,2458868776,,android,armeabi-v7a
ant2991038f05f8134559b983a9643b8,78.23,4,1362636,18307298098,14882061680,0,3425236418,,android,armeabi-v7a
ant208e2fc8a72de31029c883e0e49f4,97.32,5,3933356,54009213747,0,0,54009213747,,android,armeabi-v7a
ant287e5b43d268c322d82b22bd5c925,362.68,4,8388608,5476083302,0,0,5476083302,,android,armeabi-v7a
ant29cbd740188603c18a85ed0cff1ef,15.66,4,33554432,274877906944,0,0,274877906944,,android,armeabi-v7a
ant21f1d73f9a3aa34ceab435290f12b,99.47,4,2055160,118669946388,0,0,118669946388,,android,armeabi-v7a
ant2ddfc638608273ce09b0f05fcec82,59.02,4,2055280,9030168739,0,0,9030168739,,android,armeabi-v7a
ant2a7beb3ec748f35928a5ca2e7e86a,43.38,4,16777216,137438953472,0,0,137438953472,,android,armeabi-v7a
ant2061d757d73b63d1e996dc6323723,76.91,4,1048576,5132485918,0,0,5132485918,,android,armeabi-v7a
ant2cbdac9246fee32f4bd77e906b840,19.86,4,8388608,5637144576,0,0,5637144576,,android,armeabi-v7a
ant2e0472de2848f3b50b026ff6730cd,202.98,4,2749256,56156697395,0,0,56156697395,,android,armeabi-v7a
ant2988e662d18e838f090e78bcebc88,17.09,4,1313616,2011537195662,2000359543275,0,11177652387,,android,armeabi-v7a
antf3f0cff42f6ddaa43914cc0141b37,220.0,4,4003788,0,0,0,0,,linux,aarch64
ant23bb387f3a17f3c2dace09fbfaae0,64.63,4,4003316,121418725457,0,0,121418725457,,android,armeabi-v7a
ant2eeeca5721c8b34b6a96ca54596f3,19.69,4,2053196,11832634900,0,0,11832634900,,android,armeabi-v7a
ant2aaf2a34000f530efba49a6cfb110,89.28,4,1936408,9899899617,0,0,9899899617,,android,armeabi-v7a
ant20a0fa88ee8d43cc3bc3406a787f9,83.54,4,2053196,119077968281,0,0,119077968281,,android,
ant2ef95e2d5f008307986dbe85fe575,511.73,4,1015976,2458868776,0,0,2458868776,,android,armeabi-v7a
ant2ab8dc531832732caaf5dca62ae90,460.94,4,1048576,1857573355,0,0,1857573355,,android,armeabi-v7a
ant297ce49664f033538bb9392c882d0,69.75,5,2971064,54009213747,0,0,54009213747,,android,armeabi-v7a
ant249cb321b8d2b3e2cb0d10ee38ac3,72.31,4,2020648,11735998136,0,0,11735998136,,android,armeabi-v7a
ant2b44d186c5fff3c829848ae98d8ba,120.74,4,1938768,27380416512,0,0,27380416512,,android,armeabi-v7a
ant2b23d83055f3c3ac58aa4cc838f0b,73.99,4,1048576,5637144576,0,0,5637144576,,android,armeabi-v7a
ant268d19f08eb2a35839266a1860e88,79.17,4,0,17179869184,0,0,17179869184,,android,armeabi-v7a
ant22eac942428eb335999ccad0b6523,94.27,3,2053196,4080218931,0,0,4080218931,,android,armeabi-v7a
ant247313f3671c130d481276da5a75a,84.88,4,1534232,7816840478,7816840478,0,0,,android,armeabi-v7a
ant23a763cafb7f3320592a7027feea5,79.82,4,972576,2372969431,0,0,2372969431,,android,armeabi-v7a
ant268178182f39732a9a3b585da2dc5,19.82,4,2055160,57370025656,0,0,57370025656,,android,armeabi-v7a
ant29e7f41d915583e20b7036cb3ed02,42.32,4,2053196,57133802455,0,0,57133802455,,android,
ant2f6152c66e71b36f3bc91d52999fb,5.68,4,8388608,5637144576,0,0,5637144576,,android,armeabi-v7a
ant2fcb7eedffc573441b04ca37d7ee7,8.92,4,1048576,5282809774,0,0,5282809774,,android,armeabi-v7a
ant29ed215f7da5435a1b12d509dcaad,48.77,4,2019608,57423712747,0,0,57423712747,,android,armeabi-v7a
ant20df0b02783b93a4ea1b11f9fcd83,41.568,4,1048576,5100273664,0,0,5100273664,,android,armeabi-v7a
ant27ccd83dd44b831e7ab5cbeba4808,75.87,4,2054132,11392400752,0,0,11392400752,,android,armeabi-v7a
ant29ea13908f11c3352b2685d24854a,93.1,4,2053196,117843165184,0,0,117843165184,,android,
ant272f986ba2e3f33c78607a02f6ef3,98.41,4,2089984,4144643440,0,0,4144643440,,android,armeabi-v7a
ant0c418d38e94ca916a3f79cb8ca11c,43.74,4,4002784,125090922496,0,0,125090922496,,linux,aarch64
ant2c24e1e38dc373c6084f2b603ff82,52.0,4,2055160,11403138170,0,0,11403138170,,android,armeabi-v7a
ant2b6e6890879343ef39d6d5170a08e,106.67,4,4003376,121440200294,0,0,121440200294,,android,armeabi-v7a
ant99d444979c0c3556a8311177876dd,97.49,2,4008896,85899345920,0,0,85899345920,,linux,
ant21711aa4718d63569a8a84d4f9006,242.22,4,3832724,53418655744,0,0,53418655744,,android,armeabi-v7a
ant2efa02eee1faf3fb1ad735d6692ac,5.89,4,2053196,27358941675,0,0,27358941675,,android,armeabi-v7a
ant2a213a7b78a8f345aa5f7ba5b522e,102.25,4,1015912,515396075,0,0,515396075,,android,armeabi-v7a
ant260e8c78f929d36e592a2094b3d1f,14.45,4,2026968,4048006676,0,0,4048006676,,android,armeabi-v7a
ant2eb7c14e916003dc696a0a57e5197,62.91,4,2019608,58057220423,0,0,58057220423,,android,armeabi-v7a
ant2dcc9a4bcc58030f38f6879fef49e,62.44,4,2053196,3972844748,0,0,3972844748,,android,armeabi-v7a
ant2f3dae71982313629ae6f372eaa1c,75.99,4,4003316,121987808624,0,0,121987808624,,android,armeabi-v7a
ant25885341c07db3dae85adccbdca0c,16.2,4,3027544,19681687633,0,0,19681687633,,android,armeabi-v7a
ant294b31fff1f533f7ab103c3401bde,84.77,5,1941948,23847805911,0,0,23847805911,,android,armeabi-v7a
ant2a87620d3f3483f0eacb18d62d7e6,7.25,4,3836412,120452357815,1964947537,0,118487410278,,android,armeabi-v7a
e4fff84e72f57fd4a0361272297ede95,1120.0,20,19032076,987842478080,0,858993459200,128849018880,,linux,x86_64
ant2a8c808e084e036249cd57427455c,12.35,4,2060824,3371549327,0,0,3371549327,,android,armeabi-v7a
ant2b97337cb905b36459fbb515028c1,94.14,4,2053196,119077968281,0,0,119077968281,,android,
ant285382d2534063e40b04b1d8aa992,95.06,4,3095540,27412628765,526133493,0,26886495272,,android,armeabi-v7a
ant268ab0d6ce62b32ebae1bbeada42a,124.76,4,1015940,5637144576,0,0,5637144576,,android,armeabi-v7a
ant23d1c4c9982eb32cdad3115427be0,34.74,4,1015940,5637144576,0,0,5637144576,,android,armeabi-v7a
0521e0ccdf37bb39459aefe027e35ef1,3000.0,48,65347468,8616456015052,0,8136386045542,480069969510,,linux,x86_64
ant21b112082a24d3e81895018ac17e8,70.24,4,2054220,4080218931,0,0,4080218931,,android,armeabi-v7a
ant21a95d77380a930c6a56d975fc00c,70.9,4,4003212,55168854917,0,0,55168854917,,android,armeabi-v7a
ant29ac3a41382e23a618b6c7cd38f1e,221.8,4,8388608,5637144576,0,0,5637144576,,android,armeabi-v7a
9924ca527cc44e39e9e8b1e3633bed57,3900.0,64,65627836,10375674619490,0,9895604649980,480069969510,,linux,x86_64
ant2c042598286943e2eae50cb72f05a,65.53,5,3934196,0,0,0,0,,android,armeabi-v7a
ant21fad078564c63b5fa23a098fefed,100.0,8,5835404,114589727457,0,0,114589727457,,android,arm64-v8a
efffef9ecb644c7988259b387b82673f,1408.0,24,65610704,3258162190744,0,2778629092146,479533098598,,linux,x86_64
ant25b672eda490032b7ba8c8b9e56dd,236.55,4,3894168,55405078118,0,0,55405078118,,android,armeabi-v7a
ant2bf62178be2873b918e4aacef4580,78.3,4,2019608,4423816314,0,0,4423816314,,android,armeabi-v7a
anta66c0690a4cee4279a8a014195e84,201.35,4,4002784,125090922496,0,0,125090922496,,linux,aarch64
ant2dc90f41b039b3aa5b50888fffbfe,99.38,4,1048576,5132485918,0,0,5132485918,,android,armeabi-v7a
ant2be33558cc00235b2a1b5793af792,99.18,4,2019608,58046483005,0,0,58046483005,,android,armeabi-v7a
ant26bb26a51e12230e4af137ac2a671,76.22,4,1017924,5873367776,515396075,0,5357971701,,android,armeabi-v7a
ant23e4fe3d2f2b03b6faa6b79ff8dd8,132.63,4,1907328,25662429593,0,0,25662429593,,android,armeabi-v7a
ant236fcfdbfd08f37958ad4dbfbe8b9,46.83,4,2020652,11510512353,0,0,11510512353,,android,armeabi-v7a
ant2897db4babc1b31f0bee052709cd7,81.89,8,3979940,56124485140,0,0,56124485140,,android,armeabi-v7a
ant22e15fb9f790f3181a92650682642,41.51,4,2093056,3242700308,0,0,3242700308,,android,armeabi-v7a
5319b4242d6321f4f17a04f0beef92a6,2000.0,24,16120840,1924145348608,0,1649267441664,274877906944,,linux,
ant262f1211f5b7e37a8b4336e4cda71,306.29,4,2093056,3801046056,0,0,3801046056,,android,armeabi-v7a
ant254799160257d30298c8aa86311f9,84.99,4,2868504,53418655744,0,0,53418655744,,android,armeabi-v7a
ant2378d0e946d3d3a7bb311a52ae203,71.76,4,3658608,54750095605,0,0,54750095605,,android,armeabi-v7a
ant240beacd033fd38c6ba8664724f9e,464.85,4,1015940,5476083302,0,0,5476083302,,android,armeabi-v7a
ant2649d631070f0384894db65b9bc67,75.39,4,1683568,26596584980,0,0,26596584980,,android,armeabi-v7a
ant1f2a5b3f2b01fd277e208f42c08ef,1000.0,2,4008904,85899345920,0,0,85899345920,,linux,x86_64
ant73110a5ae87c618029177bfd8bd2f,97.32,4,1909808,123695058124,0,0,123695058124,,linux,
ant30bbd494ebe845df734cdb6ae16f5,97.0,4,1909808,123695058124,0,0,123695058124,,linux,aarch64
antbf83188e10f3ff7f56db65a71c921,115.8,4,1903340,7838315315,0,0,7838315315,,linux,
3faab7dd39f295086248a1b793919c1e,1920.0,24,32660228,2193869294796,0,1979120929996,214748364800,,linux,x86_64
ant2913469b4a5843aaa81d9261148ed,92.17,4,1048576,4928474972,0,0,4928474972,,android,armeabi-v7a
ant2f96ada86d2e533ed98a4f7cedd87,135.0,4,8388608,5637144576,0,0,5637144576,,android,armeabi-v7a
2107bb28cd9926e8173415beeaafabf0,220.0,4,8140832,536870912000,214748364800,214748364800,107374182400,,linux,x86_64
ant296d5dac69b9533869163ad2e6050,142.11,4,8388608,5476083302,0,0,5476083302,,android,armeabi-v7a
ant85fcc766cbf4aa4c60689f26aeb4e,209.52,4,3888528,214748364800,0,107374182400,107374182400,,linux,x86_64
ant212055c5bbb9934dea163e26f6419,94.62,4,2058012,27358941675,0,0,27358941675,,android,armeabi-v7a
antf3503e66e55380fcbe43c852b283f,97.07,4,1909808,125090922496,0,0,125090922496,,linux,aarch64
ant2af6ff94e1df5348ab937d87bc0cb,121.53,4,1048576,5282809774,0,0,5282809774,,android,armeabi-v7a
ant252b81d47cd1e3f3c9a8074870966,106.33,4,2058012,27358941675,0,0,27358941675,,android,armeabi-v7a
ant2fa293dfbc6893b4caabe2424734c,45.64,4,4063504,4885525299,0,0,4885525299,,android,armeabi-v7a
ant29ce9d172305233ca84797e988d32,11.2,4,4063504,4885525299,0,0,4885525299,,android,armeabi-v7a
ant2c4f953dd7dcf37e78b1a0251d31b,5.02,4,8388608,4724464025,0,0,4724464025,,android,armeabi-v7a
ant2eaf210bb3d3d39f8b9cdabb0752a,94.44,4,2020652,3758096384,0,0,3758096384,,android,armeabi-v7a
ant2c70a0e2dff2e3aa185db0d0dc552,8.81,4,2052176,4423816314,0,0,4423816314,,android,armeabi-v7a
ant212263d01a54d33e1928b400c87e8,104.22,4,2053200,3801046056,0,0,3801046056,,android,armeabi-v7a
ant2db9be3755e703231bd5dafb0cd64,57.4,4,3616764,58712202936,0,0,58712202936,,android,armeabi-v7a
ant25258207dfa5e3625a65325111c5c,5.19,4,2052184,4327179550,0,0,4327179550,,android,armeabi-v7a
antb3fdc3bb9072c3fbf19188f13668b,93.16,4,1844284,7730941132,0,0,7730941132,,linux,aarch64
ant2acc13d2bfc90379e81239ab11000,87.07,4,2093056,3038689361,0,0,3038689361,,android,armeabi-v7a
78df99bf53d9830fdfbe05b3c573efb8,4480.0,80,98283976,10956891068823,0,10445360463870,511530604953,,linux,x86_64
ant20c2697282ebc3f94a02a9eb3979d,32.36,4,1048576,5175435591,0,0,5175435591,,android,armeabi-v7a
8faa6db62bc3c67e754501aeb1352a4e,1100.0,32,65491464,2329160764620,0,2089072092774,240088671846,,linux,x86_64
ant238704ffd10f23de59016320b752a,77.64,4,2089984,11220602060,0,0,11220602060,,android,armeabi-v7a
ant2c17b50529c933ae4a4622f0d2ad8,82.4,4,1771596,24545738096,0,0,24545738096,,android,armeabi-v7a
anta401c00d3767c9d7d13dec4c0b3ac,94.85,2,4008904,85899345920,0,0,85899345920,,linux,x86_64
antd603a0431e5695bd160276203e309,104.48,4,7919176,127990025420,0,0,127990025420,,linux,x86_64
ant2402ca7e875063eef8eb2cda90b11,79.19,4,1899160,56682830888,0,0,56682830888,,android,armeabi-v7a
ant2d4546bf68681f5179c56326a4167,102.35,4,2014148,0,0,0,0,,linux,aarch64
ant218b35683e29731a9a0bc5095abc8,105.48,4,2054260,12884901888,0,0,12884901888,,android,armeabi-v7a
ant243e938e73e4b341d89d60ad9242b,96.71,4,2055164,4584877588,0,0,4584877588,,android,armeabi-v7a
dfa2c7008c91c46b049d022f8b309e75,6000.0,64,131826716,51057604847200,40681930227710,9895604649980,480069969510,,linux,x86_64
8d9446f0f8ef45dbf4c81411d91c7d0c,220.0,4,8140832,536870912000,0,429496729600,107374182400,,linux,x86_64
ant26c0299cd11a135238638e257c3a8,92.08,3,2054260,13937168875,1052266987,0,12884901888,,android,armeabi-v7a
ant201efd671567d3599a7edd4132b7d,66.87,4,4003212,115502408007,0,0,115502408007,,android,arm64-v8a
ant61b3e492f8b374b8fb7953fede9b0,50.0,4,4002784,123802432307,0,0,123802432307,,linux,aarch64
ant279853570ed743e69965b0bf42431,250.23,4,1015940,5476083302,0,0,5476083302,,android,armeabi-v7a
ant25e95a2308d3837f49619ebf3d724,70.05,4,1021464,6442450944,0,0,6442450944,,android,armeabi-v7a
ant29b0d2eda4723394ab2951478600a,74.02,4,1484060,26188563087,0,0,26188563087,,android,armeabi-v7a
anta9a5d5294500afba8ea9a80a9aaaa,1000.0,8,16374112,193273528320,0,107374182400,85899345920,,linux,x86_64
ant3fcbe555712e082b28e2e2a59ef42,359.66,4,4002784,125090922496,0,0,125090922496,,linux,aarch64
ant2c2c587826e1b3c3299b525448647,55.04,4,4063504,4885525299,0,0,4885525299,,android,armeabi-v7a
ant47ff917d1fb70559a40bf77930313,1000.0,8,10062312,601295421440,0,590558003200,10737418240,,linux,x86_64
ant886ce9d55a95c19b818c8e7a989a7,500.0,8,16373076,137438953472,0,0,137438953472,,linux,x86_64
ant2b0f16ff221383598a7c8cfb5e4d6,98.11,4,2097152,4541927915,0,0,4541927915,,android,armeabi-v7a
ant28b2be225b02531d494201b22ceb6,98.69,4,2093056,3865470566,0,0,3865470566,,android,armeabi-v7a
ant25f0724e6f38a34078f8953cec873,29.03,4,2055160,57370025656,0,0,57370025656,,android,armeabi-v7a
ant2a2fc517166033a6eb6ff88571d13,99.61,4,4003316,121987808624,0,0,121987808624,,android,armeabi-v7a
ant21f07b80cdd483057b4c7423a3d53,54.18,4,2020648,3994319585,0,0,3994319585,,android,armeabi-v7a
ant2220de55e71ea3ec8acc6ae9228e3,556.71,4,1048576,5637144576,0,0,5637144576,,android,armeabi-v7a
ant255c402983b2a33aaad96aec2dfeb,68.29,4,2053208,26456998543,0,0,26456998543,,android,armeabi-v7a
ant2b2be4815aae03016b391968a0d4f,107.18,4,1048576,5100273664,0,0,5100273664,,android,armeabi-v7a
ant22cb0fb2d31fc3ac6a4bb50e25b4b,239.89,4,8388608,5637144576,0,0,5637144576,,android,armeabi-v7a
ante6e5f1b31c7eef7ebb9a342cf55f8,103.85,4,1909808,7838315315,0,0,7838315315,,linux,aarch64
ant2701725322bd33e2295c70959513a,62.47,4,2019608,57380763074,0,0,57380763074,,android,armeabi-v7a
ant264e8b046262836509b2cbdbe36a2,341.75,4,1015940,5476083302,0,0,5476083302,,android,armeabi-v7a
ant2e0f1bfc13e4332d1badb18462c9c,35.19,8,1876120,12262131630,0,0,12262131630,,android,armeabi-v7a
d8926401e8b0cef218fe900321f72c0d,300.0,4,3990184,268435456000,0,214748364800,53687091200,,linux,x86_64
ant2a9d1e775237f38dc865ad2862bbe,99.12,4,2055156,118111600640,0,0,118111600640,,android,armeabi-v7a
ant22165c9a2a6cf376ca8aded63f783,74.04,4,2868504,53418655744,0,0,53418655744,,android,armeabi-v7a
ant2165b347afcbe30cca1c793fdc2e6,98.07,4,962156,4724464025,0,0,4724464025,,android,armeabi-v7a
ant2aab334526c71388a8e2f7008475a,80.96,4,2089984,3865470566,0,0,3865470566,,android,armeabi-v7a
ant24e4a731e53de34b990e505893d40,284.52,4,1015964,2512555868,0,0,2512555868,,android,armeabi-v7a
ant20f6191d15e1534adb8dfbadb43ff,46.74,4,1537836,4874787880,0,0,4874787880,,android,armeabi-v7a
ant86b7fe97fd69065c460e16e325f63,51.59,4,1844284,519583668633,512067475865,0,7516192768,,linux,
1340335d45ec7907058208770615ab68,220.0,4,8140832,536870912000,0,429496729600,107374182400,,linux,x86_64
ant2f44691596936335e9fdb490b8514,479.09,4,1016016,6249177415,0,0,6249177415,,android,armeabi-v7a
ant2c7fd334b57d33cd985938a415fde,107.67,4,1484060,26188563087,0,0,26188563087,,android,armeabi-v7a
ant240299adeb44a38d682e0631ac13f,169.81,4,1015924,6249177415,0,0,6249177415,,android,armeabi-v7a
ant22f03bc799f1533ff844c98c68c4a,88.41,4,2020372,27928024842,0,0,27928024842,,android,armeabi-v7a
ant2b5bb959f5f26f9b5689f789cf668,37.9,4,1909808,127882651238,120044335923,0,7838315315,,linux,
ant25d63847ce25b3d0cb0af90a095b9,79.84,4,2012028,121440200294,0,0,121440200294,,android,armeabi-v7a
ant25ea12b8aea4a3209b8b7ae51f43b,338.34,4,8388608,5476083302,0,0,5476083302,,android,armeabi-v7a
ant03e477f7e7d697a03b1329ef961f3,90.89,4,1844284,7516192768,0,0,7516192768,,linux,
ant2e0cb627beb973b4fb7ab2ab7e317,57.56,4,994840,28207197716,0,0,28207197716,,android,armeabi-v7a
ant21af3bb37a59938b2b11dcca94f96,346.46,4,1682492,26596584980,0,0,26596584980,,android,armeabi-v7a
ant047217b5a145c1fdcfba6d551f3eb,104.65,4,4002784,125090922496,0,0,125090922496,,linux,aarch64
ant29d1c7f3e2deb3d298a5a1ff4e26d,106.06,4,1895036,9481140305,0,0,9481140305,,android,armeabi-v7a
6c5cffe7d408a7dfcc5f00c2cbcd920d,5000.0,64,131916660,55125797869971,44750123250481,9895604649980,480069969510,,linux,x86_64
ant2c22207f66ea03338ad46ce99e953,171.8,4,2997592,19542101196,0,0,19542101196,,android,armeabi-v7a
ant2c263c16f966b3e43bba4b1bf656d,13.52,4,4063504,4724464025,0,0,4724464025,,android,armeabi-v7a
ant81618f9faa4bf56761cca5aa7b1a8,245.81,4,1909808,125090922496,0,0,125090922496,,linux,aarch64
ant222cd97fb96f73bf783d69c4853b6,82.98,4,2058012,153180008611,125821066936,0,27358941675,,android,armeabi-v7a
ant2b68f19199190399cbf1d76a9e524,300.0,4,2042192,11360188497,0,0,11360188497,,android,armeabi-v7a
ant2a58bd52772723efc89550993e708,87.49,4,2056184,12670153523,0,0,12670153523,,android,armeabi-v7a
ant20bfe99760e7d3cfca49309de74d1,79.23,5,2971064,54009213747,0,0,54009213747,,android,armeabi-v7a
ant28cc2edd4fbb336cb931a7a100000,264.42,4,1015940,5637144576,0,0,5637144576,,android,armeabi-v7a
ant275b056069583327ca8d87a2c4774,93.42,4,1048576,4724464025,0,0,4724464025,,android,armeabi-v7a
ant24ac8d2b0d7c433d1920ee69a0506,340.82,4,1016028,5776731013,0,0,5776731013,,android,armeabi-v7a
ant2f4b2b8db3f9b3b369ff44da8061d,41.9,4,2058020,27358941675,0,0,27358941675,,android,armeabi-v7a
ant2b15bb33d54423227844cf52b6919,63.43,4,2816232,11531987189,0,0,11531987189,,android,armeabi-v7a
888c700c25daed2abc897a9136f8a3d8,200.0,20,16121732,1136555720704,0,1000190509056,136365211648,,linux,x86_64
ant25aace4d9d6bc32fb9880a6982cb2,95.99,4,2053148,152771986718,125810329518,0,26961657200,,android,armeabi-v7a
ant22d0be1961c2737e5a9e2fed67243,79.08,4,2015964,11531987189,0,0,11531987189,,android,armeabi-v7a
ant22ea3f085bc75335b88af27c9115d,107.02,4,2025232,10930691768,0,0,10930691768,,android,armeabi-v7a
ant2b372c5b203f83c8a8ffcabadea6a,38.01,4,1048576,5411658792,0,0,5411658792,,android,armeabi-v7a
ant2716dcef963cb3547a31a39fa5d47,98.69,4,4063504,4724464025,0,0,4724464025,,android,armeabi-v7a
ant2ba2c6ec603cc3a599f8803ff970e,60.81,4,2776980,87467008982,30784178094,0,56682830888,,android,armeabi-v7a
ant2d960c536e43b3ba29f66cadc32ce,278.75,4,3832724,53418655744,0,0,53418655744,,android,armeabi-v7a
ant7d3cb5aee662c3a016a61cbd39fdd,69.38,4,1909808,125090922496,0,0,125090922496,,linux,
ant28a43192be6ac3d92822f8fc51efc,42.75,4,4063504,4885525299,0,0,4885525299,,android,armeabi-v7a
ant2dd133a962ea43e2d82b8a96bb453,272.44,4,3184608,54760833023,257698037,0,54503134986,,android,armeabi-v7a
ant297452532b05e33d9b497cada72bb,71.52,4,2093056,3231962890,0,0,3231962890,,android,armeabi-v7a
ant22f2693b31cae33c2a06fedf547c8,51.69,4,2058020,27358941675,0,0,27358941675,,android,armeabi-v7a
ant20593e745945c3b748e27b582b20e,97.99,8,7463860,245489593221,0,0,245489593221,,android,armeabi-v7a
ant27df97c24550b3f5ab5329c56907f,54.36,4,2055160,118648471552,0,0,118648471552,,android,armeabi-v7a
ant244a10545558d3927a2686c949653,72.21,4,2054232,3242700308,0,0,3242700308,,android,armeabi-v7a
antf0d82ffc91bf3eb2921d19724834b,97.32,4,1909808,123695058124,0,0,123695058124,,linux,aarch64
ant26c4ab1ad4dc33ccd91099d27cdf2,365.77,4,16777216,6302864506,0,0,6302864506,,android,armeabi-v7a
ant2a4a97e19c5493ce0a9dd1492be66,74.21,4,3717368,24653112279,0,0,24653112279,,android,armeabi-v7a
ant28373f348dd60316db97a611a0248,76.16,4,4003384,121440200294,0,0,121440200294,,android,armeabi-v7a
ant2ba2e1f19d2c330d2abf55e7b8344,99.24,4,2055356,56897579253,0,0,56897579253,,android,armeabi-v7a
ant09bb2e3848874c9a3f7efd94b5856,50.73,4,4002784,125090922496,0,0,125090922496,,linux,aarch64
ant2f0ce49f7d19937bb9a7f75a8621c,145.86,4,1904860,27906550005,0,0,27906550005,,android,armeabi-v7a
ant2ca6295a623b832b2ae349451d72c,538.71,4,1048576,5282809774,0,0,5282809774,,android,armeabi-v7a
ant26c3a8f2540f239f388f0b66df4c6,107.53,4,8388608,4885525299,0,0,4885525299,,android,armeabi-v7a
ant237751ce60d363710aa54d087e5a0,38.21,4,1048576,5282809774,0,0,5282809774,,android,armeabi-v7a
ant26d14fa197790329999525473c001,95.6,4,2776980,65369402244,8031588843,0,57337813401,,android,armeabi-v7a
ant2aba06a8c195e399282568fa77ee5,73.92,4,2054260,4853313044,0,0,4853313044,,android,armeabi-v7a
ant2f9b535c32f823af487b94030ef0b,188.05,4,1048576,5476083302,0,0,5476083302,,android,armeabi-v7a
2570f5fb441ea863fef890de3883615f,800.0,32,65479444,2219209601842,0,1979120929996,240088671846,,linux,x86_64
ant2e0c4eb918b403c27853026afece5,176.49,4,1722360,24653112279,0,0,24653112279,,android,armeabi-v7a
ant2b5e771f05df33544939e92996f22,70.69,4,3860176,57788784967,0,0,57788784967,,android,armeabi-v7a
ant2b5696009e1c539e280f0d979ba08,63.72,4,3840624,57101590200,0,0,57101590200,,android,armeabi-v7a
ant2247cbc1bcc6a34de923079e8df44,148.7,4,1015928,6249177415,0,0,6249177415,,android,armeabi-v7a
ant48cd38ffd5702fec30c711ecb96c2,982.75,4,1909808,7838315315,0,0,7838315315,,linux,aarch64
ant2b78381c0a55032a48214e4168fd9,285.47,4,8388608,5476083302,0,0,5476083302,,android,armeabi-v7a
antdbee0b69ef4051eb2bdac3574f222,80.0,4,1844284,167933221273,160094905958,0,7838315315,,linux,aarch64
ant2f515dde52f6c3ccd9be4f41dfec3,100.61,4,16777216,6302864506,0,0,6302864506,,android,armeabi-v7a
ant2503b56c950463f94bf4b19e0ff6e,6.71,4,980444,12509092249,0,0,12509092249,,android,armeabi-v7a
ant2c33c2b9625e730c69c42286f6c77,98.09,4,4003212,117510305217,2040109465,0,115470195752,,android,armeabi-v7a
ant29c8003755c173d93898a93deccbc,92.8,4,8388608,5637144576,0,0,5637144576,,android,armeabi-v7a
ant2169ff0bc139c3a0faff670e8d32a,99.39,4,1887352,9889162199,0,0,9889162199,,android,armeabi-v7a
ant226f07635136c39f08365ed3beac3,65.47,4,957384,5014374318,0,0,5014374318,,android,armeabi-v7a
ant2077bcd98bec2353fa7148c545c05,86.7,4,3844880,43916040601,0,0,43916040601,,android,armeabi-v7a
ant26b36e2cb78a43308a377248f42d1,12.57,8,7710272,243674969538,0,0,243674969538,,android,arm64-v8a
ant2b527e17500ce306aa2f59b9118f1,88.35,4,3832724,53418655744,0,0,53418655744,,android,armeabi-v7a
ant3511f5f056f6c79781be6251dcb99,41.57,14,14058668,781684047872,0,644245094400,137438953472,,linux,x86_64
ant67ac1b3ba0e3b9e4af8b977cf6321,97.43,4,1844268,125090922496,0,0,125090922496,,linux,
ant27255eb487f0d33e8a24613be68c3,54.17,4,8388608,5476083302,0,0,5476083302,,android,armeabi-v7a
ant215585daca4b13bed99218c0317c8,99.28,4,2055156,3650722201,0,0,3650722201,,android,armeabi-v7a
ant25d3ad4a561d736f5bac53bc9e038,390.34,4,8388608,5476083302,0,0,5476083302,,android,armeabi-v7a
ant2825ea3a0287730d5bf2b8caa2ac5,43.57,3,1009628,3779571220,0,0,3779571220,,android,armeabi-v7a
ant3e3a103b8a95ebc94bf79947d6add,290.66,8,8010248,468151435264,0,450971566080,17179869184,,linux,
ant2343871cc451e3cb1b3671b35a323,90.49,4,2842328,25286619955,0,0,25286619955,,android,armeabi-v7a
6b06fa0842fb396c2728ece9ec7a55c4,2700.0,32,32577960,2344944769432,0,2089072092774,240088671846,,linux,x86_64
ant279e15909746735b38c704cc0b393,121.25,4,1048576,5057323991,0,0,5057323991,,android,armeabi-v7a
ant25a97ad5407293e549a073614734c,26.56,4,1048576,5476083302,0,0,5476083302,,android,armeabi-v7a
ant2b3f3b9ac1b12335eb4ef8ac3e149,108.2,4,1016012,6249177415,0,0,6249177415,,android,armeabi-v7a
ant2513497a22fac30ee88fba77e23d5,77.54,4,2019608,27605902295,0,0,27605902295,,android,armeabi-v7a
ant29c767a78d1d53fa696b3a3083a2a,88.68,4,2097152,3532610600,0,0,3532610600,,android,armeabi-v7a
ant26f7538665f913876b8139051ce68,416.84,4,1048576,5476083302,0,0,5476083302,,android,armeabi-v7a
ant523452664952ac1d151c4498e81e5,196.0,4,3888536,107374182400,0,0,107374182400,,linux,x86_64
ant2c42f8fa8c0b03cb194b9dd7f0c7b,110.16,4,1018096,5132485918,0,0,5132485918,,android,armeabi-v7a
7bb3a4d903cfa9b7c9f49cbac20da11f,440.0,20,32542128,2107110955416,0,1979120929996,127990025420,,linux,x86_64
ant2f156652a23c631d9979301e2f8ac,12.05,4,2054236,4048006676,0,0,4048006676,,android,armeabi-v7a
ant218e89abd2dcf36f89dcee3ca7a1d,109.48,4,16777216,6292127088,0,0,6292127088,,android,armeabi-v7a
ant228f2d6322b043b8ba8cbb0da0bbd,133.94,4,1048576,4928474972,0,0,4928474972,,android,armeabi-v7a
ant2279a64236b2b38ef8c2f8ebf881d,86.96,2,0,4058744094,0,0,4058744094,,android,armeabi-v7a
ant2111b15bd92b038928089056e1024,50.95,4,8388608,5476083302,0,0,5476083302,,android,armeabi-v7a
ant2a088e7d2ab3d301c98680a6fb592,84.47,4,2055148,56253334159,0,0,56253334159,,android,armeabi-v7a
ant20ca4d78c07533e2eb982e529adae,110.69,4,1048576,5637144576,0,0,5637144576,,android,armeabi-v7a
ant578318ac5d26708dd88ffacba5c1c,100.0,4,7832892,512174850048,0,0,512174850048,,linux,x86_64
87db0571ad0ed0dce8e93dcb131c59ab,350.0,32,16087284,2235208355020,0,1979120929996,256087425024,,linux,x86_64
ant2302810aa157537c3ad299c07203a,13.33,4,2027232,11542724608,0,0,11542724608,,android,armeabi-v7a
ant2dc446aa43d313aae9cdc90908569,46.29,4,2089984,4144643440,0,0,4144643440,,android,armeabi-v7a
ant2a7689ebf458432648ed1633982a4,139.9,4,1011396,3500398346,0,0,3500398346,,android,armeabi-v7a
ant29a1d123d174137cc8ed3c84ff4cb,70.17,4,8388608,5637144576,0,0,5637144576,,android,armeabi-v7a
ant229491ccc1a9c3badb06ae35e8fd9,108.49,4,1005092,4713726607,0,0,4713726607,,android,armeabi-v7a
ant26d0a7726ed9637f1bc2fa368ac93,227.71,4,1048576,5175435591,0,0,5175435591,,android,armeabi-v7a
ant2532927288f943fe0923375f70222,72.36,4,1048576,5057323991,0,0,5057323991,,android,armeabi-v7a
ant2a5230c8055ae3320b95a75815cde,63.37,4,2055160,3704409292,0,0,3704409292,,android,armeabi-v7a
ant293738bf698d3389188fbbeb1f9f1,68.43,5,2971064,54009213747,0,0,54009213747,,android,armeabi-v7a
ant2e1eeda02293c34e8bd3515742a46,65.65,4,1048576,5411658792,0,0,5411658792,,android,armeabi-v7a
67e3b74271827da6da3c58b2fb18b748,1200.0,80,32517780,6481213023846,0,6001143054336,480069969510,,linux,x86_64
ant26bcc8d3caa9e39c2b8f9d081da4c,90.13,4,1970704,27305254584,0,0,27305254584,,android,armeabi-v7a
ant27dc71460b79f3a60b21ddd961a23,95.24,4,2055160,3629247365,0,0,3629247365,,android,armeabi-v7a
ant2ed0c324e8e3e3302be6c1db0d214,11.24,4,1048576,5637144576,0,0,5637144576,,android,armeabi-v7a
ant2bb3bd85c93ea380f88685c38beac,53.84,4,1015976,6249177415,0,0,6249177415,,android,armeabi-v7a
ant84c7acd93c00379d955e5aec14aeb,1000.0,8,8010224,590558003200,0,579820584960,10737418240,,linux,x86_64
ant2ed9a8a76e76e34368f50253fb54f,53.592,4,1015836,1202590842,0,0,1202590842,,android,armeabi-v7a
ant2c825ea28fffb322c935a4ad94de7,97.5,4,3836772,51743618498,0,0,51743618498,,android,armeabi-v7a
ant223803d1514e536f8b83a60bb8894,169.03,4,2052184,27605902295,0,0,27605902295,,android,armeabi-v7a
ant2ad62d728eecf3df6b4f614ac5807,54.14,2,0,1975684956,0,0,1975684956,,android,armeabi-v7a
ant2e4cbdab661b5322e99a6540ce284,72.41,4,2019608,4219805368,0,0,4219805368,,android,armeabi-v7a
6d3e730aae88d07bd2eac8f10c904b80,500.0,16,32922808,1314259992576,0,1099511627776,214748364800,,linux,x86_64
ant2242a890bc18137febacf31c8575d,71.76,4,2054224,3972844748,0,0,3972844748,,android,armeabi-v7a
ant259a1e0f787ba3de29ef1271c4eaa,111.49,4,2011148,8761733283,0,0,8761733283,,android,armeabi-v7a
ant2518f4a00f26c311a99c8687bb0a9,10.08,4,1018096,5132485918,0,0,5132485918,,android,armeabi-v7a
ant20f17d78da77d3f72a0598435d1e4,99.13,4,2055156,118111600640,0,0,118111600640,,android,armeabi-v7a
fa00af87f5aa975f996c0e71ab1cc5b7,960.0,36,25768816,2086495112396,0,1979120929996,107374182400,,linux,x86_64
ant2d447e910ef2c375eb26c255c534f,128.33,4,4003316,121440200294,0,0,121440200294,,android,armeabi-v7a
antb94ade70dcb0a031800feaa5ef96b,84.23,4,4002784,125090922496,0,0,125090922496,,linux,
ant2600c60df79e13b10a6f44213112c,102.49,4,1048576,5411658792,0,0,5411658792,,android,armeabi-v7a
ant21e5a8857c12e3a9cad1039d4448d,73.63,4,773844,2050846883,0,0,2050846883,,android,armeabi-v7a
ant24f81740e6c583d8f854f1b108768,99.55,4,2019608,27605902295,0,0,27605902295,,android,armeabi-v7a
ant29ce81182ef5339afbee660488cd8,42.97,4,2055160,3650722201,0,0,3650722201,,android,armeabi-v7a
547588c7a7fb7987effc05774d1ce4c9,2100.0,20,32804524,2219209601842,0,1979120929996,240088671846,,linux,x86_64
ant2dbeebc8cd1ba329d9b633471e411,72.89,4,2055160,57370025656,0,0,57370025656,,android,
ant2c28d94f0055930aba709fc83b976,89.29,4,2055148,117531780055,0,0,117531780055,,android,armeabi-v7a
ant2c66f651dc1df3c8da0b335994190,76.23,4,2054244,11746735554,0,0,11746735554,,android,armeabi-v7a
antb2b0edaa776be03ac8f1433680e34,240.0,4,4002784,125198296678,0,0,125198296678,,linux,aarch64
ant2ff4c31d93bc937d29516a81ebf43,21.24,4,1048576,5637144576,0,0,5637144576,,android,armeabi-v7a
ant27e641d77c9cb3b1e84d507025e9f,234.33,4,8388608,5637144576,0,0,5637144576,,android,armeabi-v7a
ant27407a82037c838eba7f8918db092,84.19,4,4003316,58905476464,0,0,58905476464,,android,armeabi-v7a
ant298674b10b33e3eaaa349c89f6b0f,84.55,4,2058020,27358941675,0,0,27358941675,,android,armeabi-v7a
ant2466133931425375e80fbd109b768,75.17,4,1015672,5132485918,0,0,5132485918,,android,armeabi-v7a
ant2d12a15542acb34fdb8022e2dd624,94.31,4,2055156,116812373032,0,0,116812373032,,android,armeabi-v7a
ant2b39b92267bae3e44b5897818f375,354.76,4,1016012,6249177415,0,0,6249177415,,android,armeabi-v7a
ant03156574d5d0d2ec35e59c69ca424,32.02,4,7879868,85899345920,42949672960,0,42949672960,,linux,x86_64
ant29cf747364c1134c2a35a8dc8015f,98.9,4,2020648,11735998136,0,0,11735998136,,android,armeabi-v7a
ant2a8e558df8dc03958afdefc6d20b8,16.78,4,2055156,118111600640,0,0,118111600640,,android,armeabi-v7a
ant2762d864a74873733ba2c59957f4e,6.23,4,2868504,53418655744,0,0,53418655744,,android,armeabi-v7a
ant25f6744a0d9a23da399216a6cc825,99.29,4,2052184,4327179550,0,0,4327179550,,android,armeabi-v7a
ant27e215e5bd06d3045b0832c38d5e8,52.44,4,2058012,27358941675,0,0,27358941675,,android,armeabi-v7a
ant234626bf7d885383aacd17b3d58c5,86.11,4,3742808,113311974686,0,0,113311974686,,android,armeabi-v7a
ant210c9becaa7d0395f88a7faf71cc1,6.44,4,4063504,4885525299,0,0,4885525299,,android,armeabi-v7a
ant20a009419bdd53b4abdc85062cb1a,100.02,4,2055168,236384262553,0,118111600640,118272661913,,android,armeabi-v7a
ant24c653256ca913640a941a8e58492,87.06,4,2093056,3156800962,0,0,3156800962,,android,armeabi-v7a
ant239146945b7e33e7bb99bca93f172,92.16,4,2055192,57327075983,0,0,57327075983,,android,armeabi-v7a
ant28691d8d6e3d13396b7f54493f477,79.62,4,2020648,57778047549,0,0,57778047549,,android,armeabi-v7a
ant2f00670b16e8b37a796b2b45460a5,8.06,4,1048576,5111011082,0,0,5111011082,,android,armeabi-v7a
ant281395c9a04f431a19bdb6b24b6d5,390.92,4,1048576,5637144576,0,0,5637144576,,android,armeabi-v7a
ant2b3bc7f0974893a4daf75802a88f7,300.0,4,1048576,5057323991,0,0,5057323991,,android,armeabi-v7a
ant2f8690b1aedf3377da005a9ce5143,83.48,4,4003316,121236189347,0,0,121236189347,,android,armeabi-v7a
ant268795a3567a636ceaf3a46f4c7e7,99.33,4,962156,4724464025,0,0,4724464025,,android,armeabi-v7a
ant28e94ec5a2b833b70b93794e7c2c0,21.43,4,1048576,5100273664,0,0,5100273664,,android,armeabi-v7a
ant6b210377ee4f6fe436b530803d028,98.62,4,4002784,123802432307,0,0,123802432307,,linux,aarch64
8db3938d88c51e480aa6d9b9051bf9e5,350.0,20,32521924,928142432664,0,800152407244,127990025420,,linux,x86_64
ant20b5e2d6b0dcb3f569d1c12f5bf5b,72.31,4,8388608,4885525299,0,0,4885525299,,android,armeabi-v7a
ant234ed9f0e365d3254a190872013b5,111.66,4,3832724,53418655744,0,0,53418655744,,android,armeabi-v7a
ant2bda21a764c1c3b7db2683decedb4,104.56,4,2011148,8761733283,0,0,8761733283,,android,armeabi-v7a
ant27a5c97de6b8a3cb0b8445bb2ff77,33.3,4,4003316,121611998986,0,0,121611998986,,android,armeabi-v7a
ant249dda3e41f3634cfb5e1d94f72c3,188.26,4,1015940,5637144576,0,0,5637144576,,android,armeabi-v7a
d656cc5ed54326810a18543d521ffe8f,6000.0,64,65593940,36633923551227,28477351159397,7916483719984,240088671846,,linux,x86_64
ant2f0d253cfb17e1150c026f8dad2ad,122.5,4,3769268,120044335923,0,0,120044335923,,linux,
ant2b0a1ad09b7a63501afaa216ddce9,5.25,4,2019608,58057220423,0,0,58057220423,,android,armeabi-v7a
ant9dd7d9b667fba9d60faaa4b06ed78,150.0,4,7900020,120044335923,0,0,120044335923,,linux,
ant9603396ffabbaf74e0c43fafa6c78,465.89,4,1748500,0,0,0,0,,linux,aarch64
ant23b7f75b5103e3b698642be2b659a,69.98,4,1048576,5175435591,0,0,5175435591,,android,armeabi-v7a
ant23933b44fcea134d4ae3465b27425,98.23,4,2868504,53418655744,0,0,53418655744,,android,armeabi-v7a
ant2453c2a8cc3d3385299c9721bd3da,375.08,4,8388608,5476083302,0,0,5476083302,,android,armeabi-v7a
ant22078501213223a84b9a88195185f,93.74,4,1522520,27380416512,0,0,27380416512,,android,armeabi-v7a
ant8dfe56ab8f5f661eaeaf6d28050d5,31.28,4,1909808,125090922496,0,0,125090922496,,linux,
ant290bf462a75733587aad0c3cd36d4,72.65,4,4003376,121450937712,0,0,121450937712,,android,armeabi-v7a
ac06b0ade0ab446f4f5abde4f1465587,1200.0,32,32589592,2235208355020,0,1979120929996,256087425024,,linux,x86_64
ant216ba882844d33410a5513a524ef1,30.876,4,1048576,5100273664,0,0,5100273664,,android,armeabi-v7a
ant2581d9b3c9ce63e70a96c61ed04d9,67.31,4,1827660,11177652387,0,0,11177652387,,android,armeabi-v7a
ant27cdd319572e633b8a69dd2f0f9b6,12.46,4,2369592,262529875967,255797514731,0,6732361236,,android,armeabi-v7a
ant22a5d7a6ccbed3c3a8826cab12372,75.63,4,2054244,3704409292,0,0,3704409292,,android,armeabi-v7a
ant27a26ece2a8533ab3aa235852e54a,75.47,4,3832724,53622666690,0,0,53622666690,,android,armeabi-v7a
689548f35766a7a9366acb9c7875dc7f,3000.0,32,36951268,1924145348608,0,1649267441664,274877906944,,linux,
ant22efa09be64a9370d8d531e912591,4.77,4,2868504,53676353781,257698037,0,53418655744,,android,armeabi-v7a
ant2cb9c9dec0bc03363b629b239e59f,32.52,4,2089984,3468186091,0,0,3468186091,,android,armeabi-v7a
antaf347deae0bbb8b85012bfe37b604,107.85,16,32163668,1024242325913,0,0,1024242325913,,linux,x86_64
cd7e749fdadb4ff0fc72f0f4e16dd27d,1000.0,32,32752908,1905354866688,0,1649267441664,256087425024,,linux,x86_64
ant2c7cc0bd7f9e334a99543229f0243,98.45,4,2089984,4144643440,0,0,4144643440,,android,armeabi-v7a
2da86aab0fdf64a3611ac05017902b65,1000.0,24,32537736,2219209601842,0,1979120929996,240088671846,,linux,x86_64
ant2d7a06fcf9068382d8a6a2efe9623,84.14,4,2019608,27605902295,0,0,27605902295,,android,armeabi-v7a
ant28848b051d20a36b481d77ddd5ca0,72.74,4,1048576,5411658792,0,0,5411658792,,android,armeabi-v7a
ant28827061c10d131e3a1eaeb2cbf68,8.95,4,2055160,237833814016,0,119185342464,118648471552,,android,armeabi-v7a
ant2fad4006398b930cfaa4a43206083,75.27,4,2055168,236384262553,0,118111600640,118272661913,,android,armeabi-v7a
ant46b58bb99272e9ff75b22f7fbf802,104.04,6,3749736,968085628518,0,960247313203,7838315315,,linux,aarch64
ant23f27a474065b3b28846a3c85da4f,78.34,4,1015672,5304284610,0,0,5304284610,,android,armeabi-v7a
ant282a8ee51644633c6a50eb1d91a0f,84.15,4,1522520,27380416512,0,0,27380416512,,android,armeabi-v7a
ant229abce22c3253f01bff3a4fa1d48,95.06,4,4020736,53740778291,0,0,53740778291,,android,armeabi-v7a
ant20d4d090ff1c638a6a52efcacb141,55.64,4,1048576,5637144576,0,0,5637144576,,android,armeabi-v7a
ant2ed61b41a36633674ad397401b198,78.61,4,2020648,11735998136,0,0,11735998136,,android,armeabi-v7a
b3807779d228954a11ad69f6ffb93834,3600.0,32,32706340,4308281694617,0,4068193022771,240088671846,,linux,x86_64
ant22cc880ea06fd39c8b833a40b8fa4,79.84,4,2868504,53418655744,0,0,53418655744,,android,armeabi-v7a
ant26b951da39d2c3a1f9f5ed1dc1601,93.83,4,1018096,4842575626,0,0,4842575626,,android,armeabi-v7a
1152a687c555a0fb6c2a9ae6f1f48afa,400.0,24,20542960,1084479242240,0,912680550400,171798691840,,linux,x86_64
4236c745e4bf634a0c8f8fdd573f8973,500.0,16,65952936,2362232012800,0,2147483648000,214748364800,,linux,x86_64
ant21699f5a130013c75ad1a31b3b2da,68.09,4,2052184,58046483005,0,0,58046483005,,android,armeabi-v7a
antfce75cc99217fdebdf3ed10eadb87,121.61,4,1907832,125090922496,0,0,125090922496,,linux,
40c834c8e92d3a28511155cfd632273b,150.0,4,8140840,536870912000,0,429496729600,107374182400,,linux,x86_64
ant2942e33e23994358da81595c90b15,73.91,4,4063504,4724464025,0,0,4724464025,,android,armeabi-v7a
ant2598348aa3337316b84d3a36e009c,100.98,4,643268,2512555868,0,0,2512555868,,android,armeabi-v7a
efdab95946b931ce0587cdb39366b93b,1650.0,44,65411384,4214329285016,0,3958241859992,256087425024,,linux,x86_64
antee518054df2610850e7b9a9251f25,196.59,4,4002784,125090922496,0,0,125090922496,,linux,
antb153b10f39953bf5065c5605d43d0,358.68,4,4002784,125198296678,0,0,125198296678,,linux,aarch64
ant2e3e74f1f0b36338f9413cdd69458,33.64,4,8388608,5476083302,0,0,5476083302,,android,armeabi-v7a
ant5210379c468ecc60331ebe636e7cc,500.0,8,16373096,137438953472,0,0,137438953472,,linux,x86_64
ant2ce8df95dbfcf3e04a5d538dc066a,17.85,4,2056184,12788265123,0,0,12788265123,,android,armeabi-v7a
ant2ac79bab9c8dd3a97b66595bacc8c,100.19,4,2048076,118476672860,0,0,118476672860,,android,
ant9f8478807c85f625622ae310c9444,99.08,4,1844284,125090922496,0,0,125090922496,,linux,aarch64
ant22d729a095f283759a90f81adb1d2,98.96,4,1048576,4584877588,0,0,4584877588,,android,armeabi-v7a
ant2f9c3fd815812377c9055b697335b,72.1,4,2097152,3865470566,0,0,3865470566,,android,armeabi-v7a
antdd30b8ae47bf0af56b123c68dd802,1000.0,4,8131840,107374182400,0,0,107374182400,,linux,x86_64
ant22698d283c3373de399ad8ebb87e2,71.67,4,2055168,236384262553,0,118111600640,118272661913,,android,armeabi-v7a
ant2523800a8191f3b839141c1171c0b,83.66,2,1009552,3983582167,0,0,3983582167,,android,armeabi-v7a
ant23c8187039d9438beb067cf9aad0c,16.33,4,1015940,5637144576,0,0,5637144576,,android,armeabi-v7a
ant2870f199f3f483ac48869d63a5dbb,78.24,4,2019608,58046483005,0,0,58046483005,,android,armeabi-v7a
ant277a97d6dc39f340797837e6ebca7,11.89,4,10485760,8589934592,0,0,8589934592,,android,armeabi-v7a
ant287806ea4c8c938b3a25182b0b717,387.79,4,1048576,5476083302,0,0,5476083302,,android,armeabi-v7a
ant29ee586d4fbf63ddbba45c5c7074d,60.86,4,2053200,3801046056,0,0,3801046056,,android,armeabi-v7a
ant2eb49431dce993f268fd30999fb14,17.74,4,4003212,115502408007,0,0,115502408007,,android,armeabi-v7a
ant220c59ff159c13e618f2b9138ec47,75.07,5,8148280,10146087142685,10088545318337,0,57541824348,,android,armeabi-v7a
ant20ac556c446ff3892a4b12fdf6858,41.84,4,2055156,3650722201,0,0,3650722201,,android,armeabi-v7a
ant2016ed673cfbd3f84b52a17822bc8,158.8,4,2055160,57370025656,0,0,57370025656,,android,armeabi-v7a
ant2e82dd28f46043a789adbd0bd459b,39.67,5,2971256,54009213747,0,0,54009213747,,android,armeabi-v7a
ant2b785bcb46baa3d59b26646ad26d4,25.6,4,1869936,59002113228,0,0,59002113228,,android,armeabi-v7a
8971e1864b8d8d590995effeba212d84,1040.0,28,32878948,2235208355020,0,1979120929996,256087425024,,linux,x86_64
ant20d17fd1a7e833eea95ee2d26d977,77.82,4,8388608,5637144576,0,0,5637144576,,android,armeabi-v7a
e815128e38cf2eb8e96cbaaa726988cc,220.0,4,8140832,536870912000,0,429496729600,107374182400,,linux,x86_64
ant22623261dc20a3e4ea3cfd68af738,94.59,4,3743132,47856673094,128849018,0,47727824076,,android,armeabi-v7a
ant767be330b26ab45ed226ea36bca7d,90.76,4,4002784,125627793408,0,0,125627793408,,linux,aarch64
ant77dc5ffce24e37305d8d0f898c9f7,103.88,4,1903340,7838315315,0,0,7838315315,,linux,
ant26864cb6f7e223a6abb0f7e6b71cc,63.52,4,3093592,10930691768,0,0,10930691768,,android,armeabi-v7a
antd6d60675db5529273f2f8ef3716bb,103.64,4,1909808,7838315315,0,0,7838315315,,linux,
ant2b8ba1b402f803cac925e6c714785,77.35,4,1048576,5637144576,0,0,5637144576,,android,armeabi-v7a
ant284c37ce3753c3fa6afeecfb48a20,98.81,4,4063504,4724464025,0,0,4724464025,,android,armeabi-v7a
ant2aa817997d53c330e90ac045bb544,91.34,4,33554432,274877906944,0,0,274877906944,,android,armeabi-v7a
ant2a04c4a2520573e7992dd8bb7a31a,7.23,4,2054152,56897579253,0,0,56897579253,,android,armeabi-v7a
ante32dc1246b8642192e8222a1547b2,102.81,4,2024128,125090922496,0,0,125090922496,,linux,aarch64
antd0d4863ac0b913327e09238e374b6,319.34,4,1909808,125090922496,0,0,125090922496,,linux,aarch64
ant55627e5d5f52d600ce1af3b5027ef,16.73,4,3888524,236223201280,0,0,236223201280,,linux,x86_64
ant24f624af616df3b97b380e592be94,75.79,4,2093056,3156800962,0,0,3156800962,,android,armeabi-v7a
ant29f7f6d8c705a3c458506a118766d,94.19,4,2019608,58035745587,0,0,58035745587,,android,armeabi-v7a
ant29b44d7f19724372ebd377695698c,99.05,4,2055148,117542517473,0,0,117542517473,,android,armeabi-v7a
af38244578fe04a7d8c344fb65bbf21e,220.0,4,8140840,536870912000,0,429496729600,107374182400,,linux,x86_64
ant8d07557818760658c3d6fc8a07d44,360.0,4,4002784,125090922496,0,0,125090922496,,linux,
ant202c3a3826966379ab6de37c65558,50.78,4,8388608,5476083302,0,0,5476083302,,android,armeabi-v7a
ant28c8360c83f2f3a3d8fdd1d2d1df8,18.7,4,1861764,21313775206,0,0,21313775206,,android,armeabi-v7a
ant25bb7e2b244083c9592874f3f45b6,37.56,4,2052184,4048006676,0,0,4048006676,,android,armeabi-v7a
ant2e0eb4b8d6c903ff99c157576b418,73.3,4,2053196,4058744094,0,0,4058744094,,android,armeabi-v7a
a07482ee4383da0670693bc8dead0bdd,500.0,16,32922808,1314259992576,0,1099511627776,214748364800,,linux,x86_64
ant245d30284adb2327f92752a333589,10.97,4,2089984,4144643440,0,0,4144643440,,android,armeabi-v7a
ant7eedc445e6545b40175609d3e6ebb,1200.0,32,32550396,1504312295423,0,1024242325913,480069969510,,linux,x86_64
ant267eb273b621e392b9b79fa99fd09,254.57,4,3844880,43916040601,0,0,43916040601,,android,armeabi-v7a
ant24ce22cc82b6335258d5683453364,83.85,4,2019608,58046483005,0,0,58046483005,,android,armeabi-v7a
ant286f1761e3c37346d9b9a38df468c,12.91,4,2053208,3242700308,0,0,3242700308,,android,armeabi-v7a
antf7d07abcacbdb92e32db0675a0df3,2000.0,8,8010248,500363689984,0,483183820800,17179869184,,linux,x86_64
ant25abaad8491f0317791a71bef66e9,147.25,4,16777216,6302864506,0,0,6302864506,,android,armeabi-v7a
ant2f8d0aaac05253c3d9b72550a6e3d,93.85,4,4161688,32749125632,0,0,32749125632,,android,armeabi-v7a
ant287c9da5fa8753ced8be53dd3d6ab,32.86,4,1926724,12025908428,0,0,12025908428,,android,armeabi-v7a
ant09b17714631c246b925438e31631b,36.21,4,1935756,135828340735,0,127990025420,7838315315,,linux,aarch64
antfcty0100000770592601060000005,80.0,4,4002784,125090922496,0,0,125090922496,,linux,aarch64
ant2f0d95388e2503c4db355ba44ab43,94.03,4,2089984,2877628088,0,0,2877628088,,android,armeabi-v7a
ant25081e0bd9f01359da53c9b3dc12d,318.81,4,8388608,5637144576,0,0,5637144576,,android,armeabi-v7a
ant2e2b9585fed6334759a38b0bb1530,103.94,4,2053040,3736621547,0,0,3736621547,,android,armeabi-v7a
ant27959b64792b03d32afd3845105b7,71.17,4,2093056,3038689361,0,0,3038689361,,android,armeabi-v7a
ant233d1c94c74d2382692daf2241494,90.53,4,2055156,118111600640,0,0,118111600640,,android,armeabi-v7a
ant292b66c703321316ebc85116ffff2,196.88,4,1048576,5637144576,0,0,5637144576,,android,armeabi-v7a
ant25ad651d259463cd6ba17e636dfc3,218.57,4,8388608,5637144576,0,0,5637144576,,android,armeabi-v7a
ant2aedc186855823fce8f2870407653,96.41,4,1018076,4842575626,0,0,4842575626,,android,armeabi-v7a
ant2730d5ab961bc361aa946e25e2d29,67.53,4,2097152,3972844748,0,0,3972844748,,android,armeabi-v7a
ant24d3973027258353f94ad7b327fdb,1.8,4,2055160,11403138170,0,0,11403138170,,android,armeabi-v7a
ant299ca6a1b65b83696a351b6ff919b,70.83,4,1015876,5422396211,0,0,5422396211,,android,armeabi-v7a
ant28ef1beb4320b33a8a41720b17557,26.58,4,3854524,56790205071,0,0,56790205071,,android,armeabi-v7a
ant25a37ef3dcd7032c6a9f5101f91e2,15.46,4,954312,3715146711,0,0,3715146711,,android,armeabi-v7a
ant2038e0811981e39578a67f1180038,56.26,4,1048576,5100273664,0,0,5100273664,,android,armeabi-v7a
ant27338d305fe9a3dd98f64bb402797,63.29,4,2048076,118498147696,0,0,118498147696,,android,armeabi-v7a
740eb634a7180fb4e5b84f3277778743,3000.0,80,63724760,8409653339746,0,7929583370236,480069969510,,linux,x86_64
ant2d8a5c6742383333eb4a76e8a49af,32.4,4,1048576,5100273664,0,0,5100273664,,android,armeabi-v7a
ant216666740810b384591326225aa69,74.32,4,3742744,47727824076,0,0,47727824076,,android,armeabi-v7a
ant21b63df8c9fa13b7bbca1efb7fdf7,9.46,4,2055156,118133075476,0,0,118133075476,,android,armeabi-v7a
ant2e02aac36a92e3e10a9a7ccbe38e8,15.95,4,2019608,27605902295,0,0,27605902295,,android,armeabi-v7a
ae329dd4c103fac2471868ab449fbe75,800.0,44,32523844,2235208355020,0,1979120929996,256087425024,,linux,x86_64
ant24bbce513136c3672862c7263c268,6.02,4,8011508,68719476736,0,0,68719476736,,android,armeabi-v7a
ant243fba2534c43324386111e72c310,39.69,4,2052184,27605902295,0,0,27605902295,,android,armeabi-v7a
ant28947bfd818f93397ac04a0136b42,138.2,4,2026440,21066814586,0,0,21066814586,,android,armeabi-v7a
f78720afc5568ba423aff6a61e0d6a37,1500.0,24,16382992,1924145348608,0,1649267441664,274877906944,,linux,
ant215296c8924d83078941c7363aedc,95.48,4,1048576,4810363371,0,0,4810363371,,android,armeabi-v7a
ant2bc786870d6483999be3f458a768d,73.16,4,2019608,4423816314,0,0,4423816314,,android,armeabi-v7a
ant29ac9016500b93f9cb6af2b84742d,52.52,4,2052184,27605902295,0,0,27605902295,,android,armeabi-v7a
ant3758970872983c7dbecb1aa28ae3a,98.65,4,1909808,125090922496,0,0,125090922496,,linux,aarch64
ant6213f40954b2eb4c0de2dcec3f954,42.32,4,0,107374182400,0,0,107374182400,,linux,x86_64
ant2c5b2f0e68bb93e88994a4b8cd4a1,116.41,4,3855040,55630563901,0,0,55630563901,,android,armeabi-v7a
ant2af14ce6b0f563808b643cc215250,163.42,4,7994752,26854283018,0,0,26854283018,,android,armeabi-v7a
ant2c7db99f3a28b3df49312b356751a,92.79,4,2749256,56167434813,0,0,56167434813,,android,armeabi-v7a
ant5c6997ba140031a1cc299176fd275,785.32,36,12261112,1869169767219,0,0,1869169767219,,linux,x86_64
ant2af6bab45458b3c82a6b6e26732f6,84.09,4,1963016,4123168604,0,0,4123168604,,android,armeabi-v7a
ant223cab9d9235e380daa3d94534ffe,63.25,4,2053196,3801046056,0,0,3801046056,,android,armeabi-v7a
antb5750edfb0f52b7e7f7bdba90069c,741.36,4,4002784,125090922496,0,0,125090922496,,linux,
ant28afc65f438903d439b5f30976c09,43.33,4,0,6195490324,0,0,6195490324,,android,armeabi-v7a
antf30cc28d84d2001b48300b0e717f1,359.25,24,32536000,1240279180902,0,1000190509056,240088671846,,linux,
ant24d46ed5afe2836c695e3cf636a72,99.34,4,964040,5132485918,0,0,5132485918,,android,armeabi-v7a
ant2e5afa079bbd833cf831eb76466d0,72.99,4,3832724,53676353781,257698037,0,53418655744,,android,armeabi-v7a
ant2b8994db4d7b33d7ca990ef9db345,19.17,4,2053196,3801046056,0,0,3801046056,,android,armeabi-v7a
ant23635b705ed2a3b919b498cff905e,55.27,4,2044416,12423192903,0,0,12423192903,,android,armeabi-v7a
ant26c95047ae8de33778376bd38b625,54.22,4,1522972,55963423866,0,0,55963423866,,android,armeabi-v7a
ant2328ed43dc9c237e2b11f42900c52,186.83,4,1048576,5637144576,0,0,5637144576,,android,armeabi-v7a
ant240deb68ce0c7373ba8f2c5c4b3d8,96.34,4,2093056,3865470566,0,0,3865470566,,android,armeabi-v7a
ant2c5b3f73ca3ad3d3a8e0e210bb2f0,54.01,4,932580,3983582167,0,0,3983582167,,android,armeabi-v7a
ant2ba20e7d789c13521b3564b0fed6c,369.99,4,1048576,5111011082,0,0,5111011082,,android,armeabi-v7a
ant2d277535a15f83e6e99a88b0473f6,7.36,4,2093056,11553462026,0,0,11553462026,,android,armeabi-v7a
ant8115b5dfd7fa10487152eb9f9902a,278.0,4,4002784,125090922496,0,0,125090922496,,linux,
ant267b8e67c73453529922048f8ab58,72.29,4,2020648,57713623040,0,0,57713623040,,android,armeabi-v7a
ant74cfccf30c9b14492d278b2450492,198.26,4,1903340,279709745152,0,0,247497490432,,linux,aarch64
ant2074e76a7a1673b79999c0928e1f0,84.52,4,2019608,59055800319,31449898024,0,27605902295,,android,armeabi-v7a
ant237cbaf78062438aaad022b756a84,8.11,4,1048576,5175435591,0,0,5175435591,,android,armeabi-v7a
ant2e31e00946827311985d0e3ccc122,370.83,4,1048576,5637144576,0,0,5637144576,,android,armeabi-v7a
ant23e2bdf3a1329372090fb34dcb81b,76.5,4,1920108,18736794828,0,0,18736794828,,android,armeabi-v7a
ant736a0121d83c4039240ee893c8a72,102.26,6,3759088,127882651238,0,120044335923,7838315315,,linux,aarch64
ant224a23feb5af034f7a6999eae8b83,104.55,4,3832724,53418655744,0,0,53418655744,,android,armeabi-v7a
ant2a83a4f8fe154332e881fd14bea74,450.87,4,8127008,5422396211,0,0,5422396211,,android,armeabi-v7a
ant27e70677f39593818aed27e38b05d,61.68,4,2020648,3983582167,0,0,3983582167,,android,armeabi-v7a
ant2a132e50005c73deba5f06bb053b4,24.48,4,2020648,57692148203,0,0,57692148203,,android,armeabi-v7a
antd363630e5574a1383a0f527ffa215,1000.0,16,18211320,549755813888,515396075520,0,34359738368,,linux,x86_64
b4b2093f7b6d48196aee67aaca1de331,1890.0,32,32609328,2193869294796,0,1979120929996,214748364800,,linux,x86_64
ant2a25c44dbd1843e52b6cf4728ef9c,92.05,4,2020648,3994319585,0,0,3994319585,,android,armeabi-v7a
ant27592a51da65c38efa328c4d109b4,22.79,4,8127008,4810363371,0,0,4810363371,,android,armeabi-v7a
ant228fec190f7a3336d99e29de83275,143.14,4,8388608,5476083302,0,0,5476083302,,android,armeabi-v7a
ant26b2ff8415cd63ccbb0d93da2a8e2,51.67,4,1048576,5100273664,0,0,5100273664,,android,armeabi-v7a
ant21ef2a6b4c848db430e1133f61182,300.0,2,3888940,137438953472,0,0,137438953472,,linux,x86_64
ant251d44884d5063580bdcd03f0b5cd,97.85,4,2868504,53418655744,0,0,53418655744,,android,armeabi-v7a
ant072793956bf799e02b2390cb8cff7,100.0,4,1909808,125090922496,0,0,125090922496,,linux,aarch64
antc48c34e88c32c11701b428a0760e4,800.0,24,16038280,2219209601842,0,1979120929996,240088671846,,linux,x86_64
ant4b182dd46b49ed8c0ed4d88702b4b,99.97,4,797552,4788888535,0,0,4788888535,,android,armeabi-v7a
ant208fbc9a9c64c3356869accad9e38,106.3,8,2873832,24663849697,0,0,24663849697,,android,armeabi-v7a
ant6d3e40eae2abb0a367f7ddf1ed71e,212.84,4,3888528,107374182400,0,0,107374182400,,linux,x86_64
ant2e4e02dee65063b4b917806569c26,103.34,4,3742808,47845935676,118111600,0,47727824076,,android,armeabi-v7a
ant2299b129e047d3df0b97e26a0194a,66.91,4,1048576,5100273664,0,0,5100273664,,android,armeabi-v7a
ant2d6ce677f5a2636ac8b5cc5f350b4,191.75,3,1009724,3468186091,0,0,3468186091,,android,armeabi-v7a
ant2cc53d8654c2d309680e4055aa0b2,116.26,4,4003316,121611998986,0,0,121611998986,,android,armeabi-v7a
ant7cebba1b248b905e0a28dad12c54e,33.6,24,28388096,120044335923,0,0,120044335923,,linux,x86_64
ant2cb18f0bdaa523ec18ef25b3389c9,22.18,4,2052176,4423816314,0,0,4423816314,,android,armeabi-v7a
ant2ce77f86f65a1321bb6a7d5582619,117.42,4,3860468,57788784967,0,0,57788784967,,android,armeabi-v7a
ant2674295e85a7a3de4aa9756d0c7b1,87.61,4,2052184,27605902295,0,0,27605902295,,android,armeabi-v7a
0df67024116ce42cfd8794ae3c3ecb39,220.0,4,8140840,536870912000,0,429496729600,107374182400,,linux,x86_64
ant2f399d0f0df2c31229a7f921b7c71,12.05,4,2020648,27058293964,0,0,27058293964,,android,armeabi-v7a
ant222c66bb7283f3995a726358d0ad9,19.21,4,2052184,27605902295,0,0,27605902295,,android,armeabi-v7a
ant28415c9f1498b375fa4aa75ba59ec,124.44,4,1048576,3285649981,0,0,3285649981,,android,armeabi-v7a
ant2ab3d2d4cdbc23525baa84b2a8e05,98.59,4,2055156,118111600640,0,0,118111600640,,android,armeabi-v7a
ant250421cd8756c31a6b166e1b4568d,76.0,4,2055160,57370025656,0,0,57370025656,,android,armeabi-v7a
ant23851981ff1003e1680fb9af9f884,44.31,4,2776980,57337813401,0,0,57337813401,,android,armeabi-v7a
ant2ca98e2e7365930b299c882df6e98,21.6,4,1048576,5637144576,0,0,5637144576,,android,armeabi-v7a
ant27714d43f84d83ec8a9638ae969ab,44.21,4,2053208,10941429186,0,0,10941429186,,android,armeabi-v7a
ant267fbfd0b14ee3914b11e4136c70a,87.54,4,2782728,24867860643,0,0,24867860643,,android,armeabi-v7a
ant2998fc1e78e64844fd4cd222a5102,362.49,4,4002784,125090922496,0,0,125090922496,,linux,
ant2080ab1a81f13337c90c26646a48a,551.9,4,1015940,5476083302,0,0,5476083302,,android,armeabi-v7a
ant220354a6319cd3708a0b47e7dac67,87.46,4,1048576,3285649981,0,0,3285649981,,android,armeabi-v7a
ant2e85bbca092793bf7b433ca4c6aee,18.21,4,2055148,55587614228,0,0,55587614228,,android,armeabi-v7a
ant210836b9c2aed319b87e4c31359d5,125.73,4,8388608,5476083302,0,0,5476083302,,android,armeabi-v7a
ante23cbdc2c3f0f51f11267026c7772,342.45,4,4002784,125090922496,0,0,125090922496,,linux,aarch64
ant2008276f4acfb3178909e18174073,97.5,4,1537844,4874787880,0,0,4874787880,,android,armeabi-v7a
ant23dfbf63bcc17304686b8d61bf86e,27.46,4,3093580,11832634900,0,0,11832634900,,android,armeabi-v7a
ant24a7ed05682b13781a5fe105e92cf,40.57,4,2997592,19681687633,0,0,19681687633,,android,armeabi-v7a
anta3aa92f7efd87450d21ad8ae316a9,24.71,4,1909808,7838315315,0,0,7838315315,,linux,
325f6f54f9fa481f8638a9465075d1f8,4900.0,64,65622924,16093135083928,0,15613065114418,480069969510,,linux,x86_64
671664e4429effb04793ea1bba67a10e,1680.0,32,32775564,4308281694617,0,4068193022771,240088671846,,linux,x86_64
ant24bb1bb20ba8938449050d8bb1f78,42.32,4,2052184,4048006676,0,0,4048006676,,android,armeabi-v7a
antebf0ca16c5f9d0660f7bd3681109e,198.51,4,4027168,0,0,0,0,,linux,aarch64
ant2b4d902c706513887923f3c371b68,70.76,4,2089984,4144643440,0,0,4144643440,,android,armeabi-v7a
ant2b4e7eef498a23dcc8c47e036236e,314.02,4,16777216,6131065815,0,0,6131065815,,android,armeabi-v7a
ant214e36eb2d888313781799c9ca145,91.27,4,1048576,5100273664,0,0,5100273664,,android,armeabi-v7a
ant2fa7bd83ff9003df980aafbea5ec4,105.11,4,1830096,9427453214,0,0,9427453214,,android,armeabi-v7a
ant2b4312825e5d28570e38d17ab291f,104.65,4,1909808,7838315315,0,0,7838315315,,linux,aarch64
ant2a5dd1c78241a3a6482938bd6a3b5,95.52,4,4063504,4724464025,0,0,4724464025,,android,armeabi-v7a
ant2445a2af7941b34b58b3f7337ce37,15.32,4,3832724,113719996579,0,0,113719996579,,android,armeabi-v7a
ant237b0022e254c331385f1d7d7bec8,94.99,4,2060824,3629247365,0,0,3629247365,,android,armeabi-v7a
ant2b717c8a9743a3265bd92944e0c6d,64.61,4,2054260,15569256448,0,0,15569256448,,android,armeabi-v7a
ant2f54eb8c8503f3b3e902dba544f51,300.0,8,7890692,118831007662,0,0,118831007662,,android,arm64-v8a
ant1f883c78eb7447a817c4221e98ce1,82.39,4,1844268,7838315315,0,0,7838315315,,linux,
antb96c2df01ba45da5fc3cb9ab9d8e1,93.59,2,4008896,85899345920,0,0,85899345920,,linux,x86_64
ant25937436565e830b28697cfbfae8d,6.28,3,2026972,3983582167,0,0,3983582167,,android,armeabi-v7a
antbe68e3e1415e05f96c081bf7803c7,73.34,4,1909808,125090922496,0,0,125090922496,,linux,
6f32d9892e56d57fb8882cc2bac3ff5e,500.0,16,32923820,1288490188800,0,1073741824000,214748364800,,linux,x86_64
ant29c812ad127c23498bfba8e0ad795,99.38,4,2054152,2899102924,0,0,2899102924,,android,armeabi-v7a
ant263ce9f6786e13b3cb86c1cb844c9,72.88,4,2052184,27605902295,0,0,27605902295,,android,armeabi-v7a
ant2eeccdc66ac113b53a69688398434,90.84,4,1048576,5272072355,0,0,5272072355,,android,armeabi-v7a
ant20c14d0434d6130ee80feab887171,10.07,4,1048576,5411658792,0,0,5411658792,,android,armeabi-v7a
ant2afdc1b9738e530218a5287f81089,85.75,4,2097152,4080218931,0,0,4080218931,,android,armeabi-v7a
ant229f27b93134e3b0aba6fe873fe74,55.55,4,2019608,57423712747,0,0,57423712747,,android,armeabi-v7a
ant25d24c5d257a03536b184059e47c3,81.57,4,2093056,4327179550,0,0,4327179550,,android,armeabi-v7a
ant2596c601404e238e0b1dfc746931a,332.24,4,1005196,2673617141,515396075,0,2158221066,,android,armeabi-v7a
ant24ab070abbc2b3f8c9bdf92e3c112,8.9,4,2020648,3983582167,0,0,3983582167,,android,armeabi-v7a
ant2aea4b6a4d2693812bdac0ad38431,126.86,4,3860192,57788784967,0,0,57788784967,,android,armeabi-v7a
ant5367499f6074adc760742b94818ce,614.81,4,1909808,7838315315,0,0,7838315315,,linux,aarch64
ant23b685abc65f03f07a426081c9858,100.23,4,2055196,3886945402,0,0,3886945402,,android,armeabi-v7a
2cbe954a8a3ebba26c4e4571fdf70815,500.0,12,24617216,1314259992576,0,1099511627776,214748364800,,linux,x86_64
ant2fcb2182102453e6f942df519abb1,84.54,4,8127008,4885525299,0,0,4885525299,,android,armeabi-v7a
ant2e3cf96a3b8df3714a090a8326a79,98.69,4,8388608,5637144576,0,0,5637144576,,android,armeabi-v7a
ant2a696d1f08fdb3c4c9828d1a72ecf,331.5,4,1015940,5637144576,0,0,5637144576,,android,armeabi-v7a
ant2f79f2a3a78df361eae04fd1f84de,70.42,4,1956808,4198330531,0,0,4198330531,,android,armeabi-v7a
ant27faae48ac3e23d99a34d489bb7d1,178.58,4,1015940,5637144576,0,0,5637144576,,android,armeabi-v7a
ant454dbda85a6f472169853ad4c1947,114.59,4,1909808,123695058124,0,0,123695058124,,linux,
ant2551b327e8b913d9f9bf01920d78e,58.84,4,2052184,27605902295,0,0,27605902295,,android,armeabi-v7a
ant240b5ef15c49f3b269a60bf915fd9,53.78,4,1048576,5637144576,0,0,5637144576,,android,armeabi-v7a
ant68b33b169cee1486eafd2d57bb3e1,350.0,4,7835644,256087425024,0,0,256087425024,,linux,
ant2097acd9a1b753d55ae240f922b78,26.15,4,0,5841155522,0,0,5841155522,,android,armeabi-v7a
ant247f14532f5ac39449d433162dc7b,26.81,4,2020648,3983582167,0,0,3983582167,,android,armeabi-v7a
ant2e34f49b43a873117b076d2b8ff97,7.23,4,2043812,26768383672,0,0,26768383672,,android,armeabi-v7a
ant2fc8ae40263bb34468e0fc86204b0,83.7,4,2020648,57692148203,0,0,57692148203,,android,armeabi-v7a
ant2cdb3fc74dde53d0c99e50748f3e4,83.94,4,2020648,57702885621,0,0,57702885621,,android,armeabi-v7a
ant25721cb0cc9ec3113835caf3c8ff2,9.83,4,1003728,27928024842,0,0,27928024842,,android,armeabi-v7a
ant252f0250046f83e729c2d537ea0dd,94.07,4,2055168,119668526284,0,0,119668526284,,android,armeabi-v7a
ant27b9ec08ee1d43fe8a4fcd6c2833c,18.73,4,2019608,27605902295,0,0,27605902295,,android,armeabi-v7a
ant27655ed8d5d05374997e9e0075800,94.0,4,1016124,5873367776,515396075,0,5357971701,,android,armeabi-v7a
ant2bdb5fdca943a3d0e8bbf32b82d1d,98.37,4,4063504,4885525299,0,0,4885525299,,android,armeabi-v7a
ant2a485d5b46fe9377f866183fde4e2,163.83,4,1048576,5433133629,0,0,5433133629,,android,armeabi-v7a
ant218cbeaa2fb3836a98dbbc011b815,95.51,4,2053196,11950746501,0,0,11950746501,,android,armeabi-v7a
ant9f07e92ffd7c6cef2aace134844a6,450.0,4,4008036,125090922496,0,0,125090922496,,linux,aarch64
ant26e0893ce7ec93df7bc6a6bbb9abf,69.47,4,2055196,3704409292,0,0,3704409292,,android,armeabi-v7a
ant5024748fbb08a9aa93f5ec9b9a589,378.26,4,6921732,256087425024,0,0,256087425024,,linux,
ant22c741fa2a73a3a77ac510fa3711d,3.09,4,2089984,4574140169,1009317314,0,3564822855,,android,armeabi-v7a
ant2717d7599190c3e1cb7c6b558caa9,171.99,4,8388608,5476083302,0,0,5476083302,,android,armeabi-v7a
ant2bced08a00d2f3b8b91765c3a3182,81.07,4,2052184,27605902295,0,0,27605902295,,android,armeabi-v7a
ant2d654840e141637339b1ee53abdfc,19.46,4,2052184,27605902295,0,0,27605902295,,android,armeabi-v7a
849112fa98a9b91b4b873dbb7bc1eedf,2070.0,64,65622456,4088379369062,0,3848290697216,240088671846,,linux,x86_64
ant2475904b5df113eeea1e5c9795ceb,95.25,4,2777084,26349624360,0,0,26349624360,,android,armeabi-v7a
ant219523ccb7e34b5cafe4cb9c423b0,103.24,8,3887676,48318382080,37580963840,0,10737418240,,linux,
ant216d2e604b6833cc18aa5936b7848,76.19,4,4003376,121440200294,0,0,121440200294,,android,armeabi-v7a
ant2e2e4cd42601c31f28feb435618b2,74.11,4,1525624,2780991324,0,0,2780991324,,android,armeabi-v7a
ant2c6e9141da1f23d0cb29342488e90,53.57,4,933540,4241280204,257698037,0,3983582167,,android,armeabi-v7a
ant201b40f79110b3ed6b822fc943470,23.01,4,8388608,5637144576,0,0,5637144576,,android,armeabi-v7a
ant25254f62be08f3a5a87664c2d6ad2,54.31,4,16777216,137438953472,0,0,137438953472,,android,armeabi-v7a
ant2861d8a3b35fc38a0b0ecda3c23cd,75.43,4,2020648,57090852782,0,0,57090852782,,android,armeabi-v7a
ant2b7378d8c71f6332484eb9b92c2a9,103.39,4,2020648,3994319585,0,0,3994319585,,android,armeabi-v7a
ant249c0f78034d936fea0d4f33f6a9f,51.83,4,1015940,5637144576,0,0,5637144576,,android,armeabi-v7a
ant25a2f667a507633b4ac78de7bbe11,73.59,4,4003380,121440200294,0,0,121440200294,,android,armeabi-v7a
ant26c696356589b3970ae476339fed8,295.72,4,1015940,5476083302,0,0,5476083302,,android,armeabi-v7a
ant265a7543a28b0ab41b0ae7972a8b1,104.48,4,1909808,7838315315,0,0,7838315315,,linux,aarch64
ant208fe6cf3a36837a7914eebfe3251,49.15,4,1004104,4745938862,0,0,4745938862,,android,armeabi-v7a
ant29cee061c03c031e591ea1bf687c1,63.22,4,2058020,27358941675,0,0,27358941675,,android,armeabi-v7a
ant8fd3919d95c3ff98b44f9cafc26a3,105.99,2,4008896,85899345920,0,0,85899345920,,linux,x86_64
ant24fa60b1025e93ddc93d59b02d720,83.96,4,2097152,4080218931,0,0,4080218931,,android,
49b107fb960c694901ce43c8d1455c95,1890.0,36,65413424,4428218656357,0,4178144185548,250074470809,,linux,x86_64
ant24b111de6d831361abbdd6c79e49b,75.95,4,2019608,4423816314,0,0,4423816314,,android,armeabi-v7a
ant29b72d267a9763f9b8f6fc53e960b,152.7,4,2868504,53418655744,0,0,53418655744,,android,armeabi-v7a
ant2cd7e7418ea6b39b6b642de6e167d,538.67,4,8388608,5476083302,0,0,5476083302,,android,armeabi-v7a
ant26e84ba3a262f33ba993644c02508,446.79,4,684308,6249177415,0,0,6249177415,,android,armeabi-v7a
cb14dba024f401fe46b5db07a440e139,1400.0,24,65560684,2235208355020,0,1979120929996,256087425024,,linux,x86_64
ant2029b288d252d321d92d7d3f5f2e1,34.32,4,1015940,5476083302,0,0,5476083302,,android,armeabi-v7a
ant2adb21530f6cf3868bda601f5e81c,16.96,4,3928064,11897059409,0,0,11897059409,,android,armeabi-v7a
antd4652ffaad8495d7afe80da0d5c91,10.32,4,8126804,274877906944,0,0,274877906944,,linux,x86_64
e82c1c90c8fd8da5b2807a59c2c4ddc1,7000.0,84,329392360,15607911153664,0,15393162788864,214748364800,,linux,x86_64
ant27548504d25fc312ab8460eb31633,28.21,4,2093056,11553462026,0,0,11553462026,,android,armeabi-v7a
ant200eec2b91f9e30ca83e1d719845a,10.38,4,4003212,115491670589,0,0,115491670589,,android,armeabi-v7a
ant29b6ad688fb9c33cf945c694f3bce,107.79,4,3854524,56790205071,0,0,56790205071,,android,armeabi-v7a
ant26e522de061b03ff891b7236b9a24,80.14,4,2053200,4133906022,0,0,4133906022,,android,armeabi-v7a
ant2b2a27993bc46314dbbf3d0135090,98.15,5,2971064,149153476771,95144263024,0,54009213747,,android,armeabi-v7a
a9e6e47ff03738800e162eb53ff16ba8,1500.0,64,32495008,8376474717388,0,8136386045542,240088671846,,linux,x86_64
ant2261241b8a6de3cc582cb09bf1c09,73.51,4,2019608,58057220423,0,0,58057220423,,android,armeabi-v7a
ant2b33acd3394073d36bf7e2760c9c2,26.34,4,0,5164698173,0,0,5164698173,,android,armeabi-v7a
ant254843f44e0083093b49de693bbb3,59.77,4,2097152,27734751313,0,0,27734751313,,android,armeabi-v7a
ant33da61a38556ad89b247f679aa224,356.94,4,4002784,125090922496,0,0,125090922496,,linux,
ant2df21ffb013043ffabb49cf352d30,17.72,4,2054232,27036819128,0,0,27036819128,,android,armeabi-v7a
ant29e1bf9b294a23db18db88c1c8580,90.09,4,1017520,5100273664,0,0,5100273664,,android,armeabi-v7a
ant294b7b02e2f5a3078b860029f41cf,86.89,5,3934196,54009213747,0,0,54009213747,,android,armeabi-v7a
ant2fcce8ef620a930908fb383a53f74,94.25,4,2055168,234000555704,0,117037858816,116962696888,,android,armeabi-v7a
ant2cb2bc2762c633175bcdde884f8b4,77.2,4,1724724,10350871183,0,0,10350871183,,android,armeabi-v7a
ant29a5b73f9842336ed8cbfc69d316e,58.25,4,1963016,4187593113,0,0,4187593113,,android,armeabi-v7a
ant2bae1576bec4933999251b29bf439,137.16,4,2089984,12025908428,0,0,12025908428,,android,armeabi-v7a
ant2144e930ac7753e92b21f148664b4,132.86,4,8388608,5637144576,0,0,5637144576,,android,armeabi-v7a
86239d850079e4d48a386f722150fa57,1600.0,20,32609756,2099165265919,0,1979120929996,120044335923,,linux,x86_64
ant2243ffa16fc213f2481028f5fa063,150.54,8,1876120,12262131630,0,0,12262131630,,android,armeabi-v7a
ant21e848434433239058d26e9116fd8,60.13,4,1537836,20068234689,15730317721,0,4337916968,,android,armeabi-v7a
ant2df6120a600e2372db082e79a4892,86.95,4,2025236,10930691768,0,0,10930691768,,android,armeabi-v7a
36e3f89a3c0e264631aa9b4c108d8801,4000.0,72,65591156,52916681441274,44750123250481,7916483719984,250074470809,,linux,x86_64
ant3918bfb0348fcc523af5df97e71fd,42.28,4,1909808,125090922496,0,0,125090922496,,linux,aarch64
ant22b5cf94a576534c0bba361aec278,76.05,4,4003212,115502408007,0,0,115502408007,,android,arm64-v8a
ant246ac7a66510834ada1f82f3ed58c,54.2,4,33554432,274877906944,0,0,274877906944,,android,armeabi-v7a
ant225eae7526db13a40a98ac4baf290,8.02,4,2093056,18371722608,15214921646,0,3156800962,,android,armeabi-v7a
ant259abaee5a39c365bb5b38fab6a57,228.03,4,8388608,5637144576,0,0,5637144576,,android,armeabi-v7a
ant2feec385016ba373e8984ee902f16,431.19,4,8388608,5637144576,0,0,5637144576,,android,armeabi-v7a
ant29a529430cfa90bd3958c95ea4b74,194.24,4,7887720,960247313203,0,0,960247313203,,linux,x86_64
ant2cefbfb3be81434519830ee0c0822,72.83,4,8127008,4724464025,0,0,4724464025,,android,armeabi-v7a
ant27f0e7141da00300192062e1ccf79,91.37,4,8388608,4724464025,0,0,4724464025,,android,armeabi-v7a
ant2e173a25e83a135938817885bc081,434.53,4,16777216,137438953472,0,0,137438953472,,android,armeabi-v7a
ant257b77bb4d9cd34a18b119797f016,239.94,4,8388608,5637144576,0,0,5637144576,,android,armeabi-v7a
ant21ba81fd9942a3afe9c97cfc0e15c,524.22,4,16777216,137438953472,0,0,137438953472,,android,armeabi-v7a
ant2ecc6bc233c7c3639a9055109ec10,331.62,4,4003316,58540404243,2050846883,0,56489557360,,android,armeabi-v7a
ant2973ad305afce373fa1eb3d285966,5.81,4,1048576,4724464025,0,0,4724464025,,android,armeabi-v7a
ant201f49aa04771361db1131ea7d898,15.07,4,1048576,5637144576,0,0,5637144576,,android,armeabi-v7a
ant249ea6c9bef9c3eb99baf0fb318ac,167.49,4,1048576,5637144576,0,0,5637144576,,android,armeabi-v7a
ant216e6d08ec3e632cfbf4b25ec6a76,70.46,4,1017068,5132485918,0,0,5132485918,,android,armeabi-v7a
ant29096cbdc1de23cfabcec7ef0a2af,102.53,4,2097152,25973814722,0,0,25973814722,,android,armeabi-v7a
ant26b1702fd80bb3db880cf481b76a4,58.7,4,1048576,5637144576,0,0,5637144576,,android,armeabi-v7a
ant21dc4acde4987321586d16a7bb0a9,30.93,4,1015924,5422396211,0,0,5422396211,,android,armeabi-v7a
ant212191ee054ca3cccbc0dc331098a,94.72,4,4003316,121611998986,0,0,121611998986,,android,armeabi-v7a
ant2c330f596a7ea3ff38106eb94e4de,52.35,4,2054244,3704409292,0,0,3704409292,,android,armeabi-v7a
anta767b749166aef1b2a0ba8dbcc530,99.13,4,1844284,7838315315,0,0,7838315315,,linux,
ant288a557d1582331ce88a6f6034e5e,73.99,4,2055164,5647881994,0,0,5647881994,,android,armeabi-v7a
ant2c3499ea87a8b39a08895bb305719,101.1,4,2055156,3650722201,0,0,3650722201,,android,armeabi-v7a
ant22e070f63f7d43edfb962f671f341,79.02,4,2019608,58046483005,0,0,58046483005,,android,armeabi-v7a
ant21bd56545f9873b62b129c5fb2f1f,42.73,4,2034576,8504035246,0,0,8504035246,,android,armeabi-v7a
ant2b42ae02069df3673a2973bbc7f0f,352.38,4,1048576,5282809774,0,0,5282809774,,android,armeabi-v7a
ant286abba79126d321aadaa14c1c52a,130.63,4,1048576,5282809774,0,0,5282809774,,android,armeabi-v7a
ant2acaca26f8c1231dea5e19faf27a9,85.51,4,3704484,54621246586,0,0,54621246586,,android,armeabi-v7a
ant246c8b5ec0ba539b09312717e34eb,43.33,4,8127008,4767413698,0,0,4767413698,,android,armeabi-v7a
ant27298cc8a8b3138a098c7318b219b,69.75,4,8388608,5637144576,0,0,5637144576,,android,armeabi-v7a
ant28552b069471c3504b887be1527b0,412.73,4,1048576,5637144576,0,0,5637144576,,android,armeabi-v7a
ant2121747fccf373636ab48a6dd3bd6,63.2,4,2052184,27605902295,0,0,27605902295,,android,armeabi-v7a
ant2d11ee2d3e5383700bf94cd8ded0f,365.2,4,1048576,5637144576,0,0,5637144576,,android,armeabi-v7a
ant2d6ab146a48653c589069bfe7bd7e,76.82,4,3832724,53418655744,0,0,53418655744,,android,armeabi-v7a
ant2bc0c7618f32331cba9115634304e,368.89,4,1048576,5637144576,0,0,5637144576,,android,armeabi-v7a
ant2f27cb466ec473eddbf5fcec65dda,262.51,4,1048576,4005057003,0,0,4005057003,,android,armeabi-v7a
ant23dd01b71219b3e228cdc05585ecd,82.18,4,4003316,121440200294,0,0,121440200294,,android,armeabi-v7a
ant28c959e0aa0083a6fb1c7b9ba8b74,85.32,4,8388608,4885525299,0,0,4885525299,,android,armeabi-v7a
ant242761cd61146346684f2ef87da22,85.27,4,2020648,3994319585,0,0,3994319585,,android,armeabi-v7a
ant289342ca67bd738d89b8db4ffcfd9,54.36,4,8388608,5637144576,0,0,5637144576,,android,armeabi-v7a
ant26441215d8f3a33a68ea8b8f60c69,41.08,4,2020648,57713623040,0,0,57713623040,,android,armeabi-v7a
ant2dc338ee8048434af906cb6cd878b,82.65,4,2882016,43916040601,0,0,43916040601,,android,armeabi-v7a
ant282669e0ec8883884a2a40c810d7e,94.4,4,2097152,5637144576,0,0,5637144576,,android,armeabi-v7a
ant25faf786db3e5320a8903ef5c3704,97.57,4,2020648,11735998136,0,0,11735998136,,android,armeabi-v7a
ant2ce1c73b2d2ca302782d749959eb2,87.53,4,3704652,54621246586,0,0,54621246586,,android,armeabi-v7a
ant2491db0291f0a381e8c2c714f89b8,42.6,4,8388608,5476083302,0,0,5476083302,,android,armeabi-v7a
e0d31b3d01cda3ad5986819fa2736955,150.0,4,8140840,536870912000,0,429496729600,107374182400,,linux,x86_64
ant2f259636847fa34d3bea69facc817,187.06,4,1015940,5476083302,0,0,5476083302,,android,armeabi-v7a
ant2acd3bbfc72e73db9a9d3ec7bc008,77.02,4,2055160,26725433999,0,0,26725433999,,android,armeabi-v7a
ant20e41873053123fc69b4cc6924990,85.02,4,2054220,3371549327,0,0,3371549327,,android,armeabi-v7a
ant21186db1b67013c27b98829bb39ea,156.07,4,1907328,57251914055,0,0,57251914055,,android,armeabi-v7a
ant28c0cb3edf3483bcaa7213d6b682a,86.25,4,2776980,56682830888,0,0,56682830888,,android,armeabi-v7a
ant23571dd0337be34589ae68c3cd25c,116.27,4,2045944,25802016030,0,0,25802016030,,android,armeabi-v7a
ant26b7bc12563a03367a5ea6790da79,102.96,4,2058024,58014270750,0,0,58014270750,,android,armeabi-v7a
ant29e9449f1bbfe3b14ab07a501669c,90.96,4,1048576,5239860101,0,0,5239860101,,android,armeabi-v7a
antf9e827361f20b4d90248df9e1fe42,200.0,4,4005272,118111604736,0,85899345920,32212254720,,linux,x86_64
ant2d481e5e36c6a330e97cdd2aea225,29.16,4,1537828,34896609279,30558692311,0,4337916968,,android,armeabi-v7a
ant2cd2ebb21a86c395d9a332d4f71fc,115.23,4,1048576,5100273664,0,0,5100273664,,android,armeabi-v7a
ant23911cc054dfd3a728277cba83a7d,71.92,4,4063504,4724464025,0,0,4724464025,,android,armeabi-v7a
ant2fa9da8e9ce453061a177cde270c0,143.43,4,969060,4724464025,0,0,4724464025,,android,armeabi-v7a
ant298ee1dc57b2039db8860f856fbd1,9.7,4,969048,4885525299,0,0,4885525299,,android,armeabi-v7a
ant2c71408b9f5cb3532ba0e31442e42,12.16,4,4063504,4724464025,0,0,4724464025,,android,armeabi-v7a
ant273469ebb1db133c994ce27992110,76.3,4,2053196,11832634900,0,0,11832634900,,android,armeabi-v7a
ant247861737c0613efa94ae09cdf69f,72.65,4,1048576,5637144576,0,0,5637144576,,android,armeabi-v7a
ant21518c8cc0b0435f893aa88a4b04b,52.28,4,3964172,117961276784,0,0,117961276784,,android,armeabi-v7a
ant6b79618553c847ee42179bc315b9d,100.01,4,1991528,125090922496,0,0,125090922496,,linux,aarch64
ant222cac3dd96bc376e9601b4fa3e00,8.0,4,8388608,5476083302,0,0,5476083302,,android,armeabi-v7a
ant29fc5a96536b8371ba4c41ac77003,82.18,4,4003316,121418725457,0,0,121418725457,,android,armeabi-v7a
ant20aa1125627de3e16ad003150a630,12.98,4,2019608,57423712747,0,0,57423712747,,android,armeabi-v7a
ant22f5139eef1dc313fb46b31fb4cf4,83.32,4,2019608,58046483005,0,0,58046483005,,android,armeabi-v7a
ant20b85a0587ca0322196dcfd599ebc,18.91,4,1048576,4552665333,0,0,4552665333,,android,armeabi-v7a
ant2cdf27f9a38803e4489cd1abd983a,250.88,4,8388608,5476083302,0,0,5476083302,,android,armeabi-v7a
ant2d95ca5f7fd113d939fbf0ef7277a,94.47,4,2626448,84149146745,28733331209,0,55415815536,,android,armeabi-v7a
ant2bb7cd4872a703ab093d366c757ee,548.94,4,1015940,5637144576,0,0,5637144576,,android,armeabi-v7a
ant23e69b362905a37fd91a004bc6e02,84.42,4,1048576,5379446538,0,0,5379446538,,android,armeabi-v7a
ant255fab19373f6367a9ac7faa8e97a,18.65,4,8388608,5637144576,0,0,5637144576,,android,armeabi-v7a
ant25242ad23776c3956b3dad7c56155,428.85,4,1015940,5637144576,0,0,5637144576,,android,armeabi-v7a
ant2a4bcc543d67f32a281ff3f46267d,27.66,4,2097152,5637144576,0,0,5637144576,,android,armeabi-v7a
ant21521c282b4bd3cf4b6b0e1ea898b,61.88,4,3704664,54621246586,0,0,54621246586,,android,armeabi-v7a
ant21ef96a13c53a3cb0bc02c3929d04,98.84,4,3832724,53418655744,0,0,53418655744,,android,armeabi-v7a
ant2d3d0ff01af853b018a5dc836efe3,74.03,4,3766788,58583353917,0,0,58583353917,,android,armeabi-v7a
ant2702a31e51dc4313596795ad47d95,7.45,4,1048576,5111011082,0,0,5111011082,,android,armeabi-v7a
ant2dea9e22c90a13d6eb58327d4702a,348.44,4,8388608,5637144576,0,0,5637144576,,android,armeabi-v7a
ant2e87db59d173435aaafa3e87bcbef,254.55,4,2097152,5476083302,0,0,5476083302,,android,armeabi-v7a
ant2f614c76985163364bafe8a10424c,62.97,4,1783120,26918707527,0,0,26918707527,,android,armeabi-v7a
ant2e14fbcd9f05c3a09841b11d41f91,7.09,4,1048576,5100273664,0,0,5100273664,,android,armeabi-v7a
ant4acfec04c360c21e28fe3767693c2,99.53,3,789368,4788888535,0,0,4788888535,,android,armeabi-v7a
ant2a9bcef214af236cda1173e2effe8,82.37,4,1017924,5873367776,515396075,0,5357971701,,android,armeabi-v7a
ant25b1e4c39198538cfbd853fad126b,59.63,4,2053084,72960756939,61600568442,0,11360188497,,android,armeabi-v7a
ant2dacffa578f8a375387c672ac55e2,8.72,4,969048,4821100789,0,0,4821100789,,android,armeabi-v7a
ant23a3d8c2b637c35adac81bddae62a,62.78,4,4003316,121440200294,0,0,121440200294,,android,armeabi-v7a
ant2b86ded9000cd34d08a55d852aac2,167.63,4,1048576,5637144576,0,0,5637144576,,android,armeabi-v7a
antc5c9831057bc4fcc54530bb383a87,2.92,8,3887676,102005473280,91268055040,0,10737418240,,linux,
ant286d3999f7ce8399f886bdf203105,73.11,4,2020652,3758096384,0,0,3758096384,,android,armeabi-v7a
ant2566f08d044ad3afcbe43095db06b,83.28,4,1048576,5100273664,0,0,5100273664,,android,armeabi-v7a
ant29c3a037a663b3896aacee94bc498,50.77,4,1016596,5111011082,0,0,5111011082,,android,armeabi-v7a
ant2e503741d6a8e369497744e563d39,221.34,4,1015940,5637144576,0,0,5637144576,,android,armeabi-v7a
ant27fb1d822de0a3f3f84d10b0ca632,73.28,4,2053196,5411658792,0,0,5411658792,,android,armeabi-v7a
ant4af7590f6609b8cc7a96fc8218138,423.76,4,1015976,6249177415,0,0,6249177415,,android,armeabi-v7a
ant8f6d4eeeb21fee9a215cffcd31376,217.42,4,4027168,0,0,0,0,,linux,aarch64
ant23f7defbcb1bf3912bcda73d9bbed,54.96,4,1048576,5175435591,0,0,5175435591,,android,armeabi-v7a
ant2ebd164c2190a3e20b235d6dae3a0,79.34,4,4003316,121440200294,0,0,121440200294,,android,armeabi-v7a
3f3f7e9fd7a19536ce4a9c519706a82d,500.0,36,32607972,1236950581248,0,1099511627776,137438953472,,linux,x86_64
ant20226583efb133fafad1dc3616bf7,126.4,4,1048576,4928474972,0,0,4928474972,,android,armeabi-v7a
ant244ef406074eb3372bfac629ed936,122.75,4,2020648,3983582167,0,0,3983582167,,android,armeabi-v7a
ant22b5c3b3e57763fa79e6d3008b906,65.34,4,8388608,4724464025,0,0,4724464025,,android,armeabi-v7a
ant25dc567c890683fefb9239757ac28,10.66,4,3094604,44227425729,31439160606,0,12788265123,,android,armeabi-v7a
ant280008a282c1b37da9ef48c826e6c,108.85,4,1015620,5282809774,0,0,5282809774,,android,armeabi-v7a
ant26f8b8e0c7f55353c98e56ea2640c,13.23,4,8388608,5476083302,0,0,5476083302,,android,armeabi-v7a
ant21b069963219a3654a3ca7b5f98f9,104.88,5,1941948,23847805911,0,0,23847805911,,android,armeabi-v7a
ant2b8695c5bf26a3b95aa889457408a,52.13,4,2019608,27605902295,0,0,27605902295,,android,armeabi-v7a
ant2d610b7136f843979ac536afe653b,113.67,4,1048576,5637144576,0,0,5637144576,,android,armeabi-v7a
ant25bdb4a2402b23a10b9443c665c08,86.44,4,3860192,57788784967,0,0,57788784967,,android,armeabi-v7a
ant2cb380f781f1b3efb8bc0f90121aa,82.55,4,2055156,118111600640,0,0,118111600640,,android,armeabi-v7a
ant275dab9fcb9233f7e826743101de9,330.7,4,8388608,5637144576,0,0,5637144576,,android,armeabi-v7a
ant24f7f5fa1e01337c9b986a8b1d8b4,89.75,4,4003212,115491670589,0,0,115491670589,,android,armeabi-v7a
ant2f325deb05912362d87e6678c266c,6.17,4,2019608,27605902295,0,0,27605902295,,android,armeabi-v7a
ant221a91c2d3f193628b676d631ab03,101.79,4,3485724,26435523706,0,0,26435523706,,android,armeabi-v7a
ab5b5f1f037069c47d4727eecda8c4fc,1000.0,32,32812528,2491295780044,0,1979120929996,512174850048,,linux,x86_64
ant2e9c6d7aa422d3a7db2575fa96f01,87.33,4,1015976,6249177415,0,0,6249177415,,android,armeabi-v7a
ant26bc6f170dd9a30fe9b70c30fa709,14.96,4,1018096,4842575626,0,0,4842575626,,android,armeabi-v7a
ant257ccd3fc77df390b829049abfb6e,88.24,4,0,2287070085,0,0,2287070085,,android,armeabi-v7a
ant2c6075937d79a3df9a2b891487233,56.34,4,2019608,58132382351,0,0,58132382351,,android,armeabi-v7a
ant216fbe3cd24053dba902b2d246f60,395.59,4,1015940,5637144576,0,0,5637144576,,android,armeabi-v7a
ant2d0f20ef9bf8a3fabb32df8d2639a,48.63,4,1005000,2780991324,0,0,2780991324,,android,armeabi-v7a
ant2424c7b97f18b33adb5a24e8bb3c1,11.88,4,1016100,5937792286,515396075,0,5422396211,,android,armeabi-v7a
ant1346d92adb229d04c559538cb512c,59.33,6,3888072,68719476736,0,0,68719476736,,linux,x86_64
ant2c26f760a68763689999f10379bb0,94.88,4,1015976,2512555868,0,0,2512555868,,android,armeabi-v7a
ant21f98d63c33e5364fab29c571f53c,133.73,4,1048576,1857573355,0,0,1857573355,,android,armeabi-v7a
ant242dd45b692fa363091bdcca62e09,84.22,4,2053200,3801046056,0,0,3801046056,,android,armeabi-v7a
d50f906a97eb8eaa31648abb9b4ca11a,1000.0,16,32404812,2667496813362,0,2539506787942,127990025420,,linux,x86_64
ant29300e49f17d834de89489ad22ee8,95.72,4,1048576,5175435591,0,0,5175435591,,android,armeabi-v7a
ant25ac4b30cf9ef3b199065a759e874,76.2,4,2019608,27605902295,0,0,27605902295,,android,armeabi-v7a
ant2d6d4f007bbd73d0ba4708da2cc4a,267.4,4,1048576,5476083302,0,0,5476083302,,android,armeabi-v7a
ant29d80b77b5e3d3edcb1b6725a2ac3,383.6,4,1048576,5637144576,0,0,5637144576,,android,armeabi-v7a
ant4b7f6a0c4d5a9bc27b3b59ec09830,90.13,4,1015984,6614249635,0,0,6614249635,,android,armeabi-v7a
ant298b361ca71be33a687fc8e8ee8bb,298.27,4,1015856,515396075,0,0,515396075,,android,armeabi-v7a
ant218f54e8a26713248a59b5fcb37bd,101.51,4,2053196,119077968281,0,0,119077968281,,android,
ant2608dbca3f336358c80e20f853ab3,71.34,4,2053196,4166118277,0,0,4166118277,,android,armeabi-v7a
ant4c0c57a622f6b5fc2c5b3656cd1f5,289.81,4,1015976,6249177415,0,0,6249177415,,android,armeabi-v7a
ant240e9509b4a6f36ccb8d01be54ba4,105.4,4,1048576,5057323991,0,0,5057323991,,android,armeabi-v7a
ant2afd77fecd2af356e8a9c3fed6c96,70.87,4,2053200,4133906022,0,0,4133906022,,android,armeabi-v7a
ant263e66365682e3c86bed234a918b6,148.67,4,1881212,9889162199,0,0,9889162199,,android,armeabi-v7a
ant27a928a296cf131dd8a6293e57c02,96.39,4,1015976,6249177415,0,0,6249177415,,android,armeabi-v7a
ant2d9c6cd6ddb0b33d981685d496d42,73.7,4,2055148,117542517473,0,0,117542517473,,android,armeabi-v7a
antec680f1c24ea8eb86d432ecb1d5ac,600.0,20,32548448,1152232351333,1024242325913,0,127990025420,,linux,x86_64
ant35229077e6df5d08e3686e210ca38,467.21,4,8131840,107374182400,0,0,107374182400,,linux,x86_64
antf4609eac6eccba20839804f795700,35.0,4,1770856,507879882751,500148941619,0,7730941132,,linux,aarch64
ant2b96096ec7e13387789f3e9af0f83,341.82,4,1015940,5637144576,0,0,5637144576,,android,armeabi-v7a
ant2f8b6ccaf6423349f9847383c8d87,83.28,4,1048576,4552665333,0,0,4552665333,,android,armeabi-v7a
ant28ba963c15d5231198f3ab1ab37f2,56.31,2,1558320,8772470702,0,0,8772470702,,android,armeabi-v7a
ant2f4517f730a2032a998bc2e7b4035,404.52,4,1015940,5637144576,0,0,5637144576,,android,armeabi-v7a
ant24c0ed093555636478f9359a373ce,57.67,4,2782728,24867860643,0,0,24867860643,,android,armeabi-v7a
ant22fc3e8e6e96b3e688244129bdebc,12.81,4,4063504,4724464025,0,0,4724464025,,android,armeabi-v7a
ant2f3003ed04084304297a230cbb31b,70.77,4,2868504,53418655744,0,0,53418655744,,android,armeabi-v7a
ant2cb98f9e3b0d031198a2be008f102,9.05,4,4063504,4724464025,0,0,4724464025,,android,armeabi-v7a
cffdd6454f7a0b0c8c5a5ab2cbaf2994,220.0,4,8140840,536870912000,0,429496729600,107374182400,,linux,x86_64
ant2a1ee023b96813c00bac8884fdac0,105.09,4,3844880,43916040601,0,0,43916040601,,android,armeabi-v7a
ant85146a40cb676bcf5c1243211fb3f,547.77,4,4024872,125107699712,0,16777216,125090922496,,linux,aarch64
ant2a8e3c6235c1939e79e8031f1f815,80.57,4,3860176,57788784967,0,0,57788784967,,android,armeabi-v7a
ant635a72d451e83ea851295bcaa8a0a,38.62,4,4027168,0,0,0,0,,linux,aarch64
ant2a05f6d26d0d132b0b52b46e26f38,9.76,4,1015876,5422396211,0,0,5422396211,,android,armeabi-v7a
ant281f237e0813e3d6db59f0f3d9065,99.2,4,2054244,57327075983,0,0,57327075983,,android,armeabi-v7a
ant2653ff6b810d132b4bf6d8c8c4f43,7.51,6,1876104,12229919375,0,0,12229919375,,android,armeabi-v7a
ant269675a582b9030cdbe5cae383e19,39.32,4,2053196,4058744094,0,0,4058744094,,android,armeabi-v7a
ant262486e2c59b83797adf4a0742926,72.27,4,1048576,5100273664,0,0,5100273664,,android,armeabi-v7a
ant291c3879d11333e91b3d1779c257d,65.72,4,2056184,12788265123,0,0,12788265123,,android,armeabi-v7a
ant20db3a28fa40435bab9d59202066a,137.62,4,2692304,24524263260,0,0,24524263260,,android,armeabi-v7a
ant2d32cb1512d8832f89247d9fa6ae8,22.85,4,3616764,58712202936,0,0,58712202936,,android,armeabi-v7a
ant2f746bc5f906a3d46bd34831282fd,101.31,5,3933552,54009213747,0,0,54009213747,,android,armeabi-v7a
ant28b83f37bdf0c325d90e6c872ef7b,71.12,4,1313616,26585847562,0,0,26585847562,,android,armeabi-v7a
ant26a3f95bc6a553aab897cdc82793c,25.98,4,1015672,5132485918,0,0,5132485918,,android,armeabi-v7a
ant2723fc40452f43aeeaa651c555661,7.13,4,1048576,5282809774,0,0,5282809774,,android,armeabi-v7a
ant26f985287181a34b88ffc3910415f,82.6,4,1009628,3983582167,0,0,3983582167,,android,armeabi-v7a
ant2d5a8d6a94bf831c3abbbd1cc1531,238.77,4,1048576,5637144576,0,0,5637144576,,android,armeabi-v7a
ant22a1b51920d4a34d295c7d9ea1060,86.86,4,1015880,6710886399,515396075,0,6195490324,,android,armeabi-v7a
ant281467a6f46503efcac971eb33370,150.89,4,8192000,3575560273,0,0,3575560273,,android,armeabi-v7a
ant28fcdc07cbc7e3d188c2aba3154f5,6.05,4,2970312,18833431592,0,0,18833431592,,android,armeabi-v7a
ant21a57a08bba6b3f128f539a121013,56.81,4,1048576,5282809774,0,0,5282809774,,android,armeabi-v7a
ant28ccbc0cc4ac035c3b1780fc447e5,18.51,4,1048576,4885525299,0,0,4885525299,,android,armeabi-v7a
ant2976ca2a0c6d33726a0f08db8ee38,55.85,4,1048576,5100273664,0,0,5100273664,,android,armeabi-v7a
ant5bbdcf51456325621fa9bb25cc04e,435.43,4,3847048,256087425024,0,0,256087425024,,linux,
ant471e3669c5d987534e0106392c202,439.98,4,1015976,6249177415,0,0,6249177415,,android,armeabi-v7a
ant2f25539a88c7b399f9eebd7c88adc,8.71,4,8388608,5637144576,0,0,5637144576,,android,armeabi-v7a
ant208d65007df00338eb1b75d96a2fc,95.97,5,2971064,54009213747,0,0,54009213747,,android,armeabi-v7a
ant2da1a126206913a4d845d3c56be21,60.87,4,4063504,4724464025,0,0,4724464025,,android,armeabi-v7a
ant22315b004d23a33c695cd3996fe2f,14.05,4,1048576,5411658792,0,0,5411658792,,android,armeabi-v7a
ant276445eb566673be28d67da5af2ec,146.63,4,8388608,5637144576,0,0,5637144576,,android,armeabi-v7a
ant2fea469ce5fd03a3baf18e5916e75,131.0,2,1009552,3983582167,0,0,3983582167,,android,armeabi-v7a
ant20e9ab9bfc46a37dd9d02de9c8046,393.43,4,1015940,5637144576,0,0,5637144576,,android,armeabi-v7a
ant218900b6219db3dc1bbf0da7a2975,83.16,3,2054236,118992068935,0,0,118992068935,,android,armeabi-v7a
ant2fdb2380593cb3f29b794c1fdeeaf,82.01,2,8192000,2834678414,1417339207,0,1417339207,,android,armeabi-v7a
ant4655f236b93458ebdf356c89a2923,44.34,4,1015976,6249177415,0,0,6249177415,,android,armeabi-v7a
ant2c31db1f184743bef955698344e3e,20.81,4,1015876,5594194903,0,0,5594194903,,android,armeabi-v7a
ant22ebb82e9316d3b63a93b60c6f102,62.24,2,1009680,4048006676,0,0,4048006676,,android,armeabi-v7a
ant24fe542e5dcca33f0a61aea44cd7d,44.91,4,4063504,4724464025,0,0,4724464025,,android,armeabi-v7a
ant22602c501d0703e1787f3717d29e6,323.52,4,1015940,5476083302,0,0,5476083302,,android,armeabi-v7a
ant27672f92d16013eb29a2ba3230981,83.6,4,3832724,53418655744,0,0,53418655744,,android,armeabi-v7a
ant2008dc041ed393f1e90781f6a594d,57.97,4,2058020,27358941675,0,0,27358941675,,android,armeabi-v7a
ant273982f88744c361d8dce9a222d22,93.53,4,1724724,10350871183,0,0,10350871183,,android,armeabi-v7a
ant267db20cbecf532429b19980fe9a4,87.62,2,2029556,27852862914,0,0,27852862914,,android,armeabi-v7a
ant2d60ac58363bd36a688af47a27630,91.44,4,2097152,4252017623,0,0,4252017623,,android,armeabi-v7a
ant272e2224ce4ed3f7f9d2511e51538,69.81,4,3832724,53418655744,0,0,53418655744,,android,armeabi-v7a
ant25dd8bd9523fb3823ade53076f92d,66.6,2,979736,5583457484,0,0,5583457484,,android,armeabi-v7a
ant2a89100bd26b13a7ab65790f07400,52.73,4,1048576,4885525299,0,0,4885525299,,android,armeabi-v7a
ant13ce505c177daaffd5f8e9ea224f7,260.0,4,7903752,256087425024,0,0,256087425024,,linux,
ant265c99a904a103d82a69829bb29eb,73.6,4,2027228,11832634900,0,0,11832634900,,android,armeabi-v7a
ant2a32e544a2fdb318a9f8347517c6a,74.38,4,933540,3983582167,0,0,3983582167,,android,armeabi-v7a
ant229bd8214948e3a3992fd0bc65ccd,103.35,4,1048576,4724464025,0,0,4724464025,,android,armeabi-v7a
ant21902a1bfba8a35bd9d3207cde2d6,9.59,4,8127008,1803886264,0,0,1803886264,,android,armeabi-v7a
ant21ac4c6f25ded34ea82bd39321e09,94.14,4,1009740,3919157657,0,0,3919157657,,android,armeabi-v7a
ant2116cc2fcf2cf3b2fa13147f8ddc5,12.58,4,2011768,27638114549,0,0,27638114549,,android,armeabi-v7a
ant2019823f4f3c230b7ab4b8414a273,8.35,4,8388608,5476083302,0,0,5476083302,,android,armeabi-v7a
ant2d8f4362e3cb9346f90ddff718d5f,253.23,4,3890140,48973364592,0,0,48973364592,,android,armeabi-v7a
ant295d85dbeea4931d5a5b8624cd45a,328.84,4,8388608,5637144576,0,0,5637144576,,android,armeabi-v7a
ant2a1b6f09a81fd3f7a976a7a6e1766,44.03,4,1048576,5637144576,0,0,5637144576,,android,armeabi-v7a
antcb8af43c4105df19c34b4017f5da7,129.77,4,4002784,125627793408,0,0,125627793408,,linux,aarch64
862a782a00922389693f916792aeebd6,220.0,4,8140832,536870912000,0,429496729600,107374182400,,linux,x86_64
ant23d9e1a1952cd3023b093549c10c7,47.79,4,2053196,4080218931,0,0,4080218931,,android,armeabi-v7a
ant25811bbcbb11a36f782b2f41ccab6,416.94,4,1018096,5132485918,0,0,5132485918,,android,armeabi-v7a
ant24f727567ae6d3f47a22774e5f69c,222.19,4,8388608,5637144576,0,0,5637144576,,android,armeabi-v7a
ant250af94e4d208364dad636273a72b,23.32,4,1048576,5637144576,0,0,5637144576,,android,armeabi-v7a
ant2f9d58b7d957f34ebbccc7c4dabe8,86.69,4,1048576,5282809774,0,0,5282809774,,android,armeabi-v7a
ant25b96da507e30329b8a44e9686fff,4.1,4,4003316,123673583288,0,0,123673583288,,android,armeabi-v7a
ant29fc8a827a1a03e3a8b7a7f8d3b9a,386.95,4,1015940,5637144576,0,0,5637144576,,android,armeabi-v7a
ant50634f8fc4ad4238bae0f4fe13a39,728.84,8,1834540,7838315315,0,0,7838315315,,linux,aarch64
ant200f524f4eb703a0aa32ee715d2b6,98.71,4,2019608,58046483005,0,0,58046483005,,android,armeabi-v7a
ant23f2624ee6e1e3d84bcb198e4eba2,80.36,2,987556,10436770528,5218385264,0,5218385264,,android,armeabi-v7a
ant2589fbf7ee5df37d993540dc108db,30.0,4,4003376,121536837058,0,0,121536837058,,android,armeabi-v7a
ant2e9b10d38563b374eae61033b147e,80.37,4,2054152,3178275799,0,0,3178275799,,android,armeabi-v7a
ant2c2ab597b6496354ebe13741ce44d,432.37,4,1048576,5637144576,0,0,5637144576,,android,armeabi-v7a
ant222d6407b4a7631baba5529f09eba,92.69,4,2868504,53418655744,0,0,53418655744,,android,armeabi-v7a
ant20d3abbc6731b379dafa88a8a4f08,99.29,4,2054248,3758096384,0,0,3758096384,,android,armeabi-v7a
ant2d34aedd62f6f343a85dadf8592d9,72.06,4,4003380,121418725457,0,0,121418725457,,android,armeabi-v7a
ant28bc95d6292743e188fbe16d26d1e,98.17,4,2097152,4960687226,0,0,4960687226,,android,armeabi-v7a
ant261ee035705b73ca38cb75a7c9237,24.0,4,1048576,5637144576,0,0,5637144576,,android,armeabi-v7a
ant317a4c764097cbab759b2c3f89a45,118.71,4,1909808,61847529062,0,0,61847529062,,linux,aarch64
b8b585096bae606c003ef9d3f2532a5e,10000.0,96,131189380,101085383911005,80264348827640,20340965113855,480069969510,,linux,x86_64
ant22f269cb2b0663328ab9f7825fed0,58.73,4,1048576,4885525299,0,0,4885525299,,android,armeabi-v7a
ant26208590166e031d28c5ed1b85d49,65.4,4,2054224,3704409292,0,0,3704409292,,android,armeabi-v7a
ant291e15d913e443e2292bc4ecc95a3,79.53,4,2054064,10050223472,0,0,10050223472,,android,armeabi-v7a
ant2514aee5cd9f13bd287cd63122fb4,65.23,4,2020648,57702885621,0,0,57702885621,,android,armeabi-v7a
ant2e1421e2d2e113db593c28318b981,35.92,4,1920104,18736794828,0,0,18736794828,,android,armeabi-v7a
ant2aec30d283c573ac2a39de8cfd4c7,195.45,4,2830256,21378199715,0,0,21378199715,,android,armeabi-v7a
ant2928f6a0027903fb9a38298bb97d5,100.69,4,2019608,58046483005,0,0,58046483005,,android,armeabi-v7a
ant2654330098aec3fb381a8106c648a,64.39,4,2019608,27605902295,0,0,27605902295,,android,armeabi-v7a
ant2a388ee181a3b3849b8e88d343e91,89.28,4,1016100,5937792286,515396075,0,5422396211,,android,armeabi-v7a
ant757f46f355e5b4db9f4219f3e31d0,110.0,4,1999836,519905791180,0,512067475865,7838315315,,linux,
ant297ed3b037edc331a900371d5bc48,129.6,4,4003316,121440200294,0,0,121440200294,,android,armeabi-v7a
ant2b1f94fb2b79f37b9bf3c0bfa6924,345.97,4,8388608,5637144576,0,0,5637144576,,android,armeabi-v7a
antae74451e444b446c4fca0221b791a,98.0,4,1909808,123695058124,0,0,123695058124,,linux,aarch64
ant23a8f1672768339a5acf4b47acceb,63.04,4,2045896,26886495272,0,0,26886495272,,android,armeabi-v7a
ant7d4232ad82b19087d3c732c379292,200.0,4,1909808,125090922496,0,0,125090922496,,linux,aarch64
ant282b897464abe39759283eeb48176,93.95,4,1825188,12197707120,0,0,12197707120,,android,armeabi-v7a
ant2e9edc41321cb392ebc472aa6cf41,86.85,4,1048576,5100273664,0,0,5100273664,,android,armeabi-v7a
antc68aefad789b22778b59c746afb85,7.87,4,1909808,125090922496,0,0,125090922496,,linux,
ant214697221a8c431b78dd17bdf9ca3,50.75,4,1021464,6442450944,0,0,6442450944,,android,armeabi-v7a
ant2516c3c1d14783275a6b8e4488af1,11.14,4,1048576,5057323991,0,0,5057323991,,android,armeabi-v7a
ant2a4b90db3932c31cba902d2232ac9,331.28,4,1048576,5637144576,0,0,5637144576,,android,armeabi-v7a
ant2f740d230b90135c3aeca06f8ed8d,84.92,4,0,1299227607,0,0,1299227607,,android,armeabi-v7a
antd3279cad92c036b2c975a41cbf247,20.2,4,4002784,125627793408,0,0,125627793408,,linux,
98829a8bee62cf7ce64c86895509cb3d,500.0,16,32922800,2413771620352,0,2199023255552,214748364800,,linux,x86_64
ant25b1fe1f495c33f149ef9d87e1a65,371.73,4,1015940,5637144576,0,0,5637144576,,android,armeabi-v7a
ant2c84da233f38a3dbe811036cf8bd5,187.95,8,11813556,0,0,0,0,,android,armeabi-v7a
ant20dc54cfb1f55391abfed4e7426e2,99.36,4,1963016,4187593113,0,0,4187593113,,android,armeabi-v7a
ant2bd0bacbdec453565bc74aa653e9d,112.11,4,1008872,4660039516,0,0,4660039516,,android,armeabi-v7a
ant26c1ba8d7df81345dad2cacca1409,369.84,4,8388608,5637144576,0,0,5637144576,,android,armeabi-v7a
ant51bfc5f31021d6ec39c00bdb89ccc,14.42,4,1909808,125090922496,0,0,125090922496,,linux,
ant2a3b1389f42eb38b496c28a7a2b4c,114.41,4,2060816,3994319585,0,0,3994319585,,android,armeabi-v7a
ant2842cc8d25f6839a4ac0517ee8582,86.48,5,2971064,54009213747,0,0,54009213747,,android,armeabi-v7a
ant28b4dc183f26839088a8f8a1e7886,160.0,4,4003384,121450937712,0,0,121450937712,,android,armeabi-v7a
ant263e374f126c33b268b49983f2268,143.8,4,33554432,6131065815,0,0,6131065815,,android,armeabi-v7a
ant2f86773e5bc5e321683f0d69aee8b,83.87,4,2020648,11735998136,0,0,11735998136,,android,armeabi-v7a
ant2f2940e3b9d513f94be42b5be8cfe,73.48,4,2055168,12423192903,0,0,12423192903,,android,armeabi-v7a
ant22805c2b1ec8034ab9f6a9e983199,7.93,4,1048576,5540507811,0,0,5540507811,,android,armeabi-v7a
ant2a6f076b7d466318ea5a3b269dce5,83.98,4,2055160,3704409292,0,0,3704409292,,android,armeabi-v7a
ant2595762fbd60c342d85fb375ae1b8,71.12,4,2019608,59045062901,31439160606,0,27605902295,,android,armeabi-v7a
ant2dadc9b70559e382fb94537f946b8,101.96,4,2007268,27842125496,0,0,27842125496,,android,armeabi-v7a
ant2afb0dc53cdd43c9d91c237af023f,184.2,4,1005196,2673617141,515396075,0,2158221066,,android,armeabi-v7a
anta5248ff3fedd0d248458fb51cf5e3,260.25,8,16373096,85899345920,0,0,85899345920,,linux,x86_64
ant2b7daefb6699b38849888440500e6,316.43,4,8388608,5637144576,0,0,5637144576,,android,armeabi-v7a
07ad6fada153580e0e0a7933e7eb7c80,220.0,4,8140840,536870912000,0,429496729600,107374182400,,linux,x86_64
ant2a0f345ecd9dc3c409d15d912ff8d,82.29,4,3742744,47727824076,0,0,47727824076,,android,armeabi-v7a
ant21497ba85b61c3367bd88f4fc66e7,38.136,4,1048576,5175435591,0,0,5175435591,,android,armeabi-v7a
5d1b9b6003675cbc932ab8b463449712,1000.0,28,16025244,1128180534476,0,1000190509056,127990025420,,linux,x86_64
551b66c4b8aa23a97056ee4c97ce4ba6,560.0,20,19055160,934155386880,0,805306368000,128849018880,,linux,x86_64
ant2949e897fc5623d5cab262d6cb640,89.57,5,1941948,23847805911,0,0,23847805911,,android,armeabi-v7a
ant2d4a3d208b5ba336b9a9f01fc4dba,88.99,4,1015836,1202590842,0,0,1202590842,,android,armeabi-v7a
ant21515a95c5c7032f5a8470c191dc2,23.42,4,4063504,4885525299,0,0,4885525299,,android,armeabi-v7a
ant2e6e1a63c553a3f3d9722ffcde32f,388.03,4,8388608,5637144576,0,0,5637144576,,android,armeabi-v7a
d8f19c471d473de6d9a25b5432d50bf5,220.0,4,8141844,536870912000,0,429496729600,107374182400,,linux,x86_64
ant2d6a6988383463d26947e0b4c9dd4,99.03,4,1048576,4928474972,0,0,4928474972,,android,armeabi-v7a
ant2a0e40e861d473e558d8f56f82c44,41.27,4,2058012,27358941675,0,0,27358941675,,android,armeabi-v7a
ant27f918851e4cd327faeab9978060f,83.38,4,2093056,3038689361,0,0,3038689361,,android,armeabi-v7a
ant2e405795ea0b63e2383c8986f4b2b,77.64,4,4015728,58583353917,0,0,58583353917,,android,armeabi-v7a
ant21b07430a54793a8d946cff7587aa,81.98,4,16777216,5959267123,0,0,5959267123,,android,armeabi-v7a
antde9fa265087db073612b33388bb4c,40.0,4,4002784,125090922496,0,0,125090922496,,linux,aarch64
ant283e30ca318df3649bf6df9516039,99.68,4,4063504,4885525299,0,0,4885525299,,android,armeabi-v7a
ant2571b8955f06f3cd8a15496c16210,43.35,4,1938832,27391153930,0,0,27391153930,,android,armeabi-v7a
ant20300e82e926831e4ab8351eb83d6,73.69,4,4003316,58905476464,0,0,58905476464,,android,armeabi-v7a
ant2c69350b783da3dce84a2bfb4411c,48.13,4,3704496,58701465517,4080218931,0,54621246586,,android,armeabi-v7a
74b19624d8cf753d9a2bb42ae36f062d,3600.0,48,65880364,8408257475378,0,8136386045542,256087425024,,linux,x86_64
ant28895e68b02ef30bcabc560595bd7,92.04,4,3184620,117821690347,0,0,117821690347,,android,armeabi-v7a
ant20682360970c23a5b9a1c5af12e72,152.61,4,1015940,5637144576,0,0,5637144576,,android,armeabi-v7a
ant25b0ce241a1373bd7bc5ae499a90a,98.93,4,2089984,4144643440,0,0,4144643440,,android,armeabi-v7a
ant23574f4f2f50d31e182b7392f6a84,7.49,4,1048576,4509715660,0,0,4509715660,,android,armeabi-v7a
ant245c4f601bb8e3ffda5863acfc5ef,10.07,4,8388608,5637144576,0,0,5637144576,,android,armeabi-v7a
ant2752208479f143db28cf60f5d6dc6,9.12,4,2044476,27734751313,0,0,27734751313,,android,armeabi-v7a
ant23f56ad6ca9e33b8db18a39948f6a,95.03,4,2053228,4166118277,0,0,4166118277,,android,armeabi-v7a
ant2c2a1eb81250530388ccef264cd71,19.06,4,2020648,27262304911,0,0,27262304911,,android,armeabi-v7a
ant608d68e0a1d70bd9a168b5ff44078,98.41,4,1844284,125090922496,0,0,125090922496,,linux,aarch64
antc865d4627dcc5753b1092d1e96766,64.46,4,1909808,7838315315,0,0,7838315315,,linux,
ant27ebf368757b03ab4a7b85e8ce9ee,83.13,5,1941948,23847805911,0,0,23847805911,,android,armeabi-v7a
ant2c841a493460e3053a6e2736608d7,71.83,4,2020648,57702885621,0,0,57702885621,,android,armeabi-v7a
ant0d700445680e0b8ad90806aea8e24,200.0,4,7835644,256087425024,0,0,256087425024,,linux,x86_64
ant2e66b58047e453cbe84315bb9fefe,385.67,4,1015924,5422396211,0,0,5422396211,,android,armeabi-v7a
21d464865fd207fb2cfa3afce65d04c7,1024.0,24,32507788,2107110955416,0,1979120929996,127990025420,,linux,x86_64
ant21d38755fcbfb3c44a5260466fdf5,30.0,4,2020652,3758096384,0,0,3758096384,,android,
ant2338b602b82d738d39c3e421e3a22,104.48,4,2055156,11403138170,0,0,11403138170,,android,armeabi-v7a
ant2f2b017111ce93ddeafa8bcb83db2,90.49,4,2089984,11897059409,0,0,11897059409,,android,armeabi-v7a
ant26a0245b93d0d33c3ab16db2889e8,99.29,4,2019608,27605902295,0,0,27605902295,,android,armeabi-v7a
ant291bf07d6f30f38879300fd4a9bcb,106.58,4,1048576,5411658792,0,0,5411658792,,android,armeabi-v7a
ant258a3829c437c3dd3a4fe0c3c6880,67.02,4,4090320,1857573355,0,0,1857573355,,android,armeabi-v7a
ant57be5a6bce0cb7de8ce4b4021b6ed,200.0,4,4002784,125627793408,0,0,125627793408,,linux,
ant2c60ab98691cd38feaa470c2e3119,90.45,4,2494656,24255827804,0,0,24255827804,,android,armeabi-v7a
ant2429c810c8737351889bef2dee5ba,105.37,4,2056184,12670153523,0,0,12670153523,,android,armeabi-v7a
ant233a9777466b73ce784a7d0af8946,62.99,4,4003120,119303454064,0,105226698752,14076755312,,android,armeabi-v7a
antb64de502074e25a7a6bf93ff8056c,250.0,2,3782036,256087425024,0,0,256087425024,,linux,x86_64
antaf20a9e047792f22166fd43fd2ca4,500.0,8,16373096,137438953472,0,0,137438953472,,linux,x86_64
ant23a8c43168e963c84b78e74dfbd29,85.75,4,2034576,23579370455,0,0,23579370455,,android,armeabi-v7a
ant2f9c28d8d719c345aae8d1227eef2,41.18,4,1048576,5637144576,0,0,5637144576,,android,armeabi-v7a
ant2d4b9b72f50a736448a68ffa8ace6,34.23,4,1015940,5637144576,0,0,5637144576,,android,armeabi-v7a
antcedb2471f612c8717da0b7e3e8c61,50.02,8,3887676,91268055040,0,80530636800,10737418240,,linux,
ant2a4f70de984c7322a8b80782d9c33,7.7,4,1048576,5561982648,0,0,5561982648,,android,armeabi-v7a
ant251118a211d3c3e878d81b0969532,103.36,4,1048576,4928474972,0,0,4928474972,,android,armeabi-v7a
ant00185cad8fd8470095b1a5b9d606c,210.49,4,4002784,125090922496,0,0,125090922496,,linux,aarch64
ant203a39db2a51b325c823bd1a259dc,7.66,4,2054140,6667936726,0,3328599654,3339337072,,android,armeabi-v7a
antce67a1232b24ac54b65a16184e981,50.0,4,3888588,246960619520,0,236223201280,10737418240,,linux,x86_64
ant237b624cf5d153c68a0c82c496a96,58.52,4,1017664,5132485917,257698037,0,4874787880,,android,armeabi-v7a
ant2929f73ec7bde3441bc5929cedb9d,421.2,4,8388608,5476083302,0,0,5476083302,,android,armeabi-v7a
ant258f42d816eda3eb3be49967c5b54,152.46,5,1941948,23847805911,0,0,23847805911,,android,armeabi-v7a
ant2cd81161acfec34ad99ada22a6940,367.87,5,2971064,54009213747,0,0,54009213747,,android,armeabi-v7a
ant2a7e957bec1f83814b632fceb23d6,374.88,4,1048576,5476083302,0,0,5476083302,,android,armeabi-v7a
ant247a8039b87e03fc9966cbdd169e8,4.74,4,2019608,4423816314,0,0,4423816314,,android,armeabi-v7a
ant25202b5d408583ed88711a0cd24bd,192.25,4,1048576,5476083302,0,0,5476083302,,android,armeabi-v7a
ant29d1a3ca230e93c34980c041abafe,129.14,4,2026864,3811783475,0,0,3811783475,,android,armeabi-v7a
ant2fa53dc18238c3f04b131f3af70ff,83.86,4,4063504,4724464025,0,0,4724464025,,android,armeabi-v7a
ant25e3c5c10bbcf391f8b0e8f8d4885,81.76,4,3844884,43916040601,0,0,43916040601,,android,armeabi-v7a
antd9e25d1d11a4769a2fc6031b9fc0b,93.98,4,4003788,0,0,0,0,,linux,aarch64
ant2a2c1f4e7e6d534b5b67f4b7ad349,80.67,4,8388608,5637144576,0,0,5637144576,,android,armeabi-v7a
ant2147a6d217b98376ebead34841595,97.49,4,2055160,118648471552,0,0,118648471552,,android,armeabi-v7a
ant264481c6f917e3a0da9d7715a3dae,92.65,4,1869620,26532160471,0,0,26532160471,,android,armeabi-v7a
ant5ce5b5b0b42de557565f7ac7efec5,355.95,4,1909808,7838315315,0,0,7838315315,,linux,aarch64
ant2e6acc7f3036938d0a35cfc9bae79,95.77,4,1895524,81432579931,31449898024,0,49982681907,,android,armeabi-v7a
ant1dc81b0512b1e4519e225bd1b548d,79.36,4,1844284,125090922496,0,0,125090922496,,linux,aarch64
ant26e76626e75c034ef804841d091d9,108.2,4,3832724,53418655744,0,0,53418655744,,android,armeabi-v7a
ant2d6659455941132f98a43c3eb2402,539.04,4,684308,6249177415,0,0,6249177415,,android,armeabi-v7a
ant2ea110548d98d3546a2f7aaa06a95,74.62,4,1048576,5379446538,0,0,5379446538,,android,armeabi-v7a
ant2b03a34ccc7d4303abf70358c5ae6,242.72,4,1015940,5476083302,0,0,5476083302,,android,armeabi-v7a
ant2cde4872b62543d288196e02b4ecb,86.81,4,8388608,5637144576,0,0,5637144576,,android,armeabi-v7a
ant27bded23a1c5e34f6bf053324f8db,78.97,4,3860736,25522843156,0,0,25522843156,,android,armeabi-v7a
ant2c0a44831ddf3399fb595c533a6ab,87.5,4,2055160,237833814016,0,119185342464,118648471552,,android,armeabi-v7a
ant18ca15e81bd49addd352705bffb2b,1000.0,16,20275712,571230650368,536870912000,0,34359738368,,linux,x86_64
ant23e901df7764630d7aad570972467,80.45,4,2058024,27358941675,0,0,27358941675,,android,armeabi-v7a
antfb6eedab2e2ffb2b0fc44e7f1cc7a,98.29,14,14058644,781684047872,0,644245094400,137438953472,,linux,x86_64
ant2a93dfaa543c236ca9d79546df01d,106.04,4,843292,24631637442,0,0,24631637442,,android,armeabi-v7a
9f7e32855869df2da24fa4a2efba6700,450.0,16,32520332,2345159517798,0,2089072092774,256087425024,,linux,x86_64
1effdfcd625f758cf17ef6f263dbb89f,150.0,4,8140840,536870912000,0,429496729600,107374182400,,linux,x86_64
19a546ca29271ddb3113565db88279aa,2850.0,32,32513372,2217062118194,0,2089072092774,127990025420,,linux,x86_64
ant2c7cbc1d5839d3277a04e7dc048ba,229.52,4,8388608,5637144576,0,0,5637144576,,android,armeabi-v7a
ant2413b89a0c19936b38d8ba63a26a3,51.48,4,2055156,118111600640,0,0,118111600640,,android,armeabi-v7a
ant214f431ee835339cda1c6d25cc787,171.01,4,3965236,57531086929,0,0,57531086929,,android,armeabi-v7a
ant2271b39b4df92367181e0a691e1c1,102.81,4,8300640,5100273664,0,0,5100273664,,android,armeabi-v7a
8eb6276c8522d8094781fe3298004542,960.0,24,32520292,2099165265919,0,1979120929996,120044335923,,linux,x86_64
ant25bdfc49058c8334683a5a9ee1942,81.04,4,2026440,21260088115,0,0,21260088115,,android,armeabi-v7a
ant20fe6d9d539d33aeba8ca77b5c863,128.12,4,1724724,10350871183,0,0,10350871183,,android,armeabi-v7a
ant28222ae8511333790990e14601d93,245.95,4,1048576,5637144576,0,0,5637144576,,android,armeabi-v7a
ant25c8405941b8f3b1b9c550d01d219,385.31,4,8388608,5637144576,0,0,5637144576,,android,armeabi-v7a
ant2e1e65ae5395f39738b9190b133d8,96.45,4,3832724,53418655744,0,0,53418655744,,android,armeabi-v7a
ant287bcf33e6286311f93e6e554fb2d,82.05,4,2531540,26188563087,0,0,26188563087,,android,armeabi-v7a
ant2537b7c3ad49b3f99bc269a9ef33a,152.41,4,2054224,4048006676,0,0,4048006676,,android,armeabi-v7a
ant296a3e843449a38abbf20a5039fb1,10.8,4,2052184,27605902295,0,0,27605902295,,android,armeabi-v7a
ant5090026ccab283d85316f11581d0a,255.66,2,4007292,85899345920,0,0,85899345920,,linux,x86_64
ant2b352594144e9315c91ebb89faf4e,12.29,4,3880732,55845312266,0,0,55845312266,,android,armeabi-v7a
ant29fda48780a113cc6b636a485ab3a,115.65,4,477108,5196910428,0,0,5196910428,,android,armeabi-v7a
ant2c816760ff9fd313ba5c9a9d2af21,77.82,4,2054220,118487410278,0,0,118487410278,,android,
ant1752df06c52f5c59dffafb9461475,77.17,4,1909808,125090922496,0,0,125090922496,,linux,aarch64
ant2aae8284711443fd7bdbcb6f142a4,65.95,4,2055160,3704409292,0,0,3704409292,,android,armeabi-v7a
ant25b81be3580aa3b55b336d832660b,8.12,2,1550524,28583007354,0,0,28583007354,,android,armeabi-v7a
ant21aa1344bbd63388a95f6e1576635,88.43,4,3704656,54621246586,0,0,54621246586,,android,armeabi-v7a
ant2cff33b9aa7af3635828572c31955,42.22,4,4003316,121418725457,0,0,121418725457,,android,armeabi-v7a
ant2aec0835968aa3f5dba49c10fa5fe,85.33,4,3832724,53418655744,0,0,53418655744,,android,armeabi-v7a
ant2dc7e30f9413631dd8ad8b0a750ee,273.11,4,770804,26156350832,0,0,26156350832,,android,armeabi-v7a
ant2045885ba91c23204bef996ce8629,35.0,4,2058012,27358941675,0,0,27358941675,,android,armeabi-v7a
ant2d9348544d65130f2b0cd458d12e6,19.35,4,2053200,4058744094,0,0,4058744094,,android,armeabi-v7a
ant5636c472ee39bafb32b827f2777fa,238.09,4,8125980,85899345920,0,0,85899345920,,linux,x86_64
ant23434132d99cb3d489b0a495eaa5c,2.12,4,1484060,26188563087,0,0,26188563087,,android,armeabi-v7a
ant2af515ae1d3b435e780525293b97c,330.63,4,1015940,5637144576,0,0,5637144576,,android,armeabi-v7a
ant272b033662efd3307b43e92a89a1e,433.09,4,1015940,5637144576,0,0,5637144576,,android,armeabi-v7a
ant2103f1bf2ec3d308ba3d3c8758d62,51.35,2,500888,2759516486,257698037,0,2501818449,,android,armeabi-v7a
ant2476c4cd07dd038f8ad6aaea282ae,181.06,4,1048576,4724464025,0,0,4724464025,,android,armeabi-v7a
ant27b364d9d8a9b3d98ae76a4320cd6,76.81,4,1966416,43239583251,15730317721,0,27509265530,,android,armeabi-v7a
ant42a005e8c05bed1a76977b75c5d55,64.25,4,1015976,6249177415,0,0,6249177415,,android,armeabi-v7a
ant29b89cd15b8163ad5b48f72abcbf8,117.46,4,2054244,3704409292,0,0,3704409292,,android,armeabi-v7a
ant2969646481f5138dd81ef34d5896a,62.41,4,2868504,53622666690,0,0,53622666690,,android,armeabi-v7a
ant29095eab439473fcdbae72753241f,79.18,4,2868504,53418655744,0,0,53418655744,,android,armeabi-v7a
ant270612e62386b3e088151c368eb67,80.45,4,1869624,57080115363,0,0,57080115363,,android,armeabi-v7a
60abc373c6f2293b17e8758b174c3c15,150.0,4,8140832,536870912000,0,429496729600,107374182400,,linux,x86_64
ant265d090d3db8130168a973b0ee98e,112.81,4,2093056,3414499000,0,0,3414499000,,android,armeabi-v7a
ant2719a86b94d333c51b9dd11ca4591,44.11,4,1048576,4724464025,0,0,4724464025,,android,armeabi-v7a
ant2d3259e7265ee395ea57aebfa5b4e,492.24,4,1048576,5540507811,0,0,5540507811,,android,armeabi-v7a
ant23a9070bf53b738f8b052249af527,53.47,4,3014272,4391604060,0,0,4391604060,,android,armeabi-v7a
ant2a2bee9ab21c43cc299493bc1841c,482.95,4,1048576,5637144576,0,0,5637144576,,android,armeabi-v7a
ant2b9466aec9eaa3c919adb72a3b2de,84.35,4,3064712,23579370455,0,0,23579370455,,android,armeabi-v7a
ant0ed5bd9404007d789c3964a2e53bf,260.69,4,8129232,85899345920,0,0,85899345920,,linux,x86_64
ant29251e7aa14e330d9b9a866d80377,13.36,4,2052184,4423816314,0,0,4423816314,,android,armeabi-v7a
ant2cc6d2bcc191b32ff9b9afef65db6,342.29,4,1048576,5411658792,0,0,5411658792,,android,armeabi-v7a
ant20c5504a164de3bb2b100b17dab57,39.73,4,2054236,118992068935,0,0,118992068935,,android,armeabi-v7a
ant3427fff04d1d585ac779bf23523d1,670.7,4,4002784,125090922496,0,0,125090922496,,linux,aarch64
antbad49079b5ddfd187e8c2eb36b312,497.74,4,7835644,512174850048,0,0,512174850048,,linux,x86_64
ant6e4e8eb4eda378b3a4cb682161e6c,129.55,4,4002784,125090922496,0,0,125090922496,,linux,
anta3eb5cb4e3d602a9390ffdd4882c9,250.21,8,16370844,85899345920,0,0,85899345920,,linux,x86_64
ant4de74d8422e7efcc13788304f4a7f,12.62,3,797552,4788888535,0,0,4788888535,,android,armeabi-v7a
ant78dd8e81edb507284f137624f9b9f,207.0,4,3777816,304083684556,0,240088671846,63995012710,,linux,x86_64
ant202efb3d7985f3ab29b6e7f502f29,17.73,4,1048576,5175435591,0,0,5175435591,,android,armeabi-v7a
ant2d5cb19260e1430d9a17e1198a0e7,5.12,4,2097152,4724464025,0,0,4724464025,,android,armeabi-v7a
ant238b936469c4b3874b40b4f667871,87.03,4,3832724,53418655744,0,0,53418655744,,android,armeabi-v7a
18cee596bba32ee55b975ef22bcea9b4,2400.0,48,65347468,8396553689494,0,7916483719984,480069969510,,linux,x86_64
ant2d76429e487dd3f5b92266c841fc3,102.55,4,2054252,3801046056,0,0,3801046056,,android,armeabi-v7a
ant272efec3e50b33fc9aa0b042941f7,100.18,4,1012100,3801046056,0,0,3801046056,,android,armeabi-v7a
ant25741695e25a13f5c9022723b2a82,9.33,4,2044420,24449101332,0,0,24449101332,,android,armeabi-v7a
ant26ec98668cded35989060673115af,104.88,4,1373924,22634477649,0,0,22634477649,,android,armeabi-v7a
ant2bf4d4d63676c3f8daadc5d6ccac0,19.79,8,1825384,12208444538,0,0,12208444538,,android,armeabi-v7a
ant292f4c7f02ae73338a47700914caf,87.81,4,2054244,57327075983,0,0,57327075983,,android,armeabi-v7a
ant2c08d387848463737be0d39a7a9c7,107.69,4,1015620,5411658792,0,0,5411658792,,android,armeabi-v7a
ant2f0482b517d5d3271b6af00b32e02,115.07,4,2097152,4960687226,0,0,4960687226,,android,armeabi-v7a
ant2fd5a1874a3e935d5b8ea46a5220a,55.97,4,2058012,27358941675,0,0,27358941675,,android,armeabi-v7a
ant27cb3cfa0153a37f89cc9431f2ad9,23.78,4,2097152,3532610600,0,0,3532610600,,android,armeabi-v7a
ant273257e77144b3f2e835879f16737,362.87,4,1048576,5637144576,0,0,5637144576,,android,armeabi-v7a
ant27c4c0937237235e597931a251d8a,118.15,4,1048576,4928474972,0,0,4928474972,,android,armeabi-v7a
anta276d7adde7e1bb155f690228836f,112.19,4,1909808,127882651238,120044335923,0,7838315315,,linux,
ant2b016fa0864af3989a8de43aadd66,98.86,4,2020648,57047903109,0,0,57047903109,,android,armeabi-v7a
ant219a7d7219f023cae96129f5d121c,99.48,4,1018076,4842575626,0,0,4842575626,,android,armeabi-v7a
anta3195692fd56f32a19ef1252bd64a,98.28,8,1834604,127882651238,120044335923,0,7838315315,,linux,aarch64
ant2ed6e8b1759e235858acc4aff5679,30.07,4,477108,1385126952,0,0,1385126952,,android,armeabi-v7a
ant28952d02798693ef5ab8ff72c9f78,101.92,4,1048576,5057323991,0,0,5057323991,,android,armeabi-v7a
ant2f6b71ff0ebaf3ee4a58894a68025,78.58,4,2031752,5604932321,0,0,5604932321,,android,armeabi-v7a
ant2e8d399f14b41334889c5adc843e9,64.06,4,2056184,12670153523,0,0,12670153523,,android,armeabi-v7a
ant28ed194dd740c37b28b802017ead7,21.64,4,1920108,18736794828,0,0,18736794828,,android,armeabi-v7a
938514d4c9542a206c59ab3a2fc14cd2,6000.0,64,49083012,36873904848891,28477351159397,7916483719984,480069969510,,linux,x86_64
ant235612ab100ff31679db98c24e798,55.34,4,2038492,12509092249,0,0,12509092249,,android,armeabi-v7a
ant2daf65538c6e93f748c2913566863,127.58,4,3064716,23579370455,0,0,23579370455,,android,armeabi-v7a
ant245a35d11b9953c47b7d532a23f22,249.67,4,1048576,5637144576,0,0,5637144576,,android,armeabi-v7a
ant21124400827d13f79ba273fa3bad1,80.98,4,1939256,35583804047,31235149660,0,4348654387,,android,armeabi-v7a
ant2d543ff6fd18d3d5cb3c86caff60e,75.79,4,1048576,4509715660,0,0,4509715660,,android,armeabi-v7a
ant2f48ec74613b73b718f60824cc479,26.95,4,2097152,5637144576,0,0,5637144576,,android,armeabi-v7a
9504d27bf2a18ebb0d8828dccd25c9ca,6000.0,48,65604192,8606684964452,0,7806532557208,800152407244,,linux,x86_64
ant2a59f4a5619563292aa5e055cf768,108.86,4,8388608,5637144576,0,0,5637144576,,android,armeabi-v7a
a41697904699344a6c5272fa0f98e199,5000.0,64,65860216,40942097871662,32545544182168,7916483719984,480069969510,,linux,x86_64
ant5f90df300a4ee804b8488bca12e08,150.0,4,3888528,107374182400,0,0,107374182400,,linux,x86_64
antbacd119bfcf9361e091d00376b5fb,38.0,4,1991520,125090922496,0,0,125090922496,,linux,
ant2c8aa10b7428b31d3ab0d5f35738b,57.43,4,2019608,27605902295,0,0,27605902295,,android,armeabi-v7a
ant2a99d3f98503d3f17b19d7dfc968d,174.9,4,3743228,113311974686,0,0,113311974686,,android,armeabi-v7a
ant243634c19d49c393498c5ae491ad4,273.63,4,3859820,115040699023,0,0,115040699023,,android,armeabi-v7a
ant2581fa0934e8334ecb927a21291ce,131.92,4,2054260,15569256448,0,0,15569256448,,android,armeabi-v7a
ant25979f6560c023e87a9f012f27574,14.92,4,4063504,4885525299,0,0,4885525299,,android,armeabi-v7a
ant2ac101525c8f7350cb52e62d30505,256.53,4,1048576,5282809774,0,0,5282809774,,android,armeabi-v7a
ant26052e51eac363a2082edb1b35c04,43.75,4,969060,4724464025,0,0,4724464025,,android,armeabi-v7a
ant21346ac75ebb536d4b7fe912a18e0,27.49,4,1907816,49982681907,0,0,49982681907,,android,armeabi-v7a
ant45f8478322e3e7013c7eb085e4ac0,432.58,4,1015976,6249177415,0,0,6249177415,,android,armeabi-v7a
6a32f91919ee4f98913c8ea70de46461,280.0,20,24341516,1906965483520,4096,1649267441664,257698037760,,linux,x86_64
ant429bf0005dbad3202ba2d7627c0c7,1000.0,8,8010224,435939180544,0,425201762304,10737418240,,linux,x86_64
ant26d9fd841b2453e86bc6f4ba6de4a,102.79,4,2097152,12734578032,0,0,12734578032,,android,armeabi-v7a
a809f3cfba69983839701a322f35a6db,3000.0,56,36945264,3793315115827,0,3518437208883,274877906944,,linux,
ant1e0d728ce09b7d09467b99971f254,85.91,4,1844284,7516192768,0,0,7516192768,,linux,
ant243f52d59792f3d8c88480c0560f1,172.05,8,11610108,492750860451,0,0,492750860451,,android,armeabi-v7a
ant22a08e1c2812c36bab7b0e8c36986,29.56,4,1016100,5937792286,515396075,0,5422396211,,android,armeabi-v7a
ant2a2fc91ff115e36f597110f7fc9b8,21.76,4,2978932,46976204800,0,0,46976204800,,android,armeabi-v7a
0a888f24c80d4c64a23ac46779309da1,1000.0,80,32253900,4308281694617,0,4068193022771,240088671846,,linux,x86_64
antc4cfac861c974870277d86a6a21cf,806.7,4,919464,0,0,0,0,,linux,aarch64
ant27e592f228010317c8388c35dcdd6,123.86,4,3704500,117145232998,0,0,117145232998,,android,armeabi-v7a
ant2fb7113fe90ff3524a2e77d3b583d,96.05,5,2970564,54009213747,0,0,54009213747,,android,armeabi-v7a
ant2855ae3ae89bf3ca495608a3bf1b3,64.95,4,2042784,26768383672,0,0,26768383672,,android,armeabi-v7a
ant2a4d871357d1b36d7b72fcc4a3c15,55.21,4,4063504,4724464025,0,0,4724464025,,android,armeabi-v7a
ant4d1c5f219c883b13e8b1a93557467,98.57,4,1844284,125090922496,0,0,125090922496,,linux,aarch64
ante1fa2a6802ae3d6e70795a573da92,122.53,4,4002784,125627793408,0,0,125627793408,,linux,aarch64
antbcda81f956fb6345930b583aaa376,104.84,4,1909808,7838315315,0,0,7838315315,,linux,
ante0982f31ae28d67e5bc1afad230b3,28.39,4,8126804,274877906944,0,0,274877906944,,linux,x86_64
ant2ef8b97fdc5de3ad883229ad1b08e,8.99,4,4003212,115491670589,0,0,115491670589,,android,armeabi-v7a
ant226cbe6c8714036148a76d8f8bdf3,13.41,4,1015876,5594194903,0,0,5594194903,,android,armeabi-v7a
ant360ad72a677c1bfd2a93003dcd116,218.98,4,1909808,125090922496,0,0,125090922496,,linux,
e57aa2213245cdbf37566840544da19c,3000.0,32,36951268,1924145348608,0,1649267441664,274877906944,,linux,
ant289228d0d6f853da39c171cb65afd,82.27,4,4003212,55168854917,0,0,55168854917,,android,armeabi-v7a
ant28a03d23de163391b82bcb1eee764,95.44,4,2045948,25458418647,0,0,25458418647,,android,armeabi-v7a
ant2aaeceefbb3b23de291a8ddd8c98e,34.86,4,1021464,6442450944,0,0,6442450944,,android,armeabi-v7a
ant207074ba2c08e3896b9612dccecb9,91.67,5,3933356,54009213747,0,0,54009213747,,android,armeabi-v7a
ant2d764a426bdb93cd9b07893aac908,24.51,4,4003316,121440200294,0,0,121440200294,,android,armeabi-v7a
c8996666cbbdbe5e778c2cabfe86ab4f,5000.0,64,65347268,34654802621231,28477351159397,5937362789988,240088671846,,linux,x86_64
6e72b17ca59ab5e75d0cfcddb8ebd368,2000.0,32,16119012,4013217441382,0,3738339534438,274877906944,,linux,
ant220fababf8d3a3f4eb7472ebb61f0,76.21,4,2019608,4423816314,0,0,4423816314,,android,armeabi-v7a
ant2e87187e5f50b3636b815d67dee96,63.71,4,2089984,11220602060,0,0,11220602060,,android,armeabi-v7a
ant2d19fdfa2dd7b337f9e52294c7386,460.08,4,1722360,54814520115,0,0,54814520115,,android,armeabi-v7a
antd89e8863d2a86d6388484bb0380f7,76.74,2,4004060,85899345920,0,0,85899345920,,linux,x86_64
anta84bc5b965077bc470691f79a9b0c,101.32,4,4002784,125198296678,0,0,125198296678,,linux,aarch64
ant22872742d7cf634588bd8127c5df6,4.21,4,2093056,3156800962,0,0,3156800962,,android,armeabi-v7a
ant2a0d9af5e55f0342a8bc3d9a68cd2,104.71,4,1048576,4724464025,0,0,4724464025,,android,armeabi-v7a
ant2a8b8c700c9e1341e824da9d8f5e4,30.67,4,2052184,4048006676,0,0,4048006676,,android,armeabi-v7a
ant08eda0599883c3328395515254cc6,265.4,4,4002784,125090922496,0,0,125090922496,,linux,aarch64
ant2070fee65b6bb3658823009ff6696,144.82,4,2054232,10941429186,0,0,10941429186,,android,armeabi-v7a
ant2a8b992b7c8803e54bd15354d0730,63.08,4,8388608,5637144576,0,0,5637144576,,android,armeabi-v7a
ant2a01cd380845236178656f762361a,92.04,4,3832724,121719373167,7999376588,0,113719996579,,android,armeabi-v7a
ant2671dc2567c05360aba9b982fb59f,82.9,4,2053204,4166118277,0,0,4166118277,,android,armeabi-v7a
ant2a899048782c832e7b701d8f601e0,92.34,4,1048576,1857573355,0,0,1857573355,,android,armeabi-v7a
ant22f483d80b1bf3f5a82eb03ea08ab,133.3,4,4003316,121418725457,0,0,121418725457,,android,armeabi-v7a
ant2a52539f3b338332cb5e31bbdcfc9,243.1,4,8388608,5637144576,0,0,5637144576,,android,armeabi-v7a
ant2124d4ec302243c918244715a30b6,76.08,4,2054236,27262304911,0,0,27262304911,,android,armeabi-v7a
ant297776d8b6ff13563bbd96e6cb268,84.89,4,2019608,58057220423,0,0,58057220423,,android,armeabi-v7a
ant63a29d7684925e2348950fb3efb59,886.92,4,1909808,125090922496,0,0,125090922496,,linux,
ant291c8b03d8e423378910a78080467,21.67,4,2052184,27605902295,0,0,27605902295,,android,armeabi-v7a
ant21a9ab87bce64398891fd6d74df7b,88.19,4,2089984,4209067950,0,0,4209067950,,android,armeabi-v7a
862b55ba96b99dde829aa3c7f2f7a41f,5000.0,64,131323040,53146676939975,44750123250481,7916483719984,480069969510,,linux,x86_64
ant2895f3787d3da3166948c26a95438,7.19,4,1048576,5239860101,0,0,5239860101,,android,armeabi-v7a
ant263d11ada48563ac88ebb0f3fda1a,206.42,4,8388608,5476083302,0,0,5476083302,,android,armeabi-v7a
ant22ef4a73b5db832e2ad187ca89605,96.53,4,3704504,54621246586,0,0,54621246586,,android,armeabi-v7a
ant2672c6d91c6ae338e8fdfdc4ad2ef,2.89,8,2841680,27391153930,0,0,27391153930,,android,armeabi-v7a
05a9249d846cfaf1bc4a70b2c3b70974,650.0,32,65530980,2235208355020,0,1979120929996,256087425024,,linux,x86_64
ant2d6c20dfff14d31f5ad880d92ec79,54.63,4,4128400,27605902295,0,0,27605902295,,android,armeabi-v7a
ant2095f89fc98ea3fb6b9fa2584a7a5,63.46,4,2053204,3801046056,0,0,3801046056,,android,armeabi-v7a
ant2dcffffad8e4f3d2aab9475f731df,130.92,4,2052184,4048006676,0,0,4048006676,,android,armeabi-v7a
ant297a0da7cd2943ef2a0e27f6ee09a,107.69,4,3832724,53418655744,0,0,53418655744,,android,armeabi-v7a
ant26e426970e06637aca7b2cd00e7b1,32.72,4,2054224,3801046056,0,0,3801046056,,android,armeabi-v7a
ant250ea1b54e0e53b85a44a21941641,104.86,4,4003316,121987808624,0,0,121987808624,,android,armeabi-v7a
991a3b732894cff99f7d41c9a9489579,2000.0,32,16119020,3793315115827,0,3518437208883,274877906944,,linux,
ant271ab8b8ad2343fd1afb78d34ded1,86.95,4,2019608,57380763074,0,0,57380763074,,android,armeabi-v7a
ant2cdab0d785ec7313cb5029abea99f,178.68,4,1048576,5132485918,0,0,5132485918,,android,armeabi-v7a
ant22e9e2d17109d32f29c15e54c3583,96.24,4,2053208,3178275799,0,0,3178275799,,android,armeabi-v7a
ant2baa25ce68f4437c2857fd92debd0,145.73,4,4003316,121418725457,0,0,121418725457,,android,armeabi-v7a
ant55206b1472d1f8a44572adba5937b,10.85,4,1999836,135828340735,0,127990025420,7838315315,,linux,aarch64
ant29db5286292c53dd1a74ce7c59296,5.35,4,2055168,118272661913,0,0,118272661913,,android,armeabi-v7a
ant222ef006ab014331a9c4ffe34b36f,317.89,4,1048576,5282809774,0,0,5282809774,,android,armeabi-v7a
antb872ef0d5070d43f92186b681d3f7,1000.0,2,4007280,85899345920,0,0,85899345920,,linux,x86_64
97df29a5066442ba608737b8bec81c6b,2700.0,32,65494652,4418232857394,0,4178144185548,240088671846,,linux,x86_64
ant2d088a8bc216f3ab5b88076e17ee8,347.07,4,8388608,5637144576,0,0,5637144576,,android,armeabi-v7a
ant28be627474e573333a2180b929232,513.12,4,8388608,5637144576,0,0,5637144576,,android,armeabi-v7a
ant103e298b805c77d9a4ae651bba6a9,1000.0,8,10062320,654982512640,0,644245094400,10737418240,,linux,
ant24fcc3084b5d23d0aad7fda09417a,72.54,4,2055024,118669946388,0,0,118669946388,,android,armeabi-v7a
ant2fcbc5fe3d70635848f897d66ce76,93.83,4,1016124,5873367776,515396075,0,5357971701,,android,armeabi-v7a
ant2cdd650d88d3937ce948cf33f002b,109.61,4,2020648,11746735554,0,0,11746735554,,android,armeabi-v7a
ant255f2cfc4a7df3f0fa9251dd736f1,186.37,4,1015940,5476083302,0,0,5476083302,,android,armeabi-v7a
ant2be39bac1ec5c35c987940a93688f,35.07,4,1484060,26188563087,0,0,26188563087,,android,armeabi-v7a
ant2822c0aa309b631d6a9e03b5750cf,60.01,4,2042788,25308094791,0,0,25308094791,,android,armeabi-v7a
ant2799bcb71b3f139a5937a3c6be6d8,37.76,4,8388608,5476083302,0,0,5476083302,,android,armeabi-v7a
ant4de4dce8e0e5cc0ba1ef586cc1f19,360.81,4,1015976,6249177415,0,0,6249177415,,android,armeabi-v7a
ant8513da4267095bbe92a31b4379954,312.66,4,1909808,125090922496,0,0,125090922496,,linux,
ant299ed4abcb60234d48582bc66871e,74.42,4,684308,2512555868,0,0,2512555868,,android,armeabi-v7a
ant2693091afc13438e081e3a3434f6d,15.95,4,8388608,5476083302,0,0,5476083302,,android,armeabi-v7a
ant262049e7927c23dc5b2a8d26a6ccd,94.73,2,0,3747358965,3747358965,0,0,,android,armeabi-v7a
ant289bf1e7f31643106bf09faa91896,76.09,4,2004792,24610162606,0,0,24610162606,,android,armeabi-v7a
antbae36ca598ad50c5eb7a9b0053d93,97.32,4,1909808,123695058124,0,0,123695058124,,linux,aarch64
ant2cfb84e631ca3307e9e7def765602,21.67,4,1048576,5637144576,0,0,5637144576,,android,armeabi-v7a
ant2c7bf7bb0d5903a2da319be6d85de,80.55,4,2055160,3704409292,0,0,3704409292,,android,armeabi-v7a
antd4bcc1f59880029f2450727fdc46e,983.38,4,1909808,125090922496,0,0,125090922496,,linux,aarch64
ant2df0c9c4fa4fc3d14ae67cc2e70c8,105.64,4,3832724,53418655744,0,0,53418655744,,android,armeabi-v7a
ant2ec94801f81233ec493fc673ccb5a,8.12,4,4003316,121418725457,0,0,121418725457,,android,armeabi-v7a
ant244348d45eb6d3365888c3dddf29e,97.13,4,33554432,6292127088,0,0,6292127088,,android,armeabi-v7a
ant28eb6059db65430fb9d022ae2bc6f,99.59,4,2053200,4166118277,0,0,4166118277,,android,armeabi-v7a
ant2758853ddc1873ee7bfd93bbc25a9,202.54,4,8388608,5637144576,0,0,5637144576,,android,armeabi-v7a
ant2da911e428b9035b8a9aa31dafa36,24.36,4,2060828,3650722201,0,0,3650722201,,android,armeabi-v7a
ant2b69eb3deb5d033b781f69e472fab,102.3,4,1048576,5476083302,0,0,5476083302,,android,armeabi-v7a
ant2cf0ab8a34a4e3ced9cbec3412c46,43.49,3,925816,6066641305,0,0,6066641305,,android,armeabi-v7a
ant21b1b6a714e973963ba9f7109eabf,115.36,4,1920104,18736794828,0,0,18736794828,,android,armeabi-v7a
ant241fe46e3244039aba8cd8c78ef7f,36.27,4,2997592,19542101196,0,0,19542101196,,android,armeabi-v7a
ant296f2a0aa0c25355da20ffa3b949b,86.24,4,2097152,4960687226,0,0,4960687226,,android,armeabi-v7a
ant20ce0e92260163deca8c298587161,165.97,4,2097152,5282809774,0,0,5282809774,,android,armeabi-v7a
ant8b740036762b03c9684920869ac80,165.09,4,3859108,274877906944,0,0,274877906944,,linux,x86_64
antd73b2f63e2166eedaca4f38e66110,63.4,4,4002784,125090922496,0,0,125090922496,,linux,aarch64
ant2016327bd835f3f6ca2026f16aa0d,99.04,4,2053196,11832634900,0,0,11832634900,,android,armeabi-v7a
ant64ddd33d5c8029213af4fb474f5e7,366.81,4,4002784,125627793408,0,0,125627793408,,linux,
ant2348b54bce32c35169c7765212c13,5.48,4,2055156,118111600640,0,0,118111600640,,android,armeabi-v7a
ant2df1f8dac3e7e3f179addcd53abae,254.11,4,1048576,5637144576,0,0,5637144576,,android,armeabi-v7a
ant22b7e3d7fceab324ea9c808f1ea5a,35.81,4,1048576,3285649981,0,0,3285649981,,android,armeabi-v7a
ant276e66f8051173c78b05624f732fd,94.23,4,2020648,57745835294,0,0,57745835294,,android,armeabi-v7a
ant27d5ba51c0cde3493a774a01348fc,90.45,4,2052184,58046483005,0,0,58046483005,,android,armeabi-v7a
ant2da4ea07c49493f03af4260cdb6ee,99.17,4,2019608,27605902295,0,0,27605902295,,android,armeabi-v7a
ant2731ec777e8a9322d824610dda89b,90.67,4,1920104,18736794828,0,0,18736794828,,android,armeabi-v7a
ant264a579d8c9343c798407c61f03b5,79.08,4,1479784,11242076896,257698037,0,10984378859,,android,armeabi-v7a
ant2b3f6499a6990306ba97bba03dd95,48.28,4,2054244,4048006676,0,0,4048006676,,android,armeabi-v7a
ant2bd6b8a54302a3fc8b0043a1d584e,49.49,4,933540,3983582167,0,0,3983582167,,android,armeabi-v7a
ant214eda55a81cb3378b9c385102de6,563.72,4,1048576,5637144576,0,0,5637144576,,android,armeabi-v7a
ant24ba129de45873883ac5bbed1dc94,76.35,5,1941948,23847805911,0,0,23847805911,,android,armeabi-v7a
antc1ad8b4f618205d5208c29831bfcc,32.9,2,1798504,42949672960,0,0,42949672960,,linux,x86_64
ant2339587ec2f313b1c8671593ab08e,27.02,4,2052184,27605902295,0,0,27605902295,,android,armeabi-v7a
ant225fa0b69152d3a3992e6a94ab9b8,35.41,4,2052184,4048006676,0,0,4048006676,,android,armeabi-v7a
ant4dd87bd384ab1a81caa098d15d4b1,99.19,4,797552,4788888535,0,0,4788888535,,android,armeabi-v7a
ant2c3353194c97932778dc8e6dec023,61.54,8,1876140,12262131630,0,0,12262131630,,android,armeabi-v7a
ant272b65b4764e23c8b83a4ef167b22,41.86,4,1537840,36324685904,31449898024,0,4874787880,,android,armeabi-v7a
ant7ebe25cfbb0cb8df93cfbfbfe2a8d,215.74,4,4002784,125090922496,0,0,125090922496,,linux,
ant2e2f4610fee7b3523acf7f3dac0e2,147.85,4,1048576,5111011082,0,0,5111011082,,android,armeabi-v7a
ant2bb6c1d548cb64f8c21a7605bcc09,200.0,6,8047664,461708984320,0,0,461708984320,,linux,x86_64
ant34106cb647d99d231165af5f8e5d9,100.0,4,3990732,263925740339,0,256087425024,7838315315,,linux,
ant29cfa32b592cb38a2a335b0c2eb4a,66.26,4,2055168,119668526284,0,0,119668526284,,android,armeabi-v7a
ant2de54e277eff935e392af3218df62,226.05,4,2045948,25458418647,0,0,25458418647,,android,armeabi-v7a
ant2ab392a3aaf423e0e8645c8f927ec,89.71,4,4003384,121440200294,0,0,121440200294,,android,armeabi-v7a
ant2d40ef12d973033b494ed74a3fb5b,155.67,4,4063504,4724464025,0,0,4724464025,,android,armeabi-v7a
ant20c87f8f551f6370f996634474cf2,36.86,5,2971064,54009213747,0,0,54009213747,,android,armeabi-v7a
ant2532302b9bf3839e2ad968ac86b11,84.9,4,3027544,143505594776,123963493580,0,19542101196,,android,armeabi-v7a
ant2fe07bd78b8ad35a5919857bf58ad,10.03,4,2054232,3758096384,0,0,3758096384,,android,armeabi-v7a
ant297004fb1e9cf363cb1d4bde226b5,94.09,4,2055160,237833814016,0,119185342464,118648471552,,android,armeabi-v7a
ant2fcf866b3686b38818db60c6a1817,55.73,4,2045896,27144193309,257698037,0,26886495272,,android,armeabi-v7a
ant2ca8e2f3fb79a36cfaaee4f39fb7b,70.27,5,2971064,0,0,0,0,,android,armeabi-v7a
ant7eaaff1213f7a43eca2402cc32e8b,104.85,4,4002784,125090922496,0,0,125090922496,,linux,aarch64
ant21c55e3dd75aa3c259d3135a223e2,67.64,4,0,1932735283,0,0,1932735283,,android,armeabi-v7a
ant20b0250ffa2433347bf051ba3e6d5,81.11,4,1048576,5100273664,0,0,5100273664,,android,armeabi-v7a
ant2c10ad02079b2334095e9c73b90ef,60.75,4,4063504,4885525299,0,0,4885525299,,android,armeabi-v7a
ant2972df163809e396896eac455dbfc,78.43,4,1963248,4939212390,0,0,4939212390,,android,armeabi-v7a
ant23b38882a2bd938a7abbca4e0cdb0,64.32,4,1048576,5175435591,0,0,5175435591,,android,armeabi-v7a
ant258c3d15440c3314aa78ea4569b91,98.97,4,2055356,3178275799,0,0,3178275799,,android,armeabi-v7a
ant2aa08de87a9db390a9b43f6fc0d10,73.37,4,2052184,27605902295,0,0,27605902295,,android,armeabi-v7a
ant2a58563ada32e3b718623e81abeac,97.48,4,2055160,26886495272,0,0,26886495272,,android,armeabi-v7a
ant76ccbd3baf2d74d84efd91d6132a5,255.99,8,16373088,137438953472,0,0,137438953472,,linux,x86_64
ant2e12f2b83de0f3cf1be5cb5ad9ec6,345.96,4,8388608,5637144576,0,0,5637144576,,android,armeabi-v7a
e2368722c98d9842a73d9f427ef6d54c,720.0,36,32432372,2219209601842,0,1979120929996,240088671846,,linux,x86_64
ant2d1df6a6de2933c37b250134369fe,85.9,4,2776980,26349624360,0,0,26349624360,,android,armeabi-v7a
ant213db877ccbe538359a19690ae12c,86.24,4,3767268,116651311759,0,0,116651311759,,android,armeabi-v7a
11a8aa45ffda137c043a973786a535b6,2475.0,56,65526388,6083499052236,0,5827411627212,256087425024,,linux,x86_64
antca7f8488e13a32347aa66c76cba8f,98.6,4,1909808,125090922496,0,0,125090922496,,linux,
ant2d903625d8661382cb13cc79c007b,83.33,4,4161688,32749125632,0,0,32749125632,,android,armeabi-v7a
ant298856d64001a3d078ae8e6cbf3ac,116.89,4,2007268,27842125496,0,0,27842125496,,android,armeabi-v7a
ant2b78aafc32fca3b4ab796fd61a2d4,66.4,4,3880728,55898999357,0,0,55898999357,,android,armeabi-v7a
ant239480dde1f783030996a934ba3da,93.04,4,2097152,11897059409,0,0,11897059409,,android,armeabi-v7a
ant28cabb21c07de38ba8aa36606e21d,84.47,4,1018096,5132485918,0,0,5132485918,,android,armeabi-v7a
ant2cb151029d5b2338f875efa4d48cb,12.47,4,2055160,118648471552,0,0,118648471552,,android,armeabi-v7a
ant27ed84f0c03e93fe388725b3abd94,73.61,4,2055164,5443871047,0,0,5443871047,,android,armeabi-v7a
ant295e19215c2e43d54b1bf3d9bfd01,62.66,4,2019608,27605902295,0,0,27605902295,,android,armeabi-v7a
ant2175f428be31f360ca00a4ddb6204,98.95,4,2038268,116758685941,0,0,116758685941,,android,armeabi-v7a
ant26489076d6638375db779846c85ee,104.05,4,1048576,5175435591,0,0,5175435591,,android,armeabi-v7a
ant2cc5fa2846216350eaddd2755840a,96.65,4,2052184,66582730505,62534723829,0,4048006676,,android,armeabi-v7a
ant55d762a71273ce3bc90802f288fa4,135.0,4,4002784,125090922496,0,0,125090922496,,linux,aarch64
ant729612c419da800b5c67256af1f7b,60.28,4,1909808,123695058124,0,0,123695058124,,linux,
ant2249367196e22300894861db06217,72.18,4,2055160,118669946388,0,0,118669946388,,android,armeabi-v7a
antc3db78e6539f6f1a19c223de489e6,392.12,32,32549968,512174850048,0,256087425024,256087425024,,linux,x86_64
ant2baaade0dd3ec3a22b166ee621550,80.88,4,2054236,3994319585,0,0,3994319585,,android,armeabi-v7a
ant25f54fda0e1233b6fa5226e6abfae,10.29,4,1048576,5411658792,0,0,5411658792,,android,armeabi-v7a
ant2f10775110c1a3f6e8aa55ae2191e,99.24,4,2055168,236384262553,0,118111600640,118272661913,,android,armeabi-v7a
ant2b88dd7575cb5340d9e10f9b111ae,434.52,4,2097152,5476083302,0,0,5476083302,,android,armeabi-v7a
ant20d243f68c26835d099e4e49ed2b7,18.97,4,2048076,118498147696,0,0,118498147696,,android,armeabi-v7a
ant297ea045bd7a336d0b5d14dbdc0ed,77.37,4,1048576,5282809774,0,0,5282809774,,android,armeabi-v7a
ant21c40cd0b1cd035fabd8dc797158c,47.22,4,3836504,51732881080,0,0,51732881080,,android,armeabi-v7a
ant2682cc173fd433cc987ce32af51ec,118.24,4,1048576,4724464025,0,0,4724464025,,android,armeabi-v7a
antb73bfe5145e372f95fc90e0c505bb,228.97,4,4002784,125090922496,0,0,125090922496,,linux,aarch64
ant9e333e22b2c109a694ba113b75412,121.33,4,4002784,125090922496,0,0,125090922496,,linux,aarch64
ant212c2302f55a93217ad9b07c23729,21.39,4,3844804,51743618498,0,0,51743618498,,android,armeabi-v7a
ant28b7239a77c2730c8947d87b06f0a,100.69,4,2053196,4080218931,0,0,4080218931,,android,armeabi-v7a
c346bae55a99c2e1a451f1e5778e9da7,4000.0,64,131405336,38853025778887,28477351159397,9895604649980,480069969510,,linux,x86_64
ant28a88093a2dd6b33fd86ef5b8807c,600.0,32,32550484,1088237338623,0,960247313203,127990025420,,linux,x86_64
ant2b1b7668c244d39f28b7b2518fe3a,368.73,4,8388608,5637144576,0,0,5637144576,,android,armeabi-v7a
ant28a6bc539547a3be1bae98c6e0e0d,78.11,4,1484060,26188563087,0,0,26188563087,,android,armeabi-v7a
ant7b005c134d59bd5df39cf20481341,204.62,4,8126804,274877906944,0,0,274877906944,,linux,x86_64
ant2c30f906501eb354d9d86448970a0,54.26,4,2089984,4037269258,0,0,4037269258,,android,armeabi-v7a
16e9966bea4cbb1545c58406086ae05f,3000.0,64,131307204,42921218801658,32545544182168,9895604649980,480069969510,,linux,x86_64
ant285da2a752fa2301683bfd1211d21,378.3,4,8388608,5637144576,0,0,5637144576,,android,armeabi-v7a
antb021412653864cac6a9a1f48173eb,50.88,12,16122924,343597383680,0,0,343597383680,,linux,x86_64
ant2af9d6accf8713110b87aa16f2099,9.4,4,2055168,236384262553,0,118111600640,118272661913,,android,armeabi-v7a
ant29fdc776351f937a08c20b0da9fde,71.15,4,2045952,10329396346,0,0,10329396346,,android,armeabi-v7a
ant206d322997b583c1ca533ce5ecac4,100.72,4,2020652,57477399838,0,0,57477399838,,android,armeabi-v7a
ant2cb89d7620a4c3f50b10a26171237,80.93,4,1484060,26188563087,0,0,26188563087,,android,armeabi-v7a
ant2e6974e853af1351f9f517df137fa,100.03,4,1048576,3822520893,0,0,3822520893,,android,armeabi-v7a
ant2e349e3d8f6413da6834844740ca5,14.66,4,2093056,3038689361,0,0,3038689361,,android,armeabi-v7a
ant23f55af7ce6f33816bf2fd27fa8f5,42.91,4,8388608,5476083302,0,0,5476083302,,android,armeabi-v7a
ant22e8530846dcd3db395f2c49cdf22,539.47,4,8388608,5637144576,0,0,5637144576,,android,armeabi-v7a
ant20c4862d3f07b334587245baee4f8,114.0,4,2054260,15569256448,0,0,15569256448,,android,armeabi-v7a
ant885809c3fab9c1cb5f3afca0996d3,77.87,4,1909808,135828340735,127990025420,0,7838315315,,linux,
ant29d92371ae6593a128e35eb624453,32.15,4,1015940,5637144576,0,0,5637144576,,android,armeabi-v7a
ant20452ad525c5b36a1841346da0838,209.96,4,8388608,5637144576,0,0,5637144576,,android,armeabi-v7a
080f9cfcd6298dca6632f4952a8b4401,3600.0,64,130012096,55125797869971,44750123250481,9895604649980,480069969510,,linux,x86_64
ant2a757795a0e7a32b3bd08691b95e0,43.51,4,1373924,22634477649,0,0,22634477649,,android,armeabi-v7a
ant2f0aad4e07a2e30278e1132098c8e,135.14,4,1048576,5637144576,0,0,5637144576,,android,armeabi-v7a
ant1fce636b52a848d68e314f32f55ef,66.0,4,3888528,171798691840,0,0,171798691840,,linux,x86_64
ant245ffe564e824356da8287ae6a506,86.91,4,1048576,5637144576,0,0,5637144576,,android,armeabi-v7a
antfa30c167361c89eeecb4bf8eff97f,50.73,4,1844284,125090922496,0,0,125090922496,,linux,aarch64
2bd7fe1d01c4a4f2147d7d6157e072cd,8000.0,112,131085740,20821035083365,0,20340965113855,480069969510,,linux,x86_64
ant290c7bf26cc6b3de3ba1402291b1c,14.9,4,2053200,4080218931,0,0,4080218931,,android,armeabi-v7a
e14bec1b0005bdb44531039ef0ef6b3d,500.0,24,16286736,1249405986406,0,1009317314560,240088671846,,linux,x86_64
ant2ba2d9ef219a53f21bfd2fb4efdf9,72.84,4,2055160,118648471552,0,0,118648471552,,android,armeabi-v7a
ant2c4998deec737337d99eaf6cb7b21,170.26,4,1005196,2673617141,515396075,0,2158221066,,android,armeabi-v7a
ant21dec425eed9735f4bb41c916a1a6,62.31,4,2054236,3983582167,0,0,3983582167,,android,armeabi-v7a
ant2d9c1a4b8d51136ccaf2ba65a8de3,87.83,4,2019608,58057220423,0,0,58057220423,,android,armeabi-v7a
3c7101ba8c36069e6f32f86f2aa23bb3,1650.0,36,48898268,4434231610572,0,4178144185548,256087425024,,linux,x86_64
ant28396179fbc9a3c3a8f99c998ccc9,13.15,4,2019608,58057220423,0,0,58057220423,,android,armeabi-v7a
anta01b66776dfd355d467fba9b7a41a,130.0,4,1975768,322122547200,0,257698037760,64424509440,,linux,x86_64
ant26867ee5bac9a319489e49a554549,167.56,4,3859756,54277649203,0,0,54277649203,,android,armeabi-v7a
ant2cd35f42a003d3365b2c0180dacd0,143.23,4,7958656,28003186769,0,0,28003186769,,android,armeabi-v7a
ant232643550a8c43a578cd7c9d5e9f5,81.91,4,2058024,58014270750,0,0,58014270750,,android,armeabi-v7a
ant2e3ad1d3818f235f590a71ab60d0a,9.89,4,969060,4724464025,0,0,4724464025,,android,armeabi-v7a
ant9cc23c6676ae3688773aa03e86b0e,13.0,8,16119264,375809638400,0,322122547200,53687091200,,linux,x86_64
ant29d8df1fa1eb136519eb944161c18,73.16,4,1048576,300647710,0,0,300647710,,android,armeabi-v7a
9894424229903d53beccdaab77999178,650.0,16,32922808,4395469530726,0,4288095348326,107374182400,,linux,x86_64
ant2fac9b40fc49f3241a8b3287a5cd1,61.33,4,3616764,58712202936,0,0,58712202936,,android,armeabi-v7a
antd93600a0234907e33535997878f61,925.96,4,8131832,107374182400,0,0,107374182400,,linux,x86_64
ant2a0b5c8089134352894ce2bf1924b,58.6,4,4003212,115502408007,0,0,115502408007,,android,armeabi-v7a
antb3cd86efc6863db53c2b2cc66fc6c,110.38,2,4008892,85899345920,0,0,85899345920,,linux,x86_64
ant2bfc4476f99bf3e8ba87b15790019,33.54,4,1048576,5411658792,0,0,5411658792,,android,armeabi-v7a
ant2796ecb60e53c3fd0982106ce6be3,28.22,4,2089984,11897059409,0,0,11897059409,,android,armeabi-v7a
ant28defc9c1f2273d03aa1d0fac2696,97.62,4,2055168,59442347376,1052266987,0,58390080389,,android,armeabi-v7a
antb25e4918d85435f76dcd53d865985,198.27,4,4027168,0,0,0,0,,linux,aarch64
ante51c26bee4127ad8ee81e202d2c3f,124.21,4,1909808,125090922496,0,0,125090922496,,linux,aarch64
ant2f8dab254117232449e7c6d65e48e,246.88,4,16777216,5637144576,0,0,5637144576,,android,armeabi-v7a
ant2bbc461f3c9243fcaa8a61673c274,106.78,4,1009628,3983582167,0,0,3983582167,,android,armeabi-v7a
ant284868a5e26073983b875d2f5a7b0,75.02,4,1373924,22698902159,0,0,22698902159,,android,armeabi-v7a
ant25908979ad5a132b08e4de22bf63a,82.96,4,1048576,4928474972,0,0,4928474972,,android,armeabi-v7a
ant20606926ea119373bb846dd667e29,94.7,4,4003316,121418725457,0,0,121418725457,,android,armeabi-v7a
ant29b33cdd13352328a916fa53ab018,146.4,4,4003376,121440200294,0,0,121440200294,,android,armeabi-v7a
ant2be64a2f6be2039ff93c3cb0e8073,72.15,4,2055024,118648471552,0,0,118648471552,,android,armeabi-v7a
ant2b7d1fc04cb9636b2bcde94137e38,18.4,4,4003316,121418725457,0,0,121418725457,,android,armeabi-v7a
ant24343bfc0de783268af29795adc36,151.68,4,4003316,121418725457,0,0,121418725457,,android,armeabi-v7a
ante7e55852f0bdbba981aed31fee3fc,98.03,4,1844284,62599148339,0,0,62599148339,,linux,aarch64
ant2eb64c5caf0ea37d9a2ac1a87f9d4,82.44,3,507184,10823317584,5411658792,0,5411658792,,android,armeabi-v7a
ant291dcc71caad435b29b1ed3c3b00d,437.49,4,1048576,5637144576,0,0,5637144576,,android,armeabi-v7a
ant22123d72f75bf362b89186fd14fda,22.93,4,8388608,5637144576,0,0,5637144576,,android,armeabi-v7a
ant287a3884295fa3929a9a7c6fbc50e,50.72,4,2058020,27358941675,0,0,27358941675,,android,armeabi-v7a
ant2f1d79bf5324236c2bb5ab3939545,39.62,8,1876120,12262131630,0,0,12262131630,,android,armeabi-v7a
7ebe62584226a00cb9dec680b77fe477,2000.0,24,16120848,1924145348608,0,1649267441664,274877906944,,linux,
ant2c8df9a8dbc533e6eab0826edd73b,99.06,4,2055160,237833814016,0,119185342464,118648471552,,android,armeabi-v7a
ant2168d5f60103a3641b3cf0122c888,448.24,4,8388608,5476083302,0,0,5476083302,,android,armeabi-v7a
ant2ce2013fc96af3afea5ff4e806ff8,54.08,4,4063504,4724464025,0,0,4724464025,,android,armeabi-v7a
ant1879ab60aab95e742a75b0c75d0a9,1000.0,4,8130244,193273528320,0,107374182400,85899345920,,linux,x86_64
ant70ea569c813702087c110ca1b7867,93.26,2,4008892,85899345920,0,0,85899345920,,linux,x86_64
ant2ad4dfb743f85360d87155592ff8b,100.56,4,3926756,116823110451,0,0,116823110451,,android,armeabi-v7a
ant2291d89d503ed3e60ba6eafda708d,390.01,4,1015940,5637144576,0,0,5637144576,,android,armeabi-v7a
ant23e7cb7521d0336aaaaf88ceab317,78.34,4,2055196,119324928901,0,0,119324928901,,android,armeabi-v7a
ant27490a5b3cdfc31269fd94a262d3b,40.65,4,3832724,113719996579,0,0,113719996579,,android,armeabi-v7a
ant2cf4cb386fd77301f94f5f2c97273,94.24,4,4003376,121440200294,0,0,121440200294,,android,armeabi-v7a
ant2aa48e88aecf53cb9b41ce3f9eadd,11.59,4,1048576,5637144576,0,0,5637144576,,android,armeabi-v7a
ant2a502168456083ea3b6940b165839,92.05,2,2097152,4853313044,0,0,4853313044,,android,armeabi-v7a
ant2b59247d2938e3e75867f271fe2b8,98.06,4,2019608,57380763074,0,0,57380763074,,android,armeabi-v7a
974e2d115185e1a81cd91b9007bb02a9,1000.0,36,24185552,2219209601842,0,1979120929996,240088671846,,linux,x86_64
ant20b7cd194d2e83355b2d701a443e2,66.67,4,2053224,4423816314,0,0,4423816314,,android,armeabi-v7a
ant26591e89a75d03730920bfb65f39e,76.91,4,2054236,118992068935,0,0,118992068935,,android,armeabi-v7a
antbd66777519fe9d62d8b09bf6ce5fb,96.92,4,4002784,125090922496,0,0,125090922496,,linux,
ant2d3a452cb1e763d37bc5aa66272a0,71.17,4,1479784,10984378859,0,0,10984378859,,android,armeabi-v7a
e1f96b640f207278e3ce33a0a5256220,1980.0,48,32570916,1280329750937,0,1024242325913,256087425024,,linux,x86_64
5172d2239fa75c11850801cc405719af,4500.0,48,65652132,6303401377791,0,6047313952767,256087425024,,linux,x86_64
ant25b5e15f0c32332589fdce5a05f53,99.54,4,2020648,4080218931,0,0,4080218931,,android,armeabi-v7a
ant2d1997d18f2033d5f95e8f78889d1,22.68,4,2020648,3994319585,0,0,3994319585,,android,armeabi-v7a
ant2da766b5f427b391d89169185b41f,73.06,4,2019608,58057220423,0,0,58057220423,,android,armeabi-v7a
ant28dea830c72933ca58ef10c8c0eaf,6.17,4,4020736,115244709969,61503931678,0,53740778291,,android,armeabi-v7a
ant282c264df1fb23b93bf3848a97cd7,104.63,4,1015940,5637144576,0,0,5637144576,,android,armeabi-v7a
ant27d3dbb21658a3ac7bca0ea4a8aa4,98.79,4,2055156,118111600640,0,0,118111600640,,android,
ant29a27a3626fb83bad8f66f60ecd94,91.45,4,2089984,2877628088,0,0,2877628088,,android,armeabi-v7a
ant2e436138aa3c43ac49c6739a83686,18.53,4,4003376,121440200294,0,0,121440200294,,android,armeabi-v7a
ant2c126c1f898f03f8b9c0fd3ebdc9a,146.41,4,2019608,4219805368,0,0,4219805368,,android,armeabi-v7a
ant2923d5ff9d5df333cbef1f2e8ed03,72.46,4,2055160,118648471552,0,0,118648471552,,android,armeabi-v7a
ant447e1529662bcf0f7452c42801657,122.06,8,3887676,2099809511014,2089072092774,0,10737418240,,linux,
ant2cc218413131134bba3a0290149d6,70.25,4,2020648,3983582167,0,0,3983582167,,android,armeabi-v7a
ant6ef22f9ae0fd1a9301cddca0c7ca3,122.05,2,4004052,85899345920,0,0,85899345920,,linux,x86_64
ant207e6280a88ce3c658a6001b18be4,401.33,4,1048576,5476083302,0,0,5476083302,,android,armeabi-v7a
ant2296d0fa386c23b74a882718c1697,105.54,4,2053208,3156800962,0,0,3156800962,,android,armeabi-v7a
ant270010d2379ba3786bd94b01e541b,139.4,4,1048576,5637144576,0,0,5637144576,,android,armeabi-v7a
antae6a2841df6b370df60205c846834,200.54,4,4002784,125090922496,0,0,125090922496,,linux,aarch64
ant2ff16fa5c306434d78a559dd15b76,3.76,4,2058820,10930691768,0,0,10930691768,,android,armeabi-v7a
ant29b6c2581459c371097e7a07cb0a4,56.68,4,4003384,121440200294,0,0,121440200294,,android,armeabi-v7a
ant205bdca63c6dc3806bfd1405fe33d,65.01,4,2868504,53418655744,0,0,53418655744,,android,armeabi-v7a
ant2361382a49acc3dcd9e6d127394af,70.76,4,1015924,1803886264,0,0,1803886264,,android,armeabi-v7a
ant28c57d083a9c03f65a1a6a1946999,69.33,4,4003212,55168854917,0,0,55168854917,,android,armeabi-v7a
ant228b12f92a3a13cd6b410dddc8143,51.63,4,2962768,27380416512,0,0,27380416512,,android,armeabi-v7a
ant2c18df455713a32649a627359c8b7,459.47,4,1048576,5637144576,0,0,5637144576,,android,armeabi-v7a
ant2335e743dcd893ff1a11049c6d350,112.91,5,2971064,54009213747,0,0,54009213747,,android,armeabi-v7a
ant2cab5375f273139389411997fe949,68.21,4,2020648,11735998136,0,0,11735998136,,android,armeabi-v7a
ant264f2abb2203039d38ff47a572cad,20.0,4,2093056,3156800962,0,0,3156800962,,android,armeabi-v7a
ant29ead7224ea3330f5a6c1c4a05b06,84.47,4,3928064,10909216931,0,0,10909216931,,android,armeabi-v7a
antbf2f51a1b8d77d621139de024b07d,219.99,4,4002784,125090922496,0,0,125090922496,,linux,aarch64
ant25b04a1031e5d392bbfc2d4d13b24,169.2,4,1048576,5411658792,0,0,5411658792,,android,armeabi-v7a
a2cfcee3266866d253b76d2ae27bf3f7,550.0,16,32922808,2413771620352,0,2199023255552,214748364800,,linux,x86_64
ant27fa614ec763739d0bdee7d1ae05d,17.84,4,2020648,3983582167,0,0,3983582167,,android,armeabi-v7a
ant2625f64d29e333f68868bea4c6868,46.91,4,1048576,5411658792,0,0,5411658792,,android,armeabi-v7a
eb97af31a8dd6e29ca7e80fae2df0fdc,1000.0,24,32790048,2601246942822,0,2089072092774,512174850048,,linux,x86_64
ant2a0bd0da3e20e3e8ea0ddb438c8bd,100.46,4,1048576,3661459619,0,0,3661459619,,android,armeabi-v7a
ant2ad1a6fb49bee3524a56ec198e26f,59.0,4,4003316,121418725457,0,0,121418725457,,android,armeabi-v7a
ant270726392cb9c3f87ae3da6385fc1,7.72,4,1048576,5282809774,0,0,5282809774,,android,armeabi-v7a
ant20ea7430bfa2c341bafdd00b2e1b3,109.13,5,1941948,23847805911,0,0,23847805911,,android,armeabi-v7a
19e552d9655cf82bfef5424ecfce529c,500.0,16,32922808,2413771620352,0,2199023255552,214748364800,,linux,x86_64
ant254b979147cb4306f8516ccaf8a03,99.36,4,4003316,121440200294,0,0,121440200294,,android,armeabi-v7a
antef3774eb5493f9d23aa8c28ec38e2,96.71,4,4002784,125090922496,0,0,125090922496,,linux,
anta1777cce411f807d6940f62472f28,104.07,4,1909808,7838315315,0,0,7838315315,,linux,
ant2ca0be0d5b4df348288db08239d38,21.04,8,5833240,118959856680,0,0,118959856680,,android,
ant275bb186afd36337a859924e3e216,29.06,4,1016100,5937792286,515396075,0,5422396211,,android,armeabi-v7a
ant230a7918096963eb8aa8728a0c0ea,133.81,4,4063504,4724464025,0,0,4724464025,,android,armeabi-v7a
a4b2396dcf72935728a821259e856a24,3600.0,64,65602808,36873904848891,28477351159397,7916483719984,480069969510,,linux,x86_64
ant2051b590597103f25922ca703d540,85.89,5,2971064,54009213747,0,0,54009213747,,android,armeabi-v7a
ant247017ce33fe132ec9c9c1ef7ba1b,85.35,4,2054260,12884901888,0,0,12884901888,,android,armeabi-v7a
cd0ee284ba1eade7d9ec6bc318be267b,1000.0,32,32515780,4214329285016,0,3958241859992,256087425024,,linux,x86_64
ant23e5eeeffda7c3c45a0426aa7d04b,103.18,4,2019608,27605902295,0,0,27605902295,,android,armeabi-v7a
ant2442a32f28eda37d281299eaf1098,16.03,4,4003316,121440200294,0,0,121440200294,,android,armeabi-v7a
ant2139adcd70fb0300b840a91aec8ce,94.12,4,2055024,118669946388,0,0,118669946388,,android,armeabi-v7a
ant238f88730a2a83a83a3cef444a43f,317.53,4,1048576,5100273664,0,0,5100273664,,android,armeabi-v7a
ant2983cae9cec2036518b0ca80a044e,77.49,5,1942140,23847805911,0,0,23847805911,,android,armeabi-v7a
ant7bc06258b72a89d8e57a02812fab2,657.03,20,25435756,356482285568,0,322122547200,34359738368,,linux,x86_64
ant220ec79d7b2133906824343c4baa3,74.03,4,2020648,57713623040,0,0,57713623040,,android,armeabi-v7a
ant12de763d465e936f9ba2bc359231c,200.0,4,7835644,256087425024,0,0,256087425024,,linux,x86_64
c107565542044eb119f3a13b6653929d,220.0,4,8140840,536870912000,0,429496729600,107374182400,,linux,x86_64
ant73a9d1d0ea1389002cf4817327de5,237.49,4,4002784,125198296678,0,0,125198296678,,linux,
ant2c6d761b98fa237e6b08bf8989fd7,101.83,5,2976616,57928371404,0,0,57928371404,,android,armeabi-v7a
ant2d87271bf0979366ea1863ba48f80,13.35,4,2019608,58057220423,0,0,58057220423,,android,armeabi-v7a
ant27e813249750c380ea74ca6584dfe,82.9,4,1048576,4928474972,0,0,4928474972,,android,armeabi-v7a
ant26d9ebaf8466a34a6a7e45c57d7e6,67.58,4,2055200,117757265838,0,0,117757265838,,android,armeabi-v7a
ant2e1316dd96b683564a51dd74101a4,147.13,4,4003316,121418725457,0,0,121418725457,,android,armeabi-v7a
ant2bce32ffcf070387f98518a7b6f5d,69.83,4,16777216,6227702579,0,0,6227702579,,android,armeabi-v7a
ant297b432273b1939b0975e1c68dd9e,8.95,4,2045948,25802016030,0,0,25802016030,,android,armeabi-v7a
057eb6f0fedd38e319e9b2fe28f5f10a,5000.0,48,65628936,8876731033187,0,7916483719984,960247313203,,linux,x86_64
ant2691d9593ba533e09954c11475683,94.19,4,2776980,56682830888,0,0,56682830888,,android,armeabi-v7a
ant210ed3728edae371ba714f70832cb,101.9,4,2093056,3156800962,0,0,3156800962,,android,armeabi-v7a
antdc63e2465400c34701aff4e6eb1ea,209.48,4,5946748,322122547200,0,0,322122547200,,linux,x86_64
ant25e9f40dba5b132a4b34c6450308b,95.49,4,2052184,27605902295,0,0,27605902295,,android,armeabi-v7a
ant278d60c358f903810914175c8be9b,18.87,4,2054252,4166118277,0,0,4166118277,,android,armeabi-v7a
ant22bd9f3a5c309340b8acbf10da403,81.57,4,1313616,4563402751,998579896,0,3564822855,,android,armeabi-v7a
ant2e5341b0f3ca13db48436665019cf,99.1,4,2055160,117327769108,0,0,117327769108,,android,armeabi-v7a
ant23b7750814f623b8f92ed0a0496db,249.78,4,1015940,5637144576,0,0,5637144576,,android,armeabi-v7a
ant33b00bc1c576e04bdcd9f003723f4,1000.0,16,16146944,869730877440,0,858993459200,10737418240,,linux,x86_64
ant262a2d895e9bd3ced93373e6f5972,46.4,4,2055156,118133075476,0,0,118133075476,,android,armeabi-v7a
ant2595e67235f5c3c54a90d815faf94,276.4,4,2055356,33951716474,30773440675,0,3178275799,,android,armeabi-v7a
ant261f5dca8ecb63fe299646aa6944d,61.89,4,3826080,57337813401,0,0,57337813401,,android,armeabi-v7a
ant25f162394bcd73d01ad5367c0942b,62.46,4,4003380,120098023014,0,0,120098023014,,android,armeabi-v7a
ant26f335b97f9fc36f3bc3e9588659e,4.91,4,2097152,4810363371,0,0,4810363371,,android,armeabi-v7a
ant25e6dadd2d2533245a85ad7a01f6c,306.27,4,1048576,5100273664,0,0,5100273664,,android,armeabi-v7a
04f616222706be5f72509c8e39f47854,3500.0,36,28741320,2193869294796,0,1979120929996,214748364800,,linux,x86_64
ant29f209fec3224303381f376715934,8.59,4,2055148,56253334159,0,0,56253334159,,android,armeabi-v7a
ant2e1bca12c50ef3758b206579d282d,278.49,4,1016016,6249177415,0,0,6249177415,,android,armeabi-v7a
ant2e1627df1b0f939e0aa31d2181f64,120.59,4,1048576,5637144576,0,0,5637144576,,android,armeabi-v7a
ant2678c9a2d2661398c901881865d7c,153.9,4,1373928,34359738368,0,0,34359738368,,android,armeabi-v7a
ant20405f057a4df306c93bb3df6a2ca,101.15,4,2019608,27605902295,0,0,27605902295,,android,armeabi-v7a
antd9b80ebcda24da24e17b4e37dba00,441.76,4,7835644,500148941619,0,0,500148941619,,linux,x86_64
ant2d4dc167919633aa3b2d8e5a83842,13.68,4,8388608,4885525299,0,0,4885525299,,android,armeabi-v7a
ant2df352a095c5c318488de22227cd5,169.92,4,1015940,5637144576,0,0,5637144576,,android,armeabi-v7a
ant20a3c5bbf4efb387eb244a8bcb1fa,88.4,4,1963080,4821100789,0,0,4821100789,,android,armeabi-v7a
ant24061ef18d0223cf899b3f5838993,63.99,4,3848932,51743618498,0,0,51743618498,,android,armeabi-v7a
ant2b51d018afabf34ed8ceb9976ea86,5.19,4,1048576,5282809774,0,0,5282809774,,android,armeabi-v7a
ant9fff873008640f2aaf79685a22287,91.77,4,1844284,7730941132,0,0,7730941132,,linux,aarch64
ant20271e2f3573337e899df483cfde9,49.05,4,8388608,5637144576,0,0,5637144576,,android,armeabi-v7a
ant2c4d9d1482bea30faa74a8c8ca59c,63.23,4,4003316,58540404243,2050846883,0,56489557360,,android,armeabi-v7a
ant2b7f4598945a73a279a32ec1203f5,75.32,4,3004752,88905823026,30751965839,0,58153857187,,android,armeabi-v7a
d1a02d7fc0cdc627b17627572310b5cc,10000.0,64,131142180,44990211922327,24409158136626,20340965113855,240088671846,,linux,x86_64
ant22d1d889063453fb1905768b3852f,98.81,4,2020648,3994319585,0,0,3994319585,,android,armeabi-v7a
ant2fc9ae2f4117039febc5a7fd358ed,61.63,4,1048576,5057323991,0,0,5057323991,,android,armeabi-v7a
ant2066f98c6cb003c0dbdc1752ea57d,252.29,4,3832724,53418655744,0,0,53418655744,,android,armeabi-v7a
ant25ac5b12aae6332ca91181bdb891f,140.75,2,737772,3972844748,1986422374,0,1986422374,,android,armeabi-v7a
ant2fa3f9e6fd68037f0a645c0c92d16,72.94,4,1015960,6249177415,0,0,6249177415,,android,armeabi-v7a
ant2d281b5989f3c34998a1ab32ad62a,335.99,4,8388608,5637144576,0,0,5637144576,,android,armeabi-v7a
ant20731896734da33cca0c337c15597,95.08,4,1009632,3843995729,0,0,3843995729,,android,armeabi-v7a
ant2095987a9a4d238099b9a2f4f8c5c,68.91,4,4003380,121440200294,0,0,121440200294,,android,armeabi-v7a
ant203ece475b1ef3b9c9a74d2deea04,576.26,4,1048576,4531190497,0,0,4531190497,,android,armeabi-v7a
ant2d96cee493b3036a78730ac415356,76.33,5,3933552,54009213747,0,0,54009213747,,android,armeabi-v7a
ant2d2fbf044c50b319b9927af0dd7a0,26.7,4,1938768,27391153930,0,0,27391153930,,android,armeabi-v7a
ant2a79ed0831b3e352ab2e7dbbe4991,54.41,4,2055156,3736621547,0,0,3736621547,,android,armeabi-v7a
ant2b34d9eb8f4203a20992839bd401f,76.88,4,2045948,25458418647,0,0,25458418647,,android,armeabi-v7a
ant2a8fa53e3629b3898a904c8e9e5d9,99.96,4,2027232,3758096384,0,0,3758096384,,android,armeabi-v7a
ant2de40f8200e9a3b468d629e6ea754,152.9,4,1938768,12122545192,0,0,12122545192,,android,armeabi-v7a
ant2107e714756733e2e98d92acd6bcf,18.75,4,2054260,15569256448,0,0,15569256448,,android,armeabi-v7a
ant20a639e529c553fe486929c317a81,455.13,4,1048576,5637144576,0,0,5637144576,,android,armeabi-v7a
1de480a2639808acdfca21b8fb274896,5000.0,64,63943208,36887004499143,28477351159397,7929583370236,480069969510,,linux,x86_64
ant2f86939b4cd0d3809b9981b146cbb,87.7,5,2971064,54009213747,0,0,54009213747,,android,armeabi-v7a
ant2bb1cd93bc4203e9185d0ac0508f9,330.65,4,2868504,53418655744,0,0,53418655744,,android,armeabi-v7a
ant2e6df0c73f01a3852806a09a37d72,36.94,4,2054260,15569256448,0,0,15569256448,,android,armeabi-v7a
ant273b5fa2453213f73855c10c898ad,5.35,4,1048576,5637144576,0,0,5637144576,,android,armeabi-v7a
ant24322b1dd31883334b5f52341cbeb,147.59,4,4003316,121418725457,0,0,121418725457,,android,armeabi-v7a
ant2f5e52d694ca135148cbb62b2320d,102.49,4,2052184,27605902295,0,0,27605902295,,android,armeabi-v7a
ant2bc1c0cc618133973bd6bab7e32b7,67.67,4,1005108,4713726607,0,0,4713726607,,android,armeabi-v7a
ant212a5c733f04036ae9bf890045660,248.72,4,2997592,4380866641,0,0,4380866641,,android,armeabi-v7a
ant2414f258fa7273e13993ae6f80eb9,7.19,4,1963248,4821100789,0,0,4821100789,,android,armeabi-v7a
ant2ceae7a0a353d3f0691af8a1b1853,99.65,4,2019608,58314918461,0,0,58314918461,,android,armeabi-v7a
ant25e46f31e10513d62b838c6026930,50.22,4,1048576,4960687226,0,0,4960687226,,android,armeabi-v7a
ant2e658ef9e2eeb38b28fdc158569ac,94.97,4,1048576,5100273664,0,0,5100273664,,android,armeabi-v7a
ant243573ca333c43236ab53496a8083,139.42,4,1048576,5476083302,0,0,5476083302,,android,armeabi-v7a
ant2110ee932c0f132e7b51c98020714,97.56,4,2020648,57713623040,0,0,57713623040,,android,armeabi-v7a
ant22e05f19c0d4038f5a61a4b5da6fa,99.42,4,4063504,4885525299,0,0,4885525299,,android,armeabi-v7a
ant21fa8a923ef4b3898b7e0889b4650,57.02,4,8388608,5476083302,0,0,5476083302,,android,armeabi-v7a
antf066187dd8cb3f1ea4d63394f8e52,188.08,4,3769256,120044335923,0,0,120044335923,,linux,
ant24d6413507b3a3dfcb32a4fc159ab,99.23,4,2097152,4960687226,0,0,4960687226,,android,armeabi-v7a
ant259e0e5c0570e32358afe5099141a,94.01,4,1048576,5304284610,0,0,5304284610,,android,armeabi-v7a
ant2d4594f737f4e38ca9f544ea8b8f2,39.1,4,3704656,54621246586,0,0,54621246586,,android,armeabi-v7a
ant2ec7f36f3399e3ec3905f85591967,98.27,4,2019608,58164594606,0,0,58164594606,,android,armeabi-v7a
ant2a178a7e5f0f83afeaca6baf6b5fb,30.69,4,1048576,5637144576,0,0,5637144576,,android,armeabi-v7a
ant21ddd6f88982d3b43bf7d5ae0d127,83.69,4,4003316,56489557360,0,0,56489557360,,android,armeabi-v7a
652614deaf4ab907d4f91fae8f7b2450,10000.0,96,131180176,108012307165994,88290783710404,19241453486080,480069969510,,linux,x86_64
ant87d1401c094a4d811f6faa2ef4572,756.1,2,2017528,21474836480,0,0,21474836480,,linux,x86_64
ant27b38c079332f3a229d0516ee7fa9,387.4,4,1015940,5637144576,0,0,5637144576,,android,armeabi-v7a
ant20f2b5ce545f63c7b82ccfb7f26de,86.83,4,1048576,5637144576,0,0,5637144576,,android,armeabi-v7a
ant2fc66a3e7f80232078937dc0d6d5c,199.0,4,2045944,56446607687,0,0,56446607687,,android,armeabi-v7a
ant2806ebd7500a63d539c341bcf6d77,47.43,4,1537836,4874787880,0,0,4874787880,,android,armeabi-v7a
ant29e91c5beb57f3807be76437c8ccc,430.18,4,4063504,5443871047,0,0,5443871047,,android,armeabi-v7a
2a75a33ec92a4cb008a0ffc8b7e2b036,600.0,32,16072008,1536417175961,0,1024242325913,512174850048,,linux,x86_64
ant24c0dec1f625736d5bde082b14f6e,351.54,4,8388608,5637144576,0,0,5637144576,,android,armeabi-v7a
ant2cd158830169239649fd1150b8fe9,345.37,4,1015940,5637144576,0,0,5637144576,,android,armeabi-v7a
ant2dc7e6fd6223c3e2ca822941294b7,73.31,4,2055160,3650722201,0,0,3650722201,,android,armeabi-v7a
ant27f4b575b842c3e1c88b458cbbd29,73.95,4,835468,4327179550,0,0,4327179550,,android,armeabi-v7a
ant236588176783734b0b9a5f4d23ec2,118.33,4,3932624,28153510625,0,0,28153510625,,android,armeabi-v7a
ant277f45a8bda773caba6699c469326,80.42,4,1048576,5637144576,0,0,5637144576,,android,armeabi-v7a
ant23be4795851b030c6a6ef7702a56e,212.7,4,2045948,25458418647,0,0,25458418647,,android,armeabi-v7a
ant236837e1e4eb53b46a55ef4e9aeca,432.64,4,1048576,5637144576,0,0,5637144576,,android,armeabi-v7a
ant267e580cb96fe31b286ea99c68161,78.14,4,1048576,5175435591,0,0,5175435591,,android,armeabi-v7a
ant2d19a63f84cbc3deea9c752b20560,20.51,4,1809356,5272072355,0,0,5272072355,,android,armeabi-v7a
ant5c014e46306cafe998c0d5622822b,0.61,4,8126804,274877906944,0,0,274877906944,,linux,x86_64
ant21c7642a697903f178c5a68cddafb,512.7,4,8388608,5476083302,0,0,5476083302,,android,armeabi-v7a
ant224dd00ba9468320094d35e248a1c,5.86,4,1048576,4810363371,0,0,4810363371,,android,armeabi-v7a
ant25a6ba47c1d123ec2b3c94101683c,102.0,4,1557912,26371099197,0,0,26371099197,,android,armeabi-v7a
ant2ccec713e0ef336e3b8697428d606,89.8,4,3704516,54621246586,0,0,54621246586,,android,armeabi-v7a
ant22adc9de7e87a3302b9af8aae12b3,15.7,4,1048576,5637144576,0,0,5637144576,,android,armeabi-v7a
ant2380bcc2957453f57aa331930b99d,25.98,4,2020652,11510512353,0,0,11510512353,,android,armeabi-v7a
ant2dcff92118721366685e3147758d4,6.04,4,2019608,4219805368,0,0,4219805368,,android,armeabi-v7a
ant2c1ac921044e130bdb879894f8039,84.58,4,2053208,3242700308,0,0,3242700308,,android,armeabi-v7a
ant2fd5701e48adf33229ae00546b2ed,65.22,4,920008,4488240824,0,0,4488240824,,android,armeabi-v7a
ant2dabc27398b893710aca012fdf82a,81.59,4,1048576,5411658792,0,0,5411658792,,android,armeabi-v7a
ant2da67fb75f6c9329db3f1c10c5e3a,36.25,4,8388608,5476083302,0,0,5476083302,,android,armeabi-v7a
ant22a742555a1283b22952195ab4c89,294.64,4,8388608,5476083302,0,0,5476083302,,android,armeabi-v7a
ant253a854c566bb37f4a1407cdd82c0,62.45,4,1048576,5100273664,0,0,5100273664,,android,armeabi-v7a
ant25059c8f656633563b07988ee2ddf,69.97,4,3704660,54621246586,0,0,54621246586,,android,armeabi-v7a
ant2da847d0b48643ed6b9a575da6f05,569.08,4,1048576,5637144576,0,0,5637144576,,android,armeabi-v7a
ant20ef7c8c62ea335ec9bd7d505f83d,91.42,4,4063504,4885525299,0,0,4885525299,,android,armeabi-v7a
ant263803c7239cb3f3f9cee2120d2a6,10.77,4,8388608,5637144576,0,0,5637144576,,android,armeabi-v7a
ant276872b597c0131769d8114602c08,109.7,4,1048576,5411658792,0,0,5411658792,,android,armeabi-v7a
ant2ae7153b73a6e31d5ae96c9a66629,41.86,4,4063504,4885525299,0,0,4885525299,,android,armeabi-v7a
ant2846c9610615c36bb963fe8d447b6,101.44,4,1015892,4939212390,0,0,4939212390,,android,armeabi-v7a
ant214e2589f1eb33594914eb405c5ec,17.01,4,1015940,5637144576,0,0,5637144576,,android,armeabi-v7a
ant29837ef9f716330feb13c55a289ca,193.97,4,2054260,15569256448,0,0,15569256448,,android,armeabi-v7a
ant2a9bb203dd46d35129b4df1ac1960,92.95,4,1017068,4842575626,0,0,4842575626,,android,armeabi-v7a
ant2ea6a86a44f2b3fd2ab6d0395d796,8.86,4,1048576,5175435591,0,0,5175435591,,android,armeabi-v7a
ant2a6e5afd21722347fac9feda3caaf,74.3,4,1048576,4885525299,0,0,4885525299,,android,armeabi-v7a
anta79a9a5ca777cfc61a8d5903a0a76,349.05,4,1909808,125090922496,0,0,125090922496,,linux,
6aa2c108f4085d6f76e6066d95a62496,4000.0,56,65526804,12473444021038,0,12233355349192,240088671846,,linux,x86_64
ant2419676ad66333190880720acc7db,25.88,4,2055160,57370025656,0,0,57370025656,,android,armeabi-v7a
ant2a76fed6bba89ef788d503f67cc20,101.31,8,3887676,102005473280,91268055040,0,10737418240,,linux,
ant259d0424fbc913c50a490877f00ec,153.71,4,3687536,24255827804,0,0,24255827804,,android,armeabi-v7a
ant2a0b584d9faa633679ef79d69f911,14.48,4,1048576,5100273664,0,0,5100273664,,android,armeabi-v7a
ant278dc526f99e73df498815b01bf66,9.84,4,1048576,5057323991,0,0,5057323991,,android,armeabi-v7a
ant275ae86aa1a763dc4bfaf08b53704,359.16,4,1014304,6249177415,0,0,6249177415,,android,armeabi-v7a
ant2ecc7c2110c4d3bb785a76afef2a4,196.42,4,2019608,4423816314,0,0,4423816314,,android,armeabi-v7a
ant20e95bf3b01833e72b8a56718a29d,82.84,4,2776984,56682830888,0,0,56682830888,,android,armeabi-v7a
ant2bd60200a0d3833b48db3aa831daa,98.5,4,3836500,0,0,0,0,,android,armeabi-v7a
ant2634451c78defdf190d834106b14e,104.71,4,4002784,125090922496,0,0,125090922496,,linux,aarch64
ant2790e5bee4b0e3f04829267f9e98a,101.6,4,1015908,5100273664,0,0,5100273664,,android,armeabi-v7a
57374fcdb4137624700ddbb803b7230e,1000.0,24,65566572,2235208355020,0,1979120929996,256087425024,,linux,x86_64
ant296b983d618e3371788e8bdcfc2f2,101.85,4,1048576,3790308638,0,0,3790308638,,android,armeabi-v7a
ant27340b4c6fecc3a5bb1da46952ea0,49.86,4,2058020,27358941675,0,0,27358941675,,android,armeabi-v7a
ant2cf964f91421a3dff97713c671b75,23.37,4,1048576,5175435591,0,0,5175435591,,android,armeabi-v7a
ant20535ddad7c0d3c52a0369494da8f,27.56,4,4003380,242751551569,0,121332826112,121418725457,,android,armeabi-v7a
ant23a7db6e27fc133719b83dd6daad0,195.58,4,1048576,5100273664,0,0,5100273664,,android,armeabi-v7a
ant25620a2543e8f3775abad57bc00ae,91.6,4,2055152,10866267258,0,0,10866267258,,android,armeabi-v7a
ant2bc1b839ac1e533df908c041c8c84,108.15,4,2494788,24255827804,0,0,24255827804,,android,armeabi-v7a
ant27bd86904720c37b4b21b8d2cd554,95.64,4,1048576,5132485918,0,0,5132485918,,android,armeabi-v7a
ant20f0536666f843fc68c27d9e73ade,223.28,4,1016092,5873367776,515396075,0,5357971701,,android,armeabi-v7a
ant2f55e9bbbe87d3febbbd7004390cf,11.59,4,1313616,3822520892,257698037,0,3564822855,,android,armeabi-v7a
antfa43b7dee3f0842739de01693d563,50.0,4,1991520,125090922496,0,0,125090922496,,linux,aarch64
ant20a90c8bbfc893e839c587eff8404,2.43,4,2055160,237833814016,0,119185342464,118648471552,,android,armeabi-v7a
ant215d14f815cb8372881e1fd127d6a,57.72,4,8388608,4724464025,0,0,4724464025,,android,armeabi-v7a
ant27accab2fe39834c0b9cee245a137,94.36,4,2054224,4133906022,0,0,4133906022,,android,armeabi-v7a
ant280d8ba8892193665a28e96bf3a5c,368.68,4,8388608,5637144576,0,0,5637144576,,android,armeabi-v7a
ant2d0a7ec36de583b9f91c7e8a01315,210.94,4,1015940,5476083302,0,0,5476083302,,android,armeabi-v7a
ant2cf671fb7477437f0bed89e137b22,70.57,4,1048576,5637144576,0,0,5637144576,,android,armeabi-v7a
ant29edeb535f34d3d418c5725e11d12,80.51,4,2776980,57337813401,0,0,57337813401,,android,armeabi-v7a
ant231a6124c8be33b6e9ae937e3df80,43.93,4,3742744,47727824076,0,0,47727824076,,android,armeabi-v7a
ant2859332859bf03d038b54f5bacd7e,25.44,2,925816,6066641305,0,0,6066641305,,android,armeabi-v7a
46b6de522af858a44af41eaf814f78b5,800.0,32,65479572,2329160764620,0,2089072092774,240088671846,,linux,x86_64
ant29e37f04f11d2395289fc772215ea,143.47,4,4063504,5604932321,0,0,5604932321,,android,armeabi-v7a
ant2548af508994232659f4016d0d993,63.65,4,2052184,27605902295,0,0,27605902295,,android,armeabi-v7a
ant2234f4876d732384f875c5e46cce8,21.72,4,2093056,3242700308,0,0,3242700308,,android,armeabi-v7a
ant2f38dd9db776432a5ba3d1d402282,135.62,4,1048576,5411658792,0,0,5411658792,,android,armeabi-v7a
222d8616e74db5ad5f43ab09f86cc6b5,2700.0,32,65495644,5332524020530,0,5092435348684,240088671846,,linux,x86_64
ant26ac82a2402a632b4a95162ff4536,79.89,4,1018096,5132485918,0,0,5132485918,,android,armeabi-v7a
ant2d290391ed1e43f1fa02b5b036a30,84.61,4,4161688,32749125632,0,0,32749125632,,android,armeabi-v7a
ant419b509282c6780f3459fc8aa151c,54.57,4,1015976,6249177415,0,0,6249177415,,android,armeabi-v7a
ant2f62d14a986e633518eb8f0f711dc,85.5,4,3844876,106450764431,0,0,106450764431,,android,armeabi-v7a
ant2e8a68b41b5313f72bf12069cedae,149.2,4,2868504,53418655744,0,0,53418655744,,android,armeabi-v7a
ant23b33d7e1e15e3754a5c187c02049,26.31,4,8388608,5476083302,0,0,5476083302,,android,armeabi-v7a
ant6cb76f00a102b0c831b5525b6ef1b,100.46,4,4027168,0,0,0,0,,linux,aarch64
ant2da3b9f7b08783cb6a003466925aa,78.47,4,2019608,27605902295,0,0,27605902295,,android,armeabi-v7a
ant232995a9268c83af68ab4980c7b11,33.74,4,1492180,10791105331,0,0,10791105331,,android,armeabi-v7a
ant27a2fab9db7513e1d8d23d5f6edbd,109.15,4,2020648,3983582167,0,0,3983582167,,android,armeabi-v7a
ant2115b99443b2d38839deb0efe0cf3,86.53,4,2054152,3178275799,0,0,3178275799,,android,armeabi-v7a
ant28632dc9a716f31f6814d1d5fe1ca,157.68,4,1048576,5637144576,0,0,5637144576,,android,armeabi-v7a
18a73e3085f206ce2f94a0263f747f98,1000.0,32,65451616,4104378122240,0,3848290697216,256087425024,,linux,x86_64
ant25b52c58438a735d985365eaafeaf,94.79,4,967224,5959267123,0,0,5959267123,,android,armeabi-v7a
ant2312171d639ec3fda87e9f9e5961d,112.06,2,8115072,2834678414,1417339207,0,1417339207,,android,armeabi-v7a
548f99eb99e1612b2881e2d05cb7a386,3000.0,64,65603064,8396553689494,0,7916483719984,480069969510,,linux,x86_64
ant2b5c4de4cb1b63556ac0e097304f2,100.99,4,4003380,120098023014,0,0,120098023014,,android,armeabi-v7a
ant21af27ba326703843b740cff80424,76.24,4,1048576,5057323991,0,0,5057323991,,android,armeabi-v7a
ant282f1202c506d3986a7976f46bc07,72.24,4,2093056,3801046056,0,0,3801046056,,android,armeabi-v7a
ant2b9bb1b7aad91319e9376e5fbedfa,4.98,4,2019608,58057220423,0,0,58057220423,,android,armeabi-v7a
ant223470ad45ef0306586823e94c0c9,90.02,4,2868504,53418655744,0,0,53418655744,,android,armeabi-v7a
ant2fcd905ab96a033f7a569a22083be,41.85,4,1661616,8675833937,0,0,8675833937,,android,armeabi-v7a
ant285edd4852ae53c86a35edf2a9c7e,72.59,4,2026968,4380866641,0,0,4380866641,,android,armeabi-v7a
ant203a8711384fc36eea25c0917d64c,78.04,4,4003316,121611998986,0,0,121611998986,,android,armeabi-v7a
ant22326cea95d5436da8e6d5295cb06,9.52,4,4063504,4724464025,0,0,4724464025,,android,armeabi-v7a
ant2adc12a794f7430c48abe95045581,18.3,4,2093056,11553462026,0,0,11553462026,,android,armeabi-v7a
ant2320a3c5dca203b9cbf0447fd4d4c,100.75,4,2889824,135903502662,123877594234,0,12025908428,,android,armeabi-v7a
ant23aae4607c1dd319f93ade31456ab,86.15,4,2058012,27358941675,0,0,27358941675,,android,armeabi-v7a
ant28392e328b039337f9bd56cf01d77,105.73,4,1880992,26349624360,0,0,26349624360,,android,armeabi-v7a
ant249905b1d12953c408a1bfa8d4385,39.29,4,2053208,3178275799,0,0,3178275799,,android,armeabi-v7a
ant2fa72badbc05f344e8a575b756386,88.07,4,8388608,5637144576,0,0,5637144576,,android,armeabi-v7a
ant26768e5e29de238ca9c4cbb0ace43,69.14,4,4003316,121418725457,0,0,121418725457,,android,armeabi-v7a
ant2e5ebe90a00893d2aa24df4933942,87.29,4,3832724,53418655744,0,0,53418655744,,android,armeabi-v7a
ant248f9cb75801036af9f43e300bec1,67.55,4,4003376,121440200294,0,0,121440200294,,android,armeabi-v7a
ant20d525b8302333128913b1863fb41,10.35,4,1048576,26993869455,493921239,0,26499948216,,android,armeabi-v7a
ant2ff80c5850b253b358d540dd68924,9.85,4,8388608,5637144576,0,0,5637144576,,android,armeabi-v7a
ant22ad212510ac036b2af55f8ada411,63.44,4,2997592,4380866641,0,0,4380866641,,android,armeabi-v7a
ant2fc0d4f67317b3ed297c0cfbc9a0b,256.08,4,8388608,5637144576,0,0,5637144576,,android,armeabi-v7a
ant2f6c48472a7e43d16a231c2b05c72,25.47,4,1015940,5476083302,0,0,5476083302,,android,armeabi-v7a
ant29e5c7eefa8843075a51e4f53a9ed,53.71,4,2058012,27358941675,0,0,27358941675,,android,armeabi-v7a
ant2df9d0470d20736e9ab2d14ac6a4d,75.31,4,2058012,27358941675,0,0,27358941675,,android,armeabi-v7a
ant2d2c87d967bac305b8dcd426bc0d3,179.08,4,8388608,5637144576,0,0,5637144576,,android,armeabi-v7a
ant62924189337c9ef7eb00d70c723bb,391.89,4,1909808,123695058124,0,0,123695058124,,linux,aarch64
anta3ec2a53dfab3bd65efb0162854bf,100.0,8,8012244,231928233984,0,214748364800,17179869184,,linux,x86_64
ant28e9dd33c9f7a3525a9acfcccb46d,91.92,4,3656964,54631984005,0,0,54631984005,,android,armeabi-v7a
ant26ac7dbf3812f398fba3ba81caac2,110.25,4,1048576,3285649981,0,0,3285649981,,android,armeabi-v7a
ant2b06218e059f33a0fbb456d191975,25.42,4,2093056,128376572476,125337883115,0,3038689361,,android,armeabi-v7a
ant2b1c773d5fa25321481d0eddf888b,96.17,4,1920108,18736794828,0,0,18736794828,,android,armeabi-v7a
ant255898b6e799b3639aea04741f134,81.99,4,1048576,5411658792,0,0,5411658792,,android,armeabi-v7a
ant2624019b721b83a169a6dcb394238,63.03,4,4003212,115502408007,0,0,115502408007,,android,arm64-v8a
ant2b3eca02aba813dc9916a1fa01b1a,12.29,4,8388608,5476083302,0,0,5476083302,,android,armeabi-v7a
ant2ccf1a76f09303893ac0ac5ddb5fb,77.99,4,2045944,56446607687,0,0,56446607687,,android,armeabi-v7a
ant2de1cfebeece13a90aedd918102cd,322.82,4,495144,3586297692,0,0,3586297692,,android,armeabi-v7a
ant2c7eeb83c096b3e4abdfb17542e92,3.63,4,1963016,4198330531,0,0,4198330531,,android,armeabi-v7a
ant2af204d91cb59359c8361cac7e5e4,60.71,4,2045944,25812753448,0,0,25812753448,,android,armeabi-v7a
ant234528828875937b3abce384d3358,106.97,4,2704376,24545738096,0,0,24545738096,,android,armeabi-v7a
ant2cd64fa8ad48a3d5fa5a46e5c5259,74.0,5,1941948,23847805911,0,0,23847805911,,android,armeabi-v7a
ant2e71ed242e9643e61a789bfca98ed,243.63,4,8388608,5476083302,0,0,5476083302,,android,armeabi-v7a
ant26de9c0a54c073dfe8adc84f3ef16,20.0,4,1015828,4939212390,0,0,4939212390,,android,armeabi-v7a
ant27f80aff191d935d0b08df9ea19c1,42.78,4,1015976,6249177415,0,0,6249177415,,android,armeabi-v7a
ant4da3bc127ee455fafb47cace9d409,21.55,4,1909808,123695058124,0,0,123695058124,,linux,
a0cf5190f127254023b6636077d2e3a8,600.0,36,32513192,1144286661836,0,1024242325913,120044335923,,linux,x86_64
ant2001efbc4f3f43bdda05936298882,265.61,4,16777216,137438953472,0,0,137438953472,,android,armeabi-v7a
ant2dd57cf9c1f2a301d8dedeaed912d,56.13,4,1015940,5637144576,0,0,5637144576,,android,armeabi-v7a
ant2b2b2c6c2eece355c8d0c762ff52d,109.46,4,3932624,28132035788,0,0,28132035788,,android,armeabi-v7a
ant29bc071496ff13255a62a5b6dec3d,429.06,4,8388608,5476083302,0,0,5476083302,,android,armeabi-v7a
ant21b233324c0d93f5dbda66322d2ef,86.71,4,2776984,26349624360,0,0,26349624360,,android,armeabi-v7a
ant24cce2e18e9b336d48bf34117cf0b,85.01,4,2019608,58057220423,0,0,58057220423,,android,armeabi-v7a
ant247ec84bde033358ab7d4392e7c63,15.84,4,2055160,3371549327,0,0,3371549327,,android,armeabi-v7a
ant2c75291a9ec49355d8419c3f7ba01,12.21,4,4063504,4724464025,0,0,4724464025,,android,armeabi-v7a
anta8ee124be0c977f623073ae6bafe0,365.31,4,1844268,135828340735,127990025420,0,7838315315,,linux,aarch64
ant2d7704402bff33cebb231be2bbe16,96.26,4,3844876,44034152201,118111600,0,43916040601,,android,armeabi-v7a
ant2ee8e28d4aa193af69ff0b9306bd8,97.01,4,1492180,10791105331,0,0,10791105331,,android,armeabi-v7a
ant2c1e035d9276e3dc4b6756865898c,83.05,4,4063504,4724464025,0,0,4724464025,,android,armeabi-v7a
ant28ba98d4b301d3fef9ec39bca15bb,83.84,4,1048576,5637144576,0,0,5637144576,,android,armeabi-v7a
ant2c0e2148f0ff039bca4c77c8d829e,7.56,4,2020648,3983582167,0,0,3983582167,,android,armeabi-v7a
anta273f9ae771ab70e31d2484d910de,112.8,4,4002784,125198296678,0,0,125198296678,,linux,aarch64
ant2134df7713369368595d87658b8bf,113.55,4,1525624,2630667468,0,0,2630667468,,android,armeabi-v7a
ant2d01b09e6f7d130e7ad06e02e48ef,13.37,4,1048576,1857573355,0,0,1857573355,,android,armeabi-v7a
ant255ffd556f8383dc8aa102dc88668,116.92,4,1048576,5476083302,0,0,5476083302,,android,armeabi-v7a
ant2807eca8f663b339cad785e461763,28.43,4,1920112,18736794828,0,0,18736794828,,android,armeabi-v7a
ant2cb3d3143256e33a39be77f370dca,222.83,4,643268,6249177415,0,0,6249177415,,android,armeabi-v7a
ant21ffd34308269374a9c46382cda8e,82.13,4,1537832,4337916968,0,0,4337916968,,android,armeabi-v7a
ant2cb411928c1a03893b80d5c47b8d7,72.15,5,2971064,85448374353,31439160606,0,54009213747,,android,armeabi-v7a
ant2ce3548ebd67b3ed4be9daa204a05,52.61,4,1895528,48823040737,0,0,48823040737,,android,armeabi-v7a
ant2d6c8803e63d83ca99489ea422a55,321.6,4,1048576,1750199173,0,0,1750199173,,android,armeabi-v7a
ant2b86c8c796eea32089e8da6b32039,50.0,4,2020652,3854733148,0,0,3854733148,,android,armeabi-v7a
ant2d539a1ebb00238b49455281de042,115.02,4,2055168,3994319585,0,0,3994319585,,android,armeabi-v7a
ant2efbea218e9ea3ece824646410481,138.75,4,1015940,5637144576,0,0,5637144576,,android,armeabi-v7a
ant2b6277652ab2b3f73bce0f38a59c4,138.75,4,4003316,121987808624,0,0,121987808624,,android,armeabi-v7a
ant226ab8a7d68ed3d39877304dbd995,57.29,4,4063504,4724464025,0,0,4724464025,,android,armeabi-v7a
ant2b5be2b6b349d36e6b0524c87d594,41.56,4,1048576,5637144576,0,0,5637144576,,android,armeabi-v7a
ant28a5d41aab96e3d7c8a9c0204341d,300.0,4,1484060,26188563087,0,0,26188563087,,android,armeabi-v7a
ant2a64e6653544d3a9ca5d05cad9394,83.74,4,3095540,26886495272,0,0,26886495272,,android,armeabi-v7a
ante481e3b2c9ddde769adc726d8e49a,104.21,4,4002784,125090922496,0,0,125090922496,,linux,
ant2bc04aca1f4c13ede87cbb7c18f7e,77.08,4,684308,2458868776,0,0,2458868776,,android,armeabi-v7a
ant228ce5e806fea314992491abec978,8.51,4,1048576,4885525299,0,0,4885525299,,android,armeabi-v7a
ant201c337fa42593843a09488190b2a,76.12,4,4194304,34359738368,0,0,34359738368,,android,armeabi-v7a
ant2a28f0f1e9cf9333c8a0f3431d0a4,22.92,4,1016180,3414499000,0,0,3414499000,,android,armeabi-v7a
33bbe52c48227ecd2c06f3c6d9c96bfd,2000.0,32,24614120,1924145348608,0,1649267441664,274877906944,,linux,
ant2f1ff34981bb536c483e1e486e41c,189.8,4,1015940,5637144576,0,0,5637144576,,android,armeabi-v7a
ant23ae6048354cb387a8715c846d495,191.86,4,1963016,4745938862,0,0,4745938862,,android,armeabi-v7a
ant8a0dbe4227b4914466dfe4fa27748,1000.0,2,3776748,127990025420,0,0,127990025420,,linux,
ant271e777f140073a7dbd1136fe7661,448.91,4,2097152,5637144576,0,0,5637144576,,android,armeabi-v7a
ant2e434fb1eba1f30aeaf75fb830733,109.38,4,1008856,4992899481,0,0,4992899481,,android,armeabi-v7a
d014bb21176b2b78d331d2cc68d0061a,900.0,20,32532512,1256277934080,0,1000190509056,256087425024,,linux,x86_64
54809702b2c97f23dd513e37ce080f27,150.0,4,8140840,536870912000,0,429496729600,107374182400,,linux,x86_64
ant22351267ae9a93b2687c30be0a238,132.49,4,8388608,5637144576,0,0,5637144576,,android,armeabi-v7a
2ec84ec5e50c0256799d013d524a2e7a,1200.0,48,32546880,2459190899506,0,1979120929996,480069969510,,linux,x86_64
ant2fd36841cda47335799ed66fe2494,83.66,4,4063504,4724464025,0,0,4724464025,,android,armeabi-v7a
ant25aa10df69dd03ee483e12fd66f79,149.44,4,8388608,5637144576,0,0,5637144576,,android,armeabi-v7a
ant26dad27be59633378b56afaad127e,85.82,4,843288,26843545600,0,0,26843545600,,android,armeabi-v7a
ant2ef221f1180ee350bb85bc0e8b6eb,382.57,4,1017892,5937792286,515396075,0,5422396211,,android,armeabi-v7a
ant202e7b89da70031299f71d637bc5a,99.99,4,2055156,118111600640,0,0,118111600640,,android,armeabi-v7a
ant24794c502544c351cb0b11cacc096,42.17,4,1015976,6249177415,0,0,6249177415,,android,armeabi-v7a
ant298708fbe15f43a93ba547adc0120,557.27,4,1048576,1750199173,0,0,1750199173,,android,armeabi-v7a
ant275c7b1fe4fc23b4bb6410d8548b4,121.48,4,8388608,5637144576,0,0,5637144576,,android,armeabi-v7a
ant22072ac3a632a3a198802a113e633,75.78,4,2004792,24835648389,0,0,24835648389,,android,armeabi-v7a
ant2503971f8671039deb2d2600c54aa,74.37,4,2032596,27036819128,0,0,27036819128,,android,armeabi-v7a
ant2e53e995a8fe337c3a6925b2c9edc,379.65,4,8388608,5637144576,0,0,5637144576,,android,armeabi-v7a
ant2481deff0283a34cd964c6782c4aa,437.71,4,8388608,5637144576,0,0,5637144576,,android,armeabi-v7a
ant2eaa0e9726aa032bda6192791d702,134.48,4,1048576,5755256176,0,0,5755256176,,android,armeabi-v7a
7d89a8741f7ee9286a13c49b110ab3d0,2000.0,32,16119020,1924145348608,0,1649267441664,274877906944,,linux,
ant29ac98a9b0c673a3abc9bf9b65887,29.62,4,0,8031588843,8031588843,0,0,,android,armeabi-v7a
ant2691b5ea9807b311c9c3703795b28,94.16,4,3832724,1053619902218,1000201246474,0,53418655744,,android,armeabi-v7a
ant2fde6f7698e1b34eaadd3e5778cf5,28.272,4,2019608,27605902295,0,0,27605902295,,android,armeabi-v7a
ant41962686e4d5c9b17870612c56a23,99.54,4,797552,4788888535,0,0,4788888535,,android,armeabi-v7a
78ff4b4cbc06045af12fb590e8de542e,2160.0,32,32549708,4418232857394,0,4178144185548,240088671846,,linux,x86_64
ant28db2cb365e193e98ab82d59a0a7d,411.71,4,2097152,5476083302,0,0,5476083302,,android,armeabi-v7a
ant24d0dd7c9a01b302bb9bc954743b0,22.68,4,1015924,2512555868,0,0,2512555868,,android,armeabi-v7a
ant29d751899a7ca35039e64e796afa5,78.06,4,2038268,116758685941,0,0,116758685941,,android,armeabi-v7a
ant2f79a3e2076ae39f69f8775e0d8b1,106.26,4,2052184,27605902295,0,0,27605902295,,android,armeabi-v7a
ant25ef48a28162d31a8a79d514f738e,64.03,4,2055164,4584877588,0,0,4584877588,,android,armeabi-v7a
ant28fb4c40bcf223ac8a057e45aa29d,416.31,4,8388608,5637144576,0,0,5637144576,,android,armeabi-v7a
ant23ce6aa9147913905b02637231efa,99.41,4,2055156,56210384486,0,0,56210384486,,android,armeabi-v7a
antbb74e8ce88983ad8ba45ccf2d6b5b,111.82,4,1909808,125090922496,0,0,125090922496,,linux,
ant2f72ea3d5498f349e9486a85a6b76,95.25,4,1015876,1803886264,0,0,1803886264,,android,armeabi-v7a
ant26f80936addcf35809ec4d62ab022,55.77,4,2054244,3618509946,0,0,3618509946,,android,armeabi-v7a
ant287a97763fc3636338aa155e3ec05,154.97,4,8388608,5476083302,0,0,5476083302,,android,armeabi-v7a
ant2a86f138f4a1b3bfb912a1c49abc3,52.28,4,2020648,57713623040,0,0,57713623040,,android,armeabi-v7a
ant704790418a3cfa268498c825d708a,87.94,2,3859108,128849018880,0,0,128849018880,,linux,x86_64
ant227a985b5fa3f34c39a50a945dda7,83.24,4,2027232,11510512353,0,0,11510512353,,android,armeabi-v7a
ant2ddea6fb5a8c03524858a3f6bc264,50.0,4,2053196,4080218931,0,0,4080218931,,android,armeabi-v7a
ant214ebd9aec9d2313c90163db6b429,14.52,4,2055168,119668526284,0,0,119668526284,,android,armeabi-v7a
ant23f4d7bf70ed83778a420cd61bdd6,37.82,4,1313616,3564822855,0,0,3564822855,,android,armeabi-v7a
ant2caee21cc592b353193f38467c179,99.24,4,2054236,4048006676,0,0,4048006676,,android,armeabi-v7a
ant26192635788ae3f9b8e15c7c77624,71.0,4,2097152,4252017623,0,0,4252017623,,android,armeabi-v7a
21165ab637c90d86fab2d442ed136186,1500.0,64,131145384,6303401377790,0,6047313952766,256087425024,,linux,x86_64
ant2a9862720836c3594a4ce64e10c8f,54.77,4,1048576,5637144576,0,0,5637144576,,android,armeabi-v7a
50e24fc93accba47b1a088293ddc015c,5000.0,56,65554776,6417432759498,0,5937362789988,480069969510,,linux,x86_64
ant2109c17c426bc3f479dd2a925ca01,86.83,0,1885816,27101243637,0,0,27101243637,,android,armeabi-v7a
ant28b95cefdae33372688638d69be9e,87.73,4,2056184,12670153523,0,0,12670153523,,android,armeabi-v7a
ec4c0474106f5a4320984bd262b4d000,1020.0,64,32456024,2219209601842,0,1979120929996,240088671846,,linux,x86_64
ant29e8c3c070d6e3654b8e68a043b6e,96.13,4,2093056,3038689361,0,0,3038689361,,android,armeabi-v7a
ant22405451234963e8ca7b38fa50634,127.29,4,1015924,5594194903,0,0,5594194903,,android,armeabi-v7a
ant2a28216d58f9f32cfa6848ad25ea3,77.06,4,1048576,5411658792,0,0,5411658792,,android,armeabi-v7a
ant2917e0571b0a03fd48242ac6db911,110.16,4,2048076,118498147696,0,0,118498147696,,android,armeabi-v7a
ant27e39545709e539a79029f3acfc1f,52.01,4,1015940,5637144576,0,0,5637144576,,android,armeabi-v7a
ant2af89f5b50b4d3c4a99190a17121b,49.01,4,4003212,115470195752,0,0,115470195752,,android,armeabi-v7a
ant2fe4cca3e07413967870d105a880b,72.11,4,1014288,3575560273,0,0,3575560273,,android,armeabi-v7a
ant2ed5d62a18bb83d37b6a46d58233d,64.71,4,4003316,121987808624,0,0,121987808624,,android,armeabi-v7a
antf9b17f0ccd1ffdf2ce6ead27fa231,104.66,4,1909808,125090922496,0,0,125090922496,,linux,
ant22df67801d85e379293849f2a464b,71.37,4,2097152,5282809774,0,0,5282809774,,android,armeabi-v7a
ant22a19c39467853d5a87c035c201e8,102.24,4,8388608,5476083302,0,0,5476083302,,android,armeabi-v7a
ant2dffa454ff0653ed98a571b1acbef,36.24,4,1015940,5476083302,0,0,5476083302,,android,armeabi-v7a
ant2547e70715f7f30809a349ada369b,169.55,5,3933356,85448374353,31439160606,0,54009213747,,android,armeabi-v7a
ant21c292073308a3009b828df4c3d62,88.93,4,1017044,4842575626,0,0,4842575626,,android,armeabi-v7a
ant266c1767d9f423b089cd0d15acd8c,98.0,4,1048576,5637144576,0,0,5637144576,,android,armeabi-v7a
ant2eac9b5479aad36d19b99d643eba7,69.41,4,4063504,4724464025,0,0,4724464025,,android,armeabi-v7a
antacd44aa80dde3e63ec43e6f2ec077,147.87,4,2005992,487908284825,0,480069969510,7838315315,,linux,aarch64
ant2e88faf1df28c34c8bb25299c7a44,93.85,4,2020648,57702885621,0,0,57702885621,,android,armeabi-v7a
ant274b556ae2e35356caf0ea3f22a25,39.41,4,8388608,5637144576,0,0,5637144576,,android,armeabi-v7a
ant2b999bad760c436d1b4bb0ad779fb,20.19,4,1938768,11918534246,0,0,11918534246,,android,armeabi-v7a
ant2f4924dc1e889316c9578c00b25d2,81.07,4,2053196,57799522385,0,0,57799522385,,android,armeabi-v7a
ant214339a96944c3c2a9183d8ed77bb,352.01,4,1048576,5637144576,0,0,5637144576,,android,armeabi-v7a
ant5136091852b69ad0330d0c47ffeff,1000.0,12,11093008,1032939634688,0,1020054732800,12884901888,,linux,x86_64
ant23e82005558ac37acb3939b39138a,75.91,4,3860176,57788784967,0,0,57788784967,,android,armeabi-v7a
ant2d48d50e45dcc3686927cdc39f96a,74.48,4,2089984,4209067950,0,0,4209067950,,android,armeabi-v7a
ant270ab0f1d29bb30b6a5be82b16ab3,54.59,8,11892828,0,0,0,0,,android,arm64-v8a
ant22a4f169ba58c35af8b790e8cd47a,94.06,4,3184620,117821690347,0,0,117821690347,,android,armeabi-v7a
ant2245b536975f630828f97533bc364,84.73,4,2019608,58035745587,0,0,58035745587,,android,armeabi-v7a
5988e18d6531208857a35017b4e7759a,1200.0,24,32843220,3131353281329,0,3003363255909,127990025420,,linux,x86_64
ant2ac92f78e92903134b410e30e2a12,95.72,4,3704608,117402931035,257698037,0,117145232998,,android,armeabi-v7a
ant2d0762718428e3999a3aaceae767b,9.75,4,1830128,13131862507,0,0,13131862507,,android,armeabi-v7a
ant2ec3e1469faf03ee994ea83f6f9d1,83.52,4,2053196,74367358729,15472619683,0,58894739046,,android,armeabi-v7a
ant225b61602f17f36348e8a23a96734,3.89,4,8388608,5637144576,0,0,5637144576,,android,armeabi-v7a
ant2c461e38851403f50b06f9b2a1faf,108.27,4,3832724,53418655744,0,0,53418655744,,android,armeabi-v7a
ant2e2cfc741119d3490bd24c29e97b4,24.13,4,2093056,73519102689,61965640663,0,11553462026,,android,armeabi-v7a
ant214fe8d01de473ab69551dc4f6a43,286.07,4,1048576,5637144576,0,0,5637144576,,android,armeabi-v7a
ant25587b357b74a3b71a5a0f0ee8370,79.65,4,2019608,4423816314,0,0,4423816314,,android,armeabi-v7a
ant211370d8904303a15b4f8e010d351,72.87,4,1048576,5132485918,0,0,5132485918,,android,armeabi-v7a
ant2134b4f4d8052351fa4452d2427e6,49.73,4,643268,6249177415,0,0,6249177415,,android,armeabi-v7a
ant219609cdca1493eb59cd8c361428f,82.36,4,2052184,4423816314,0,0,4423816314,,android,armeabi-v7a
ant2980cb0c7fa303949aafe4554fcca,101.41,4,16777216,6131065815,0,0,6131065815,,android,armeabi-v7a
ant24cad40f94b043278884f22983431,90.97,4,2019608,27605902295,0,0,27605902295,,android,armeabi-v7a
a916254b3aa4ef4fb222980c71ac2080,5000.0,48,65255452,8396553689494,0,7916483719984,480069969510,,linux,x86_64
ant296e6d0e60c7635f4bf5bb54efc6a,71.18,4,1048576,5282809774,0,0,5282809774,,android,armeabi-v7a
ant23d6388e176cc341c998310cd3162,54.2,4,1048576,5637144576,0,0,5637144576,,android,armeabi-v7a
ant2530556553c393bfebe42585226bb,69.97,4,2054236,3704409292,0,0,3704409292,,android,armeabi-v7a
ant2abd2a7270b3a3a4bb033b5e35132,56.87,4,2055148,117553254891,0,0,117553254891,,android,armeabi-v7a
ant34858a01e61105e8439fe0a78a8f6,178.33,4,1909808,7838315315,0,0,7838315315,,linux,
ant27f00a75a34ed313f86377ed0eb4a,126.75,4,4063504,4724464025,0,0,4724464025,,android,armeabi-v7a
ant29109595d28fd3cb3907d5d69e733,74.68,4,1048576,5100273664,0,0,5100273664,,android,armeabi-v7a
anta8f900d212f1085f65eee95be9496,900.13,4,1907832,125090922496,0,0,125090922496,,linux,aarch64
ant2337e504b7c44344b9f3ef20f15e7,54.53,0,1885816,27101243637,0,0,27101243637,,android,armeabi-v7a
ant2010da1f74716360e9b0e08d028f5,113.75,4,2034576,23579370455,0,0,23579370455,,android,armeabi-v7a
ant080bcaad89b47dc450222821513d8,98.17,4,1844284,7838315315,0,0,7838315315,,linux,aarch64
ant59882f2d2f826575a4b1778cf8d8e,356.55,4,4002784,125090922496,0,0,125090922496,,linux,aarch64
ant66d7d738206decbacfd344f148f91,82.86,4,1844284,7516192768,0,0,7516192768,,linux,aarch64
ant2c2596272e9cc39bab88331c2551a,50.17,4,2052184,4327179550,0,0,4327179550,,android,armeabi-v7a
ant20f4db073fdaf34cf9ea19479625a,251.64,4,1015928,6249177415,0,0,6249177415,,android,armeabi-v7a
antb3c67b23f028a2ed22caf6141bb23,120.1,2,4008900,85899345920,0,0,85899345920,,linux,x86_64
ant24e5d0f3ca4f1310096bf306f9475,95.78,4,4003376,121450937712,0,0,121450937712,,android,armeabi-v7a
ant2916a060821f73d599f6b3e719b98,85.02,4,4161688,32749125632,0,0,32749125632,,android,armeabi-v7a
ant28e7057b59f3233a79890fd9450e6,37.02,4,2053200,4080218931,0,0,4080218931,,android,armeabi-v7a
ant2aaf1eb18ddf13a57be09d7a13c92,389.73,4,1048576,5476083302,0,0,5476083302,,android,armeabi-v7a
15ec996dfe55804da8ccf363eb5d50bf,700.0,32,57319500,18250389782528,18141941858304,0,108447924224,,linux,x86_64
ant2eb63f93ffc3830f8a95137e92d60,72.36,4,1005196,2834678414,515396075,0,2319282339,,android,armeabi-v7a
ant25f4ed585d4fd37d1b91a5994ede0,71.52,4,2020648,4080218931,0,0,4080218931,,android,armeabi-v7a
ant24623197dc164315299288c10ef29,87.72,4,1048576,5100273664,0,0,5100273664,,android,armeabi-v7a
ant2394ff1417044368e866f30e722a0,406.65,4,1048576,5476083302,0,0,5476083302,,android,armeabi-v7a
1db790c818f4a10d30eed14ba37038e0,3000.0,72,131971320,8156572391830,0,7916483719984,240088671846,,linux,x86_64
ant2af87ee24745536ec86305e59110d,38.23,4,1048576,5540507811,0,0,5540507811,,android,armeabi-v7a
ant0c187df25ed32f586a0bd558bcbc4,156.01,4,4002784,125627793408,0,0,125627793408,,linux,aarch64
ant2e1ce36be09d93165984f40066c24,12.08,4,1015940,5637144576,0,0,5637144576,,android,armeabi-v7a
ant2bdbe46c2492133489a7c70034f41,286.87,4,16777216,6227702579,0,0,6227702579,,android,armeabi-v7a
ant2af0155bce4c6318e96e54e6df8e5,51.22,4,2093056,3382286745,0,0,3382286745,,android,armeabi-v7a
ant2370b3efb0831387aa2b683d539c4,18.63,4,4003316,121987808624,0,0,121987808624,,android,armeabi-v7a
ant293190ad4024f3c449e9239c09bdf,163.02,4,2054220,4133906022,0,0,4133906022,,android,armeabi-v7a
ant23b6c81161ed9399d905b3506fb5b,395.71,4,8127008,1803886264,0,0,1803886264,,android,armeabi-v7a
ant2f14c0c395c3630f08e5241ba4a7a,66.4,4,1989608,4992899481,0,0,4992899481,,android,armeabi-v7a
ant2834ef083bdc536628c4e5d3d2c99,85.89,4,2045948,25802016030,0,0,25802016030,,android,armeabi-v7a
ant26b7d5f207a9e36fa89b29079a06a,43.14,4,4161688,32749125632,0,0,32749125632,,android,armeabi-v7a
ant2a48e67b6f18a3b848c410f279f91,8.91,4,2055024,118648471552,0,0,118648471552,,android,armeabi-v7a
ant2d04394dd79b03ef0965d7219cf98,98.93,4,2019608,27605902295,0,0,27605902295,,android,armeabi-v7a
ant27f5034e50212344794d466d954b6,405.26,4,8388608,5476083302,0,0,5476083302,,android,armeabi-v7a
ant2cbaaa496551d3526bcbfa986f5d2,365.17,4,1048576,5637144576,0,0,5637144576,,android,armeabi-v7a
ant2d42af3bd35d634e685909455f594,74.79,4,2054124,3650722201,0,0,3650722201,,android,armeabi-v7a
ant351dbf65457edd75d32e5ca41866d,981.59,4,7891872,126701535232,0,0,126701535232,,linux,x86_64
ant2538eddecaf083259bf372946b41f,82.13,4,3853048,52312701665,0,0,52312701665,,android,armeabi-v7a
ant273ba3117e54b304d936b2ae90e3f,7.67,4,1479784,42423539465,31439160606,0,10984378859,,android,armeabi-v7a
ant2749d4e6ffc723dc2847c6792ea95,447.74,4,1048576,5540507811,0,0,5540507811,,android,armeabi-v7a
ant232678d721b4b398aaeb2545e15c9,101.0,4,1009628,3811783475,0,0,3811783475,,android,armeabi-v7a
ant23cf4db165ff73844b01959c0d1ed,98.56,4,2089984,4209067950,0,0,4209067950,,android,armeabi-v7a
ant29085b9494d1930d5bf70c4b5339a,29.08,4,2055160,118648471552,0,0,118648471552,,android,armeabi-v7a
ant22e06e6b9b3cd39c3a5eb7adf3d68,81.11,4,2494788,116189602775,0,0,116189602775,,android,armeabi-v7a
425b8f34658f191eb8d5026b52c18ac6,750.0,32,32927536,1973966969241,0,1759218604441,214748364800,,linux,x86_64
ant3ef1c302fbf3cbb4321f111becda5,480.03,4,8131840,107374182400,0,0,107374182400,,linux,x86_64
4b74d99ded19d572e7fbf1ee3387a90f,150.0,8,8140932,644245094400,0,536870912000,107374182400,,linux,x86_64
ant2b14bf039e1f13e46b57a6abfbef9,93.61,4,1048576,5175435591,0,0,5175435591,,android,armeabi-v7a
ant7a94fb6d95af3db8129f9699ebece,50.0,8,8010248,274877906944,0,0,274877906944,,linux,x86_64
ant22844b9f8ae853727a58f53a1c9a7,122.71,4,8388608,5476083302,0,0,5476083302,,android,armeabi-v7a
ant24e339bcb2abc327ea0241b15bd62,187.95,4,4063504,4724464025,0,0,4724464025,,android,armeabi-v7a
9708e92f65bb5fd22cb2ebcb379c28e4,2000.0,24,16120848,1924145348608,0,1649267441664,274877906944,,linux,
8fd41fcc676f6dc8e7ccddd95176f79b,2000.0,32,16119020,1924145348608,0,1649267441664,274877906944,,linux,
ant22d61cd249e49309084ca433b50e3,46.76,4,1014288,2083059138,0,0,2083059138,,android,armeabi-v7a
ant29a8b00b2552b35af932c9cf0f45d,99.32,4,2020648,57047903109,0,0,57047903109,,android,armeabi-v7a
ant2fba8aa33ada03950a879da2095ab,38.82,4,2020652,3758096384,0,0,3758096384,,android,
ant2418fc1b7457a33c2a8a239e95f5a,64.39,4,1048576,5100273664,0,0,5100273664,,android,armeabi-v7a
ant44fd3edb4a2f9497e13588d1fe7cc,103.86,4,1909808,7838315315,0,0,7838315315,,linux,
35a59a05725abe3a32a847cc276b23c4,450.0,16,32922808,1314259992576,0,1099511627776,214748364800,,linux,x86_64
antfc342f3ec27c72046db6f271426ad,93.13,4,1844284,7838315315,0,0,7838315315,,linux,aarch64
ant2d690d006f4c937b99ab23d27bef4,9.77,4,4003212,115491670589,0,0,115491670589,,android,armeabi-v7a
ant2c8babc9eaec63e60996ffa130d2d,82.12,4,1048576,4724464025,0,0,4724464025,,android,armeabi-v7a
87aac1b580d7c61a7f2c9f2c3ea95e38,8000.0,64,131922156,55125797869971,44750123250481,9895604649980,480069969510,,linux,x86_64
ant2b3b17120b5d6353194f2364dfa51,62.82,4,2053200,3801046056,0,0,3801046056,,android,armeabi-v7a
ant2e600e023e4b73f84b45b042b7fe9,73.51,4,3928064,11897059409,0,0,11897059409,,android,armeabi-v7a
400669d3961db95e55bf3d755b38453f,500.0,16,65952936,2362232012800,0,2147483648000,214748364800,,linux,x86_64
antb5b5eccf97a507b24530878a2b5e7,160.77,4,8011148,128849018880,0,0,128849018880,,linux,x86_64
ant23133d46e8bf53a8b89b8d38427e3,42.14,4,1537848,4874787880,0,0,4874787880,,android,armeabi-v7a
ant2b7760670f5e631a5b21871dcdd99,285.52,4,8388608,5637144576,0,0,5637144576,,android,armeabi-v7a
ant27d648b17aa923d31b42e36698f02,470.69,4,8388608,5476083302,0,0,5476083302,,android,armeabi-v7a
ant2da7dc4449ad4300c80bdf6afddf0,83.92,4,2055152,10866267258,0,0,10866267258,,android,armeabi-v7a
ant2568281f9dcf23ba981236ae1da21,82.18,4,1048576,4928474972,0,0,4928474972,,android,armeabi-v7a
ant22824e724329c3f21afd3d46cd0fe,96.11,5,2004920,54889682042,0,0,54889682042,,android,armeabi-v7a
ant2f7241901fff53cc9b6e6e3886633,27.16,4,2053040,3650722201,0,0,3650722201,,android,armeabi-v7a
ant2cebf5227bdff3eddbe8336b397f0,99.39,4,2055168,236394999971,0,118111600640,118283399331,,android,armeabi-v7a
cb284233b6093ed8f1247df208d6cafa,220.0,4,8140840,536870912000,0,429496729600,107374182400,,linux,x86_64
ant7b1a7706cff13f04ead7fb2aa6faa,97.7,4,4002784,125090922496,0,0,125090922496,,linux,aarch64
ant230cc646aa8663dbaa3e5ef022f25,91.24,4,3860192,58035745586,246960619,0,57788784967,,android,armeabi-v7a
ant24cbbf5905aaa3d548256003ffd3e,14.72,4,8388608,5476083302,0,0,5476083302,,android,armeabi-v7a
ant2803a222a8c2a324faf1b5ec6bf84,71.15,4,2019608,58057220423,0,0,58057220423,,android,armeabi-v7a
ant2728ff5f6874b38b5849272d7f32c,79.42,4,2097152,4252017623,0,0,4252017623,,android,armeabi-v7a
ant20c1658afb0d23e75a583ab3f237d,9.63,4,8388608,4724464025,0,0,4724464025,,android,armeabi-v7a
ant261726d55196436dc99a50cb11a48,99.96,4,965024,5132485918,0,0,5132485918,,android,armeabi-v7a
ant2a1a8eb939bc132d2a0a09f99455b,6.08,4,2054244,58379342970,1052266987,0,57327075983,,android,armeabi-v7a
ant29da9a2ad337c34fabf24e18a641a,63.95,4,3836568,45161581117,0,0,45161581117,,android,armeabi-v7a
ant29b7650003c2a3749abc4abd077e0,88.36,4,1814604,11521249771,0,0,11521249771,,android,armeabi-v7a
ant6569eedcfe95f007da93710733381,94.9,4,1844284,7516192768,0,0,7516192768,,linux,
ant234115cba67df30f5b7056c4e5658,245.75,4,1014288,2083059138,0,0,2083059138,,android,armeabi-v7a
ant23f1519e02a6131c9a450ba8ad133,26.92,4,1724724,10350871183,0,0,10350871183,,android,armeabi-v7a
ant278d5f7cbe3903b7a806a3dbb4220,82.48,4,4003212,55168854917,0,0,55168854917,,android,armeabi-v7a
ant2452774f5709c311c92a0d003abf7,99.16,4,4063504,4724464025,0,0,4724464025,,android,armeabi-v7a
ant2d42d5d53294e3fe1b63ee9607a91,73.44,4,2019608,58046483005,0,0,58046483005,,android,armeabi-v7a
ant26a0934b56edc31e9b45f1c1c35bf,75.18,4,2055148,117531780055,0,0,117531780055,,android,armeabi-v7a
ant2b6ca51df6d2236d786fca60a26c6,178.11,4,1048576,5637144576,0,0,5637144576,,android,armeabi-v7a
d071d430a740cd11374a1efde4901751,2000.0,44,65538832,4078286195915,0,3958241859992,120044335923,,linux,x86_64
ant278a1633b31e83f3db61f1ed1edcd,170.12,4,4003316,121440200294,0,0,121440200294,,android,armeabi-v7a
ant2972df9327fdc367b92357c417158,99.2,4,2020648,3339337072,0,0,3339337072,,android,armeabi-v7a
ant5c9bf49d9da3fba08b49749dd4a2f,95.24,4,1909808,127882651238,120044335923,0,7838315315,,linux,aarch64
ant2b3c39cef734a3748b5126026ea7e,75.71,4,3027760,19724637306,0,0,19724637306,,android,armeabi-v7a
ant24290397f38913be09afc55968d1b,99.04,4,2055156,118111600640,0,0,118111600640,,android,armeabi-v7a
ant2985e359438953f899ffd54e0f779,62.42,4,1048576,5282809774,0,0,5282809774,,android,armeabi-v7a
ant4d2b7e0beba364adbc01181e0ce36,363.43,4,4002784,125090922496,0,0,125090922496,,linux,
ant2abeddc5cb3da3051a299ae90ac4a,477.88,4,8388608,5476083302,0,0,5476083302,,android,armeabi-v7a
ant2e66fcdc580e23f878cd7991a205b,423.26,4,1015940,5637144576,0,0,5637144576,,android,armeabi-v7a
ant29b27b9d3224a37b99ff726d9287c,72.43,4,2054236,57692148203,0,0,57692148203,,android,armeabi-v7a
ant20251619ebbeb3b13b3b392c197bc,121.04,8,1825384,12015171010,0,0,12015171010,,android,armeabi-v7a
ant268ae7b3f708b3b52a2025b321d5a,341.29,4,3836504,114267604910,0,0,114267604910,,android,armeabi-v7a
ant2476fae6e3e5a35099f9036af3eba,70.45,4,2097152,5443871047,0,0,5443871047,,android,armeabi-v7a
ant21e80e441941d3331b09d09c0f351,21.13,4,2020652,3854733148,0,0,3854733148,,android,armeabi-v7a
ant26cda5369a1eb34279400ddebef45,91.53,4,2055160,56704305725,0,0,56704305725,,android,armeabi-v7a
ant2aaaa3a577bb636a29d8aefb1e6df,22.1,4,2054224,4080218931,0,0,4080218931,,android,armeabi-v7a
ant27bb3003eff28a2e88af0d9f40386,1000.0,12,8009332,912680550400,0,0,912680550400,,linux,x86_64
ant26023f30cc82c3cb6b8c05cd979f0,71.73,4,2024280,58744415191,0,0,58744415191,,android,armeabi-v7a
ant2b57436c10b70372ab229f9e70883,164.06,4,3832444,53418655744,0,0,53418655744,,android,armeabi-v7a
ant28839241e0bee39b59515fa14d0d8,351.17,4,8388608,5476083302,0,0,5476083302,,android,armeabi-v7a
ant2c3f6874a28873796827e0a384c1d,4.75,4,1048576,4885525299,0,0,4885525299,,android,armeabi-v7a
ant0ebdd09ba149c65246d17c85f363c,156.58,4,1909808,123695058124,0,0,123695058124,,linux,
ant244641a418bf039f6bf4d12bf6475,80.42,4,1048576,5433133629,0,0,5433133629,,android,armeabi-v7a
ant2c6b8ecb1a4643fd49e1dfffc2b68,93.01,4,2053180,18586470972,8085275934,0,10501195038,,android,armeabi-v7a
ant277e3ecf920e538ff91334cd761e6,71.05,4,2055160,57370025656,0,0,57370025656,,android,armeabi-v7a
ant29e575775280830bc8bb0d505e3d5,402.7,4,1048576,5637144576,0,0,5637144576,,android,armeabi-v7a
ant28ef66bd6f8a43230b7c527aad66e,188.86,4,1015940,5637144576,0,0,5637144576,,android,armeabi-v7a
ant2fe2f3e6ccfc73babbaec506af371,9.69,4,4063504,4724464025,0,0,4724464025,,android,armeabi-v7a
ant25295717f70f13627b61c8582df9e,19.23,4,2055156,118111600640,0,0,118111600640,,android,armeabi-v7a
ant2e6cc4d46c14a356899aca8ec9102,6.45,4,2052184,4423816314,0,0,4423816314,,android,armeabi-v7a
ant2c28eb4dd848a3f71b1ed91e026f1,83.18,8,5809536,120463095234,3897682821,0,116565412413,,android,armeabi-v7a
ant2281664807e43379b8fc4d15c1379,74.26,4,1048576,5411658792,0,0,5411658792,,android,armeabi-v7a
ant2d0c12bb2abca3d0ea941c7a91aad,123.82,4,2052184,4327179550,0,0,4327179550,,android,armeabi-v7a
ant2071fe3dfb62f32ec88822fbc21c9,42.13,4,4063504,4724464025,0,0,4724464025,,android,armeabi-v7a
ant2ba0439268145363e809bff1510f2,124.24,4,2026864,3639984783,0,0,3639984783,,android,armeabi-v7a
6fc20705ffee4abb538cbc95a0635f73,7000.0,84,329392360,15607911153664,0,15393162788864,214748364800,,linux,x86_64
ant274804801b2633bc6884e72bca9ca,373.08,4,1015940,5476083302,0,0,5476083302,,android,armeabi-v7a
ant242c9c264c014330ebd82256068a3,21.14,4,2027232,3758096384,0,0,3758096384,,android,armeabi-v7a
ant2686b5bb86f5a3257a98ccbf56b0a,127.11,4,2053208,3242700308,0,0,3242700308,,android,armeabi-v7a
5e9b07632676eb409c457a38378d2be0,3200.0,48,65347468,8396553689494,0,7916483719984,480069969510,,linux,x86_64
ant2dbca762426cf3f1bb39e33639576,29.56,4,8388608,4885525299,0,0,4885525299,,android,armeabi-v7a
ant2d9d890d6524e3db4adb1f9b317e0,96.07,4,2052184,4219805368,0,0,4219805368,,android,armeabi-v7a
ant2c924fc222f3733278059ad9513fe,81.18,6,3956940,55190329753,0,0,55190329753,,android,armeabi-v7a
ant2e9ddd219810c345cbd4bbd570c55,99.93,4,3894908,55845312266,0,0,55845312266,,android,armeabi-v7a
ant2cbdb07b92fc438968468f88faf06,76.97,4,2868504,53418655744,0,0,53418655744,,android,armeabi-v7a
ant234c6134075d13caebe1651e5c9ee,73.21,4,2020648,57713623040,0,0,57713623040,,android,armeabi-v7a
ant29bd827ee49ba3a7bbd1b3cbcd241,106.9,5,3933552,54009213747,0,0,54009213747,,android,armeabi-v7a
ant2511b9d71af943c37bd10174cb258,55.83,4,1048576,4885525299,0,0,4885525299,,android,armeabi-v7a
ant2386bad5c76dd3c8798740c212fef,83.51,4,2053232,4166118277,0,0,4166118277,,android,armeabi-v7a
ant213653f678d123abb949be73afa55,73.77,4,2042784,26768383672,0,0,26768383672,,android,armeabi-v7a
ant2790de35911ba345fb65f4cccb883,489.83,4,1048576,5637144576,0,0,5637144576,,android,armeabi-v7a
ante397106d39b7602dcccb16a875217,307.4,2,1787476,42949672960,0,0,42949672960,,linux,x86_64
ant28e9ad64328763484ab6b66ef9d73,77.47,4,1313620,3564822855,0,0,3564822855,,android,armeabi-v7a
ant223546ac78dc639e3ad19a4595546,53.82,4,2045948,25458418647,0,0,25458418647,,android,armeabi-v7a
ant2386c5f38b28330208ae79a4f6655,83.86,4,2097152,5540507811,0,0,5540507811,,android,armeabi-v7a
ant90770a28df9a1d298c322d15d46bd,372.63,6,3759088,247926987161,0,240088671846,7838315315,,linux,aarch64
ant26d2cb2d2d10d376facc874a76c67,68.61,4,4003384,121440200294,0,0,121440200294,,android,armeabi-v7a
anta595ad9065e65ec920c5a009da20c,52.03,6,11547860,876173328384,858993459200,0,17179869184,,linux,x86_64
ant0e2b73e68d0d6cf8c15cebc5863f2,104.6,4,1909808,7838315315,0,0,7838315315,,linux,aarch64
ant27d4388e5d1f13f588bf13e46e030,63.98,4,2055148,117542517473,0,0,117542517473,,android,armeabi-v7a
ant268cdec0aec5730218d2b378a68d4,8.94,4,2019608,27605902295,0,0,27605902295,,android,armeabi-v7a
ant7ce5c632846f8fe0fa905483f225f,2.28,4,8126792,274877906944,0,0,274877906944,,linux,x86_64
ant28f77cc4a93d33581ae40ba861c0c,61.42,4,8388608,5476083302,0,0,5476083302,,android,armeabi-v7a
ant2a579aa70f1573b8db12833551ef1,21.33,4,2020652,11510512353,0,0,11510512353,,android,armeabi-v7a
ant24f9a40937ed53e6bbaf4800dfe29,84.69,4,2052184,27605902295,0,0,27605902295,,android,armeabi-v7a
315966736fd82b89be6aa66d449a3a41,250.0,4,8141844,300647710720,0,214748364800,85899345920,,linux,x86_64
ant2e6271a519b193b0383fff1fcc80d,424.34,4,1015940,5637144576,0,0,5637144576,,android,armeabi-v7a
antaa04d1fb277602b9798a1ebf57d24,500.0,16,25387660,1373101044531,0,1319413953331,53687091200,,linux,x86_64
ant250e137fe5e913019bc9eff0db57a,31.17,4,1048576,5100273664,0,0,5100273664,,android,armeabi-v7a
ant23c65dc44ec8d3c8684b961218519,9.04,4,2045948,25458418647,0,0,25458418647,,android,armeabi-v7a
30f47ed8c9d0c1658703f9e49696b629,1000.0,24,32790768,2099165265919,0,1979120929996,120044335923,,linux,x86_64
26717f342097900f17e53af1e85ce754,360.0,36,16285152,1232333491404,0,992244819558,240088671846,,linux,x86_64
ant284114c4c71053dea8ce6858c69a1,64.05,4,1048576,5100273664,0,0,5100273664,,android,armeabi-v7a
ant23644b8280b3f39fc9424f31a72ec,90.92,4,2055168,118272661913,0,0,118272661913,,android,armeabi-v7a
ant8636f997aa30022e763cbb63c5a83,958.98,4,1909808,125090922496,0,0,125090922496,,linux,
ant2523720dec4a43b30aa9c87cc1c1c,81.74,4,4003380,121418725457,0,0,121418725457,,android,armeabi-v7a
ant2c251b8a7d648393db9f27d62a637,37.37,4,2055168,64467459112,60483876945,0,3983582167,,android,armeabi-v7a
ant2538318bc6e653504b3a8421d51e5,13.72,4,8388608,4724464025,0,0,4724464025,,android,armeabi-v7a
1c2d0a2294b8dc3fff83748fcf9ed425,6000.0,64,65598076,34654802621231,28477351159397,5937362789988,240088671846,,linux,x86_64
ant2d8ca0358041a364a9ad611ce400a,210.01,4,1048576,5433133629,0,0,5433133629,,android,armeabi-v7a
ant22a621463f5ef32b8ad6aa35217a5,83.51,4,2854984,55866787102,0,0,55866787102,,android,armeabi-v7a
ant2c82f41861261398ea43c6725417c,92.79,4,1048576,5057323991,0,0,5057323991,,android,armeabi-v7a
ant2e69f89011c7933d0aafa0577a8dc,47.81,4,1938768,27391153930,0,0,27391153930,,android,armeabi-v7a
ant256bfeab80f823a57b011e2961291,88.85,4,2052184,58046483005,0,0,58046483005,,android,armeabi-v7a
ant27ab39c30ff463bbfb703b7ee4809,73.11,4,2052184,27605902295,0,0,27605902295,,android,armeabi-v7a
ant2bf1fa736036532b4b4c132de0ed8,123.84,4,1016024,6249177415,0,0,6249177415,,android,armeabi-v7a
ant2717ccae1b29d369bb3eab2bc50e2,93.77,4,2053980,118648471552,0,0,118648471552,,android,armeabi-v7a
ant2a10c0e49cdd73c16a10f82105382,22.84,2,1026488,9577777070,4788888535,0,4788888535,,android,armeabi-v7a
ant258d2d7bf6f603756988151590535,216.8,4,1048576,5282809774,0,0,5282809774,,android,armeabi-v7a
ant2fc01a25d50b337c1903142a58626,330.27,4,1048576,5637144576,0,0,5637144576,,android,armeabi-v7a
cf8918305918f8d3c19529db2f0bda6c,1500.0,44,65492568,4104378122240,0,3848290697216,256087425024,,linux,x86_64
antca05d52d1064eb341937d10261caf,887.02,4,1909808,125090922496,0,0,125090922496,,linux,
ant23288053fceab36f39219411a2e8e,72.83,8,3678752,24728274206,0,0,24728274206,,android,armeabi-v7a
ant202bcd76470cc3235a6c7d8e56883,92.01,4,2097152,4960687226,0,0,4960687226,,android,armeabi-v7a
ant244db74acc1b430aa9e632d9589da,75.55,8,8121420,117284819435,0,0,117284819435,,android,armeabi-v7a
ant20c24415cde8f3e98b5c84a415422,95.07,4,2019608,58089432678,0,0,58089432678,,android,armeabi-v7a
ant246844c61515e3c02acc78b9f9380,220.07,4,1048576,5637144576,0,0,5637144576,,android,armeabi-v7a
6e562b7a1eafcaeaceb08558b7127bff,5000.0,48,65342732,8396553689494,0,7916483719984,480069969510,,linux,x86_64
ant20502c5f452ac30c583608bc741c9,173.14,4,3832448,53418655744,0,0,53418655744,,android,armeabi-v7a
ant3f67bc56ba0c946eca0dce6a58753,357.84,4,1909808,7838315315,0,0,7838315315,,linux,aarch64
ant27e9f48e4879f3713a5d4056a96d5,77.13,4,1492180,10791105331,0,0,10791105331,,android,armeabi-v7a
04f8b1e18279c7de2e55230979375e3a,500.0,8,16386568,858993459200,0,0,858993459200,,linux,x86_64
anta1021e7fd3e00d9ef737d40164052,300.0,4,4002784,125090922496,0,0,125090922496,,linux,
ant2149fef6f3d2b37449ea9a05eaf78,77.15,4,3658608,55415815536,0,0,55415815536,,android,armeabi-v7a
ant31cf2de2ef6ca0edac2a2de7432e9,200.0,4,7835644,256087425024,0,0,256087425024,,linux,
ant2bcf483bfaca432dcbf4d5ab24ad2,99.52,4,8388608,5476083302,0,0,5476083302,,android,armeabi-v7a
ant2b67fc2f9ec7339b1abe52824aeb0,478.24,4,8388608,5637144576,0,0,5637144576,,android,armeabi-v7a
2fbf25a5d3b6aebc6f5db6cf68fd1d48,1400.0,32,25383980,1668165297766,0,1539316278886,128849018880,,linux,x86_64
ant2b078d2acf7943ea1b2d32bcd6688,83.9,4,3732172,53493817671,0,0,53493817671,,android,armeabi-v7a
antefa0b03a3704bce740fc7b45e033e,730.24,4,1909808,7838315315,0,0,7838315315,,linux,
ant2d3c42219d2a731f1a30dc3b2dfee,286.03,4,1048576,5637144576,0,0,5637144576,,android,armeabi-v7a
ant2e4886137ade537f8b158cd92549a,213.56,4,1771600,24545738096,0,0,24545738096,,android,armeabi-v7a
ant21e560f6c43e630dab92a2160b7d2,98.52,4,8388608,4724464025,0,0,4724464025,,android,armeabi-v7a
ant22ad35c313bdb3bfba3fbd9df429a,84.57,4,2054260,15569256448,0,0,15569256448,,android,armeabi-v7a
ant248ac5b6ef94b3e7fa412be93b803,79.69,4,2027232,3854733148,0,0,3854733148,,android,armeabi-v7a
ant2ebfdafb7aebf3067bc26abf89604,65.82,4,2055192,3618509946,0,0,3618509946,,android,armeabi-v7a
422c48845f6f2b0b54c323513ca30d1d,4800.0,64,65442708,4120806372147,0,4000762036224,120044335923,,linux,x86_64
ant24a52948d321f3314afb5e0014079,12.46,4,8127008,4885525299,0,0,4885525299,,android,armeabi-v7a
ant225295831a3203195a3865aeaa33a,19.55,4,2055160,119099443117,61729417461,0,57370025656,,android,armeabi-v7a
ant2bb5e55e6a50d3b049e18b83fc41e,100.37,4,2052184,27605902295,0,0,27605902295,,android,armeabi-v7a
ant24fd7210fc31a33748bc45313cb01,91.24,4,2055168,65755949301,61772367134,0,3983582167,,android,armeabi-v7a
ant27c89d808335d348a89b873c54175,24.81,4,8388608,5476083302,0,0,5476083302,,android,armeabi-v7a
ant2a2b48e826cd43e4a9cc96a9080d6,71.3,4,1048576,5100273664,0,0,5100273664,,android,armeabi-v7a
ant2e12232db06a43103a84c0869a0d9,14.21,4,1048576,4724464025,0,0,4724464025,,android,armeabi-v7a
ant5cede7a6aeb19d19252bb58c28584,109.08,4,4002784,125090922496,0,0,125090922496,,linux,aarch64
ant25b33107c1b5633f0afee7d084b9a,67.3,4,2097152,12734578032,0,0,12734578032,,android,armeabi-v7a
ant29622a98671593754a809c556ba2a,81.05,4,1827660,26585847562,0,0,26585847562,,android,armeabi-v7a
ant67e7ccef7b1871d8a4a12134c5d9b,94.5,4,4002784,125198296678,0,0,125198296678,,linux,aarch64
ant28fb38883de4230639ea1c269053f,12.66,4,2055160,57370025656,0,0,57370025656,,android,armeabi-v7a
ant2ad5f281c97cf37b899caf4834bf2,6.12,4,2055168,119690001121,0,0,119690001121,,android,armeabi-v7a
5fbcbb14c1c44ae2a6e6ea94b824ecc1,1200.0,24,32803024,2219209601842,0,1979120929996,240088671846,,linux,x86_64
ant96d9de1af95b7637f88b3fd7e067d,132.9,4,1909808,125090922496,0,0,125090922496,,linux,
ant240992b99681b358cbff18f896d9e,90.64,4,3611876,10930691768,0,0,10930691768,,android,armeabi-v7a
ant4f94a2797eefe3640077bd5067c2c,73.88,4,1909808,7838315315,0,0,7838315315,,linux,
ant2e74e041795203957b7ae351c104b,10.23,4,4063504,5604932321,0,0,5604932321,,android,armeabi-v7a
ant2e713ab8719f83596a70898e1fb81,110.65,4,1003728,4745938862,0,0,4745938862,,android,armeabi-v7a
ant2d3b2a67ca4243bea8840d522e629,229.6,4,8388608,5637144576,0,0,5637144576,,android,armeabi-v7a
ant27b90fd9b53fb300aa6a6517b9f54,85.79,4,2060816,3704409292,0,0,3704409292,,android,armeabi-v7a
ant27919c0b584fe3fdaaabab5b51c83,44.1,4,1048576,5100273664,0,0,5100273664,,android,armeabi-v7a
ant21a4db2af972739118e3d0e794169,79.09,4,3844876,54223962110,2491081030,0,51732881080,,android,armeabi-v7a
ant2fcb122b53c593ea9ae6a25228750,198.71,4,2868504,53418655744,0,0,53418655744,,android,armeabi-v7a
ant2ab419774c89b3f04b28c08ca5e1b,271.89,4,8388608,5476083302,0,0,5476083302,,android,armeabi-v7a
ant2c60facacf263353f947eed72d579,11.88,4,1048576,4724464025,0,0,4724464025,,android,armeabi-v7a
ant235b927bcb4d13ce88cec40855a88,88.61,4,2053944,12305081303,0,0,12305081303,,android,armeabi-v7a
ant23d1ebd9ba03632539cb7d644fb18,14.45,4,969060,4885525299,0,0,4885525299,,android,armeabi-v7a
ant2a75c2df6df4c3d0488c374f72a8d,8.96,4,2055160,57359288238,0,0,57359288238,,android,armeabi-v7a
antfbe237d8cb03c2a6e7b2ca604b5f0,208.13,4,1909808,125090922496,0,0,125090922496,,linux,
268fba4148e136b26c9c97c1c68aa4cd,2160.0,48,65523808,6395206303742,0,6267216278322,127990025420,,linux,x86_64
ant21a78349704fd39efa0e22a921fce,73.1,4,2055168,4391604060,0,0,4391604060,,android,armeabi-v7a
ant20da7c971a85039e9a7e6617a6aa0,91.5,4,1048576,5282809774,0,0,5282809774,,android,armeabi-v7a
ant2e99a8d0db1f6039e72db9d35ac9e,350.0,4,7835644,256087425024,0,0,256087425024,,linux,x86_64
060fbaf151fda5050dd997b3bce50311,280.0,20,25373576,1067621495603,0,960247313203,107374182400,,linux,x86_64
a7484f7c0b1ddc0f867cc8c3253e6663,7000.0,84,329392360,15607911153664,0,15393162788864,214748364800,,linux,x86_64
ant2ab492b5622633e2da7f024739462,82.48,4,1048576,300647710,0,0,300647710,,android,armeabi-v7a
ant627c7dcb55e6c32501b06cfd90cd4,88.97,4,1844284,7516192768,0,0,7516192768,,linux,
ant94b78fcbbd399d7788c57e3511141,56.29,4,1844284,125090922496,0,0,125090922496,,linux,aarch64
ant2a68506337df039efa4f0987f8232,94.17,4,2020652,11510512353,0,0,11510512353,,android,armeabi-v7a
ant28bda57bdfa133bf0bd25be70ee5a,74.69,4,2019608,58046483005,0,0,58046483005,,android,armeabi-v7a
ant2619626fca99c35598f48730fcf2a,79.18,4,3832724,53418655744,0,0,53418655744,,android,armeabi-v7a
8ba02abc78f18c453b81512c164a923d,200.0,16,30535588,1314259992576,0,1099511627776,214748364800,,linux,x86_64
ant22e20b46fe8083569af7c5af83a3c,98.22,4,2019608,58057220423,0,0,58057220423,,android,armeabi-v7a
ant26d67e7ed05993cb5b0397e0cc62d,93.91,4,1048576,5132485918,0,0,5132485918,,android,armeabi-v7a
ant20b8d4e085de337cca5737aedecf1,85.02,4,3928064,10909216931,0,0,10909216931,,android,armeabi-v7a
ant2edcde8f4be8935e8938a4308e674,93.65,4,3704496,54621246586,0,0,54621246586,,android,armeabi-v7a
antd69920a871dbcda9a10c7beee5357,37.01,4,1909808,125090922496,0,0,125090922496,,linux,
ant26b6fc7ad21c3388db2a5b7c8f48c,107.18,4,1048576,5411658792,0,0,5411658792,,android,armeabi-v7a
ant288bf7eca08733f83afd035b891ee,68.84,4,1621396,8761733283,0,0,8761733283,,android,armeabi-v7a
anta464569152c5f435c5c936a932650,322.22,4,7835644,512174850048,0,0,512174850048,,linux,x86_64
ant2028c0b284b503f40b20c793f0e2e,77.37,4,925816,6066641305,0,0,6066641305,,android,armeabi-v7a
ant2d2f9bc1b1b313b78ae7db46f8e18,66.32,5,1941948,23847805911,0,0,23847805911,,android,armeabi-v7a
ant2ffca7a69390330ee8cdc881e5db4,54.46,4,1015940,5637144576,0,0,5637144576,,android,armeabi-v7a
ant2d96d1e4e38c930e194685972a797,34.15,4,969048,4724464025,0,0,4724464025,,android,armeabi-v7a
ant2ac3e1d17f884355b84b2c38db083,96.79,4,8388608,5637144576,0,0,5637144576,,android,armeabi-v7a
ant2b24cfe39d182325fa736447532c3,99.15,4,2020648,11735998136,0,0,11735998136,,android,armeabi-v7a
ant2b790cf0bf89b39809135c820bccd,98.07,4,2020648,3983582167,0,0,3983582167,,android,armeabi-v7a
ant22718b9ecc3f83b99928ffed4ce52,82.33,4,2055168,119668526284,0,0,119668526284,,android,armeabi-v7a
ant2115feffab38b349a9b171c3a2607,14.06,4,2019608,58035745587,0,0,58035745587,,android,armeabi-v7a
6e1d745946d628a37df6dc8b209a9490,220.0,4,8140840,536870912000,0,429496729600,107374182400,,linux,x86_64
ant2c38876aee024341d87c85e611ede,106.87,4,2093056,3414499000,0,0,3414499000,,android,armeabi-v7a
ant2cfc26762361735239f3dd4948e80,10.6,4,2054220,27358941675,0,0,27358941675,,android,armeabi-v7a
ant2bc4689ae28af3ba09fbaf42e082f,105.28,4,1919108,12305081303,0,0,12305081303,,android,armeabi-v7a
ant2b4662b4e987d37f8b5a4fd517f07,40.76,4,1003296,2233382993,0,0,2233382993,,android,armeabi-v7a
ant2011fe623cbd1351998d55d6609e5,6.76,4,2097152,4133906022,0,0,4133906022,,android,
ant2b730cded16283e6ab4b10175b4a9,55.5,4,1048576,5637144576,0,0,5637144576,,android,armeabi-v7a
ant26f2e08c7278331c0a0a0a4f45224,98.64,4,8388608,5637144576,0,0,5637144576,,android,armeabi-v7a
ant2792de4eeaec73b1a8dd3f94d404e,84.9,4,2055168,11027328532,0,0,11027328532,,android,armeabi-v7a
ant2f40732036a1f3391a22a93470dd8,46.15,4,1048576,5476083302,0,0,5476083302,,android,armeabi-v7a
ant2b09b2c4469483598ba0ad77b8097,94.92,4,2019608,27605902295,0,0,27605902295,,android,armeabi-v7a
ant2163eb148970a3893ae635f6b6296,15.05,4,2020648,3983582167,0,0,3983582167,,android,armeabi-v7a
ant21c2579a4c3b3340e81587eeff398,10.3,4,4003212,55168854917,0,0,55168854917,,android,armeabi-v7a
ant29aa5466645283e2cb98f3bf559e8,86.17,4,2053232,4166118277,0,0,4166118277,,android,armeabi-v7a
ant2ec42810406c13fc8bbd2ef7b207a,13.81,4,2054220,118487410278,0,0,118487410278,,android,armeabi-v7a
ant7c047b6e8a073547587585d370b70,17.01,6,1982068,125090922496,0,0,125090922496,,linux,aarch64
ant2f31bb7e7cc463204bd7f41e80eff,113.75,4,3616856,56414395432,0,0,56414395432,,android,armeabi-v7a
anta55ef05b50a0b1baa7ca0c5d5ee56,572.15,10,10061884,858993459200,0,0,858993459200,,linux,x86_64
ant20cef6164d8963859b61583a0e768,146.15,4,1936408,9921374453,0,0,9921374453,,android,armeabi-v7a
ant2a76be49a6df1307ab04b303435a3,78.13,4,2034576,23579370455,0,0,23579370455,,android,armeabi-v7a
ant24bbb62ae57dc399580fb47465084,7.41,4,2053196,27358941675,0,0,27358941675,,android,armeabi-v7a
ant3e28c15fd2f784399bc193f82781f,300.0,4,4002784,125090922496,0,0,125090922496,,linux,aarch64
ant209a82091504b348cbf0487f9ce3b,173.43,4,3859820,54739358187,0,0,54739358187,,android,armeabi-v7a
ant2d4fbadfc6d673896b2e421ec3c72,41.53,4,2020648,57702885621,0,0,57702885621,,android,armeabi-v7a
ant269932a7ff4be3ce184d364e8fb79,114.0,4,1484060,34230889348,8042326261,0,26188563087,,android,armeabi-v7a
ant2cdd5724606fb3953a0aa5706d473,98.99,4,2038268,116758685941,0,0,116758685941,,android,armeabi-v7a
ant255c9ef649deb3b139c4595540e8b,85.89,4,3860176,57788784967,0,0,57788784967,,android,armeabi-v7a
ant2a6911380fa7235579db9ac6fd514,161.98,4,2056184,12670153523,0,0,12670153523,,android,armeabi-v7a
ant2b1be356cd4d6317688c1e0aaa484,218.02,4,1048576,5637144576,0,0,5637144576,,android,armeabi-v7a
eecd8e3761f5afeb85b5f81b010c70e8,1000.0,28,15946332,1144286661836,0,1024242325913,120044335923,,linux,x86_64
ant2ead50c4b66be38fdb9650b7e51cb,28.05,4,2055156,3704409292,0,0,3704409292,,android,armeabi-v7a
ant2483399657e3e31ecad8bfde33343,19.56,4,2054260,12884901888,0,0,12884901888,,android,armeabi-v7a
ant20f9514143b383b0b9a19d71651b6,21.56,4,4003316,121440200294,0,0,121440200294,,android,armeabi-v7a
ant269fb7a397dbb383588ca6d6f0430,32.16,4,2055176,3178275799,0,0,3178275799,,android,armeabi-v7a
ant255508c73ea033e698298a60d9e6a,42.83,4,1015960,6249177415,0,0,6249177415,,android,armeabi-v7a
ant2cd9f29ce398037f997221e9a9c5a,76.46,4,2097152,3468186091,0,0,3468186091,,android,armeabi-v7a
ant2a47cf50617dd39e88c861fe0e9e5,55.36,4,0,1728724336,0,0,1728724336,,android,armeabi-v7a
ant2dbcba94feadd35eab8ab75bddc60,368.29,4,8388608,5476083302,0,0,5476083302,,android,armeabi-v7a
ant2a653517365e33a04b2e280c388ec,2.74,4,2020648,57702885621,0,0,57702885621,,android,armeabi-v7a
ant221e744d7d10a3dbf94032f458dd8,72.97,4,4063504,4724464025,0,0,4724464025,,android,armeabi-v7a
ant2d5271faa70d73ebea3aadbb1c63a,112.88,4,3860504,57788784967,0,0,57788784967,,android,armeabi-v7a
ant2bec87b42afdd3235b7df938dae7f,11.47,4,1048576,4885525299,0,0,4885525299,,android,armeabi-v7a
ant3751e8fa2a76e4f13e70b42537bdb,103.54,4,1909808,7838315315,0,0,7838315315,,linux,aarch64
ant205ff1ab4f84f3ee4853328719599,17.08,4,1016016,6249177415,0,0,6249177415,,android,armeabi-v7a
ant2d4969d3929343950aaeedc083ccd,14.36,4,8388608,5476083302,0,0,5476083302,,android,armeabi-v7a
ant210e68da0d3543049b8a52797611b,148.25,4,1005196,2673617141,515396075,0,2158221066,,android,armeabi-v7a
ant2f5cff3986f7834ddba8bb885a146,100.27,4,2053196,4166118277,0,0,4166118277,,android,armeabi-v7a
ant2fef04067cc7d3148a78f4f1a0b7e,48.08,4,3832724,53418655744,0,0,53418655744,,android,armeabi-v7a
9a24d458364f169008325f023db9a6d6,300.0,24,19192712,2236818967756,0,1979120929996,257698037760,,linux,x86_64
ant21dbc2379ba843cb98fb7f76888cd,23.81,4,1724724,10350871183,0,0,10350871183,,android,armeabi-v7a
ant25c89744561b936bc8c19fecc4df5,94.67,4,2056184,12670153523,0,0,12670153523,,android,armeabi-v7a
ant266de7780a6493087aa184245df53,61.18,4,1484060,56833154744,0,0,56833154744,,android,armeabi-v7a
ant222d3a2f21aaf30ff99d30df38e68,69.15,4,2052184,4048006676,0,0,4048006676,,android,armeabi-v7a
ant25292b20f54e2333ea38b483cee76,324.78,4,1005060,4713726607,0,0,4713726607,,android,armeabi-v7a
ant28007e13004203d76bf1cae5751ca,100.61,4,1015940,5637144576,0,0,5637144576,,android,armeabi-v7a
ant28911924be6d93bcb9bc0b67da522,53.22,4,2058012,27358941675,0,0,27358941675,,android,armeabi-v7a
ant29e1672b36e023073a94bc6f166e5,84.93,4,2055160,57370025656,0,0,57370025656,,android,armeabi-v7a
ant253945433d29130878b07eb58edf8,70.83,4,1048576,5411658792,0,0,5411658792,,android,armeabi-v7a
ant29cfc7516afca351f968e0c7f5180,68.33,4,2089984,3865470566,0,0,3865470566,,android,armeabi-v7a
ant2edb674d5488832b2a53603502338,61.66,4,1048576,5057323991,0,0,5057323991,,android,armeabi-v7a
ant2cb02d38acec138c3bc4c656dfd3f,5.86,4,1048576,4885525299,0,0,4885525299,,android,armeabi-v7a
ant21f999d80a0a936fd8c9da1ded950,6.9,2,987556,10436770528,5218385264,0,5218385264,,android,armeabi-v7a
ant2c5a377294cfd3311b674ccb5ab40,65.41,4,2019608,27605902295,0,0,27605902295,,android,armeabi-v7a
ant21e250fb92f963ef380242e0dea21,99.17,4,4063504,4724464025,0,0,4724464025,,android,armeabi-v7a
ant20531db8994613781afe6c806aa09,27.67,4,1048576,5637144576,0,0,5637144576,,android,armeabi-v7a
ant279e1af8567723a4e9b202df7ec49,64.94,4,2020648,3983582167,0,0,3983582167,,android,armeabi-v7a
10425cd03b11a4f6c7955d81e8df91e5,500.0,16,65954312,2413771620352,0,2199023255552,214748364800,,linux,x86_64
ant2d6f5a07844d2337591a97540b160,71.67,5,1942076,23847805911,0,0,23847805911,,android,armeabi-v7a
ant28856ffae23a33215ab48dbc5d889,42.93,4,3844876,43916040601,0,0,43916040601,,android,armeabi-v7a
4c75ba4a81cd71a390180b56a0d9b1b4,1000.0,32,32470328,2479269871615,0,1979120929996,500148941619,,linux,x86_64
ant33ea76cd0c339d3e1ca97a5b17a07,104.97,4,1909808,7838315315,0,0,7838315315,,linux,aarch64
ant2b5028ecf38113b42a167a476eab8,87.16,4,2053232,4166118277,0,0,4166118277,,android,armeabi-v7a
ant0b5564505e2b1467362da5cfb72d5,144.59,14,16123028,889058230272,0,751619276800,137438953472,,linux,x86_64
ant2acf94431f74c33feaa13627675d4,66.83,4,2055152,10866267258,0,0,10866267258,,android,armeabi-v7a
ant287793632b5a53e78a88f8580645a,99.62,4,2053196,3801046056,0,0,3801046056,,android,armeabi-v7a
ant265a9821eaaaa39d8843ded79ba92,87.77,4,3064712,53740778291,0,0,53740778291,,android,armeabi-v7a
ant28a6001706ecb3ba8b10deabbc4dc,12.42,4,3932624,28132035788,0,0,28132035788,,android,armeabi-v7a
ant201b42393c8fa3e78884265e19dea,63.72,4,2089984,4144643440,0,0,4144643440,,android,armeabi-v7a
ant2d4be3b239c53388eb3dff8325f2c,58.44,2,979736,5583457484,0,0,5583457484,,android,armeabi-v7a
ant277c7cd5aacb63535b0db2e1ccd1d,61.48,4,3860192,181741541129,123952756162,0,57788784967,,android,armeabi-v7a
ant2e12d1ce9f0a43339b1503e46078f,73.9,4,492332,5261334937,0,0,5261334937,,android,armeabi-v7a
81207d4875761bc3f75ad20ffa5f6ea9,5250.0,48,65652452,2217062118194,0,2089072092774,127990025420,,linux,x86_64
ant21979ffc53e45364ab8d93499a684,98.79,3,2026940,3983582167,0,0,3983582167,,android,armeabi-v7a
ant29c4f9fc1d0b832a5a3efc071761d,53.71,4,4063504,4885525299,0,0,4885525299,,android,armeabi-v7a
ant8f8b91b33184b8b243126f47e1993,90.53,2,4008896,85899345920,0,0,85899345920,,linux,x86_64
ant2505b0d520ce532a49b31930a67b1,115.04,4,1537840,4874787880,0,0,4874787880,,android,armeabi-v7a
ant2ae1d180aa793345e998e9a5990fa,99.59,4,2055156,118111600640,0,0,118111600640,,android,armeabi-v7a
ant066271b617bc6dab74e53e110367f,1000.0,4,8130244,193273528320,0,107374182400,85899345920,,linux,x86_64
ant20da7c623f74e3897aad2928595de,75.33,4,932580,3983582167,0,0,3983582167,,android,armeabi-v7a
ant2a76202da7d9a3c23b45a0f41e30f,42.21,4,2055160,57370025656,0,0,57370025656,,android,armeabi-v7a
ant2e05ca4c56a453a3bbd5fa04745c0,72.48,4,2054236,4080218931,0,0,4080218931,,android,armeabi-v7a
ant2922a611e54203964b01ebab95903,52.47,4,4063504,4724464025,0,0,4724464025,,android,armeabi-v7a
ant2ea51271bb2013f41b4ad71091d17,397.23,4,8388608,5637144576,0,0,5637144576,,android,armeabi-v7a
ant28b530091cfba3c3cb267faa60004,93.91,4,2055148,5884105195,0,0,5884105195,,android,armeabi-v7a
ant667562cbc9b39e13d9c17c8e67037,69.04,4,1844284,61847529062,0,0,61847529062,,linux,
ant2195b1bc576733321b4151895c0f3,61.91,4,2019608,4423816314,0,0,4423816314,,android,armeabi-v7a
ant99469ec94c6bb464affe92fc3323b,97.9,4,4002784,125090922496,0,0,125090922496,,linux,
ant9df5e964f3bffc01503b6a5bc0b42,35.0,4,1844284,62491774156,0,0,62491774156,,linux,aarch64
ant2f06643be3475364b923640f6fcf3,56.83,4,2052184,4423816314,0,0,4423816314,,android,armeabi-v7a
ant207b8b3d3022c3472bfa382fafb6b,66.93,4,1001760,254852621925,249848985026,0,5003636899,,android,armeabi-v7a
ant2e8a9245c7a043082aa401c921afa,55.73,4,2020356,12605729013,0,0,12605729013,,android,armeabi-v7a
ant2c8179f6cf11d31d08618eed8d13d,55.81,4,2055160,57370025656,0,0,57370025656,,android,armeabi-v7a
ant2b36608bbf7f7353e971824725da2,83.77,4,2055176,3178275799,0,0,3178275799,,android,armeabi-v7a
ant21a504a5c1ece3737a9b2a5e2ae83,102.7,4,2868504,53418655744,0,0,53418655744,,android,armeabi-v7a
ant2f384d36fb7463fb2a1f2ba5941a3,73.62,4,2097152,4864050462,0,0,4864050462,,android,armeabi-v7a
ant2c08599fc38283490bba40a1ac368,87.36,4,2868504,53418655744,0,0,53418655744,,android,armeabi-v7a
ant29f038a202dc83ffc86c66bfc956e,81.13,4,2055200,119077968281,0,0,119077968281,,android,armeabi-v7a
ant251ee8c00b3a838a8969fb3d79aeb,36.73,4,1048576,5540507811,0,0,5540507811,,android,armeabi-v7a
ant282d86f1df9e03534926410079b5f,69.01,4,2058024,27358941675,0,0,27358941675,,android,armeabi-v7a
ant21abe2851e5f33a6d810df7710e02,174.3,4,1957828,4187593113,0,0,4187593113,,android,armeabi-v7a
ant2814663d23a8734a3a77155b20b39,41.5,4,2055160,57370025656,0,0,57370025656,,android,armeabi-v7a
ant2f7b78316022032809cf66b13092a,56.63,4,2011412,55168854917,0,0,55168854917,,android,armeabi-v7a
ant2a2e6954be0e53c80ba9599b7d8f2,10.24,4,1048576,3833258311,0,0,3833258311,,android,armeabi-v7a
ant26af42fe8a64c33d3815c1df18ee9,72.64,4,2060824,11403138170,0,0,11403138170,,android,armeabi-v7a
ant27830af678f383cc9a1593426a411,5.81,4,1048576,5100273664,0,0,5100273664,,android,armeabi-v7a
ant2faef9b8acb773ab791b7872330f7,19.7,4,8388608,4423816314,0,0,4423816314,,android,armeabi-v7a
111ee0349383348b52b06a824415403d,500.0,16,32922808,1314259992576,0,1099511627776,214748364800,,linux,x86_64
ant1b24301dbc8f84431543d315ca3fe,174.53,4,8126804,274877906944,0,0,274877906944,,linux,x86_64
ant559b42852f4a83fc81686975260f1,728.18,4,1909808,263925740339,256087425024,0,7838315315,,linux,aarch64
ant23fc1db36d0cc3a65976776dcd65c,146.27,4,4003316,121418725457,0,0,121418725457,,android,armeabi-v7a
ant227a6dfbe0133369a88b6d22ecdba,65.5,4,2761608,25512105738,0,0,25512105738,,android,armeabi-v7a
ant2e98a3c79438f34d390b2d3123613,86.96,4,3064712,86489903923,62910533468,0,23579370455,,android,armeabi-v7a
ant213ed687b2abb3ef6af54358c53d6,195.59,4,2011148,8761733283,0,0,8761733283,,android,armeabi-v7a
4bd4d1554177009e7a8ce6f00832b7a7,2000.0,32,24351976,1924145348608,0,1649267441664,274877906944,,linux,
ant2928a0e12a3aa379da12efd0ec3bb,29.9,4,3763028,120914066800,0,0,120914066800,,android,armeabi-v7a
ant27209c940ff083cfcaa81f4bcab10,18.44,4,2055024,118648471552,0,0,118648471552,,android,armeabi-v7a
antbeaa43d154790e1660674dcbb6d61,96.29,4,1909808,125090922496,0,0,125090922496,,linux,
ant2e2b77bc684863515a1ec147317ae,45.08,4,2053132,11639361372,0,0,11639361372,,android,armeabi-v7a
ant2a6555c99d6e038498cc689796fbc,62.01,4,843292,51335596605,0,0,51335596605,,android,armeabi-v7a
ant7df7d386ebc58f6be4c2c9d7a7073,51.5,4,1844284,7838315315,0,0,7838315315,,linux,aarch64
ant230e746632c6730fa9aa4a651e6b9,79.92,4,2093056,11553462026,0,0,11553462026,,android,armeabi-v7a
ant24c212349a3263bdab2d849e3ba14,266.3,4,8388608,5476083302,0,0,5476083302,,android,armeabi-v7a
ant25a6c00dcddb4334b91874502ec12,4.21,8,2841720,27391153930,0,0,27391153930,,android,armeabi-v7a
ant2ad47061257883832aafdc38e1614,50.0,4,2020652,3854733148,0,0,3854733148,,android,
ant883b4d6614d201a94886a7e2ebfd4,31.45,4,1909808,125090922496,0,0,125090922496,,linux,
antf730e71072550af507469d836c44b,760.0,4,1909808,125090922496,0,0,125090922496,,linux,aarch64
ant257751e51480730d48fecc590d4ee,100.93,4,2055156,118111600640,0,0,118111600640,,android,armeabi-v7a
ant2750b7acc22113450b3d50994880f,431.6,4,8388608,5637144576,0,0,5637144576,,android,armeabi-v7a
antf0e312060250b7a6755e22256cff4,104.79,4,1909808,123695058124,0,0,123695058124,,linux,
d0d1f687e547d5b6ab79cbe2f79de444,990.0,32,32514988,2329160764620,0,2089072092774,240088671846,,linux,x86_64
ant23f19d28d1ae6367dbc89a9763fc3,18.41,4,4003316,121418725457,0,0,121418725457,,android,armeabi-v7a
ant2fa06d182462932d7bbd5e2610274,7.76,4,2053196,57799522385,0,0,57799522385,,android,armeabi-v7a
ant38f6d53213affeef9726fb348092c,833.03,16,7928776,512174850048,0,0,512174850048,,linux,
ant217eae348d78637aebd4423f8ce90,69.72,4,2020652,27283779747,246960619,0,27036819128,,android,armeabi-v7a
ant2b5688cd2b36431deb82dbc2fab6a,61.86,4,1048576,4724464025,0,0,4724464025,,android,armeabi-v7a
ant20427b3a0bc0e310b9f7d98dc3d44,48.21,4,1938832,27391153930,0,0,27391153930,,android,armeabi-v7a
ant2bc77b13534f13be2b399b572c074,92.23,4,33554432,274877906944,0,0,274877906944,,android,armeabi-v7a
ant26fa174236eff303db069e4c132e4,46.38,4,2025236,10930691768,0,0,10930691768,,android,armeabi-v7a
ant215228b273f0e39bd9e25ad7986d7,80.32,4,3832724,53418655744,0,0,53418655744,,android,armeabi-v7a
ant5f707a2ff449615ab009936d2ce69,116.0,4,7891868,368078697266,0,240088671846,127990025420,,linux,
e68bd363c9b6adb4f3fb1a9f51225bd1,1800.0,32,65590348,4013217441382,0,3738339534438,274877906944,,linux,x86_64
ant227a5807b7b4635ea9192d9b14ed1,28.02,4,4063504,4724464025,0,0,4724464025,,android,armeabi-v7a
ant2ccf24c3b8e5f3cf9af47e5c22c76,101.5,4,2024280,58744415191,0,0,58744415191,,android,armeabi-v7a
ant2b254fb30b00a36fa987988a4ce5c,96.37,4,2055156,118111600640,0,0,118111600640,,android,armeabi-v7a
ant2677616c80fcf3622b4eca26691ef,76.89,4,4003316,56489557360,0,0,56489557360,,android,armeabi-v7a
ant99b093e6c52cff4c700ffaf34c1d2,947.53,4,4044508,42949672960,0,0,42949672960,,linux,x86_64
ant2990467abcbfb3832b8e203801bb2,148.52,4,1048576,5637144576,0,0,5637144576,,android,armeabi-v7a
ant2460af48097113040888b9d37d343,152.23,4,8388608,5637144576,0,0,5637144576,,android,armeabi-v7a
ant26a868e9cfe3637838d4dcae5f364,99.0,4,2089984,4144643440,0,0,4144643440,,android,armeabi-v7a
ant228edfb9a4ab938809231228515cd,25.04,4,1048576,5637144576,0,0,5637144576,,android,armeabi-v7a
ant247b06486542030ccaf6e3530002a,41.86,4,2093056,3038689361,0,0,3038689361,,android,armeabi-v7a
ant24f424765822338f799da18172cad,107.37,8,3832064,53526029926,0,0,53526029926,,android,armeabi-v7a
ant92452a2fb5a93eaf7287c0f53c82d,210.85,4,1909808,125090922496,0,0,125090922496,,linux,
ant254f3dd5352583a3689ec627c3b62,122.37,4,8388608,5476083302,0,0,5476083302,,android,armeabi-v7a
ant2abf4a0f0667f33c59f7ffa5b5441,59.53,4,2042788,25308094791,0,0,25308094791,,android,armeabi-v7a
ant2aff851c7f173305aaed127e8a5a2,6.72,4,2055160,3650722201,0,0,3650722201,,android,armeabi-v7a
ant265a3fd2daf133f6d906f3a3ffd27,30.0,4,2020652,3758096384,0,0,3758096384,,android,
ant2f44f96e2e87834ca870c5115a76b,81.29,2,4096000,5604932320,2802466160,0,2802466160,,android,armeabi-v7a
ant2738454735630372c9c4c02867047,205.78,4,1048576,4928474972,0,0,4928474972,,android,armeabi-v7a
ant28dbb43518e7c3474860bd392f54b,188.59,4,8388608,5476083302,0,0,5476083302,,android,armeabi-v7a
ant29a8d5644cf45340490b735763882,34.74,4,2056184,12670153523,0,0,12670153523,,android,armeabi-v7a
a04d606662126ea7d805e24f204234b4,950.0,24,32533688,2219209601842,0,1979120929996,240088671846,,linux,x86_64
ant2d0fa371ca0c8383bb945bd9b8150,12.53,4,4063504,4724464025,0,0,4724464025,,android,armeabi-v7a
ant2020579d4043c3b20aca700dec3c9,94.07,4,4003376,121440200294,0,0,121440200294,,android,armeabi-v7a
ant2b66b1823b5ea386d923441f402b0,182.6,4,3832724,53418655744,0,0,53418655744,,android,armeabi-v7a
ant2442f352797e3375897b249ea9af9,98.53,4,4003212,115470195752,0,0,115470195752,,android,armeabi-v7a
ant2230e6c9121d53f7e87c0785106c2,56.67,4,3655952,54750095605,0,0,54750095605,,android,armeabi-v7a
ant2519508e7ed813e278a3ff57beba2,73.88,4,2970676,46976204800,0,0,46976204800,,android,armeabi-v7a
ant2372e67ee16803b25b40dc8209ed3,65.23,4,2055160,118648471552,0,0,118648471552,,android,armeabi-v7a
ant9bb6c7e6858850b597781a891b499,37.1,4,1903340,7838315315,0,0,7838315315,,linux,aarch64
ant2ac2467c7401533cab7d9e9c93dd5,147.91,4,2054232,1051440206314,1048541103390,0,2899102924,,android,armeabi-v7a
ant29c8a9126527634c0966cab20b302,67.99,4,1048576,4724464025,0,0,4724464025,,android,armeabi-v7a
25bfb529dcf6dcc9c7be8b328471f269,3000.0,64,65602936,36873904848891,28477351159397,7916483719984,480069969510,,linux,x86_64
ant25f9efce86ba139838d186c46647e,133.88,5,1941948,23847805911,0,0,23847805911,,android,armeabi-v7a
ant24e6d0d82eb1535208d29ce752344,44.76,4,2868504,53418655744,0,0,53418655744,,android,armeabi-v7a
ant233c08c0c1f6b36a9929f7b83a381,91.49,4,2019608,27605902295,0,0,27605902295,,android,armeabi-v7a
ant25269cdbd7bc137e2a7e41280d078,77.63,4,2058012,27358941675,0,0,27358941675,,android,armeabi-v7a
ant20e961a6371ce3763b5c1008d4a86,101.57,4,2020648,4080218931,0,0,4080218931,,android,armeabi-v7a
ant2235e131eb861310c89d4fdd094a7,78.83,4,2055160,118648471552,0,0,118648471552,,android,armeabi-v7a
ant2913d5707023e32a2b83120b68116,108.99,0,1885820,27326729420,0,0,27326729420,,android,armeabi-v7a
6c67423691e2e1b0c0ca0838436e5d45,150.0,4,8141844,536870912000,0,429496729600,107374182400,,linux,x86_64
ant2d52ee3dcdbaa3f5b8cd2fa616f14,83.64,4,1048576,4885525299,0,0,4885525299,,android,armeabi-v7a
ant24687fda224273ea0b14596154526,42.17,4,1048576,5282809774,0,0,5282809774,,android,armeabi-v7a
ant2056d85c6262430d68e84a287c6cc,181.37,4,2625864,117499567799,257698037,0,117241869762,,android,armeabi-v7a
ant21eede4c1f868338985bb33f6ba95,340.19,4,1048576,5476083302,0,0,5476083302,,android,armeabi-v7a
ant4c38707613d8f5d439c719855f1a2,100.95,2,1014720,0,0,0,0,,linux,aarch64
ant2b8fdbe0e56503b63808d5bb7a9ae,52.06,4,964040,5132485918,0,0,5132485918,,android,armeabi-v7a
ant2bfee5a8abe20346da0ca34e02643,93.63,4,4161688,32749125632,0,0,32749125632,,android,armeabi-v7a
ant29ca2734ebe043b26be1219570548,78.15,4,1048576,5100273664,0,0,5100273664,,android,armeabi-v7a
ant202f68bcec8753d3eb09b9097a523,86.48,4,3860192,59882581523,2093796556,0,57788784967,,android,armeabi-v7a
ant2e695502136973c6b80336721828a,20.11,4,3704644,54621246586,0,0,54621246586,,android,armeabi-v7a
ant28186bb153d36362b9cecc76cba32,62.44,4,2026968,4048006676,0,0,4048006676,,android,armeabi-v7a
4a6d30e0f1d5c78cbd610e63f32cb792,1000.0,24,32599604,2219209601842,0,1979120929996,240088671846,,linux,x86_64
ante0158bd77684797a5e2338dd3ae1a,325.91,6,3759088,487908284825,0,480069969510,7838315315,,linux,aarch64
antd43fb159c35f9bc4add2fe0738ff0,983.73,24,32535992,1240279180902,0,1000190509056,240088671846,,linux,
ant2a130b006ab113445817b0e3c0582,83.06,4,3832724,53418655744,0,0,53418655744,,android,armeabi-v7a
ant28fe98d36c2793be0b7143616865e,6.22,4,2019608,27605902295,0,0,27605902295,,android,armeabi-v7a
ant2706fd4fe4a9735b4a0d77d75ae59,50.18,4,2058012,27358941675,0,0,27358941675,,android,armeabi-v7a
ant247b5ac5c0aec3ab38291344de95c,126.22,4,1009628,4928474972,0,0,4928474972,,android,armeabi-v7a
ant2ceb569960c7a340c830f70114420,86.72,4,3844876,106450764431,0,0,106450764431,,android,armeabi-v7a
ant23ad57f0acab732b4aa6e5f363198,83.84,4,3844196,43916040601,0,0,43916040601,,android,armeabi-v7a
ant2fb5c63aa9442364d896fe35d0970,11.42,4,2055164,5551245230,0,0,5551245230,,android,armeabi-v7a
ant2b7d649a0d57a330396e3d2380570,83.95,4,2055356,3156800962,0,0,3156800962,,android,armeabi-v7a
ant2820a2748dfd83420acb1fc8adf41,91.15,4,4003212,115470195752,0,0,115470195752,,android,armeabi-v7a
ant2d677eb21090b316d8e02fec1c9f1,18.99,4,2020652,3758096384,0,0,3758096384,,android,armeabi-v7a
d3d66b44ca76e6d895dd5feb510e5f31,500.0,16,32922800,4395469530726,0,4288095348326,107374182400,,linux,x86_64
ant29cdbe09d36db3af6b9ffdd3b76ba,534.82,4,1048576,5637144576,0,0,5637144576,,android,armeabi-v7a
ant276dacb71465235f19d0225748b40,80.37,4,2978932,46976204800,0,0,46976204800,,android,armeabi-v7a
ant2b859a74dedc7382bb034eda5b33b,86.82,4,1537836,4874787880,0,0,4874787880,,android,armeabi-v7a
ant26de5fd12eab133888a7dc9bcf9fa,79.18,4,2055084,4144643440,0,0,4144643440,,android,armeabi-v7a
ant2e34d1e1ad8833e0ab5e8b54e132c,82.89,4,2044464,27734751313,0,0,27734751313,,android,armeabi-v7a
ant2617b637d039f3739913e1d3ab006,81.08,4,1048576,4928474972,0,0,4928474972,,android,armeabi-v7a
ant2c0847ba5ad2d3602befbb18f810b,84.56,4,2052184,27605902295,0,0,27605902295,,android,armeabi-v7a
ant2ab908b312760346ebed288f325fd,41.39,4,2093056,3038689361,0,0,3038689361,,android,armeabi-v7a
ant119c219335e96f95438f026c87823,92.47,8,4018748,83751862272,73014444032,0,10737418240,,linux,x86_64
ant28592e82ab52e3a4e95925a80c6b7,93.61,4,8388608,4724464025,0,0,4724464025,,android,armeabi-v7a
ant2532a0ec884b03941852347881470,29.07,4,2052184,4327179550,0,0,4327179550,,android,armeabi-v7a
ant2c4098acf8f4f33b69af02ec3981c,101.62,4,4003212,115502408007,0,0,115502408007,,android,armeabi-v7a
ant2e98ae6fe233933d3a49b6bae452c,9.01,4,2055160,57370025656,0,0,57370025656,,android,armeabi-v7a
ant2c5e055d6f945386cae191ee5857b,62.09,4,2045948,2780991324,0,0,2780991324,,android,armeabi-v7a
47b42fb58c98a83971d82b5d7eafba01,2500.0,32,65558684,4308281694617,0,4068193022771,240088671846,,linux,x86_64
ant2b9e1e36c825a3671ab4d2a64f688,56.31,4,8388608,4885525299,0,0,4885525299,,android,armeabi-v7a
ant28f2d0566df1b318b9adb62650ac2,117.26,4,2060824,11403138170,0,0,11403138170,,android,armeabi-v7a
ant28b05c7a90260345097aad69dd7af,57.95,4,2055160,57370025656,0,0,57370025656,,android,armeabi-v7a
ant258427330f60239598c75f160e486,73.68,4,2019608,58046483005,0,0,58046483005,,android,armeabi-v7a
ant2c9868cace5393940a52835d72eec,412.2,4,1015940,5637144576,0,0,5637144576,,android,armeabi-v7a
34ff97236e6978b37dd1d58e92d797a9,1000.0,24,32779100,2219209601842,0,1979120929996,240088671846,,linux,x86_64
ant2c0f809ce71473016a0da0be93f18,83.71,4,2053196,4058744094,0,0,4058744094,,android,armeabi-v7a
ant2647ed425eaa63aa6b56390e86475,58.06,4,2058012,27358941675,0,0,27358941675,,android,armeabi-v7a
ant241c18d03df763499a2b019e83346,244.63,4,8388608,5476083302,0,0,5476083302,,android,armeabi-v7a
ant22dd3eeb634883b27b025de277a91,88.16,4,8388608,5637144576,0,0,5637144576,,android,armeabi-v7a
ant2853d71e890513caf83031b35e3f1,99.41,4,4063504,4724464025,0,0,4724464025,,android,armeabi-v7a
ant1258689b818237529cb68914e48d5,128.31,4,1909808,125090922496,0,0,125090922496,,linux,aarch64
ant27d1c936e022f339885440ff91919,99.35,4,2019608,27605902295,0,0,27605902295,,android,armeabi-v7a
ant2912c973b760439ebb6d355d062f4,61.36,4,4003376,121440200294,0,0,121440200294,,android,armeabi-v7a
ant20fa93fc87e0637379fe4084281d7,65.82,4,2034640,8504035246,0,0,8504035246,,android,armeabi-v7a
ant2c862dff574ab3103a8e62c3cea5c,71.4,4,8388608,5637144576,0,0,5637144576,,android,armeabi-v7a
ant2d084a8cdcc8635ce9eeac8eab3ec,88.43,4,1048576,5637144576,0,0,5637144576,,android,armeabi-v7a
ant2696f639d600d3485a5a17cc07566,53.33,4,2038268,116758685941,0,0,116758685941,,android,armeabi-v7a
ant2f5acc4ed1c7c3b3eac833f755624,85.15,4,4063504,4724464025,0,0,4724464025,,android,armeabi-v7a
ant2a0848d30e059347f9c9b44443a4c,98.86,4,2055152,10866267258,0,0,10866267258,,android,armeabi-v7a
ant2e41323df4d1a3e2bb26a56ff061b,7.17,4,1015940,5476083302,0,0,5476083302,,android,armeabi-v7a
ant2c19b5ec1abea312b969901df1fe9,334.4,4,8388608,5476083302,0,0,5476083302,,android,armeabi-v7a
ant22da4e8732a3f34689985b6a02004,81.74,4,2868504,53418655744,0,0,53418655744,,android,armeabi-v7a
ant24ba73f31cc813079974345fe48ba,7.38,4,2053200,3801046056,0,0,3801046056,,android,armeabi-v7a
ant20ebb4103728138cbb7dda7b3330d,10.66,4,1048576,5100273664,0,0,5100273664,,android,armeabi-v7a
ant2d404557486b33ed49fa28db85201,552.46,4,33554432,274877906944,0,0,274877906944,,android,armeabi-v7a
ant2077ea8b865403b8d9da0ee39646f,317.44,4,2054152,34885871861,31696858644,0,3189013217,,android,armeabi-v7a
ant2a943314ac9053ea68a5c2f4db8af,91.58,4,3832724,53418655744,0,0,53418655744,,android,armeabi-v7a
ant5ce4e60871cfc87633d52d92616e6,128.83,4,4002784,125090922496,0,0,125090922496,,linux,
ant2b5050534e667347cb62506bc404d,50.38,4,1048576,5637144576,0,0,5637144576,,android,armeabi-v7a
ant22bfba00927a53864b5e357fe3a24,374.75,4,8388608,5637144576,0,0,5637144576,,android,armeabi-v7a
ant2b738551500ac3ac0862f27453fe1,288.92,4,8388608,5637144576,0,0,5637144576,,android,armeabi-v7a
ant2810971081ff2380aa4e49dc96c2b,86.7,4,2097152,46246060358,34349000949,0,11897059409,,android,armeabi-v7a
ant2e5828ed27b9a347b85ad0095f41c,55.14,8,7600736,243760868884,0,0,243760868884,,android,armeabi-v7a
ant264da5acc34613b4daa5482016b45,82.24,4,1048576,5175435591,0,0,5175435591,,android,armeabi-v7a
ant2599685b5e7c03842ade88f0b9dc2,411.44,4,1015940,5476083302,0,0,5476083302,,android,armeabi-v7a
ant27a26d897e1713f6b82d3b02aff36,82.56,4,1048576,4509715660,0,0,4509715660,,android,armeabi-v7a
ant2cf460c4e1e673797a52fa1167b86,106.33,4,2011148,8761733283,0,0,8761733283,,android,armeabi-v7a
ant215ab3aff4eba32a4b2be38b33e59,91.32,4,2868504,53418655744,0,0,53418655744,,android,armeabi-v7a
ant2b93820675ae832aebbb3146f5a3e,72.53,4,4063504,4724464025,0,0,4724464025,,android,armeabi-v7a
ant265b9ceb91c1d373e91f7b13d0e22,70.1,4,2019608,58046483005,0,0,58046483005,,android,armeabi-v7a
ant3ce75140164e4b71039efb3656cda,96.67,6,3888132,10737418240,0,0,10737418240,,linux,
ant205035b22b2e73ce4a1ecebb8ac56,196.89,4,8388608,5476083302,0,0,5476083302,,android,armeabi-v7a
ant28aec3289e646357bb99fcc8ba4e5,56.07,4,2625864,24255827804,0,0,24255827804,,android,armeabi-v7a
ant2c1d1f37a0e8e3fc98fd91a09ecb6,86.03,4,3844872,43916040601,0,0,43916040601,,android,armeabi-v7a
ant27fed35f629f93948906d6181ba6a,72.99,4,2625864,24255827804,0,0,24255827804,,android,armeabi-v7a
ant274d712e09c5c3d6898d4abae64fc,522.68,4,1048576,5476083302,0,0,5476083302,,android,armeabi-v7a
ant29549dbe4882237a894aedf51bd83,41.63,4,1048576,5100273664,0,0,5100273664,,android,armeabi-v7a
ant2d3fc1397b3d1346793d5e6336feb,13.42,4,1048576,5100273664,0,0,5100273664,,android,armeabi-v7a
ant23739e96f41c83f94ad9b9d67c5ef,5.77,4,8388608,5637144576,0,0,5637144576,,android,armeabi-v7a
ant29e4cc6a01e5d3f339bab8b695c35,88.64,4,2020372,58572616499,0,0,58572616499,,android,armeabi-v7a
ant2ae2631ea571e3b1c9d741bd3f3c1,202.2,5,1942140,23847805911,0,0,23847805911,,android,armeabi-v7a
ant21bddedcd57eb32629fe811deab94,5.08,4,2053196,27358941675,0,0,27358941675,,android,armeabi-v7a
ant2d5ba89269fe03438bde483b66a3b,6.43,4,16777216,137331579289,0,0,137331579289,,android,armeabi-v7a
ant0d42e0aa137f5562bbc10f7da147b,74.44,4,4002784,125090922496,0,0,125090922496,,linux,aarch64
ant277a24825b0e0310ebbb61ba6a57f,78.99,4,33554432,2555505541,0,0,2555505541,,android,armeabi-v7a
ant28181024cf48c30bf9f7e8daa54d9,50.86,4,16777216,4928474972,0,0,4928474972,,android,armeabi-v7a
ant2dd6edb42abe43b569de8a238c024,8.21,4,2052184,27605902295,0,0,27605902295,,android,armeabi-v7a
ant4916678718cd09e9d12c69ec3c0e6,99.08,4,2020652,118755845734,0,0,118755845734,,android,armeabi-v7a
ant2e8d757cf8933304284b72a1d2d62,79.52,4,4003316,121418725457,0,0,121418725457,,android,armeabi-v7a
ant2e63f060fff233d3cb24974c6818d,99.23,4,1048576,4552665333,0,0,4552665333,,android,armeabi-v7a
ant25563f434890731cb832cc0c685f1,90.13,2,1505292,4928474972,0,0,4928474972,,android,armeabi-v7a
ant2aba4d59558bd3757bfbd7c9e7b98,27.66,4,1048576,4724464025,0,0,4724464025,,android,armeabi-v7a
ant2cad2633cdd62398389b8b7799d0c,21.62,4,8388608,5476083302,0,0,5476083302,,android,armeabi-v7a
ant2ad02528f3f413f325c90b94dd694,83.39,16,16122572,889058230272,0,751619276800,137438953472,,linux,x86_64
ant2dfd61d45519137668883c32b8acd,15.68,4,8388608,4885525299,0,0,4885525299,,android,armeabi-v7a
ant25ab866f600063433b30231a452a5,21.14,8,5769036,110004849868,0,0,110004849868,,android,armeabi-v7a
ant2c0b9ed9248ff3bc083b866469a9a,429.74,4,8388608,5637144576,0,0,5637144576,,android,armeabi-v7a
ant215269897d4d23e9c9d38b54ab540,91.63,4,1048576,5175435591,0,0,5175435591,,android,armeabi-v7a
ant38f9c5d9592e79ca689bf24e42c2f,104.32,4,1909808,7838315315,0,0,7838315315,,linux,
ant20bde63d6f13f36f0b0a22227d0d6,103.3,4,1048576,5433133629,0,0,5433133629,,android,armeabi-v7a
ant202431f2be77c3bb8ac3d6ca26700,10.01,4,1048576,5175435591,0,0,5175435591,,android,armeabi-v7a
ant21075f74014d23b31b5860bf001e6,70.7,4,1048576,5411658792,0,0,5411658792,,android,armeabi-v7a
ant475e9358cd4beb4c1ffeab9973225,336.84,4,1015976,6249177415,0,0,6249177415,,android,armeabi-v7a
ant26dbc7f10014d3a34a64b5727247b,95.69,4,3704664,54621246586,0,0,54621246586,,android,armeabi-v7a
ant2945d457e8f5539078f91d98a9ccd,44.61,4,1048576,4080218931,0,0,4080218931,,android,armeabi-v7a
ant53acfd395457e66e09078138df55d,99.06,4,813632,62491774156,0,0,62491774156,,linux,
ant2d8bbd8452b4933da87c1610b5c8b,99.98,4,2048076,118498147696,0,0,118498147696,,android,armeabi-v7a
22edc8804a7747751e7411da95064810,7000.0,48,63938516,8889830683439,0,7929583370236,960247313203,,linux,x86_64
ant2e7fb63e748bb3526b40342f94a8a,100.81,4,1048576,5411658792,0,0,5411658792,,android,armeabi-v7a
ant21aeb791e49073a7f9d4ff7228cb4,216.73,4,1048576,5476083302,0,0,5476083302,,android,armeabi-v7a
ant23bebfe71ef86384c9a4d264a9176,115.78,4,1017500,4627827261,0,0,4627827261,,android,armeabi-v7a
ant2aafe69b84d783e17a07bfd594483,80.51,4,3093580,57799522385,0,0,57799522385,,android,armeabi-v7a
ant2b6b3f1c79a02314087521f5a4ffc,93.09,4,1009024,5261334937,0,0,5261334937,,android,armeabi-v7a
ant7c53c481e199a7aff30413983e8e4,427.99,4,1748500,0,0,0,0,,linux,aarch64
ant20f03354bd54834d7a8b6bb8de1f2,100.25,4,3848248,116361401466,0,0,116361401466,,android,armeabi-v7a
ant227e59c3a22523be6a3fceb499d82,13.12,4,2020648,3983582167,0,0,3983582167,,android,armeabi-v7a
ant2d2e68586266d349f9a2ebbd677a9,93.91,4,2020652,3758096384,0,0,3758096384,,android,armeabi-v7a
ant25f0e135a92c4322b9932345fe19d,70.57,4,2019608,27605902295,0,0,27605902295,,android,armeabi-v7a
de04e77b00714a1daa9f9bf4a43aea63,666.0,64,32571092,600006931250,300003465625,0,300003465625,,linux,x86_64
ant2cd81e86bad9a3cba885bb70cf385,44.59,4,1016016,6249177415,0,0,6249177415,,android,armeabi-v7a
ant209ef43aa654e3744aeb1bd5d908f,74.1,4,2053228,4080218931,0,0,4080218931,,android,armeabi-v7a
ant217f4f7c1954d35fca5f1ef059652,72.4,4,2026688,3919157657,0,0,3919157657,,android,armeabi-v7a
ant26eb235e872f13866a49d10db44a7,64.72,4,1048576,5100273664,0,0,5100273664,,android,armeabi-v7a
ant21d360b6b2c2b3bed80e8fdc47808,77.52,4,2055160,508491915591,500105991946,0,8385923645,,android,armeabi-v7a
ant2705bdc2faba33ddcbed9219b14e0,68.07,4,4003212,115470195752,0,0,115470195752,,android,armeabi-v7a
ant2cbda3616fc44387590c515afd59e,71.97,4,2055160,3543348019,0,0,3543348019,,android,armeabi-v7a
ant2802a598c150437089a4876422aec,94.76,4,1537844,4874787880,0,0,4874787880,,android,armeabi-v7a
ant2273bc9f5e631394d9662b40fec96,54.41,4,3687536,147231478906,31041876131,0,116189602775,,android,armeabi-v7a
ant207c792f059d9334280633e9ac296,14.18,4,8388608,5637144576,0,0,5637144576,,android,armeabi-v7a
ant3c1a24cf2fc2a855bf11059a311d0,98.6,4,1909808,7838315315,0,0,7838315315,,linux,aarch64
ant2d4c3514c2613367aa60aace673be,38.77,4,2054260,58851789373,0,0,58851789373,,android,armeabi-v7a
ant258f1fb0177363c36a8df68283fae,4.37,4,8388608,5476083302,0,0,5476083302,,android,armeabi-v7a
ant50498bb10f7314e19065fde9a7a00,438.12,6,5946372,322122547200,0,0,322122547200,,linux,x86_64
ant2f1b7f22a36e33e9b9235d894c46f,91.74,4,1015940,5637144576,0,0,5637144576,,android,armeabi-v7a
ant20bbe1e95692530138ed6b7bf6e44,38.83,3,2060824,3650722201,0,0,3650722201,,android,armeabi-v7a
700e0d6b573dd830d80600ce3cd02aee,1500.0,64,65443024,3444671145574,0,3188583720550,256087425024,,linux,x86_64
ant2c501870f402938dfafbb4ba50b23,77.75,4,2052184,4048006676,0,0,4048006676,,android,armeabi-v7a
ant25cd59a211e5e3ad998c820424393,94.15,4,2055164,5551245230,0,0,5551245230,,android,armeabi-v7a
ant25916cdb781c738d98c9552d5b5d9,127.85,8,2892568,25136296099,0,0,25136296099,,android,armeabi-v7a
ant2bce4ab35aaee3cd08194896c3d1c,93.14,4,2020648,57702885621,0,0,57702885621,,android,armeabi-v7a
ant2b586731cd51933e4994980d192f7,373.92,4,1015876,5594194903,0,0,5594194903,,android,armeabi-v7a
ant21a642dca99b035f79c5f710473f8,9.05,4,1048576,5111011082,0,0,5111011082,,android,armeabi-v7a
ant2865d5681c1023de5bcefa843f4af,44.36,4,1048576,5476083302,0,0,5476083302,,android,armeabi-v7a
ant248c4a2b7042534d89c7059e5b51b,62.38,4,2020648,11735998136,0,0,11735998136,,android,armeabi-v7a
ant2513001c16bc6330da712b3376f58,12.79,4,8388608,5637144576,0,0,5637144576,,android,armeabi-v7a
ant265257f5aee923978828441c3e51a,78.55,4,3027824,19917910834,118111600,0,19799799234,,android,armeabi-v7a
ant2a9384ce585d83910816139562f58,398.45,4,8388608,5637144576,0,0,5637144576,,android,armeabi-v7a
ant20c7f1530bae4383f9eaccdda580e,95.46,4,1015940,5637144576,0,0,5637144576,,android,armeabi-v7a
ant2279bad97402d3f488774749d0cc2,102.45,4,8388608,5637144576,0,0,5637144576,,android,armeabi-v7a
ant210a9326c03e0390c984d229f2416,184.51,5,2971064,23847805911,0,0,23847805911,,android,armeabi-v7a
ant27fc924b463c83b3a9d8e4ba67b10,178.87,4,3704664,54621246586,0,0,54621246586,,android,armeabi-v7a
ant224cec6723c5134e482c8efa19f0a,51.84,4,2058020,58014270750,0,0,58014270750,,android,armeabi-v7a
ant29a34627a87743fa7917425baa1d8,117.91,4,2055160,57370025656,0,0,57370025656,,android,armeabi-v7a
ant295e813c242283085ac1b5acce64b,93.5,4,2055192,119324928901,0,0,119324928901,,android,armeabi-v7a
ant2280f5d80a52f3f3eb352821701cb,74.91,4,8388608,5637144576,0,0,5637144576,,android,armeabi-v7a
ant2ceb009c575b03ad3b0e03758ecd0,39.36,4,8388608,5476083302,0,0,5476083302,,android,armeabi-v7a
ante3a758ce2b8cc9c2b59eb77b41470,28.9,4,1909808,123695058124,0,0,123695058124,,linux,
ant23a4faa3071c53590a1a015dc010c,102.48,4,1018096,5132485918,0,0,5132485918,,android,armeabi-v7a
ant277c1302b3d513ed3a463cb4a72e1,148.29,4,2089984,12025908428,0,0,12025908428,,android,armeabi-v7a
ant281bf4b1385233edf8c7d598a0cd3,305.84,4,1048576,5057323991,0,0,5057323991,,android,armeabi-v7a
ant2c1a44a81ef6938cbb3c501eaccce,25.48,4,8388608,5476083302,0,0,5476083302,,android,armeabi-v7a
ant299a28b2660303a2a936283035b40,410.22,4,1015940,5637144576,0,0,5637144576,,android,armeabi-v7a
ant22db887d2ca4835fb835586ec6dfc,20.77,4,3832724,53676353781,257698037,0,53418655744,,android,armeabi-v7a
ant287d9edd2bebc336ea137361408f3,28.02,4,969048,4885525299,0,0,4885525299,,android,armeabi-v7a
ant2995f0d84fb1b3c1bb1417c39ee49,94.52,4,4003316,121236189347,0,0,121236189347,,android,armeabi-v7a
ant2af2e3ca8b24b3094b234e9da38c9,53.66,4,2097152,25930865049,0,0,25930865049,,android,armeabi-v7a
ant21dfefcdb2dbe36f3a5acb4aac890,100.97,4,1048576,5175435591,0,0,5175435591,,android,armeabi-v7a
ant28d6f282c26b33dcfbc171dde4322,416.02,4,1015940,5637144576,0,0,5637144576,,android,armeabi-v7a
4adb4d4a143f41298c37b64e962df8da,2700.0,32,65495580,4324280447795,0,4068193022771,256087425024,,linux,x86_64
ant239e405c8020936f1b327709b043d,65.98,5,2971064,54009213747,0,0,54009213747,,android,armeabi-v7a
9d5a5f3b1bae458293ce7d52f4f821c2,2000.0,28,32145416,2097232530636,0,1979120929996,118111600640,,linux,x86_64
ant20f5bc2cc7fb23cdfbc58d2e90f94,18.26,4,1015940,5476083302,0,0,5476083302,,android,armeabi-v7a
ant2bdb15638ac553f9d8f4bb799cc8a,5.76,4,1015836,1202590842,0,0,1202590842,,android,armeabi-v7a
ant217d5daea16823f04a49bf91ff76c,22.3,4,1015672,5304284610,0,0,5304284610,,android,armeabi-v7a
ant2d2c7494c20363712996165fa08af,11.21,4,2020648,3983582167,0,0,3983582167,,android,armeabi-v7a
ant2d4dcf449d2633e7693c638f5b6e8,94.13,4,2020648,57702885621,0,0,57702885621,,android,armeabi-v7a
ant284a80b2b354a38daa809ef14961c,232.54,4,2097152,5637144576,0,0,5637144576,,android,armeabi-v7a
ant208b9989dcab931d2b09b2c38cf2d,128.63,4,4003380,121440200294,0,0,121440200294,,android,armeabi-v7a
a9de5b2d08bd4d5777ffd23bde1ae309,220.0,4,8140832,536870912000,0,429496729600,107374182400,,linux,x86_64
ant2356d656f793b331fa5f014dcc611,70.89,4,1048576,5111011082,0,0,5111011082,,android,armeabi-v7a
ant204a7a063aa0630bd97948aa7c0f7,148.66,7,3826924,118122338058,0,0,118122338058,,android,armeabi-v7a
ant23bb9235d76623240ac1ab11bcfcc,87.48,4,3832448,53418655744,0,0,53418655744,,android,armeabi-v7a
ant284bf84c3e971342ca27c4fd98ffb,151.43,4,8388608,5637144576,0,0,5637144576,,android,armeabi-v7a
ant24046f6cc137732c8b22bb8ad7703,59.44,4,3832724,53418655744,0,0,53418655744,,android,armeabi-v7a
ant29df260ff0721337e839ff9041bb8,340.25,4,1048576,5272072355,0,0,5272072355,,android,armeabi-v7a
ant26389b98629de329f9d887a8d34d7,23.06,4,8388608,5476083302,0,0,5476083302,,android,armeabi-v7a
ant23261a237604a3d8ebc79cf0758ae,73.51,4,2089984,11897059409,0,0,11897059409,,android,armeabi-v7a
ant241d8a0f4e62e3ac2b833cc2b9569,4.93,4,2054236,3962107330,0,0,3962107330,,android,armeabi-v7a
ant26cb4ad46b01e3cde969cc7623e3d,167.36,4,2011152,8836895211,0,0,8836895211,,android,armeabi-v7a
ant227a6e266420a3bf586867d3b6dd2,334.6,4,8388608,5476083302,0,0,5476083302,,android,armeabi-v7a
antbf3cc7ecbb265a9c3c58328d29dde,1000.0,4,8129216,300647710720,0,214748364800,85899345920,,linux,x86_64
ant214907ab0443137969666e27f04ef,109.26,4,3832448,53418655744,0,0,53418655744,,android,armeabi-v7a
ant27f2bf15da339310cbd525c295d1e,87.24,4,2868504,53418655744,0,0,53418655744,,android,armeabi-v7a
ant227235e5e8be830c8b1bcb3baf6f0,82.35,4,2060816,3962107330,0,0,3962107330,,android,armeabi-v7a
ant24888194261503942b1afb100582b,106.16,4,2058020,27358941675,0,0,27358941675,,android,armeabi-v7a
ant12d8abfd9e721961824d62968b354,98.03,4,4002784,125090922496,0,0,125090922496,,linux,
ant2707119c8926e38a987ac2b32b300,446.2,4,8388608,5637144576,0,0,5637144576,,android,armeabi-v7a
ant234945a49cadb3095b7fbf11b31dd,76.4,4,1048576,3285649981,0,0,3285649981,,android,armeabi-v7a
ant2fdb1a9460d4739b59610439ee4d8,13.04,4,1017520,5100273664,0,0,5100273664,,android,armeabi-v7a
ant206ea727800763926afddf0ec3598,73.75,4,1048576,5637144576,0,0,5637144576,,android,armeabi-v7a
ant205d45e16d4123cc8a70215a0ceb2,491.35,4,1048576,5637144576,0,0,5637144576,,android,armeabi-v7a
ant2828d3d4194303123b73d7ec075ae,32.9,4,2055160,57370025656,0,0,57370025656,,android,armeabi-v7a
ant2d45c74f267363c459d6db61c48c4,313.72,4,1015940,5637144576,0,0,5637144576,,android,armeabi-v7a
ant220541cfa235c3c06bb65734615d6,67.72,4,2055160,118648471552,0,0,118648471552,,android,armeabi-v7a
ant2d5180909926f304fb286c766f6ec,11.8,4,2053196,3801046056,0,0,3801046056,,android,armeabi-v7a
ant23f6b7f316324397ea00f74c52ca6,286.85,4,1017892,5712306503,515396075,0,5196910428,,android,armeabi-v7a
ant1b90806a09c6b4d73b213bde03185,1502.0,36,65494584,1232333491404,0,992244819558,240088671846,,linux,x86_64
ant213e99fa9bb763b85b6418a5623f6,97.67,4,2054152,3242700308,0,0,3242700308,,android,armeabi-v7a
ant23166db01dd943eb497316f826d0d,104.04,4,1009740,3661459619,0,0,3661459619,,android,armeabi-v7a
ant25063f2e6aae73db68d3e7936fe24,564.63,4,1048576,4080218931,0,0,4080218931,,android,armeabi-v7a
ant2552ee40bada53fd39b116f8186d8,53.98,4,33554432,274877906944,0,0,274877906944,,android,armeabi-v7a
ant204e4484916ed3898aec48781ef68,61.07,4,1048576,5282809774,0,0,5282809774,,android,armeabi-v7a
ant25cc0f8679c2432f196bdf728b3a9,43.06,4,2053196,4166118277,0,0,4166118277,,android,armeabi-v7a
ant261e2a514f16e32d69608e5f0b58f,63.89,4,4063504,4885525299,0,0,4885525299,,android,armeabi-v7a
ant222485c12781c32a1b25d93a41c83,13.42,4,1048576,4885525299,0,0,4885525299,,android,armeabi-v7a
ant54afe6dba936f64585c4f3e2ac07d,717.76,4,8131840,107374182400,0,0,107374182400,,linux,x86_64
ant212395cab481c34d09a4348fe99b7,20.92,4,1018096,5132485918,0,0,5132485918,,android,armeabi-v7a
ant2dcd03ee9e76e34b4af497db2141c,242.76,4,2097152,5476083302,0,0,5476083302,,android,armeabi-v7a
ant27abe2330814ec28e8cb5b5245490,35.0,2,1881260,42949672960,0,0,42949672960,,linux,x86_64
ant2836a0225c56334d3a6f5411fae94,89.86,4,1011396,5658619412,0,0,5658619412,,android,armeabi-v7a
ant28b2beab6c5d132b3ae2e7cf09b79,34.91,4,1048576,5272072355,0,0,5272072355,,android,armeabi-v7a
ant2c0731d3666cb30368364abf083ef,72.38,4,2055192,118616259297,0,0,118616259297,,android,armeabi-v7a
c90a39e80b74195807d096bbac71635a,450.0,16,10060436,1116691496960,0,858993459200,257698037760,,linux,x86_64
ant2418a6cd6b8ea3362bd6e96321f0a,93.4,4,4015728,58583353917,0,0,58583353917,,android,armeabi-v7a
ant2f54e0846e2b93bc8954cea0706df,87.7,4,1722360,24653112279,0,0,24653112279,,android,armeabi-v7a
ant2fe0959cd9498394983125f6571e8,62.63,4,2868504,53418655744,0,0,53418655744,,android,armeabi-v7a
ant2c46d9b24b33e38378fdffc37b128,84.84,4,2089984,2942052597,0,0,2942052597,,android,armeabi-v7a
ant2d7b1a71435bc9176dcc908c05d56,1000.0,6,5946380,322122547200,0,0,322122547200,,linux,x86_64
ant264f0f617a5683ada816df24b9344,77.46,4,3844876,43916040601,0,0,43916040601,,android,armeabi-v7a
ant2f8a06e63a223318388a94339586c,72.27,4,2020648,3983582167,0,0,3983582167,,android,armeabi-v7a
ant20fa5a2a062c933baac522c730321,33.65,4,2056184,12788265123,0,0,12788265123,,android,armeabi-v7a
ant23c98335672c730e992056b925981,66.23,4,3844868,43916040601,0,0,43916040601,,android,armeabi-v7a
ant274d3d2d6d5f33c75809bdb2b80dd,22.21,4,2019608,27605902295,0,0,27605902295,,android,armeabi-v7a
ant2d637920154ab3eeaa725d6972791,63.11,4,1015940,5637144576,0,0,5637144576,,android,armeabi-v7a
ant211b0d52c7d983706a17ecc74318c,190.09,4,3832724,113719996579,0,0,113719996579,,android,armeabi-v7a
ant2677f909ea78330b0af4d53c1a561,411.22,4,8388608,5637144576,0,0,5637144576,,android,armeabi-v7a
ant2c0630ed7617e3cf3bf737e571bad,178.48,2,0,5723043921,0,0,5723043921,,android,armeabi-v7a
ant29de32490cbe133d0a2465511bb15,83.31,4,2055160,26725433999,0,0,26725433999,,android,armeabi-v7a
ant212183509f39a35b8a63e25bdc413,101.25,4,4003316,121440200294,0,0,121440200294,,android,armeabi-v7a
ant923203704ab9e92d627248fcbe6d7,426.28,4,7958904,256087425024,0,0,256087425024,,linux,
ant2191724f8587e3cae99b3e3b4273c,11.4,4,2020648,57713623040,0,0,57713623040,,android,armeabi-v7a
ant271af19d56525304abad13c5de358,425.85,4,643268,6249177415,0,0,6249177415,,android,armeabi-v7a
ant2d8b97e9c7d943829a174c80f3d2e,24.25,4,1963016,4198330531,0,0,4198330531,,android,armeabi-v7a
ant2dc882ba51a1c3425bc179cdf92bf,54.17,4,2060828,118648471552,0,0,118648471552,,android,armeabi-v7a
ant240c33e2e83193317a35dd85a4bc9,15.25,4,8388608,4885525299,0,0,4885525299,,android,armeabi-v7a
ant21e0097c0f7bf3e80a88c42bdc993,111.58,4,1537836,4337916968,0,0,4337916968,,android,armeabi-v7a
ant2fd387a68225e34d5a6d655398056,107.44,4,1970704,27305254584,0,0,27305254584,,android,armeabi-v7a
ant2d728b588456d3b2088bbe3029e11,7.25,4,1015940,5637144576,0,0,5637144576,,android,armeabi-v7a
ant24a6951ff1a5c376e91737ab95282,191.97,4,8388608,5637144576,0,0,5637144576,,android,armeabi-v7a
ant2b16615f66bb53f27adaa64b678e3,2.86,4,2020648,57047903109,0,0,57047903109,,android,armeabi-v7a
ant2321df383b3e1304096eac901161e,79.41,4,1048576,5100273664,0,0,5100273664,,android,armeabi-v7a
antaba1d628fd239fd8337144c583106,20.3,4,1909808,125090922496,0,0,125090922496,,linux,
ant24ba8cd4b5735314dad19788d5a9f,424.11,4,1048576,5637144576,0,0,5637144576,,android,armeabi-v7a
ant0461138e7bff697057498e0feeb64,185.72,4,4002784,125090922496,0,0,125090922496,,linux,aarch64
ant291ee9bdc48f031bca6996f5eca9f,72.19,4,932580,3983582167,0,0,3983582167,,android,armeabi-v7a
ant21cc1ed25179835798e651cc6caaf,184.76,4,1048576,5637144576,0,0,5637144576,,android,armeabi-v7a
06e39b2685d0539b5ffcecd068236fa4,900.0,16,32601744,2107110955416,0,1979120929996,127990025420,,linux,x86_64
ant2ba559268dcbc3fd08cbef22d3425,83.96,4,4063504,4885525299,0,0,4885525299,,android,armeabi-v7a
ant20518f5eb91e635738e3f85abf262,78.44,4,2027232,3854733148,0,0,3854733148,,android,
ant2576106cfc3aa327d9feeaa48a67d,72.37,4,2019608,4423816314,0,0,4423816314,,android,armeabi-v7a
ant2ef787a3834c23944893fd5297031,230.67,4,1015940,5637144576,0,0,5637144576,,android,armeabi-v7a
ant02b3e86a58cefbf1d956dd390ec64,281.7,4,6924492,480069969510,0,0,480069969510,,linux,x86_64
ante8d585b12650d5d3f09b6a2bb4b60,98.47,4,1991528,123695058124,0,0,123695058124,,linux,
ant6cb6a10731d94074990761a628749,860.53,32,7973660,1120234844979,0,1000190509056,120044335923,,linux,x86_64
ant231d050d8130b31648318d9f69b13,267.73,4,1015940,5637144576,0,0,5637144576,,android,armeabi-v7a
ant20f9c2c721e8d384885eafb059be2,43.84,4,2058012,27358941675,0,0,27358941675,,android,armeabi-v7a
ant282b7a5c94fc63705abae997b7407,201.73,4,1048576,5476083302,0,0,5476083302,,android,armeabi-v7a
ant27b807347589535eaa74dafdd2889,103.36,4,3704652,54621246586,0,0,54621246586,,android,armeabi-v7a
ant2a9fcbed9b1953d6a9997109d2f1c,212.82,4,1015940,5637144576,0,0,5637144576,,android,armeabi-v7a
ant2e3315bf9ab453006a124316342b3,71.47,4,2097152,3865470566,0,0,3865470566,,android,armeabi-v7a
ant2073e310f7e4e323dbda8f67c75dc,83.81,4,2019608,57423712747,0,0,57423712747,,android,armeabi-v7a
ant259635b2d41b23ec4b310536679ec,85.77,4,1048576,5057323991,0,0,5057323991,,android,armeabi-v7a
ant2fd9e8972f48a3055bddd11ec2568,499.2,4,1015940,5637144576,0,0,5637144576,,android,armeabi-v7a
antdd1abd22c4d9bf31c384ed29d1fff,273.28,4,3990732,507987256934,0,500148941619,7838315315,,linux,aarch64
ant284475fd31dbd354daf3aa0144773,56.52,4,843512,25232932864,0,0,25232932864,,android,armeabi-v7a
ant38513d965de491bbefdb7d6ced665,97.36,4,1909808,123695058124,0,0,123695058124,,linux,aarch64
ant21f887c57559c3fa0a8f230f30853,81.19,4,3805988,55201067171,0,0,55201067171,,android,armeabi-v7a
ant2d749b82598533bb5992e8ec25564,42.4,4,2019608,27605902295,0,0,27605902295,,android,armeabi-v7a
ant2aa97fe9f3aea305ca496d761bcc3,82.31,4,2519368,70362301726,15461882265,0,54900419461,,android,armeabi-v7a
ant23b3a6773358e37b6940253e001cc,57.75,4,1048576,5057323991,0,0,5057323991,,android,armeabi-v7a
ant20f2a3af9504137d2a4f0d33c638b,518.65,4,1015940,5476083302,0,0,5476083302,,android,armeabi-v7a
antca0f94722df8857551a4171eff870,182.76,4,3990732,135828340735,0,127990025420,7838315315,,linux,aarch64
ant248f1a6f6600437939b3cb8859f13,67.9,4,3184620,23901493002,0,0,23901493002,,android,armeabi-v7a
ant273618de9d8f03c6ca74b93756469,104.59,4,2058784,3478923509,0,0,3478923509,,android,armeabi-v7a
ant2a84f5a6b45a43bdc8996d1ffbd39,432.11,4,8388608,5476083302,0,0,5476083302,,android,armeabi-v7a
ant2caff905fdf5f33909d4b157e2848,96.48,4,16777216,6302864506,0,0,6302864506,,android,armeabi-v7a
ant2031034275f673da8b8165b4b8a22,78.56,4,1048576,5422396211,0,0,5422396211,,android,armeabi-v7a
ant268fff9d74b4c318ba08872e37eb7,74.68,4,8388608,5637144576,0,0,5637144576,,android,armeabi-v7a
ant280b6622ae0dd3f9d8131a323b71f,88.47,4,1048576,5637144576,0,0,5637144576,,android,armeabi-v7a
ant2e1c63732e52938dc8af4c8172d6f,75.96,4,2011148,9019431320,257698037,0,8761733283,,android,armeabi-v7a
ant242dfd5cd61e736f3b54136eba990,53.94,4,1015976,6249177415,0,0,6249177415,,android,armeabi-v7a
ant21316b55522da3a5e925a8273eb47,83.8,4,2054260,13776107601,1052266987,0,12723840614,,android,armeabi-v7a
ant2fa92715626533b38b85595bd0000,40.68,4,2097152,3801046056,0,0,3801046056,,android,armeabi-v7a
f9705b882f5b34dd7c6f9eab1110856c,600.0,4,7587436,1216334738227,0,960247313203,256087425024,,linux,x86_64
89df3ac20264257d85946e17bdb3fadf,160.0,20,16381100,2099165265919,0,1979120929996,120044335923,,linux,x86_64
ant4c8e9d6c127a42bf0f5e9dbf30e70,66.58,4,797552,4788888535,0,0,4788888535,,android,armeabi-v7a
ant2495656041b743a2e87df16e24d9e,186.24,4,4020736,53740778291,0,0,53740778291,,android,armeabi-v7a
ant2c63cb17a4ab4334fbdafbfd74ef8,85.68,4,2054212,10866267258,0,0,10866267258,,android,armeabi-v7a
ant2388fe89b554630e0a1596897316e,48.28,3,967200,5239860101,0,0,5239860101,,android,armeabi-v7a
ant2ec1e41ddbaee3455b1aca2e4f600,35.72,4,2054132,11263551733,0,0,11263551733,,android,armeabi-v7a
ant2c4d033f3c8413bcfb579c5e395f6,81.04,4,2020648,3983582167,0,0,3983582167,,android,armeabi-v7a
ant2643e4394f7a939a6a7b92377daca,72.2,4,4003376,121440200294,0,0,121440200294,,android,armeabi-v7a
ant26f18b0a05b7f3960b64ae6e2a526,70.72,4,1048576,5282809774,0,0,5282809774,,android,armeabi-v7a
ant2f6b08961077634dd8e0eff6b4893,391.9,4,1015976,6249177415,0,0,6249177415,,android,armeabi-v7a
ant27839822bab983b368781678dd41a,204.8,4,1017068,5132485918,0,0,5132485918,,android,armeabi-v7a
ant2546d466d73a238d09a27eac4d889,6.36,4,4063504,4724464025,0,0,4724464025,,android,armeabi-v7a
ant20c184389bd883ed7ada082796eeb,13.84,4,8388608,5476083302,0,0,5476083302,,android,armeabi-v7a
ant2acbde1a3c6b536b9bec425bf9ee5,27.57,4,8388608,5637144576,0,0,5637144576,,android,armeabi-v7a
ant2efc81f32e8023bf7b617fccc122f,12.52,4,1048576,4821100789,0,0,4821100789,,android,armeabi-v7a
57cfb4ad182529e4497c38ce0fa144da,500.0,16,32923820,1314259992576,0,1099511627776,214748364800,,linux,x86_64
ant29939854151653a998f814fdf65b0,92.9,4,1048576,5057323991,0,0,5057323991,,android,armeabi-v7a
ant29c41b8e9b9053d70b0624343da6e,270.18,4,8388608,5637144576,0,0,5637144576,,android,armeabi-v7a
ant2f6f97535a3223df1824c915773e8,66.16,4,1537840,4874787880,0,0,4874787880,,android,armeabi-v7a
ant280e1acde67163b22949a0ef59d80,89.43,4,2868504,53418655744,0,0,53418655744,,android,armeabi-v7a
ant26d63855900fb3aa1bdd33081deab,81.96,4,1016012,12498354830,6249177415,0,6249177415,,android,armeabi-v7a
ant231d434efab3538d89646c4b32f00,222.46,4,1683568,11123965296,0,0,11123965296,,android,armeabi-v7a
ant2353cccbe61c334f48aaad5106518,174.24,4,2089984,2877628088,0,0,2877628088,,android,armeabi-v7a
ant2df1eae1f9fec3771893f58a08d92,13.32,4,4063504,4724464025,0,0,4724464025,,android,armeabi-v7a
ant2217b8202f24e3b238f4e0b446c75,114.17,4,2868504,53418655744,0,0,53418655744,,android,armeabi-v7a
ant276ed8d452c5536668855bd350f3a,176.66,4,1015964,2458868776,0,0,2458868776,,android,armeabi-v7a
ant200e3da7136f93153b18339298d38,74.86,5,2971064,54009213747,0,0,54009213747,,android,armeabi-v7a
ant2769b77b7e34f34e48a9be6dce309,14.19,4,8388608,5637144576,0,0,5637144576,,android,armeabi-v7a
ant27d21fe2ab7e434fba6684da0ff53,99.65,4,2048076,118476672860,0,0,118476672860,,android,armeabi-v7a
ant2ab222f66832b3375a86a25262d9c,136.79,4,1048576,5637144576,0,0,5637144576,,android,armeabi-v7a
ant20fe81bc7571f33459423dd7f3388,5.93,4,1048576,5282809774,0,0,5282809774,,android,armeabi-v7a
62432a1fd0649f166a570d38c3e47f62,650.0,16,32922808,1288490188800,0,1073741824000,214748364800,,linux,x86_64
ant258f1d8be737039248b5688c5c687,481.1,4,8388608,5637144576,0,0,5637144576,,android,armeabi-v7a
ant22a0debec229d3e769e761610391a,143.83,4,4003316,121418725457,0,0,121418725457,,android,armeabi-v7a
ant23f63b04a165f39ad956d495607c8,389.04,4,8388608,5637144576,0,0,5637144576,,android,armeabi-v7a
ant276959f8400e1371b93e9533bba7e,24.54,4,2058012,27358941675,0,0,27358941675,,android,armeabi-v7a
ant27542f16cb5b5340dadc5223a9ff0,419.74,4,8388608,5476083302,0,0,5476083302,,android,armeabi-v7a
ante5b09b2132bc5e417e3aae159c6fa,50.0,4,1909808,7838315315,0,0,7838315315,,linux,aarch64
ant2e54caed607583735a556e7ea1ec6,29.37,4,2019608,4423816314,0,0,4423816314,,android,armeabi-v7a
ant9cd896a9c91967b37b2dc386532ca,193.2,4,3888536,107374182400,0,0,107374182400,,linux,x86_64
ant2702ccf893ea53585a31da2ab3db7,67.52,4,2055356,26456998543,0,0,26456998543,,android,armeabi-v7a
ant942eb10154f64b02494a2e5ef2b10,150.0,4,4002784,125090922496,0,0,125090922496,,linux,aarch64
ant25035c28b049836fa90ce96c17df3,74.26,4,2042784,25308094791,0,0,25308094791,,android,armeabi-v7a
ant297200e99b3413462bd00ad8f62d7,58.49,4,1985620,11274289152,0,0,11274289152,,android,armeabi-v7a
ant29add9334af75319a959eb4dd9860,356.15,4,1048576,5637144576,0,0,5637144576,,android,armeabi-v7a
ant2a6c21c6626f935e4a49e33533385,127.86,4,2053976,5551245230,0,0,5551245230,,android,armeabi-v7a
ant20969fef3ecfa36ffb85d69654b3a,76.75,4,4003212,55168854917,0,0,55168854917,,android,armeabi-v7a
ant2f66c5178dd2f31b1a5a3aa19615e,88.62,4,2058012,27616639712,257698037,0,27358941675,,android,armeabi-v7a
ant2233aa355e20d33e8b157fcb1a7df,100.17,4,2093056,3382286745,0,0,3382286745,,android,armeabi-v7a
ant2177e9441f49131428e7eb182147d,60.07,4,1048576,5282809774,0,0,5282809774,,android,armeabi-v7a
ant2f4fac0738b1232e487e10f572431,86.13,5,2971064,54138062765,128849018,0,54009213747,,android,armeabi-v7a
ant13b0f514a5233bf07d3f2d2ceb715,122.0,4,4002784,125090922496,0,0,125090922496,,linux,
ant2dd654507a58c3a24b7794bda6c3d,54.65,4,2053196,11950746501,0,0,11950746501,,android,armeabi-v7a
ant28ddca590687b31fc864441fe03c7,99.16,4,2052184,4048006676,0,0,4048006676,,android,armeabi-v7a
ant258e5989ccb7e98bd98c187fe1d22,220.0,4,1909808,123695058124,0,0,123695058124,,linux,
ant21b34db7288603de4b2de093da675,6.16,4,2053200,4166118277,0,0,4166118277,,android,armeabi-v7a
ant2b5e725c6b99330c8845b2312024e,81.36,4,1005108,10952166604,7526930186,0,3425236418,,android,armeabi-v7a
ant24e2d624b3a2d38b9a9de8bcf53c1,97.89,4,2058020,27358941675,0,0,27358941675,,android,armeabi-v7a
ant23f608550e5fe37e2b4f782dcfc33,27.46,4,1015940,5637144576,0,0,5637144576,,android,armeabi-v7a
ant2f9d6c4b3d53e3098b0e92ccac5bc,50.01,4,8388608,5637144576,0,0,5637144576,,android,armeabi-v7a
ab7f98a2b3bc150fd65dda91846f8e5f,3000.0,84,329392360,15607911153664,0,15393162788864,214748364800,,linux,x86_64
ant24287d2da5ae33e449f86f2bc090a,71.15,4,4003212,115491670589,0,0,115491670589,,android,armeabi-v7a
ant2bd8afb3e534531e3ae76fa821112,83.63,4,2055024,26725433999,0,0,26725433999,,android,armeabi-v7a
ant258a3b9b90f773b82bd3ee2690975,26.41,2,979732,13625783745,8042326261,0,5583457484,,android,armeabi-v7a
ant289c6c8f33fe33ec18ca572161b66,87.04,4,1004024,27928024842,0,0,27928024842,,android,armeabi-v7a
ant26668487ac7103a5683536f800035,9.4,4,1048576,5476083302,0,0,5476083302,,android,armeabi-v7a
ant24b7a7bb7d8c72e924dc6a3c78f07,50.07,4,1909808,125090922496,0,0,125090922496,,linux,
ant060e64920567f1169a3610695b2f7,111.75,8,1843796,125090922496,0,0,125090922496,,linux,
ant211b2581ad51938babcc709f93043,84.04,4,4003380,121440200294,0,0,121440200294,,android,armeabi-v7a
ant2ea5e9d701bee3339a63ca975f506,35.16,4,8388608,5637144576,0,0,5637144576,,android,armeabi-v7a
6761bd13c6c423d7f22f253eaec9c35d,220.0,4,8140840,536870912000,0,429496729600,107374182400,,linux,x86_64
ant2514121826b9f397db0b1031d161d,155.69,4,1947208,11961483919,0,0,11961483919,,android,armeabi-v7a
antd1983fa780e2043648b037acc47a5,77.15,4,1918096,7730941132,0,0,7730941132,,linux,aarch64
ant260599c378f333c96b14bbdbcc3c9,508.69,4,1048576,5637144576,0,0,5637144576,,android,armeabi-v7a
48d56a932256370b83533706d830ba5b,450.0,16,32520332,1280329750937,0,1024242325913,256087425024,,linux,x86_64
a820fdbe4583785a5cbcf9e81d59bcdc,5000.0,64,65598072,79844730522822,64211479062112,15393162788864,240088671846,,linux,x86_64
ant28e7890045ddf3658bf3b154a218f,10.62,4,4063504,4724464025,0,0,4724464025,,android,armeabi-v7a
8dea96cc8381744189e3fab8b98f8e78,666.0,40,32576576,4368196488396,4068193022771,0,300003465625,,linux,x86_64
ant2635443ac8ad93cf086cf3f8fd853,79.53,4,3832724,84396107366,30977451622,0,53418655744,,android,armeabi-v7a
ant2ce079c22f9b03b96aa91dc7b7652,209.97,4,1048576,5637144576,0,0,5637144576,,android,armeabi-v7a
ant23e3ea1d9e26a3d2aa823535a9062,10.71,4,2777084,26349624360,0,0,26349624360,,android,armeabi-v7a
ant280fff24fad0c324ba3e0263f4773,31.02,4,1016012,6249177415,0,0,6249177415,,android,armeabi-v7a
ant20c41bad8f4843cc8bba74aac8376,42.01,4,1015876,5347234283,0,0,5347234283,,android,armeabi-v7a
ant0b4a45a278d9fc6d10bad806d16ce,98.0,4,1909808,123695058124,0,0,123695058124,,linux,aarch64
ant2b638912febae3a7c8c1f085c29c3,19.95,4,1016016,6249177415,0,0,6249177415,,android,armeabi-v7a
ant236c318e149723584a3e3c5f55b59,79.8,4,1048576,5411658792,0,0,5411658792,,android,armeabi-v7a
ant2ae79eedf985631c6b4368611ab76,307.96,4,1048576,5433133629,0,0,5433133629,,android,armeabi-v7a
ant2d34fdf1cddda30b9b59f3cc2425f,531.02,4,2097152,5637144576,0,0,5637144576,,android,armeabi-v7a
ant2693773e879db3489889e5fbfc516,7.19,4,2054224,3983582167,0,0,3983582167,,android,armeabi-v7a
ant22fbbd576ee2f359eb78cfffb7cee,33.51,4,2057212,25393994137,0,0,25393994137,,android,armeabi-v7a
ant293b9172302ce3100bf55e19f9472,30.99,4,8388608,5476083302,0,0,5476083302,,android,armeabi-v7a
ant29e5b92b31aba38c695223638149f,36.07,4,2053196,11832634900,0,0,11832634900,,android,armeabi-v7a
ant278fa1a3a0e873c79ba289b9d98f6,94.25,4,1048576,300647710,0,0,300647710,,android,armeabi-v7a
antec29bf9c717a54542f1dd903a1ab2,101.76,4,4002784,125090922496,0,0,125090922496,,linux,aarch64
ant27283063a50ab34e4bf79876e2586,266.48,4,1048576,5476083302,0,0,5476083302,,android,armeabi-v7a
436329a72ec4880fe222c422fa4d147c,500.0,16,32922808,2413771620352,0,2199023255552,214748364800,,linux,x86_64
ant2052c5992b2a53374b5afe13f236f,6.99,4,2055196,119099443118,0,0,119099443118,,android,armeabi-v7a
ant2f2fee9a7019332afbcf0ab8c0cc8,115.53,4,2821660,24857123225,0,0,24857123225,,android,armeabi-v7a
ant27bfbdf25232b397fabc1dee0bfc7,109.44,4,3765640,58368605552,0,0,58368605552,,android,armeabi-v7a
ant2f3fc4afb016031ef8d9be45a1f41,95.34,3,1012100,4080218931,0,0,4080218931,,android,
ant2dfdabedca8343b26b273edcc303c,99.38,4,2020648,57702885621,0,0,57702885621,,android,armeabi-v7a
ant2633e669df6483f5088b956f71840,80.2,2,1558320,8772470702,0,0,8772470702,,android,armeabi-v7a
ant241d05b5f97ec3b828abc4a5a5002,434.44,4,1048576,5637144576,0,0,5637144576,,android,armeabi-v7a
ant0e82ff4ce6fefa4fe86d0423a1e3d,198.09,2,3809160,107374182400,0,0,107374182400,,linux,x86_64
ant2b94c167a97cb3814b046f7d490d6,547.68,4,1048576,5540507811,0,0,5540507811,,android,armeabi-v7a
ant230563373b4023b1bbe9c06d0075d,7.94,4,2052184,27605902295,0,0,27605902295,,android,armeabi-v7a
ant2b33e39fb17653a3ba185f2b960eb,99.27,4,2055160,118648471552,0,0,118648471552,,android,armeabi-v7a
ant995c5e86ab5ce982e5178489be525,103.24,4,1909808,125090922496,0,0,125090922496,,linux,
ant2f8c2f98aa5403f0ebf5a1747c616,218.61,4,8388608,5476083302,0,0,5476083302,,android,armeabi-v7a
ant2faa070e65e243d79b71bc864a181,159.41,4,7869892,55684250992,0,0,55684250992,,android,armeabi-v7a
ant4f24ccdba6807dbd67305dbc93bb2,99.51,3,797552,4788888535,0,0,4788888535,,android,armeabi-v7a
ant2eba96bc290373a6096d78e5c5754,8.27,4,1016052,2458868776,0,0,2458868776,,android,armeabi-v7a
ant2ca717a665afe340d8612c42f0832,84.8,4,2054236,118992068935,0,0,118992068935,,android,armeabi-v7a
ant259a6dfde3aed3ec5be45e283189e,97.9,4,1048576,5293547192,0,0,5293547192,,android,armeabi-v7a
ant2ac5423dd9a9835eab5070eb90459,367.9,4,8388608,5637144576,0,0,5637144576,,android,armeabi-v7a
ant2de57cf09f9d537d6a350d29ca125,75.99,4,4003212,55168854917,0,0,55168854917,,android,armeabi-v7a
ant2f68d9fa0840f3f789c24f0af25f4,298.03,4,1048576,5476083302,0,0,5476083302,,android,armeabi-v7a
antf61fe8455c41f27af0df12dbfa864,965.31,4,1991528,125090922496,0,0,125090922496,,linux,aarch64
ant2ac2e7d13672e3bafb02e28c3f721,20.07,4,1048576,5100273664,0,0,5100273664,,android,armeabi-v7a
ant2d0f59519293739468aadcd93f088,75.7,4,1048576,5175435591,0,0,5175435591,,android,armeabi-v7a
ant26c1e4321abe33192bbe945af6e14,66.85,4,4063504,4724464025,0,0,4724464025,,android,armeabi-v7a
ant2d579814f1b5c377dacd96aed4c70,83.92,5,1941948,23847805911,0,0,23847805911,,android,armeabi-v7a
ant2b6f4dcb2d97d3f048c838edbe45f,39.82,4,1008872,4992899481,0,0,4992899481,,android,
ant26422aed5cd3230b1892b8dae35e4,71.32,4,2019608,58132382351,0,0,58132382351,,android,armeabi-v7a
ant204b1fb84f4253d57a75581e1af63,116.9,4,1920104,18736794828,0,0,18736794828,,android,armeabi-v7a
ant22a9319430fcc3438a90b073e1605,82.86,4,2052184,27605902295,0,0,27605902295,,android,armeabi-v7a
ant22c4467af649630d987b6a23fb1b8,60.89,4,2054152,10962904023,0,0,10962904023,,android,armeabi-v7a
ant2406fa17e603a3ed9878c287befca,21.45,4,4003380,121440200294,0,0,121440200294,,android,armeabi-v7a
ant2b36e7db9b1463659929306eee017,109.29,4,2020648,3983582167,0,0,3983582167,,android,armeabi-v7a
7ff360fac71f39b9363020c8978f6a05,10000.0,96,131184340,109111818793769,88290783710404,20340965113855,480069969510,,linux,x86_64
ant231d41f6515a034dbb35c1e383cbb,27.72,4,3771980,21163451351,0,0,21163451351,,android,armeabi-v7a
ant22ed080987a813e4fbbb09af97a88,140.66,4,8388608,5637144576,0,0,5637144576,,android,armeabi-v7a
ant2b6b6ba8ea87034f8a0db64f44c2f,84.49,4,2058024,58014270750,0,0,58014270750,,android,armeabi-v7a
ant2d9a68e25e7823d9ab9b7123a17cd,40.02,4,1015428,5282809774,0,0,5282809774,,android,armeabi-v7a
ant2f834b1a2df30312a8beb15c3c3cc,40.45,4,2053208,3242700308,0,0,3242700308,,android,armeabi-v7a
ant25a820914a10733f18756c59ac2fe,71.48,4,1048576,5637144576,0,0,5637144576,,android,armeabi-v7a
ant2231dfd0b6338341f884484389a77,5.21,4,2054236,4080218931,0,0,4080218931,,android,armeabi-v7a
ant24047ff1877273e1389dbe522221a,30.0,4,2055160,118648471552,0,0,118648471552,,android,armeabi-v7a
antab25cfcde84763a075a54261e47f3,1000.0,8,10062312,493921239040,0,483183820800,10737418240,,linux,x86_64
ant29e17c41f85223b5eb18c41076978,52.49,4,1015976,6249177415,0,0,6249177415,,android,armeabi-v7a
ant2c98a4e9a32d039489ba6992a3672,98.86,4,2019608,57380763074,0,0,57380763074,,android,armeabi-v7a
ant2978eb18bae2a3e54b10f00a9729e,73.3,4,2097152,4960687226,0,0,4960687226,,android,armeabi-v7a
ant22a769b3d93643d52bfef74dd9bb8,64.66,4,1492180,26188563087,0,0,26188563087,,android,armeabi-v7a
58641860cb3c7ad3838d519b7d843ef6,1200.0,24,65560636,2219209601842,0,1979120929996,240088671846,,linux,x86_64
ant2aef938ead160308b8a05fa9a76fd,8.67,4,2055160,237833814016,0,119185342464,118648471552,,android,armeabi-v7a
ant2a4c9cad3a66937cb8003271ec74c,82.99,4,2019608,58046483005,0,0,58046483005,,android,armeabi-v7a
8e5d2b0484b30a58b5c4c340c9f443db,400.0,28,16744440,2253998836940,0,1979120929996,274877906944,,linux,x86_64
ant21fa6ce159c9b3e51b5a7fd55802d,27.6,4,1048576,5637144576,0,0,5637144576,,android,armeabi-v7a
ant298bf444e6ea33c9aade66018d806,71.21,4,2054068,24416889077,0,0,24416889077,,android,armeabi-v7a
ant211d49c51f2ed373d8f096dcb3da9,9.28,4,4063504,4724464025,0,0,4724464025,,android,armeabi-v7a
ant2d5def3447b383809915fd6fbd6a8,75.23,4,2034576,23579370455,0,0,23579370455,,android,armeabi-v7a
ant2a2e438bc90e03a5ba938c7433fb7,244.88,4,1014356,2458868776,0,0,2458868776,,android,armeabi-v7a
ant23c23d52147ae3dd5ae36f5c0b06d,11.98,4,16777216,5508295557,0,0,5508295557,,android,armeabi-v7a
ant26e0aae9e412b30e7aaadefa73c61,493.45,4,1048576,5637144576,0,0,5637144576,,android,armeabi-v7a
ant22b96608045503a4386400882723d,63.62,4,2054220,4133906022,0,0,4133906022,,android,armeabi-v7a
ant2a5a9f9dcdb0139958af456e5c5a7,99.37,4,2052184,58046483005,0,0,58046483005,,android,armeabi-v7a
ant2ec2b649c17213214af01df371498,102.49,4,1048576,5175435591,0,0,5175435591,,android,armeabi-v7a
ant217e94a51e83030d792718da2b8b3,105.27,4,1048576,3285649981,0,0,3285649981,,android,armeabi-v7a
ant2c8a10dadc5e73032b4981c5abdec,99.29,4,2020648,57713623040,0,0,57713623040,,android,armeabi-v7a
ant23b2e705f53843c659d3c7c66d2d4,163.92,4,3859756,54277649203,0,0,54277649203,,android,armeabi-v7a
ant217ff185596c53b259630efad0c5d,72.1,4,1048576,5100273664,0,0,5100273664,,android,armeabi-v7a
ant226bdab80d8023bbe91f83ee13477,41.41,4,1048576,4928474972,0,0,4928474972,,android,armeabi-v7a
ant296d0a318b63c3978bf12f5499312,101.93,4,6718036,55179592335,0,0,55179592335,,android,armeabi-v7a
ant26b74f81df16235a3bc533a5790c4,9.69,4,4063504,4724464025,0,0,4724464025,,android,armeabi-v7a
ant28ea2b5df37943f7295497140bb3f,48.63,4,2053196,4080218931,0,0,4080218931,,android,armeabi-v7a
antdf21422514c92685dd0583cc260b8,60.0,2,3888992,107374182400,0,0,107374182400,,linux,x86_64
ant28e47785b0b5331a097edc00b37af,77.29,4,2019608,27605902295,0,0,27605902295,,android,armeabi-v7a
ant28560ff364b523a62bf8671d5769e,20.38,4,8388608,26499948216,0,0,26499948216,,android,armeabi-v7a
ant2eef597f00da336d6a25f3d5bc057,61.41,4,1920104,18736794828,0,0,18736794828,,android,armeabi-v7a
ant2d2263544331d3b8cbc077a79e29b,90.55,4,1017028,4842575626,0,0,4842575626,,android,armeabi-v7a
ant2582a97e4668236399ef5a91915b2,46.68,5,1941948,23847805911,0,0,23847805911,,android,armeabi-v7a
ant4dbf41ae632b443a7333063612702,131.24,4,4004312,322122547200,0,0,322122547200,,linux,aarch64
ant7becc0239e8b0292923b1e6f2d0c8,103.78,4,4002784,125090922496,0,0,125090922496,,linux,
ant2e4cab2dc8c8530bc8153708fa565,551.34,4,8388608,5637144576,0,0,5637144576,,android,armeabi-v7a
ant26986c9a84172381fbd3809a90560,94.36,4,2019608,58057220423,0,0,58057220423,,android,armeabi-v7a
ant2791ee4c9321a30c7b9bc7f25281b,80.35,4,1015896,3575560273,0,0,3575560273,,android,armeabi-v7a
ant22cf1216b6b463cf9b03e2814bb1d,81.33,4,1048576,5282809774,0,0,5282809774,,android,armeabi-v7a
8a67d7cf1bf126f1bc8588577ac2068b,2530.0,40,65654304,6287402624612,0,6047313952766,240088671846,,linux,x86_64
ant26121a7a7b1843502b21f55f83557,6.13,4,2058020,58014270750,0,0,58014270750,,android,armeabi-v7a
ant25c9614986be637b3866d923895ff,99.16,4,2054260,15569256448,0,0,15569256448,,android,armeabi-v7a
ant29926d02a12663364a86bbbe83941,82.93,4,3941228,0,0,0,0,,android,armeabi-v7a
ant298dabff6f91233758ac88c732b09,72.07,4,2053200,4133906022,0,0,4133906022,,android,
ant2ebf0ea7a2a66386bafc1e8cc2f71,104.07,4,2097152,5476083302,0,0,5476083302,,android,armeabi-v7a
ant299583c14d8233cabad5473d59a85,83.28,4,1048576,4080218931,0,0,4080218931,,android,armeabi-v7a
ant2de11c5d6567137f5a2e752bdee07,51.48,4,4025792,115105123532,0,0,115105123532,,android,armeabi-v7a
ant282f7b48b89e6310dac319241f448,19.99,4,2053196,119077968281,0,0,119077968281,,android,
ant12a1402df18048ad39fd0c677c9b4,101.76,4,1909808,123695058124,0,0,123695058124,,linux,
ant28de68d6e9fef37caa0aa89fba674,108.32,4,2842328,25522843156,0,0,25522843156,,android,armeabi-v7a
ant20d497d9d3097363dbeec5e565c6e,45.99,4,2027232,3758096384,0,0,3758096384,,android,armeabi-v7a
ant2c218561ad00e3511b15a4cbef870,8.03,4,2055160,118648471552,0,0,118648471552,,android,armeabi-v7a
ant2405e91443f4b3e6d975c1dbbe47b,84.26,4,2052184,4048006676,0,0,4048006676,,android,armeabi-v7a
ant8a3b33acc54270f3f8577b8badd2d,103.49,4,1909808,7838315315,0,0,7838315315,,linux,aarch64
ant29aedc1b504f630d48bb63e7449e1,57.61,4,1048576,5175435591,0,0,5175435591,,android,armeabi-v7a
ant2ded34efef80c3320b9595c5fad60,14.36,4,2053196,3801046056,0,0,3801046056,,android,armeabi-v7a
ant2cba82ae8d97238a5964633d3b530,27.16,4,2045948,25458418647,0,0,25458418647,,android,armeabi-v7a
ant7179fa0d08e0a00d8b8ce3281c864,77.74,4,4002784,125090922496,0,0,125090922496,,linux,
29221437a3cb853e3cd8a0222e03e053,700.0,16,12110112,483183824896,4096,429496729600,53687091200,,linux,x86_64
ant2fea06868010e327eb50c55acde45,71.38,4,1048576,5100273664,0,0,5100273664,,android,armeabi-v7a
ant2b5ec44f1f42d3e3a90d4f0ec5a1f,19.03,4,3616764,58712202936,0,0,58712202936,,android,armeabi-v7a
ant2f6249556e39b375c938ae4d5ef94,109.72,4,1048576,4810363371,0,0,4810363371,,android,armeabi-v7a
ant22945f83e48e039b5bc2eb4b53ce0,76.0,4,1048576,5637144576,0,0,5637144576,,android,armeabi-v7a
ant2d4c3fbfccd0338b3b5baf8191ee2,72.88,4,2055168,57004953436,0,0,57004953436,,android,armeabi-v7a
ant2c57d7bc9456f3130a45c4e37d5b5,85.12,4,1048576,5637144576,0,0,5637144576,,android,armeabi-v7a
ant86c616c2fde8b7f2e1a063d2aca53,148.14,4,4002784,125090922496,0,0,125090922496,,linux,aarch64
ant27184cd7ee02a3ce59723ad1ff8ea,77.93,4,2055168,11027328532,0,0,11027328532,,android,armeabi-v7a
ant264acc4b8072433cb8649f7643588,286.6,4,1048576,5411658792,0,0,5411658792,,android,armeabi-v7a
2a8f1560f9933f84bf423bbaae810599,840.0,48,32592028,1120234844979,0,1000190509056,120044335923,,linux,x86_64
ant2295bf605fcb83b64b952c646d981,93.64,4,2048076,118498147696,0,0,118498147696,,android,armeabi-v7a
f35169054ab64216581fb0196bb54804,3300.0,36,65817224,4308281694617,0,4068193022771,240088671846,,linux,x86_64
ant2da3a59aa39cf3a56b1a558d0c059,78.81,4,2027228,11746735554,0,0,11746735554,,android,armeabi-v7a
ant22eed641aeeaa37e2927f0db7c372,91.97,4,2097152,4960687226,0,0,4960687226,,android,armeabi-v7a
ant2625ab62e243e300da1ad42772655,80.22,4,8388608,5637144576,0,0,5637144576,,android,armeabi-v7a
ant06d3433cb41f88e73dc8519620c91,200.0,6,3749736,574666624204,0,512067475865,62599148339,,linux,
ant403eec97d1f612b33c1a36bbc92e7,530.33,4,1015976,6249177415,0,0,6249177415,,android,armeabi-v7a
ant2c5f5cfee2e7638a4add03199ff0a,77.67,4,2053208,33930241638,30751965839,0,3178275799,,android,armeabi-v7a
ant2fde4317e50ce31348b0885b73e8e,94.24,4,2020648,57047903109,0,0,57047903109,,android,armeabi-v7a
ant2ba0fbca8983c3714ab0131cf3bfc,77.94,4,1014288,2083059138,0,0,2083059138,,android,armeabi-v7a
ant21d9a44801ee3361a959d255a58b6,47.0,4,1048576,4724464025,0,0,4724464025,,android,armeabi-v7a
ant2c011d3a79da231b4b9bb7828d407,9.98,4,1018096,5132485918,0,0,5132485918,,android,armeabi-v7a
ant2466557508a5c3f2182bc2e311441,449.69,4,1015940,5637144576,0,0,5637144576,,android,armeabi-v7a
9a94d6508e8dfe1bba70baf9e087f8b6,880.0,24,18160576,1888067623321,0,1759218604441,128849018880,,linux,x86_64
ant29e17b596c2683306ba7d3233797b,61.84,4,2089984,2888365506,0,0,2888365506,,android,armeabi-v7a
ant2383f5e5bb912377bb20bcc2e84fe,72.8,4,2997592,4380866641,0,0,4380866641,,android,armeabi-v7a
ant22fd6b5353e2c38758bb78b3c4845,11.05,4,1895524,18736794828,0,0,18736794828,,android,armeabi-v7a
d271e190dc6efdf9f9aeb4e7f3ef7eac,2000.0,32,16119020,3793315115827,0,3518437208883,274877906944,,linux,
ant13c015bb40e9f19efb3c58b1d8c0c,63.71,4,1909808,125090922496,0,0,125090922496,,linux,
ant282f1f8aea612372da4e8386c048f,71.7,4,4063504,4724464025,0,0,4724464025,,android,armeabi-v7a
ant26fe9bec797bb3271b248ea118eba,73.03,0,1885820,27326729420,0,0,27326729420,,android,armeabi-v7a
ant2998a360f79d238ffb35e8ecf9414,111.63,4,4063504,4724464025,0,0,4724464025,,android,armeabi-v7a
ant2349720aee74a39e69a233da98e51,85.01,4,2020648,57692148203,0,0,57692148203,,android,armeabi-v7a
ant2c7923f805a4f3e7eabcae50097da,79.48,4,1492180,10791105331,0,0,10791105331,,android,armeabi-v7a
b070850f1230eacccd41946324703a11,150.0,4,8140840,536870912000,0,429496729600,107374182400,,linux,x86_64
ant2db0dcf25025d343cb67d65d924e2,67.42,4,20971520,137438953472,0,0,137438953472,,android,armeabi-v7a
ant2b84b8d10bab839899875e9a047f3,107.1,4,2894228,25963077304,0,0,25963077304,,android,armeabi-v7a
ant83ead9df3c6203c76eebe37d96db0,98.49,4,1844284,125090922496,0,0,125090922496,,linux,
ant2f93db8eaaca53b8c840e3007ebe9,42.72,4,4025792,23171348561,0,0,23171348561,,android,armeabi-v7a
ant2ba31707cd8a6355ead902841e568,125.03,4,2026940,11607149117,0,0,11607149117,,android,armeabi-v7a
ant2c7dc02d16ec1322bbe2916ce9649,69.73,4,1970704,27305254584,0,0,27305254584,,android,armeabi-v7a
ant2ee8564707bed31dc80655d858aff,74.58,4,2019608,58100170096,0,0,58100170096,,android,armeabi-v7a
ant2fff880711f593f8e8b4b7959cde1,52.26,4,1048576,5100273664,0,0,5100273664,,android,armeabi-v7a
ant26479900af1b1312799b116bbb38b,132.55,4,3832724,53418655744,0,0,53418655744,,android,armeabi-v7a
ant22c09eb74cb13331385212df94868,208.07,4,8388608,5637144576,0,0,5637144576,,android,armeabi-v7a
ant2b33e65befe39361287ff4ed12a51,87.33,4,3844864,43916040601,0,0,43916040601,,android,armeabi-v7a
ebbce70464c571a12ef61375b7bf461e,6000.0,64,65854568,36633923551227,28477351159397,7916483719984,240088671846,,linux,x86_64
ant219f4c1dde6ad3c62ac1ab8480a64,486.33,4,33554432,274877906944,0,0,274877906944,,android,armeabi-v7a
ant2256db0bf691c36ad8cb34de7ef09,134.48,4,1015940,5637144576,0,0,5637144576,,android,armeabi-v7a
ant2b790e89f5bd03a0e885edeeb14e0,83.17,4,1048576,3833258311,0,0,3833258311,,android,armeabi-v7a
ant2f694d2f4c796329ca44d0435c356,52.96,4,3859752,115040699023,0,0,115040699023,,android,armeabi-v7a
ant20c11e506cb3a343cb968548a0c40,37.83,4,2052184,4423816314,0,0,4423816314,,android,armeabi-v7a
ant2623296cb4d17378083849b245d00,464.35,4,8388608,5476083302,0,0,5476083302,,android,armeabi-v7a
ant230e81c26b94a3d3895d44417e9f1,86.68,4,3832724,53418655744,0,0,53418655744,,android,armeabi-v7a
ant21477e3144e573184a43c92c9b0d2,64.66,4,4063504,4885525299,0,0,4885525299,,android,armeabi-v7a
ant299789bfcbedd3039a289681e087f,80.85,4,2059384,11993696174,0,0,11993696174,,android,armeabi-v7a
ant2b9282f62cd163344bd933cd6e94e,94.05,4,2055024,118648471552,0,0,118648471552,,android,armeabi-v7a
antb993f2306ac4a0967df44197a1cbb,150.0,4,3990732,263925740339,0,256087425024,7838315315,,linux,aarch64
ant2a01b6f5e15413c4389a5e394f753,84.74,4,3054380,24889335480,0,0,24889335480,,android,armeabi-v7a
ant2c82e3361dc3838869db5865ca6a6,45.03,4,1861764,0,0,0,0,,android,armeabi-v7a
ant4bc2ed520aab806ea1626a8afb685,527.42,4,1015976,6249177415,0,0,6249177415,,android,armeabi-v7a
ant2ce7ba0747921374e847fc2d450b4,9.27,4,2019608,27605902295,0,0,27605902295,,android,armeabi-v7a
ant2bc04af32fd683fe8a44ee2b10b95,110.46,4,2055160,3371549327,0,0,3371549327,,android,armeabi-v7a
ant2ed75ccbb9f2632d4830b1d4a7dcd,33.65,4,922056,4488240824,0,0,4488240824,,android,armeabi-v7a
4dd2632880993ffc28249355637bec2c,1024.0,24,32533344,2219209601842,0,1979120929996,240088671846,,linux,x86_64
9fb86d4994a2a1f990a3deb3cb0c862d,5000.0,64,131360032,56775065311638,48378511622144,7916483719984,480069969510,,linux,x86_64
antb97c03eec37aaf215db00087af751,111.25,4,1909808,7838315315,0,0,7838315315,,linux,
ant433b689590e084ad07cd48a803a9e,72.55,4,1015976,6249177415,0,0,6249177415,,android,armeabi-v7a
ant2cb0b41a9f0fc310488bdc542edda,20.24,4,4063504,4724464025,0,0,4724464025,,android,armeabi-v7a
ant27f1fc94550bf36b88db0ddf56535,100.91,4,2089984,2877628088,0,0,2877628088,,android,armeabi-v7a
ant2ce481d309a9d35e5813981de397e,73.58,4,8388608,5476083302,0,0,5476083302,,android,armeabi-v7a
ant28d4b1ba4dcb83e3da459ef985be3,71.4,4,2093056,11553462026,0,0,11553462026,,android,armeabi-v7a
ant28c329db8749236cc917b6a534bc0,97.72,4,981476,4842575626,0,0,4842575626,,android,armeabi-v7a
ant26923bb54826b35959be57540409e,100.39,4,2055156,3650722201,0,0,3650722201,,android,armeabi-v7a
ant283e2db3ead883d88a880212f3174,62.88,4,2011696,58905476464,0,0,58905476464,,android,armeabi-v7a
ant2f5126ef67b27313cb43d3dc2467b,68.33,4,2020648,57702885621,0,0,57702885621,,android,armeabi-v7a
15218876468837e4d2e995ba45179154,450.0,32,32753196,2219209601842,0,1979120929996,240088671846,,linux,x86_64
ant245d1dc95dd2d3bc6833d6ffd4a68,122.0,5,3932856,54009213747,0,0,54009213747,,android,armeabi-v7a
ant2ef82e779646c380a84ae6e75a4de,51.43,5,2970564,54009213747,0,0,54009213747,,android,armeabi-v7a
ant284dd7d8f569a3c0f859fda3e7236,147.18,4,4003380,121440200294,0,0,121440200294,,android,armeabi-v7a
ant2f21cd046968e381797929c981e7a,70.19,4,2058012,27358941675,0,0,27358941675,,android,armeabi-v7a
7af4d25aed11d2bfeef6594e616ca4ef,2000.0,24,16120848,1924145348608,0,1649267441664,274877906944,,linux,
ant299de844c95a63e06ba2cacad2f9f,27.88,4,4063504,4724464025,0,0,4724464025,,android,armeabi-v7a
ant2a1b6040df3a23a74b65517fac86d,77.45,4,2054224,3962107330,0,0,3962107330,,android,armeabi-v7a
ant2e3fbcd3b65a93f468d31407ba4d1,346.74,4,8388608,5637144576,0,0,5637144576,,android,armeabi-v7a
ant25706da9935903a68b028e55d3c67,90.66,4,2868504,53418655744,0,0,53418655744,,android,armeabi-v7a
ant23c45374ff2f9354fb4c40ccd9433,75.99,4,2052184,27605902295,0,0,27605902295,,android,armeabi-v7a
ant281aeeb73be193cdf8ec6362e96cc,104.02,4,1961984,3382286745,0,0,3382286745,,android,armeabi-v7a
ant2ea47d03956c337e0843f06edd596,58.32,4,4063504,4724464025,0,0,4724464025,,android,armeabi-v7a
ant334966aaa59d1c42429113fbba30c,12.9,4,8126796,274877906944,0,0,274877906944,,linux,x86_64
ant2a9203ccff83b384a970b0c4d047f,68.92,4,1880988,56682830888,0,0,56682830888,,android,armeabi-v7a
ant9a07d383dc5aeb76d730e89c9141d,359.01,4,1909808,7838315315,0,0,7838315315,,linux,aarch64
ant2bcf46331ff8a37b887ecc6ad2592,314.33,2,1026092,2727304232,1363652116,0,1363652116,,android,armeabi-v7a
643391f94b9822e43a4185efcb418e57,400.0,8,10049420,909459329024,4096,773094113280,136365211648,,linux,x86_64
ant21310e5c5a1a038bdbd31efde6566,76.97,4,1048576,5433133629,0,0,5433133629,,android,armeabi-v7a
ant293860385b556371997af27fc1ceb,336.79,4,1048576,5476083302,0,0,5476083302,,android,armeabi-v7a
fdeb6969b2bc8ae0bf6303143c43412a,3000.0,64,65602940,41022413760101,28477351159397,11544872091648,1000190509056,,linux,x86_64
ant2aa064afed48c36e7b073822ecaf4,106.11,4,8388608,5637144576,0,0,5637144576,,android,armeabi-v7a
ant2535e2594272a3a6b8b34c90078de,460.5,4,8388608,5476083302,0,0,5476083302,,android,armeabi-v7a
ant286e05ba626a736bdb5d09cf9cc6a,70.16,4,2044592,27702539059,0,0,27702539059,,android,armeabi-v7a
ant240e3463f2e4c3d8ab30a49cda473,351.34,4,2097152,5637144576,0,0,5637144576,,android,armeabi-v7a
ant297586d55a9343d24b19c7e22b070,84.5,4,2020648,57692148203,0,0,57692148203,,android,armeabi-v7a
ant2c7997ba7b2e23ad49c42eba33305,94.99,4,2054220,118476672860,0,0,118476672860,,android,armeabi-v7a
ant2c4b778f4093f3cd5a71363bb1d83,14.45,4,16777216,137438953472,0,0,137438953472,,android,armeabi-v7a
ant283c1a0b4807532bd882cb3025deb,35.67,4,1048576,5175435591,0,0,5175435591,,android,armeabi-v7a
ant271f323d7e2d938e18729a5212096,88.38,6,2834592,20905753313,0,0,20905753313,,android,armeabi-v7a
ant26ecb9a0246b909eb1f8d98822228,1000.0,8,16369836,1267015352320,1181116006400,0,85899345920,,linux,x86_64
antd54964ce4ccea852bad238d03e923,104.86,4,1844576,7838315315,0,0,7838315315,,linux,aarch64
ant21cab2c361fc534df90e0d0c6d1bd,101.92,4,2055160,65788161554,62083752262,0,3704409292,,android,armeabi-v7a
ant2d5ec0795d10f30e1bb50ecb7c08d,100.53,4,2019608,4423816314,0,0,4423816314,,android,armeabi-v7a
ant24f6bb0d233423391bf301e321bfb,79.79,4,2054100,42155104009,30762703257,0,11392400752,,android,armeabi-v7a
d259c1fa1a8f44bfed3b12e31da25405,220.0,4,8140840,536870912000,0,429496729600,107374182400,,linux,x86_64
515ac4f20c88fedb13ad6480f52a2823,220.0,4,8140840,536870912000,0,429496729600,107374182400,,linux,x86_64
ant207c1c93e883431cd9aaa25d63116,93.67,4,1963016,4219805368,0,0,4219805368,,android,armeabi-v7a
ant26edb13e0ec4b3e95b44763da742e,9.1,4,1015940,5637144576,0,0,5637144576,,android,armeabi-v7a
ant2568119f7d763369b9c298816ee4d,99.56,4,2055156,118111600640,0,0,118111600640,,android,armeabi-v7a
ant3599437e71fbe2e9058464365e796,80.0,4,1973312,125090922496,0,0,125090922496,,linux,
ant2c2cdb3687e7e3244b998899f2037,73.62,4,3832724,53418655744,0,0,53418655744,,android,armeabi-v7a
ant2777d669b79493d3fa2a90848eb76,74.04,4,4063504,4724464025,0,0,4724464025,,android,armeabi-v7a
ant21ec5dce8e8b73f65b422ccbaf94a,60.03,4,1048576,5100273664,0,0,5100273664,,android,armeabi-v7a
6e6f42c6b17c0e24713e62979392f62c,3000.0,56,65607660,6417432759498,0,5937362789988,480069969510,,linux,x86_64
08e63c3459980d9a2880782e090fb4a2,2000.0,32,16119020,3793315115827,0,3518437208883,274877906944,,linux,
ant642b0f75a684143fe71be02a28478,50.0,4,1844268,125090922496,0,0,125090922496,,linux,aarch64
ant21c80af372efb32158e997ea4b95a,83.72,4,2053196,11832634900,0,0,11832634900,,android,armeabi-v7a
ant57ede534dbae22ffdacccad30fcf5,201.71,2,3809160,107374182400,0,0,107374182400,,linux,x86_64
ant2dd121d4a06ef3290b8662e5e87ec,5.5,4,2055168,113902532689,0,56908316672,56994216017,,android,armeabi-v7a
ant2fc586c9c4d3e3192aa21395ded32,50.92,4,1048576,5304284610,0,0,5304284610,,android,armeabi-v7a
ant2a93337fecd3830ec8b843d9e0fbf,68.3,4,1724724,10350871183,0,0,10350871183,,android,armeabi-v7a
ant94393234185743f2592e1804e265a,98.4,4,2014148,0,0,0,0,,linux,aarch64
ant24b74f07a2f2a39c8a666058968c8,78.32,0,1885820,11929271664,0,0,11929271664,,android,armeabi-v7a
b2e40d2cc02ce29f55288020597ada2d,2500.0,32,65793120,4438311829502,0,3958241859992,480069969510,,linux,x86_64
4a235e8546bed26dc1607d619e3073b9,1500.0,24,32514348,2219209601842,0,1979120929996,240088671846,,linux,x86_64
ant2bc715c7ba1d632f9ace5eacda979,102.3,4,1048576,4005057003,0,0,4005057003,,android,armeabi-v7a
ant270e1dce4c1c73f7a9e02583c2289,159.2,4,2868504,53418655744,0,0,53418655744,,android,armeabi-v7a
ant29619729085a434c5b3247d385918,471.13,4,1015940,5637144576,0,0,5637144576,,android,armeabi-v7a
ant28f44c18684d33761b656cff74409,96.56,4,2019608,27605902295,0,0,27605902295,,android,armeabi-v7a
ant24901509549eb3bcc88488b741076,80.47,4,16384000,4241280204,0,0,4241280204,,android,armeabi-v7a
ant255b337b3994138a9a848149c9d68,252.73,4,1048576,5637144576,0,0,5637144576,,android,armeabi-v7a
ant228ccdf3599513dc7b75528f2df0c,99.03,4,2054236,57090852782,0,0,57090852782,,android,armeabi-v7a
6ef7af0ec262d744f591e51089713a80,2000.0,48,24347808,4013217441382,0,3738339534438,274877906944,,linux,
ant213e6dd669b2a37dd8e5d09df8de7,65.55,4,2978932,46976204800,0,0,46976204800,,android,armeabi-v7a
ant2e34fd5cc381939e29968d80627b2,122.44,4,1048576,4724464025,0,0,4724464025,,android,armeabi-v7a
ant2e772e468dd0739319dbcd10184c0,29.16,4,0,4939212390,0,0,4939212390,,android,armeabi-v7a
ant2feb35af7b66a39838d10a12aae73,65.32,4,1048576,4928474972,0,0,4928474972,,android,armeabi-v7a
ant24f31188e68d730a8adcb085ff2d4,72.31,4,2020648,11735998136,0,0,11735998136,,android,armeabi-v7a
ant9dfc5451aaae263f4091228401faf,50.0,4,1999836,127882651238,0,120044335923,7838315315,,linux,aarch64
ant235e5faff0524336992e153954c4e,41.22,4,2060816,3962107330,0,0,3962107330,,android,armeabi-v7a
ant2dfb9c03c592531eaacf5766aed50,90.59,4,1880992,26349624360,0,0,26349624360,,android,armeabi-v7a
ant93d9bd73fb6b9b2345185dff8276d,364.59,4,4002784,125090922496,0,0,125090922496,,linux,aarch64
ant279cd122ba0c1326282ed9745aed0,84.14,4,4003316,121236189347,0,0,121236189347,,android,armeabi-v7a
ant24a91caf1ede5316ea6cd656e2143,85.59,4,1048576,5282809774,0,0,5282809774,,android,armeabi-v7a
ant275392aa8667034deba795e4de91d,487.23,4,1048576,5637144576,0,0,5637144576,,android,armeabi-v7a
ant24114c3684d4b3ce99ed393071d89,52.81,4,1018096,5132485918,0,0,5132485918,,android,armeabi-v7a
ant2618977f8d11d3e4f8c8e74ffc23e,51.96,4,2054152,11231339479,8053063680,0,3178275799,,android,armeabi-v7a
ant2699bfecbd7be300f8a4c2fb30220,18.61,4,2058012,57176752126,29817810451,0,27358941675,,android,armeabi-v7a
28f59838195bbfe3324063827ad24116,500.0,16,32923812,1288490188800,0,1073741824000,214748364800,,linux,x86_64
ant2b019ac920efd3b0a8d9b9c3a8d67,180.52,4,33554432,274877906944,0,0,274877906944,,android,armeabi-v7a
ant245cbd52f77db3924827eff37d29d,99.2,4,2053196,117757265838,0,0,117757265838,,android,armeabi-v7a
ant24f643d2cedf13ab9ae3dc9d28b70,13.57,4,4003316,121987808624,0,0,121987808624,,android,armeabi-v7a
ant2455b8231c4a63495b54fe792c411,87.16,4,1313620,3564822855,0,0,3564822855,,android,armeabi-v7a
c513855a215f78928dacb152714085fe,600.0,4,16338824,1080184274943,0,960139939020,120044335923,,linux,x86_64
ant2ce0a86720241372ca8591b0e4892,103.6,4,1869624,57080115363,0,0,57080115363,,android,armeabi-v7a
ant2d875485ec1e636ce8837160730cf,72.5,4,2053196,4058744094,0,0,4058744094,,android,
ant254fdd97f5d8c3a89ae937a7d5415,11.54,4,1048576,5282809774,0,0,5282809774,,android,armeabi-v7a
ant23c46fefccb4c340aa06580c82b65,100.04,4,4003376,120098023014,0,0,120098023014,,android,armeabi-v7a
ant27acdde17d4eb3dc8b1f902f23fa8,84.33,4,3860504,57788784967,0,0,57788784967,,android,armeabi-v7a
ant2569aef8f5a7131acae56c3394dfa,68.12,4,33554432,274877906944,0,0,274877906944,,android,armeabi-v7a
ant286a6ee300e9a39de9ec8a0eb6802,10.27,4,1048576,3285649981,0,0,3285649981,,android,armeabi-v7a
ant239023d1072b8357dbb7edee80246,85.15,0,1885816,27101243637,0,0,27101243637,,android,armeabi-v7a
ant216b16077166434f0b2d6a4ec722b,36.55,4,1048576,5100273664,0,0,5100273664,,android,armeabi-v7a
ant29d6bcf99a5c432d9a8fc67b7b3b8,6.47,5,2971064,54009213747,0,0,54009213747,,android,armeabi-v7a
ant26c13cd1e39d6386fbc299c7853da,222.96,4,3027544,19542101196,0,0,19542101196,,android,armeabi-v7a
ant24aef7b2c7ea63366842bfe4abf30,406.99,4,8388608,5476083302,0,0,5476083302,,android,armeabi-v7a
ant23ced82bfaa863c6c98ac618bb620,231.0,4,8388608,5476083302,0,0,5476083302,,android,armeabi-v7a
ant255a3124ada6d33ad88c995837d32,49.17,4,2020648,57831734640,0,0,57831734640,,android,armeabi-v7a
a27c5586a8ace95ba157e398b83cfbd4,2000.0,64,65605224,36633923551227,28477351159397,7916483719984,240088671846,,linux,x86_64
ant2d0745e82b3c837c4bab5124b4efa,72.11,4,2019608,27605902295,0,0,27605902295,,android,armeabi-v7a
ant2f998fec3c6123ce48473748f45e8,392.11,4,8388608,5476083302,0,0,5476083302,,android,armeabi-v7a
ant2996e2b00c5b2329a947cd272f2ad,83.52,4,4765488,0,0,0,0,,android,armeabi-v7a
ant2f09fd6a47bda39a083a5d8320647,99.37,4,2055168,236384262553,0,118111600640,118272661913,,android,armeabi-v7a
ant283cb71c7ee8f3fb19f73b9bd9d7d,172.13,4,1048576,3285649981,0,0,3285649981,,android,armeabi-v7a
436bfff6a74e29bf555db509bacfd881,450.0,8,12200604,600114305433,0,480069969510,120044335923,,linux,x86_64
ant25a025c1d82503506ae02aca14c16,78.67,4,2019608,27605902295,0,0,27605902295,,android,armeabi-v7a
ant2c5e13644402a349ba887a09d5a84,63.13,4,4003316,121987808624,0,0,121987808624,,android,armeabi-v7a
ant2d4a3288f0bff30a7bba496e146f1,92.3,4,2704376,52892522249,30988189040,0,21904333209,,android,armeabi-v7a
ant2ea86a266cb7b34afadf2f478a68e,103.64,4,2055280,9030168739,0,0,9030168739,,android,armeabi-v7a
ant2526a7f9c32663d36bf26a43e5f54,52.13,4,2020648,57047903109,0,0,57047903109,,android,armeabi-v7a
antd40fd2d62291a65a2830ae5665ea5,98.71,4,1848272,125090922496,0,0,125090922496,,linux,aarch64
ant212d276cf665c3623934dcdf1e2d8,195.82,4,8388608,5476083302,0,0,5476083302,,android,armeabi-v7a
antef21eac3fcdace71ce7524acd8f2b,300.0,4,7835644,256087425024,0,0,256087425024,,linux,x86_64
ant2c4f5846f93ea3190a2721ff35aa4,55.09,4,8388608,5637144576,0,0,5637144576,,android,armeabi-v7a
ant25710cc830a453edd8ed24cf8e569,346.17,4,1048576,5637144576,0,0,5637144576,,android,armeabi-v7a
ant22092b22426223d41bd87a0a14af0,96.94,4,3184620,55168854917,0,0,55168854917,,android,armeabi-v7a
ant29922d623d9bb3209b33bf82f1e6f,24.89,4,1017724,4101693767,0,0,4101693767,,android,armeabi-v7a
ant23461d036e9743d98af8f3dfb54e9,71.85,4,2054236,4080218931,0,0,4080218931,,android,armeabi-v7a
ant49c860a9c5ab702a05dbe602ee858,358.79,4,4002784,125090922496,0,0,125090922496,,linux,aarch64
ant209e35237e7dc36a0990415dbb29b,34.51,4,8388608,5476083302,0,0,5476083302,,android,armeabi-v7a
ant2e26a0bf7f32f3e3ebfabf623c36f,69.63,4,8388608,5637144576,0,0,5637144576,,android,armeabi-v7a
ant2b9d45706d33c36288d2ab941f2f5,97.48,4,3984284,116490250485,0,0,116490250485,,android,armeabi-v7a
ant2f08903b988f8356cb051561b9bcb,90.38,4,2776980,56682830888,0,0,56682830888,,android,armeabi-v7a
ant2a5f5bdd48d1a3dcaad7f68c36f75,74.59,4,2053208,10941429186,0,0,10941429186,,android,armeabi-v7a
ant25ea9d4aaced235d3b1b54aaf052e,367.2,4,1048576,5637144576,0,0,5637144576,,android,armeabi-v7a
ante50808f1c1fb24b8857cb64108afe,262.39,2,4008896,85899345920,0,0,85899345920,,linux,x86_64
ant13f6a4c954cf4835a72d876a0d79e,115.1,4,1909808,125090922496,0,0,125090922496,,linux,aarch64
ant277c63c08be6e36a488ed9bce2fcf,160.82,4,3832724,53418655744,0,0,53418655744,,android,armeabi-v7a
ant237b1761f197936ecbdbf8803781b,73.43,4,33554432,274877906944,0,0,274877906944,,android,armeabi-v7a
ant239080419a0633a66b4063edab52a,13.7,4,4063504,4885525299,0,0,4885525299,,android,armeabi-v7a
ant2777db4f722383f2db15da71d5892,60.67,4,4003212,115502408007,0,0,115502408007,,android,arm64-v8a
ant2e12f0cc208113bbda222d6804cfa,174.68,4,962164,4767413698,0,0,4767413698,,android,armeabi-v7a
ant2ed9b049f69953a48be11080497bb,294.65,4,8388608,5637144576,0,0,5637144576,,android,armeabi-v7a
ant2f69da59578c5384fbd731c65f500,569.52,4,1015924,1803886264,0,0,1803886264,,android,armeabi-v7a
ant2ff8b33e4f68e3412a0f31c35dfa8,167.74,4,1048576,5175435591,0,0,5175435591,,android,armeabi-v7a
ant2f69d0c42cf4c332eaeaf80a505c3,4.38,4,2020648,57702885621,0,0,57702885621,,android,armeabi-v7a
ant207bab3cb00df37b7852b2bab3dc1,174.66,4,1048576,5100273664,0,0,5100273664,,android,
ant2e86ade1b04b939a7a24750d5caa8,410.4,4,1048576,5637144576,0,0,5637144576,,android,armeabi-v7a
665aac5736a3c1d3cc707a4aca51ea4b,810.0,24,32579880,1264330997759,0,1024242325913,240088671846,,linux,x86_64
ant7dea2c6494f2c1b0468a834430f62,399.83,4,8126804,274877906944,0,0,274877906944,,linux,x86_64
ant2d512988795c7327cb56f3a33c3b4,95.77,4,2054260,15569256448,0,0,15569256448,,android,armeabi-v7a
ant2723239031c653672b2db62304ef6,198.83,4,1048576,5476083302,0,0,5476083302,,android,armeabi-v7a
ant26cf87c96dda2307eb241f7511022,81.67,4,1048576,5100273664,0,0,5100273664,,android,armeabi-v7a
ant2503aac2f11f8341ca52817c88d87,76.25,4,2055156,118111600640,0,0,118111600640,,android,armeabi-v7a
ant510364ee8f77fee1d36e230a8af7d,198.05,4,4002784,125090922496,0,0,125090922496,,linux,aarch64
ant96ad7e6f75f94341d3c8e610aa6c8,112.18,4,3731176,256087425024,0,0,256087425024,,linux,
ant22347eea3b65a3cfa9616508305f7,6.6,4,1016016,6249177415,0,0,6249177415,,android,armeabi-v7a
antef663998b124e39dcd33ea41e1f22,50.0,4,1909808,7838315315,0,0,7838315315,,linux,
ant29748a57fcff83ccb852234b00603,210.01,4,1048576,4885525299,0,0,4885525299,,android,armeabi-v7a
ant2741356e64ad33d26ade74b521347,83.31,4,1009552,3983582167,0,0,3983582167,,android,armeabi-v7a
ant2ecf3b6fa500c35ca8daa038f912c,88.57,4,20971520,6302864506,0,0,6302864506,,android,armeabi-v7a
be970aab4f7c8ca5ad0dfc654fce8e8f,5000.0,64,65437164,51057604847200,40681930227710,9895604649980,480069969510,,linux,x86_64
ant25f23d40f7410349ca59a61c309a1,87.22,5,2971064,54009213747,0,0,54009213747,,android,armeabi-v7a
ant2bfbd769482753ebcb67e799152b2,6.51,4,1963016,4939212390,0,0,4939212390,,android,armeabi-v7a
ant2b929868da17c86695770b4748d42,50.0,4,3990732,263925740339,0,256087425024,7838315315,,linux,aarch64
ant958328c69d86f1b4b0d55bcf00ad7,263.98,4,1909808,7838315315,0,0,7838315315,,linux,aarch64
ant20bd0bf2216d831c2a17335d40881,45.61,4,8388608,5476083302,0,0,5476083302,,android,armeabi-v7a
ant20d5b8a1db01c35198f1e7ca0593b,80.48,4,3832724,53418655744,0,0,53418655744,,android,armeabi-v7a
ant2805716ec905433cfb5565e1695b9,73.56,4,2019608,58057220423,0,0,58057220423,,android,armeabi-v7a
ant29317a139e7333c809edad1a2f743,72.39,4,2054152,26252987596,0,0,26252987596,,android,armeabi-v7a
ant585763b2b6bafb4bf80e96a2e0c53,50.0,4,3888508,214748364800,0,0,214748364800,,linux,x86_64
anted2547b78a549f62c4fda1666319d,161.26,4,4002784,125198296678,0,0,125198296678,,linux,
ant29919b6b67b19344b9c9e7b582717,73.8,4,4003384,121440200294,0,0,121440200294,,android,armeabi-v7a
ant2c63fd4dbb0bb396cb29871daafa8,99.67,4,2054224,4133906022,0,0,4133906022,,android,armeabi-v7a
ant20430724d327c3ffca56784b9b11e,78.67,4,2054212,10866267258,0,0,10866267258,,android,armeabi-v7a
ant2391138ba119b369a8225b8476121,55.58,4,4003316,121418725457,0,0,121418725457,,android,armeabi-v7a
ant2b664d5922fd9321f827d84400472,45.14,4,8388608,5637144576,0,0,5637144576,,android,armeabi-v7a
ant25e518864901a3e858a2aa6e08ca0,43.06,5,1941448,62040802590,8031588843,0,54009213747,,android,armeabi-v7a
ant2af875c5a790e3c018b52586e8666,149.27,4,1048576,5637144576,0,0,5637144576,,android,armeabi-v7a
ant296aeb88d99b93695a2e948681fdd,73.56,4,2097152,4552665333,0,0,4552665333,,android,armeabi-v7a
ant2ea975d9cd6ed310d96ab3810df1f,41.42,4,2055164,5529770393,0,0,5529770393,,android,
ant21ae31bb188b53f65846f00a1df46,99.78,4,2020648,11735998136,0,0,11735998136,,android,armeabi-v7a
ant2ad3ce37c0d15370ebf610b9c0d9c,84.74,4,2054236,118992068935,0,0,118992068935,,android,armeabi-v7a
ant2ed608011e01536a89f11b6687e50,76.33,4,4003316,119024281190,0,0,119024281190,,android,armeabi-v7a
ant52c0793fe311025d0261b41aa090b,102.28,4,1909808,7838315315,0,0,7838315315,,linux,aarch64
ant26443922ca03635bca2ac06f3bac6,5.35,4,8388608,5637144576,0,0,5637144576,,android,armeabi-v7a
ant5e8315b19eab09b32469572575574,9.3,4,7900144,1136448346521,0,1000190509056,120044335923,,linux,
8016b06a68d363bbda6cf4507e5f006f,1800.0,16,32875196,4612794875904,0,4398046511104,214748364800,,linux,x86_64
ant63b2707aa139c42d5b0dff3a273f3,40.0,4,4002784,125090922496,0,0,125090922496,,linux,
anta257e308e4c1b4279fe49e0d50622,136.94,4,4027168,0,0,0,0,,linux,aarch64
ante8f3632050e106b4ec86bf790fa08,570.76,20,20274796,678604832768,644245094400,0,34359738368,,linux,x86_64
ant28bcd737675d43f39aced4f7399f1,56.7,4,1015876,5594194903,0,0,5594194903,,android,armeabi-v7a
ant2d1e94740425a304f869272caee39,96.6,4,1920104,48865990410,0,0,48865990410,,android,armeabi-v7a
antd0669f8d954af8b8b4416c30f713c,301.08,4,4002784,125090922496,0,0,125090922496,,linux,
ant298fbd99d04d03aa5b04832227a94,50.07,4,2054132,11392400752,0,0,11392400752,,android,armeabi-v7a
c4ce3d51dceb714c23d2f874403137f3,2000.0,32,16119020,1924145348608,0,1649267441664,274877906944,,linux,
ant2f981d3b9e9d2304f8b8e02396240,61.81,4,2053200,119077968281,0,0,119077968281,,android,armeabi-v7a
36f57296972a8ce71a3ab8f514d3ac77,3000.0,32,36951268,1924145348608,0,1649267441664,274877906944,,linux,
ant2adb17fae33d73d45b13001696e37,46.16,4,1537836,4874787880,0,0,4874787880,,android,armeabi-v7a
ant2e5278dddd556301daeb2547568cb,45.47,4,2052184,27605902295,0,0,27605902295,,android,armeabi-v7a
ant2d01677695c063e0d856f01738491,499.63,4,1015976,6249177415,0,0,6249177415,,android,armeabi-v7a
ant288a17def4ddb3d83ac84cb115f2f,11.05,4,2054260,59904056360,1052266987,0,58851789373,,android,armeabi-v7a
ant2d894979181ce3c298ee7eefc6f00,43.91,4,3832724,53418655744,0,0,53418655744,,android,armeabi-v7a
ant26f4289bafb003402a1b6dcfc8fc6,319.78,4,1015940,5637144576,0,0,5637144576,,android,armeabi-v7a
ant23c5d9e3f6bf531d0a07525235624,12.76,4,2093056,3801046056,0,0,3801046056,,android,armeabi-v7a
ant280f7d52d64b938338ea18885fac6,108.69,4,3880776,55898999357,0,0,55898999357,,android,armeabi-v7a
ant2e5ffa984ab1930f09cb268249e85,27.31,4,2055160,118648471552,0,0,118648471552,,android,armeabi-v7a
ant28471984be80e3d08939b4cce9cea,85.8,4,3742808,47727824076,0,0,47727824076,,android,armeabi-v7a
ant916099ca6d55a4933e130edc65198,98.46,4,1844284,7730941132,0,0,7730941132,,linux,
c19a692c2097dc51ddfd0dbd1eb486da,500.0,16,32923820,1288490188800,0,1073741824000,214748364800,,linux,x86_64
ant2c46952961b3e3860ae9942fc028c,6.57,5,1941948,23847805911,0,0,23847805911,,android,armeabi-v7a
ant2a6ae685b3a3632a096ad0fc16be7,7.51,4,1048576,5100273664,0,0,5100273664,,android,armeabi-v7a
ant28b60140945943aa28d977ceaf858,74.34,4,1048576,5100273664,0,0,5100273664,,android,armeabi-v7a
ant27edbbe74144a3e1080ccab75e444,154.81,4,8388608,5637144576,0,0,5637144576,,android,armeabi-v7a
ant284e0f4b82929306c9abb633b22d3,6.32,4,33554432,5959267123,0,0,5959267123,,android,armeabi-v7a
ant2e1959d09fb7f3fe195de857bc33f,36.58,4,4063504,4885525299,0,0,4885525299,,android,armeabi-v7a
ant8b693a684a324c073f753c2638187,104.93,4,4002784,125627793408,0,0,125627793408,,linux,aarch64
ant20ec5ec2dc03439b19c6112cd356f,201.63,4,2011148,8761733283,0,0,8761733283,,android,armeabi-v7a
ant2b6d6eb542359327483ac6dbd2f83,84.22,4,2055168,119679263703,0,0,119679263703,,android,armeabi-v7a
ant2f0c22307d10f3374ae809ecd324e,35.39,4,2054144,236384262553,0,118111600640,118272661913,,android,armeabi-v7a
ant2338c10c14dd6385ba606367b23c0,68.31,4,1018096,5132485918,0,0,5132485918,,android,armeabi-v7a
99a3a19a388a3c8753d5f07e0c2934ac,3000.0,48,36947096,4013217441382,0,3738339534438,274877906944,,linux,
anta1db2eeac69e38b41f28651f89d9b,472.97,4,7835644,512174850048,0,0,512174850048,,linux,
ant3a0d7c14970470162e9d46dbda177,40.89,4,1909808,123695058124,0,0,123695058124,,linux,
ant29c57140f02a23265bfea20f753ab,75.67,8,3736064,56596931543,0,0,56596931543,,android,armeabi-v7a
ant2d1282d041e7d39ee9a0e93a73ea8,27.18,4,1048576,5637144576,0,0,5637144576,,android,armeabi-v7a
ant20a87cc407c0c34ed9d227b191b2f,5.19,4,8388608,5476083302,0,0,5476083302,,android,armeabi-v7a
ant201fab4c3c4623b9ea0f5bb1e7974,84.06,4,1017464,5132485918,0,0,5132485918,,android,armeabi-v7a
ant21b3e707a81853380978d28384921,98.68,4,2019608,27605902295,0,0,27605902295,,android,armeabi-v7a
ant200762551202a3f96a518f7aa3e85,66.21,4,4003384,121440200294,0,0,121440200294,,android,armeabi-v7a
ant2a6bc805c8af13509a1568bd0b5b0,383.33,4,643268,6249177415,0,0,6249177415,,android,armeabi-v7a
ec9d317a627747afd054dbda9e73836d,1200.0,20,16368488,1128180534476,0,1000190509056,127990025420,,linux,x86_64
ant688b8bb9471e13bb7cd0ca37f29ba,39.33,4,1909808,7838315315,0,0,7838315315,,linux,
4125003a29c22af6635f6ff3b60f5ed2,900.0,32,49016360,4324280447795,0,4068193022771,256087425024,,linux,x86_64
ant2c2752869b7d23fae808282834a8e,10.07,4,4063504,4724464025,0,0,4724464025,,android,armeabi-v7a
ant2afa52ad125f1305bbe09442ec254,110.84,4,2054220,118476672860,0,0,118476672860,,android,armeabi-v7a
ant2d4625a97cef9321bb345a72889be,101.58,4,2053196,27154930728,0,0,27154930728,,android,armeabi-v7a
ant2dc11b28fab4132dc8c1f02ca540d,219.95,4,1015940,5637144576,0,0,5637144576,,android,armeabi-v7a
ant27a6ef3161d4e30b8adfedf4cb003,44.69,4,1015924,1803886264,0,0,1803886264,,android,armeabi-v7a
ant2674f683802513d49b1e75fb08781,41.4,4,1961984,3382286745,0,0,3382286745,,android,armeabi-v7a
ant2269429cb4b903f95850c37391639,29.47,4,1009652,4026531840,0,0,4026531840,,android,armeabi-v7a
ant23c6c99b1764f31f2ba35f2454b30,303.42,4,8388608,5637144576,0,0,5637144576,,android,armeabi-v7a
ant2e5235ffa1333396f93711ccee9d2,97.07,4,1018096,4842575626,0,0,4842575626,,android,armeabi-v7a
ant2bf1c4a927f553491b7d4633ed261,118.36,4,1009376,4166118277,0,0,4166118277,,android,armeabi-v7a
ant244879391be083ffeb9046c35e41d,70.46,4,3932624,28132035788,0,0,28132035788,,android,armeabi-v7a
ant22240629d9b8b3a99b5cea3442c8c,15.95,4,1048576,5637144576,0,0,5637144576,,android,armeabi-v7a
antd45eaa368b4f3e21a855ee64e3533,35.94,2,1798504,42949672960,0,0,42949672960,,linux,x86_64
ant2b8c6967b3211366dad1bcb88e79b,83.35,4,2369592,6689411563,0,0,6689411563,,android,armeabi-v7a
ant29bfd1ab0e09236ecb2e27d6e0d13,72.58,4,2097152,12917114141,1020054732,0,11897059409,,android,armeabi-v7a
ant2eff632536cdd35eb9b0a33b7675c,72.55,4,2045944,25802016030,0,0,25802016030,,android,armeabi-v7a
ant2f12ce4a69b4b389c8acf801108b6,83.65,4,2055156,116790898196,0,0,116790898196,,android,armeabi-v7a
ant2f97236933115375283c9024d0384,84.07,4,2019608,27605902295,0,0,27605902295,,android,armeabi-v7a
ant2b3123514c92e32d3a212325d3f7f,89.58,4,2776980,26349624360,0,0,26349624360,,android,armeabi-v7a
ant28dc3cad70f95384cb21533044528,18.41,4,4003316,121418725457,0,0,121418725457,,android,armeabi-v7a
ant2115819abe2d6347e9c7159c37925,9.97,4,4063504,4724464025,0,0,4724464025,,android,armeabi-v7a
ant21d936a02c6213fe1b0fd777fe3a6,77.32,4,3832724,53418655744,0,0,53418655744,,android,armeabi-v7a
ant2f683f758e95234a4921a5f0d571c,80.3,4,2089984,4144643440,0,0,4144643440,,android,armeabi-v7a
antcb05deabfc706a8c928bc3a2289a5,165.62,4,1909808,123802432307,0,0,123802432307,,linux,aarch64
1aac74536e091d60dd71a202b09a366c,7000.0,64,63951684,42811267638881,32545544182168,9785653487203,480069969510,,linux,x86_64
ant252fd82080adc31f8a154a6b23ee9,104.97,4,2893988,26521423052,0,0,26521423052,,android,armeabi-v7a
ant2e05f7dba680931b8977bcaabb20b,7.61,4,1048576,5239860101,0,0,5239860101,,android,armeabi-v7a
0c4502a8fa8675af287da25f20042076,250.0,4,8141852,300647710720,0,214748364800,85899345920,,linux,x86_64
ant7db0252d826538a1fc8b14ed52bb9,100.0,4,1844284,125090922496,0,0,125090922496,,linux,
ant3335e69569b576fcb6760e6e16d0c,50.0,4,7900108,600114305433,0,480069969510,120044335923,,linux,x86_64
ant2932918f367ba3d9a9de565e1583e,83.41,4,1537836,4874787880,0,0,4874787880,,android,armeabi-v7a
07d0a234f0542c4a55eb363cc0d31f03,836.0,36,15940320,2229195400805,0,1979120929996,250074470809,,linux,x86_64
ant23c6d09d9246a392dacdde0bd1993,80.09,4,1907328,25662429593,0,0,25662429593,,android,armeabi-v7a
ant381113b10cab6a41599a9d1410a2e,92.66,8,16374656,300647710720,0,214748364800,85899345920,,linux,x86_64
ant20d4d1e937f733a3191c50c2496fc,94.44,4,4003316,56489557360,0,0,56489557360,,android,armeabi-v7a
ant2b0f99b9aa8583216996d714b6599,32.44,4,3094484,26467735961,0,0,26467735961,,android,armeabi-v7a
ant25baf2895e004304aa77c2b261d88,9.14,4,4002984,121418725457,0,0,121418725457,,android,armeabi-v7a
ant272a2bb64b45c3b1795daa7192a17,9.51,4,2055160,3650722201,0,0,3650722201,,android,armeabi-v7a
ant273a05d9f21713108ae116981c883,99.19,4,8127008,4885525299,0,0,4885525299,,android,armeabi-v7a
ant20bd28a603aeb3dc4ac35c8ccea34,9.17,4,4003316,119035018608,0,0,119035018608,,android,armeabi-v7a
ant266a3d57d887633aca75ab3ebed3e,83.13,4,2056184,136612172267,123942018744,0,12670153523,,android,armeabi-v7a
ant2a248f048a6903018b30205111c6b,33.56,4,1373928,68719476736,0,0,68719476736,,android,armeabi-v7a
f55299220b5f48009284c39d0f9578ae,850.0,32,32812240,2345159517798,0,2089072092774,256087425024,,linux,x86_64
ant2f2bbac4c93ff3bcfab6885bc9866,74.36,4,2055152,3736621547,0,0,3736621547,,android,armeabi-v7a
ant20faa4d9c09373728ad5712244261,73.13,4,4063504,4724464025,0,0,4724464025,,android,armeabi-v7a
ant2d464c0d4eb0738b09b0c5d3b83a6,13.25,4,1048576,5637144576,0,0,5637144576,,android,armeabi-v7a
ant273dbd2bb7a5f329998d7169b781d,11.72,4,2053980,3543348019,0,0,3543348019,,android,armeabi-v7a
ant836a03c21ff1a91762426a3b9744d,126.24,4,1909808,125090922496,0,0,125090922496,,linux,
ant2375d695e26d835e797d24013ced8,272.21,4,1016012,6249177415,0,0,6249177415,,android,armeabi-v7a
ant27b057717e7d230f2bec0d44a75a3,30.98,4,1895520,58025008168,8042326261,0,49982681907,,android,armeabi-v7a
ant24265ce0ffc9e331d97c106a692e7,78.71,4,2019608,4219805368,0,0,4219805368,,android,armeabi-v7a
ant270ac592c39a9326aa17bb0b92e27,102.67,4,4003316,121987808624,0,0,121987808624,,android,armeabi-v7a
ant74464f5b12b93eef839461f0c43eb,1000.0,8,10062336,987842478080,0,966367641600,21474836480,,linux,x86_64
ant2d492273870c535fc81945feb1024,181.07,4,2093056,11897059409,0,0,11897059409,,android,armeabi-v7a
ant224b1ae5d88cd3fbf830e18b6425f,89.39,4,2052184,27605902295,0,0,27605902295,,android,armeabi-v7a
ant22a23776840c73832bb4b7eb04c92,347.57,4,8388608,5637144576,0,0,5637144576,,android,armeabi-v7a
ant2cc2050b5ef7a36b4b89c92d35ec5,30.39,4,1048576,5637144576,0,0,5637144576,,android,armeabi-v7a
ant2486aa4bc2ba43753bf2c5692342b,93.0,0,1885820,12079595520,0,0,12079595520,,android,armeabi-v7a
ant23d9c4384c12c397c92b7ffebb502,425.53,4,1682492,11123965296,0,0,11123965296,,android,armeabi-v7a
ant2696f16c4615134649f7ab0d8db7b,28.86,4,923768,4584877588,0,0,4584877588,,android,armeabi-v7a
c3b2f9bed7b366e2adbd1f9a82e9bbb7,550.0,16,32923820,2413771620352,0,2199023255552,214748364800,,linux,x86_64
ant2a76e816c847d39c99420e734b1e7,146.74,4,4003316,121418725457,0,0,121418725457,,android,armeabi-v7a
ant2ae193799e2ee31389fc3b42ee2da,132.55,4,1048576,5175435591,0,0,5175435591,,android,armeabi-v7a
ante5219ba99a2845e0e6c8851e68a12,128.17,8,4018748,99857989632,0,89120571392,10737418240,,linux,x86_64
ant269fa66f3eed730cf811bcf8a92da,85.12,4,2055160,57370025656,0,0,57370025656,,android,armeabi-v7a
cf3dbded9a1a1f77349f6f1a81429ba2,500.0,24,32840268,1152232351333,0,1024242325913,127990025420,,linux,x86_64
ant296bf5a030a8d39d2bd26a14cfe96,99.44,4,2020648,4080218931,0,0,4080218931,,android,armeabi-v7a
ant0fadba00e6b612aec8b3a1d993a17,289.57,8,5945844,533649686528,0,512174850048,21474836480,,linux,
ant01ed9c66ae192059e27af64b4064b,1000.0,8,16373104,1425929142272,1288490188800,0,137438953472,,linux,x86_64
ant2a94320dab86a319ea7b21614a509,59.42,4,2097152,4960687226,0,0,4960687226,,android,armeabi-v7a
ant29c2d294b813c3755a29355d7833c,103.47,4,1048576,5057323991,0,0,5057323991,,android,armeabi-v7a
ant2c59e51d8d17b3236b0760e2bc316,96.24,4,1048576,5282809774,0,0,5282809774,,android,armeabi-v7a
ant25542fcc61094312f9cab0ee70160,18.9,4,4003316,121418725457,0,0,121418725457,,android,armeabi-v7a
7208f3b5df63c8c939bda7e3b4c4fe9b,750.0,30,20223584,912680550400,0,751619276800,161061273600,,linux,x86_64
ant2372da2a47dcc3793b6518d6be807,18.09,4,1048576,5637144576,0,0,5637144576,,android,armeabi-v7a
ant2ec3153b5100934b49986a33573bb,50.53,4,2058020,27358941675,0,0,27358941675,,android,armeabi-v7a
e0cdbe5df913ef17b1f37c630beb9cf0,1500.0,24,16382984,1924145348608,0,1649267441664,274877906944,,linux,
ant23fa6dadb85dd34d39998de990430,108.77,4,2034576,23579370455,0,0,23579370455,,android,armeabi-v7a
ant296825abddef335b0897a4b26397f,57.61,4,2369592,13378823126,6689411563,0,6689411563,,android,armeabi-v7a
ant28124c3672b9032b9939fc0baf7e1,18.92,4,4003316,121418725457,0,0,121418725457,,android,armeabi-v7a
ant22fca269e56123dab871f41db382e,495.57,2,871524,5261334937,0,0,5261334937,,android,armeabi-v7a
ant25979b0f733733c6c99e0d7f6f9cf,489.48,4,16777216,137438953472,0,0,137438953472,,android,armeabi-v7a
ant2aea3db9eaccf3b079cc90c28e177,80.32,4,3932560,28132035788,0,0,28132035788,,android,armeabi-v7a
ant29eb07eaf5bab303e8a7a93a9e3f7,96.31,4,8388608,5476083302,0,0,5476083302,,android,armeabi-v7a
ant2adbe8c882da0311ba369c8c45d9b,84.46,4,2019608,27605902295,0,0,27605902295,,android,armeabi-v7a
ant290c88ec102993111b80c394db09b,128.64,4,1048576,4080218931,0,0,4080218931,,android,armeabi-v7a
ant27da1cee602213162a7ded253abf4,435.29,4,1015940,5637144576,0,0,5637144576,,android,armeabi-v7a
ant23b8e77ccebeb3e198f9e78bfdfa2,78.08,4,2026436,21260088115,0,0,21260088115,,android,armeabi-v7a
ant2355605e848cb3513985ad6083e43,5.75,4,2097152,3468186091,0,0,3468186091,,android,armeabi-v7a
ant275d516b946453453a83f172450d3,118.67,4,8388608,5637144576,0,0,5637144576,,android,armeabi-v7a
antb4bf33cd744de6ec0115eb9d69b4b,500.0,8,16373088,137438953472,0,0,137438953472,,linux,x86_64
ant569c35e15c96ff8b5dc997af7c410,156.27,4,1909808,7838315315,0,0,7838315315,,linux,aarch64
ant22a16aa6b26f13369b6d32520a40a,103.2,4,1048576,5282809774,0,0,5282809774,,android,armeabi-v7a
ant2472034e01e903aa78a82256ce07d,12.94,4,2034384,27938762260,0,0,27938762260,,android,armeabi-v7a
6b716931792f2747001effce21b61706,150.0,4,8140840,536870912000,429496729600,0,107374182400,,linux,x86_64
ant2c2b4bd5509a5398b84e53b5c7473,93.39,4,2054260,120130235269,0,0,120130235269,,android,armeabi-v7a
ant266986c821af13ee28ba8457af812,119.89,4,2034576,8504035246,0,0,8504035246,,android,armeabi-v7a
ant2ca6146111acc36eb8bd0ce4149da,112.78,4,1048576,3285649981,0,0,3285649981,,android,armeabi-v7a
ant22b7569edd9893fabb2a7345e086c,12.95,4,2053196,57799522385,0,0,57799522385,,android,armeabi-v7a
ant261e3480c176f35e589367df5ffbe,93.64,4,2052184,4423816314,0,0,4423816314,,android,armeabi-v7a
020530910600d0a8d42a3ced1d069629,2000.0,32,32777292,2107110955416,0,1979120929996,127990025420,,linux,x86_64
ant2e699beee998b32218772ca05619e,91.06,4,8388608,5476083302,0,0,5476083302,,android,armeabi-v7a
ant24b0cce2314f1392495c4ccb9c980,113.62,4,1048576,4885525299,0,0,4885525299,,android,armeabi-v7a
ant22ef421d8fd5137c4a7dc658d970f,73.08,4,3832724,53418655744,0,0,53418655744,,android,armeabi-v7a
ant29062f4398c0c36c3a0f28d76a4d9,79.74,4,1048576,4960687226,0,0,4960687226,,android,armeabi-v7a
ant2519eba3e5538379e887d724163fb,83.54,4,1048576,5057323991,0,0,5057323991,,android,armeabi-v7a
ant21752b80f46da3f6bbd38da0b50b2,173.68,5,1942140,149668872847,125821066936,0,23847805911,,android,armeabi-v7a
ant2ed629bf7d8f237aa8569b7cb93d3,98.87,5,1941948,23847805911,0,0,23847805911,,android,armeabi-v7a
ant282f7f64a749132bf83efb9c812f0,34.95,4,2026936,4209067950,0,0,4209067950,,android,armeabi-v7a
ant23b2b33a25dae3d30b0a819c5a920,80.42,4,2042788,25308094791,0,0,25308094791,,android,armeabi-v7a
ant2429912ad5f063e5ab9ccdd56380e,383.66,4,8388608,5476083302,0,0,5476083302,,android,armeabi-v7a
ant207b32f444f6b3de8a865843b0da8,90.91,4,4003376,121440200294,0,0,121440200294,,android,armeabi-v7a
ant42def1561311c6a6467321256ca82,79.13,4,1015976,6249177415,0,0,6249177415,,android,armeabi-v7a
33259091f2b2be9f073878e7f7e82100,5000.0,64,131327808,55125797869971,44750123250481,9895604649980,480069969510,,linux,x86_64
ant29c1c73a8d2873331badd0411bcbb,74.02,4,2097152,4960687226,0,0,4960687226,,android,armeabi-v7a
ant28200d21d28453daa9017ed1486f4,99.15,4,2055024,118648471552,0,0,118648471552,,android,armeabi-v7a
ant29f2842bcd6d339faa5c30e12a271,73.72,4,990812,28207197716,0,0,28207197716,,android,armeabi-v7a
ant24d18cc03ec00352d803f13beb604,84.6,4,2055168,3886945402,0,0,3886945402,,android,armeabi-v7a
ant267ffbae213a4350397e960c2e118,63.07,4,2048076,118476672860,0,0,118476672860,,android,armeabi-v7a
ant22093e06105633318b42b3a75d142,99.8,4,2055168,234000555704,0,117037858816,116962696888,,android,armeabi-v7a
ant7d73ff539017b72be2086b51a76a8,100.0,4,4914548,261563508326,0,240088671846,21474836480,,linux,x86_64
ant2020e94b2ed39394988e5fd53ada9,402.16,4,8388608,5476083302,0,0,5476083302,,android,armeabi-v7a
ant2f231d9161c2c31b0b6619cf3ab23,95.67,4,2055164,5272072355,0,0,5272072355,,android,armeabi-v7a
ant293b4a29d583f3d908619e180ec19,86.62,4,2824544,72069551226,15547781611,0,56521769615,,android,armeabi-v7a
ant6547c5a5aaa6ca07e11603295591c,117.81,4,4002784,125090922496,0,0,125090922496,,linux,aarch64
ant2801737ca003b3d5bb732222694a7,72.53,4,4003316,121611998986,0,0,121611998986,,android,armeabi-v7a
ant23fdc3da9fed73b41bbce1b751018,12.67,4,1963016,4187593113,0,0,4187593113,,android,armeabi-v7a
ant7b067f09339b4f3946056edeaa1e7,225.58,4,8125972,85899345920,0,0,85899345920,,linux,x86_64
ant27f18ff3e20b23002bac9885f05a0,94.7,4,4003316,121418725457,0,0,121418725457,,android,armeabi-v7a
ant296ad94397ccf378e90f3a80c7281,83.63,4,4003316,121440200294,0,0,121440200294,,android,armeabi-v7a
ant2c2ba5ae1a0e934a9907cbfc0d001,8.73,4,4063504,4724464025,0,0,4724464025,,android,armeabi-v7a
c4efdce8f50c4daaef720b967f06a076,500.0,16,32923820,1314259992576,0,1099511627776,214748364800,,linux,x86_64
ant2b3014b4f233238248b51bbb2c16c,489.21,4,8388608,5476083302,0,0,5476083302,,android,armeabi-v7a
ant2bd4bf9d0688237afa00e6e8dc5c3,25.15,4,2045952,25812753448,0,0,25812753448,,android,armeabi-v7a
antc1db5be0ad740187bba4c87952681,732.83,4,4002784,125090922496,0,0,125090922496,,linux,aarch64
ant286be0b6ddc743aaba16b38daaf50,73.44,4,2024280,58744415191,0,0,58744415191,,android,armeabi-v7a
ant269582c23d5863c3488c310096bcb,151.8,4,1048576,4584877588,0,0,4584877588,,android,armeabi-v7a
ant2decdceb1edac34f586a364e1eff1,184.67,4,1048576,5304284610,0,0,5304284610,,android,armeabi-v7a
ant28435d9033d2e3d57bfb8ea28724c,113.2,4,1048576,5411658792,0,0,5411658792,,android,armeabi-v7a
ant20858da89162e35aebf8b2c6b76d1,432.84,4,1015940,5637144576,0,0,5637144576,,android,armeabi-v7a
ant2af926460eded3793b5e1ab3d2488,78.36,2,0,4456028569,0,0,4456028569,,android,armeabi-v7a
ant22c0fb18e16fc3f9088d7ae485a41,94.26,4,1048576,4005057003,0,0,4005057003,,android,armeabi-v7a
ant248643e6f855e3de18190a0c9023f,407.73,4,8388608,5476083302,0,0,5476083302,,android,armeabi-v7a
ant29118d689f9ce3ea4ab3d6ccfe1b5,95.25,4,2019608,57380763074,0,0,57380763074,,android,armeabi-v7a
ant28117ffc0f8fd31ab8a9659a65e6a,99.46,4,2020648,27197880401,0,0,27197880401,,android,armeabi-v7a
ant2b140727fa32c337dba34eaeea7a6,74.76,4,4063504,4724464025,0,0,4724464025,,android,armeabi-v7a
ant2b30a3f6de2d93ebe9a3ba9844311,88.48,4,2054220,4166118277,0,0,4166118277,,android,armeabi-v7a
ant2aa4ea661911e33a181b2bf50e020,33.2,4,1048576,5476083302,0,0,5476083302,,android,armeabi-v7a
ant2e3ce10e434163589a2ac159fc8e8,8.6,4,2089984,3468186091,0,0,3468186091,,android,
ant2bae0f8780b5638ce9f1907fa62c3,74.63,4,2097152,4649302097,0,0,4649302097,,android,armeabi-v7a
ant2e1596fe8190433c798ad7207fb9d,96.1,4,2868504,53418655744,0,0,53418655744,,android,armeabi-v7a
ant27b70ed3a33a93bfb8306c68c6201,148.25,4,1048576,5637144576,0,0,5637144576,,android,armeabi-v7a
ant2e303ff6ca4be355a9b77d9396b7b,82.0,4,3009616,24835648389,0,0,24835648389,,android,armeabi-v7a
antc0f6007db8fc00bf297b97a0a1610,195.88,4,4002784,125090922496,0,0,125090922496,,linux,aarch64
ant22375e7e95e2f31619c5e96fc5457,80.99,4,1880988,26349624360,0,0,26349624360,,android,armeabi-v7a
ant2a0cc1074f6a73d7bae0e1df0845a,242.54,4,1015940,5637144576,0,0,5637144576,,android,armeabi-v7a
ant2215924f590fa3a51a44b884a5ebb,105.3,4,1048576,3285649981,0,0,3285649981,,android,armeabi-v7a
ant2af8d5b2cbb9b33beb97a8ed90478,63.27,4,2097152,4649302097,0,0,4649302097,,android,armeabi-v7a
ant2022c8228e3153e9bb817fb23c5e3,62.97,4,1048576,4080218931,0,0,4080218931,,android,armeabi-v7a
ant2d7913e921311390e86438b7f6bee,187.22,4,1015940,5476083302,0,0,5476083302,,android,armeabi-v7a
ant291dd27a9e02d3906b45387914135,93.88,4,2019608,57380763074,0,0,57380763074,,android,armeabi-v7a
ant212a1daede82c3073847340be8ca2,91.88,4,33554432,6131065815,0,0,6131065815,,android,armeabi-v7a
ant2a88db209dd763f3293615caba8b7,83.04,4,2055156,3650722201,0,0,3650722201,,android,armeabi-v7a
ant23fb7707d65b5324798bd40dd480d,347.04,4,756088,515396075,0,0,515396075,,android,armeabi-v7a
antdb264c3608e3cfe970c192f42a016,259.47,4,8125980,85899345920,0,0,85899345920,,linux,x86_64
ant2a7959c75c5ab39909507fa8d6a58,134.99,4,16384000,5175435591,0,0,5175435591,,android,armeabi-v7a
0f5ae99f2a3afb3f3ac3ff4bc35c83ef,220.0,4,8140840,536870912000,0,429496729600,107374182400,,linux,x86_64
ant25e836b97a2b336fd830b725bfc61,14.35,4,2055160,57370025656,0,0,57370025656,,android,armeabi-v7a
ant25babf979df9635f3929c325a59e8,94.17,4,2019608,58057220423,0,0,58057220423,,android,armeabi-v7a
ant2e185e1330a713cfdbe3c4fe2f3c8,496.37,4,8388608,5637144576,0,0,5637144576,,android,armeabi-v7a
ant2a03c57d250fd39a98f642ed5e901,41.98,4,8388608,5637144576,0,0,5637144576,,android,armeabi-v7a
ant240b03b65cd893804b11238418a35,103.62,4,1048576,5100273664,0,0,5100273664,,android,armeabi-v7a
ant2f9e9c93100b93dcc809f315dd668,88.26,4,3742744,113311974686,0,0,113311974686,,android,armeabi-v7a
ant2bab951407f1b324a8744310fcf42,10.52,4,4063504,4885525299,0,0,4885525299,,android,armeabi-v7a
ant21a5a6e377f3c3900b595c12c9ca0,316.86,4,1048576,5637144576,0,0,5637144576,,android,armeabi-v7a
ant28dbcea3e73583ceca861f62eaf52,69.33,4,967432,3360811909,0,0,3360811909,,android,armeabi-v7a
ant6db3cfaeb74e781dc3bf94f5995f8,6.31,4,8126804,274877906944,0,0,274877906944,,linux,x86_64
ant241a9123084d333f288474c3ec03c,60.51,4,8388608,5637144576,0,0,5637144576,,android,armeabi-v7a
f1c8aeb1cf35331e0ffe7055179c1703,3000.0,32,36951268,1924145348608,0,1649267441664,274877906944,,linux,
ant2d8c2fcc6341a327e98b5409eff75,95.73,4,2089984,2888365506,0,0,2888365506,,android,armeabi-v7a
ant2fdb2f14f37dc3b51bec6bae2a0f7,174.79,4,1048576,5476083302,0,0,5476083302,,android,armeabi-v7a
ant2732f9486cd713861b63aa7a119e4,83.59,4,2054260,3994319585,0,0,3994319585,,android,armeabi-v7a
ant29fd4f8236ddf39b0aa304f366e7d,83.59,4,2055156,3650722201,0,0,3650722201,,android,armeabi-v7a
ant277e87ceaa2083714b2250e669c8d,105.28,4,1771596,54975581388,30429843292,0,24545738096,,android,armeabi-v7a
antd6e1f80fa7a0ba400a9013cd20ad0,98.3,8,1834604,127882651238,120044335923,0,7838315315,,linux,aarch64
antd793a85cdaf1e250854856022fb8f,98.51,4,1909808,7838315315,0,0,7838315315,,linux,aarch64
ant2707acd5f898b383a8c8bc84bd117,252.18,4,0,5690831667,0,0,5690831667,,android,armeabi-v7a
ant22b83827f3d3636e3b94ecf4f362f,15.95,4,8388608,5476083302,0,0,5476083302,,android,armeabi-v7a
ant2909d04607be73a13ae6276da4b27,376.03,4,1048576,5637144576,0,0,5637144576,,android,armeabi-v7a
ant25393b00bcea238c8bd316fe23192,99.91,4,4003212,115491670589,0,0,115491670589,,android,armeabi-v7a
ant2d76a00e9b8513f679a1df8a8d476,13.0,4,8388608,5637144576,0,0,5637144576,,android,armeabi-v7a
ant2dc24daa877193776b3706fedae78,85.72,4,2053196,27144193310,0,0,27144193310,,android,armeabi-v7a
ant2763a9bf193433a79be4728d467bb,92.91,4,1048576,4005057003,0,0,4005057003,,android,armeabi-v7a
ant27805f41262e53dcbbf7b31bc822f,52.32,4,8127008,4692251770,0,0,4692251770,,android,armeabi-v7a
ant2bf54ac0543833cbdb2e71ca76b63,12.28,4,8388608,5476083302,0,0,5476083302,,android,armeabi-v7a
ant22e106aa6fab0397d943ef03863b6,115.32,4,4063504,4724464025,0,0,4724464025,,android,armeabi-v7a
ant31d84bd34fd8c8c612e36416f9bab,107.19,2,4008896,85899345920,0,0,85899345920,,linux,x86_64
ant2592f29523d1f3f39aa445c75d269,88.9,4,1048576,3285649981,0,0,3285649981,,android,armeabi-v7a
ant20ec889d962ac3133b4501ad014a6,73.04,4,2053196,3972844748,0,0,3972844748,,android,
ant22b968d5ead733336acb23b2701a6,167.91,4,2053204,11950746501,0,0,11950746501,,android,armeabi-v7a
ant21c8a5b329c8e3b99af4a4d83e94d,361.68,4,1048576,5637144576,0,0,5637144576,,android,armeabi-v7a
ant2bae8d0aa818c3827895b6be3bfec,62.9,4,4019724,121279139020,0,0,121279139020,,android,armeabi-v7a
88df754fffaf5c3c6028de7f4fb00ca3,2000.0,24,16120848,1924145348608,0,1649267441664,274877906944,,linux,
ant2abcc407f2e593f8faf55b116200a,101.98,4,1661616,8697308774,0,0,8697308774,,android,armeabi-v7a
ant29c12df5612ad32c6943750fe051c,75.29,4,3844880,43916040601,0,0,43916040601,,android,armeabi-v7a
ant2eed8567883eb3d5ea805012af3a5,93.2,4,2042788,25308094791,0,0,25308094791,,android,armeabi-v7a
ant2529b2dd650793d7a909bcfc8dc27,5.93,4,1016092,5873367776,515396075,0,5357971701,,android,armeabi-v7a
ant24c9bacbe1802301694f9b21699f2,387.37,4,1015940,5637144576,0,0,5637144576,,android,armeabi-v7a
ant2d9683308167f36a3babdf0cbc253,93.23,0,2781808,27101243637,0,0,27101243637,,android,armeabi-v7a
ant2f965cf3d358a30d8a02bfd65adf4,42.17,4,2055160,57370025656,0,0,57370025656,,android,armeabi-v7a
ant234400f03a5ff3ff38543bb770e64,6.73,4,8388608,5637144576,0,0,5637144576,,android,armeabi-v7a
ant276217e7f2b723a228506ce47af40,94.67,4,2777080,26693221744,0,0,26693221744,,android,armeabi-v7a
ant2d9ff7b9c033830b0a2bdda1408de,265.84,4,16777216,137438953472,0,0,137438953472,,android,armeabi-v7a
ant3b5be644755f6f1a04cc4438c3fe2,96.37,4,1909808,125090922496,0,0,125090922496,,linux,aarch64
ant261da7276c86b39d2be1a976a7e30,83.28,4,2055160,57370025656,0,0,57370025656,,android,armeabi-v7a
ant031879bc6993aff5741e93b597488,104.11,4,1909808,7838315315,0,0,7838315315,,linux,
ant4664f1e60ddaaaf24a695b55b33a7,283.53,4,1909808,125090922496,0,0,125090922496,,linux,
ant26e8f82ac0db736e8bed7fd05f26d,75.32,4,684308,6249177415,0,0,6249177415,,android,armeabi-v7a
ant2e9218550c28031ae93b05df65131,39.58,4,1015940,5637144576,0,0,5637144576,,android,armeabi-v7a
antfea776e75fa4a1c1168116c6b5803,104.54,4,1909808,7838315315,0,0,7838315315,,linux,
5a4f123aeab167d15be443fa82e07d02,1400.0,20,20225780,1888067623321,0,1759218604441,128849018880,,linux,x86_64
ant4912f32ece92b6812d9e31b071477,506.0,10,10061884,464930209792,0,454192791552,10737418240,,linux,
ant2c4c4a939d14c3681a33d17300633,368.15,4,1015940,5476083302,0,0,5476083302,,android,armeabi-v7a
ant0d9498e07935041587595e53c3c89,96.58,4,1844284,7838315315,0,0,7838315315,,linux,aarch64
ant2f904e617c3a03b2aa27c07b648f1,79.16,4,3064712,39288213340,15708842885,0,23579370455,,android,armeabi-v7a
ant2b27073c03e0c3ac2a78d30255dee,48.95,4,16777216,6302864506,0,0,6302864506,,android,armeabi-v7a
ant2032f3c13f3843905857af09cf4f5,61.02,4,2055160,121515362222,0,0,121515362222,,android,armeabi-v7a
739d0a095a692a774adedfdeee4744d6,4000.0,56,65624720,10135693321826,0,9895604649980,240088671846,,linux,x86_64
ant2e4c356305f36308489596f994f14,83.27,4,2749256,56167434813,0,0,56167434813,,android,armeabi-v7a
ant2469fb32ca4553f5d9cd752941fb1,79.04,4,1542328,8482560409,0,0,8482560409,,android,armeabi-v7a
ant6039395dab43a42694f662f582a36,215.03,4,4002784,125090922496,0,0,125090922496,,linux,
ant215de0b091eaa3b448a6b23392630,90.34,4,3832724,53418655744,0,0,53418655744,,android,armeabi-v7a
ant2ef8548432b823833a2f96b98269e,364.43,4,16777216,5637144576,0,0,5637144576,,android,armeabi-v7a
ant222c2f1805daa32ca81ca43700a89,114.04,4,1048576,4423816314,0,0,4423816314,,android,armeabi-v7a
ant2b0a767a1acfc3affa41e8ec9e27d,89.51,4,1048576,5132485918,0,0,5132485918,,android,armeabi-v7a
ant2c0f7e9f3cde43970be3d2a47fcf2,87.93,4,2868504,53418655744,0,0,53418655744,,android,armeabi-v7a
ant21a08c9ee230436b69fb24227c54c,79.22,4,2053196,3801046056,0,0,3801046056,,android,armeabi-v7a
ant2272ffb5aaa733c688cfb553d78a5,109.82,4,2868504,53418655744,0,0,53418655744,,android,armeabi-v7a
ant10edd2638e3c4ee3c122be38a6040,449.72,4,7995500,240088671846,0,0,240088671846,,linux,x86_64
ant228dfba1afef538e7bcc85d48abf4,43.59,4,8011508,68719476736,0,0,68719476736,,android,armeabi-v7a
ant25aec46e9b34f39ad96d3df21e23b,5.45,4,8388608,5637144576,0,0,5637144576,,android,armeabi-v7a
ant2d153c5a6059e343493f6117017ad,13.03,4,1048576,5637144576,0,0,5637144576,,android,armeabi-v7a
ant23985dce9324738b3ba7df1abef83,13.35,4,1015940,5637144576,0,0,5637144576,,android,armeabi-v7a
ant210c59d9b46ab36d9a0489a1ee6bc,94.34,4,2020648,3983582167,0,0,3983582167,,android,armeabi-v7a
ant2e590fb3015533e1b8b389b77a316,10.43,4,3883888,56972741181,0,0,56972741181,,android,armeabi-v7a
ant26559837692443469a10fa0325e17,9.0,4,2053196,4144643440,0,0,4144643440,,android,
ant2723789d41f0636009f58e640a8b0,362.62,4,1048576,5637144576,0,0,5637144576,,android,armeabi-v7a
ant6aa147c4b0631d8b94026f7a8c8aa,837.91,4,1909808,7838315315,0,0,7838315315,,linux,
ant2d51717a8c3803abcb9f922e8e076,88.22,4,8388608,5637144576,0,0,5637144576,,android,armeabi-v7a
761f935394f3447c8a8bf9709f1bdf8a,600.0,40,32887140,2279876014898,0,2024432834969,255443179929,,linux,x86_64
ant2e5a73d1b09c338e4a4456649c443,62.29,4,1048576,5637144576,0,0,5637144576,,android,armeabi-v7a
ant2c5af89b2b8703723bf57fc0c5147,81.53,4,1048576,5175435591,0,0,5175435591,,android,armeabi-v7a
6de4fd5547ec69cb0545f2387b0dc94b,1024.0,20,20418352,2099165265919,0,1979120929996,120044335923,,linux,x86_64
antfb2f55361080f130691b0fa25fba7,249.84,4,4002784,125627793408,0,0,125627793408,,linux,
ant26c8713d9034b3ed4ae22bf99f288,17.76,4,1048576,5637144576,0,0,5637144576,,android,armeabi-v7a
ant2625b39416d34374394e2cf4eb2ec,85.38,4,1015940,5476083302,0,0,5476083302,,android,armeabi-v7a
ant52897660b9f14c2242514387e922d,1000.0,12,11093008,1032939634688,0,1020054732800,12884901888,,linux,x86_64
ant2eb5c282949cd319a803272524caf,43.37,4,3832724,53418655744,0,0,53418655744,,android,armeabi-v7a
ant28d50994c3dd239fba66a7bb90aed,226.84,4,1048576,5637144576,0,0,5637144576,,android,armeabi-v7a
ant2c35d216b555636158a34226ab6fd,104.3,4,4003376,121440200294,0,0,121440200294,,android,armeabi-v7a
ant2a7d8b57d15a13db0a4a1a670d31a,333.39,4,1015940,5637144576,0,0,5637144576,,android,armeabi-v7a
6945a9f18925119f99825fb84a019bfc,1020.0,64,65601220,2459190899506,0,1979120929996,480069969510,,linux,x86_64
ant20cde5831ac4c3e15b2f9c95f7aca,94.03,4,1008924,5261334937,0,0,5261334937,,android,armeabi-v7a
ant2d3f40d2a572d3651a002ea6f8be0,32.74,4,1017892,5937792286,515396075,0,5422396211,,android,armeabi-v7a
ant2ab32b1eaf85e3b488339e20ddcc8,7.26,4,1015924,6249177415,0,0,6249177415,,android,armeabi-v7a
ant226182642b33831c9b238fa6fc8e2,15.56,4,2020648,57702885621,0,0,57702885621,,android,armeabi-v7a
ant2c4edae5ee6793dc8b54fca5057a9,88.23,4,2093056,11553462026,0,0,11553462026,,android,armeabi-v7a
ant41ae8768f7f262126dd14647b3736,768.91,8,10062320,650687545344,0,639950127104,10737418240,,linux,x86_64
ant2dd279922adf4347d97c11b37f439,100.62,4,2055164,5465345884,0,0,5465345884,,android,
antd4a88217b218c0330247d6021db1b,195.12,2,4016500,107374182400,0,0,107374182400,,linux,
ant275861afa49f33647a76975b55f0a,220.01,4,2055160,3704409292,0,0,3704409292,,android,armeabi-v7a
ant2ddd93736ebfd37659dee612c1266,100.0,4,4003376,121440200294,0,0,121440200294,,android,armeabi-v7a
ant27780c57659da33ce90609a3f90da,61.51,4,1895524,49982681907,0,0,49982681907,,android,armeabi-v7a
ant24a52eabe2d0839149f7562eb1580,76.79,6,2834580,51067161149,0,0,51067161149,,android,armeabi-v7a
ant28b93533aec9e3ff6aff50c94e793,51.82,4,2019608,58035745587,0,0,58035745587,,android,armeabi-v7a
ant2006fc6e448003e41a5a4d4b403e4,94.07,4,2020648,11735998136,0,0,11735998136,,android,armeabi-v7a
ant235ac782d441a3da7a2484468c04f,98.37,4,8388608,4724464025,0,0,4724464025,,android,armeabi-v7a
ant2962f2757d82c3acba16751c7ccec,129.21,4,4003316,121418725457,0,0,121418725457,,android,armeabi-v7a
ant2e607b040394a3353a37e74ee4811,75.6,4,1920108,18736794828,0,0,18736794828,,android,armeabi-v7a
ant2359207fe717c3b5480568d848aaa,67.71,4,3832724,53418655744,0,0,53418655744,,android,armeabi-v7a
ant20d15eefc32cd39c4ae514c691a7c,32.04,4,8388608,5476083302,0,0,5476083302,,android,armeabi-v7a
ant07e53aad636d56b9b27381765c8e3,128.31,4,1909808,7838315315,0,0,7838315315,,linux,
ant2251083b3e32c30cabf36a5e37b45,101.55,4,2019608,27605902295,0,0,27605902295,,android,armeabi-v7a
ant2e8f9afc31ed8391b9c7ae355b541,12.38,4,2055160,118648471552,0,0,118648471552,,android,armeabi-v7a
ant21919f344c42a3d0f8af2ac69948a,54.19,4,1015940,5476083302,0,0,5476083302,,android,armeabi-v7a
ant226988c607cf237aba090d59d352d,23.75,4,8388608,5637144576,0,0,5637144576,,android,armeabi-v7a
ant23db17e4fb1ff36c6a8f7723fa4b7,166.53,4,1048576,4885525299,0,0,4885525299,,android,armeabi-v7a
ant23e7c71f5fefa334c8c02932f71b2,19.54,4,1015924,6249177415,0,0,6249177415,,android,armeabi-v7a
ant2ff8fcbac18213ddeaa08f7718d87,115.57,4,758060,2340757176,2340757176,0,0,,android,armeabi-v7a
ant26a2baaef0ef030eca96aba495510,92.32,4,1899160,56682830888,0,0,56682830888,,android,armeabi-v7a
antee7fd2c647575d7e60332364ed652,123.39,4,4002784,125090922496,0,0,125090922496,,linux,aarch64
4508ed9a61104cc9a370f27af74bdb3b,150.0,4,8140840,536870912000,0,429496729600,107374182400,,linux,x86_64
ant27559ba9337dc3edbb8fb5b0cf820,10.75,4,4063504,4724464025,0,0,4724464025,,android,armeabi-v7a
ant249cc76e42edc33288d8b2a39f73d,66.62,4,8388608,5476083302,0,0,5476083302,,android,armeabi-v7a
ant2f8150121d1dc393887554a149945,62.42,4,1017664,4874787880,0,0,4874787880,,android,armeabi-v7a
ant22ff575e172e03e3f8cc193d61562,65.89,4,8388608,4724464025,0,0,4724464025,,android,armeabi-v7a
51d357b17b6f97a16e00000000000001,300.0,8,8128076,2115486141644,0,1979120929996,136365211648,,linux,x86_64
355dc4ae96e7da4a47f24d83ce7a8c0c,600.0,24,32611252,3317432739430,0,3188583720550,128849018880,,linux,x86_64
ant238dbebaf035337d386f6e194025b,85.86,4,1048576,5637144576,0,0,5637144576,,android,armeabi-v7a
ant2cdcf7130e9373d2ea2d21ac54215,13.18,4,16777216,5637144576,0,0,5637144576,,android,armeabi-v7a
ant2c77008462848341b973dbbcf3af0,35.45,4,1993676,5272072355,0,0,5272072355,,android,armeabi-v7a
ant2440d4aa0191635078f3d4895586b,138.15,4,1048576,4724464025,0,0,4724464025,,android,armeabi-v7a
ant2561856d18aaa32b1b6a5170687e7,226.18,4,2997592,4391604060,0,0,4391604060,,android,armeabi-v7a
ant22ca6863525fb37aeb8aab9764f5c,76.73,4,1019704,5884105194,526133493,0,5357971701,,android,armeabi-v7a
ant23f335e0cd6913200b39a37033aba,85.12,4,2054144,236384262553,0,118111600640,118272661913,,android,armeabi-v7a
ant2548afbe0aab539e8a8f09369b3f6,115.21,4,2097152,5637144576,0,0,5637144576,,android,armeabi-v7a
24448f3b583b44008b8c3809d9552921,600.0,24,16090848,1256277934080,0,1000190509056,256087425024,,linux,x86_64
ant2b3f1c05753293481bb615a75da35,10.41,4,1048576,5637144576,0,0,5637144576,,android,armeabi-v7a
ant24a220a988f803c38a544227bcc44,21.0,4,1903932,27906550005,0,0,27906550005,,android,armeabi-v7a
ant2d4b0976156c13ca989241b3be4b8,391.2,4,1015940,5637144576,0,0,5637144576,,android,armeabi-v7a
ant207de9e0ee6b8306d95326561653f,81.28,4,1827660,11177652387,0,0,11177652387,,android,armeabi-v7a
c18d33f2ed34968137b5b38b5024944a,220.0,4,8141844,536870912000,0,429496729600,107374182400,,linux,x86_64
ant28703cea1da55364dace761eeb65c,35.24,4,1048576,1857573355,0,0,1857573355,,android,armeabi-v7a
ant235372c02f1053fd69ffcb2cff499,421.33,4,1048576,5476083302,0,0,5476083302,,android,armeabi-v7a
ant25cdcee71ca5f3a7ca2320ece5195,68.74,4,2020648,11735998136,0,0,11735998136,,android,armeabi-v7a
ant4bbea2fc30ffdf43cf50a3751298c,71.3,4,797552,4713726607,0,0,4713726607,,android,armeabi-v7a
ant21aac8f2d72563ad9b202c9f8fdce,82.05,4,1484060,26188563087,0,0,26188563087,,android,armeabi-v7a
ant22a342e80d4653fb2b3f1f54fcc86,41.77,4,1021336,12648678686,0,0,12648678686,,android,armeabi-v7a
c20360a5541c500d9b4520b53fc954e5,4000.0,64,131327804,42371462987773,32545544182168,9345848836095,480069969510,,linux,x86_64
ant21de206b3e95d3d89bbaedef0cdda,553.73,4,8388608,5476083302,0,0,5476083302,,android,armeabi-v7a
ant253d00ff9feb33d8f97091c705b18,73.3,4,2055168,4670776934,0,0,4670776934,,android,armeabi-v7a
ant2fffbb1ad7a743a899fe57c4ba34f,62.95,4,4063504,4724464025,0,0,4724464025,,android,armeabi-v7a
6bbdc00d57cc74f58706d8317ea20efb,650.0,16,32923820,1288490188800,0,1073741824000,214748364800,,linux,x86_64
antb769b57e0f8002822f25ac29ce85d,58.19,4,4006016,125090922496,0,0,125090922496,,linux,aarch64
ant296f4809d6f9e35b082a798ef7b24,64.64,2,979736,5583457484,0,0,5583457484,,android,armeabi-v7a
antece0fd035a9853fabc45c97f440d9,98.51,4,1991520,123695058124,0,0,123695058124,,linux,aarch64
ant6bcf82e815ae11a9dc828ffc5a04b,586.6500000000001,20,16369168,756236366643,0,500148941619,256087425024,,linux,x86_64
ant203a0322012f43aeb90316f21a1f1,63.65,0,1885816,27101243637,0,0,27101243637,,android,armeabi-v7a
ant241c6850016f93b22a836f7e95f32,98.73,4,3704660,54621246586,0,0,54621246586,,android,armeabi-v7a
ant201cf5be2d93f3e40a1e52d0ba78c,69.17,4,3859756,62266288373,7988639170,0,54277649203,,android,armeabi-v7a
ant298f1468d0425309499eaca3eed7f,99.94,4,2055148,56264071577,0,0,56264071577,,android,armeabi-v7a
ant2805e9a690a783f0ba4c22497f388,75.54,4,8388608,5637144576,0,0,5637144576,,android,armeabi-v7a
ant28feeea7d5dd9344dbe1c0e9c005c,68.89,4,2053196,11832634900,0,0,11832634900,,android,armeabi-v7a
25d008b4c8b7c8e25a6cc4ffe0f9ed1e,1200.0,36,65489992,2235208355020,0,1979120929996,256087425024,,linux,x86_64
ant28fcb759b06263d03b132229f2095,76.12,4,2055156,118133075476,0,0,118133075476,,android,armeabi-v7a
ant2220eb38b47793febb8698bbefc08,169.01,4,2054224,3962107330,0,0,3962107330,,android,armeabi-v7a
ant23ac0c228514f3a759af9bf600069,3.03,4,2060824,3629247365,0,0,3629247365,,android,armeabi-v7a
ant2f982333391e633b7b92bec4ff548,12.58,4,2097152,4724464025,0,0,4724464025,,android,armeabi-v7a
ant22c700e91852938bdbfd46707dc57,116.28,4,4063504,4724464025,0,0,4724464025,,android,armeabi-v7a
ant2683a3fb03860309aa82338db307d,80.08,4,3832724,53418655744,0,0,53418655744,,android,armeabi-v7a
ant2c4b25452d08f300799d1c8e1d393,48.88,4,8388608,5637144576,0,0,5637144576,,android,armeabi-v7a
ant213187657795c39b88aef2ecf97c6,67.2,4,2868504,53418655744,0,0,53418655744,,android,armeabi-v7a
ant2ee7a3d89faed355787608db5864e,156.6,4,4063504,4724464025,0,0,4724464025,,android,armeabi-v7a
ant26f3ef81773ba353ba5956fafae85,55.0,5,2971192,69632157286,15622943539,0,54009213747,,android,armeabi-v7a
d438c0c43ab9a2a345c54912b15858d7,3000.0,32,36951268,1924145348608,0,1649267441664,274877906944,,linux,
59bf0f9a7eb0a41c4930d9429829c9b7,1875.0,64,65585332,8176114493030,0,7696581394432,479533098598,,linux,x86_64
ant2a99f160f565f398c919b9c16fd9f,62.43,4,2020648,3983582167,0,0,3983582167,,android,armeabi-v7a
ant74de1af35ad1d3f3b163011e3df66,98.62,4,1909808,7838315315,0,0,7838315315,,linux,
1edf00d348b3cc944020ce56c9cb5a69,220.0,4,8140832,536870912000,0,429496729600,107374182400,,linux,x86_64
ant2dd839710748a38028da74b69e37f,93.02,4,2097152,3865470566,0,0,3865470566,,android,armeabi-v7a
ant27fbde848375f3f3d9391c6efd590,51.43,4,2052184,27605902295,0,0,27605902295,,android,armeabi-v7a
ant24414e0e1645f38d2bda5ecf50e0e,177.53,4,1017464,5132485918,0,0,5132485918,,android,armeabi-v7a
ant26c8cb1ff796738bc888e5426449b,3.37,3,1009568,3554085437,0,0,3554085437,,android,armeabi-v7a
ant20792b95d21643ff1b874447becc0,13.35,4,2597604,26736171417,0,0,26736171417,,android,armeabi-v7a
85172e34794bb6355260ee6082a7d015,1500.0,32,32846840,1786706395136,0,1649267441664,137438953472,,linux,x86_64
ant27e0355495e9a3d0987fe1e487575,42.41,4,1522524,27380416512,0,0,27380416512,,android,armeabi-v7a
ant227652cf9080e3be08a4dd55cc0f6,68.97,4,3765640,58368605552,0,0,58368605552,,android,armeabi-v7a
d25fc6d5ec2de86ff3d052d77343c51f,400.0,28,32578660,1200335985049,0,960247313203,240088671846,,linux,x86_64
ant21f5c506ce7f439ec89cce06e9597,42.91,4,2054152,34617436405,31439160606,0,3178275799,,android,armeabi-v7a
38dbf3720bf40d4bc87c8d7ac03798ef,1680.0,64,32803600,4104378122240,0,3848290697216,256087425024,,linux,x86_64
ant2cd1f87dfe0fb303b914b69fdc6fe,76.03,4,2020648,57831734640,0,0,57831734640,,android,armeabi-v7a
ant2680017b6c91f357b88398d3644e2,263.09,4,3859756,54277649203,0,0,54277649203,,android,armeabi-v7a
ant254ab71cd661634cf8c28aeb39a5b,23.74,4,2097152,4133906022,0,0,4133906022,,android,armeabi-v7a
ant206e8f46a30b83505930c9144a902,421.7,4,1015940,5637144576,0,0,5637144576,,android,armeabi-v7a
antcd4569d8f570b6e335bd7d0e6eee3,135.0,4,4002784,125090922496,0,0,125090922496,,linux,
ant2f6ea59548adf3c26a56eb4311a38,180.43,4,4063504,4885525299,0,0,4885525299,,android,armeabi-v7a
ant233802e08c7a738a6bdebd33f9fd7,100.04,4,4003380,121418725457,0,0,121418725457,,android,armeabi-v7a
ant263846b76c2ea3b2b865072cee50a,56.19,4,8388608,5637144576,0,0,5637144576,,android,armeabi-v7a
ant29a289c5ab4f23feda2a9f883e1bc,100.13,4,2024280,58744415191,0,0,58744415191,,android,armeabi-v7a
ant2484eb4e947293d1c9c58ab959337,99.19,4,2019608,27605902295,0,0,27605902295,,android,armeabi-v7a
ant25d476c58e2f03169a3e1a48ce396,15.9,4,8388608,5476083302,0,0,5476083302,,android,armeabi-v7a
ant2bf5378e83a363f22948de6f9d687,5.6,4,3832724,53418655744,0,0,53418655744,,android,armeabi-v7a
antcce5462a4f52721f229c0ae3d5931,97.36,4,1909808,123695058124,0,0,123695058124,,linux,aarch64
ant2ee2ab9c7464f31079fedf79f344f,412.86,4,1015940,5637144576,0,0,5637144576,,android,armeabi-v7a
ant2cac19993531e3b048b48f259ed11,73.02,4,4003060,121450937712,0,0,121450937712,,android,
ant2cea5732459e83c098f47552e5f8e,191.22,4,1048576,5637144576,0,0,5637144576,,android,armeabi-v7a
ant24678b531bff23f7e93af8b59eafd,60.8,4,4003376,121440200294,0,0,121440200294,,android,armeabi-v7a
antb7122dba826a92f4a384a6b35eeb4,100.0,4,4002784,125090922496,0,0,125090922496,,linux,aarch64
ant2996aa10d0c30331faac99176f590,107.06,4,1015908,3575560273,0,0,3575560273,,android,armeabi-v7a
ant22292ceec8cff319ea899a016604c,370.97,4,16384000,3339337072,0,0,3339337072,,android,armeabi-v7a
ant24d26535148d6351d95a6750de30f,61.48,4,942468,5422396211,0,0,5422396211,,android,armeabi-v7a
ant294ac3ecff0b8408fd4ffc54a337a,196.74,2,3809160,107374182400,0,0,107374182400,,linux,x86_64
ant50bcdb3eb84a165a6e13ac156fa93,221.82,8,16369836,137438953472,0,0,137438953472,,linux,x86_64
ant25d05028b64b33172a2425ec3bba7,83.0,8,5986484,114944062259,0,0,114944062259,,android,armeabi-v7a
antd1907233c3784ef4a97688018826e,700.14,24,12123064,1020054732800,0,0,1020054732800,,linux,x86_64
ant24786776704983db6939365c53b80,115.67,4,2019608,4423816314,0,0,4423816314,,android,armeabi-v7a
ant2cc85ba1964363b9d929b27a9ce40,127.63,4,1015940,5476083302,0,0,5476083302,,android,armeabi-v7a
0874047ff7beb37505bccb524ce276a8,1800.0,16,32875196,4612794875904,0,4398046511104,214748364800,,linux,x86_64
ant20fc2faaab68d34e29485ad8c33ac,227.42,4,8388608,5476083302,0,0,5476083302,,android,armeabi-v7a
ant2e464d6bc0ccf337d8907c6224d73,83.29,4,3616764,58712202936,0,0,58712202936,,android,armeabi-v7a
d6cc0050ef94e47f50d5ae7ed26703a5,1800.0,16,32875196,4612794875904,0,4398046511104,214748364800,,linux,x86_64
ant2a4a0c18a09743d93846109fccca6,34.32,4,2055156,26886495272,0,0,26886495272,,android,armeabi-v7a
ant2031ab61c33443fc3b5bc06c5fcf1,77.64,4,2019608,58314918461,0,0,58314918461,,android,armeabi-v7a
ant2792145d524503064857e9b802c88,405.0,4,1048576,5476083302,0,0,5476083302,,android,armeabi-v7a
ant2c78718ee158a32b5a673122372b4,150.78,4,1048576,5637144576,0,0,5637144576,,android,armeabi-v7a
ant2a535aea884b13beba78c215c7f5b,12.43,4,1048576,4080218931,0,0,4080218931,,android,armeabi-v7a
ant27b36ec83429d391faad29b1b6a02,99.74,4,1009552,4166118277,0,0,4166118277,,android,armeabi-v7a
antd03e32cb7e97211f14f0e4b8df577,126.0,4,3888528,107374182400,0,0,107374182400,,linux,x86_64
ant23d28412bef3631fa899127d5a2c2,81.42,4,1018096,5132485918,0,0,5132485918,,android,armeabi-v7a
ant25123072131c33eb183419763a7fc,303.65,4,8388608,5476083302,0,0,5476083302,,android,armeabi-v7a
ant2b011da2cdaf2319797110a48e435,88.81,4,8127008,5304284610,0,0,5304284610,,android,armeabi-v7a
ant2cd553e2703cd3706856ddfde4b68,80.82,4,2055156,3650722201,0,0,3650722201,,android,armeabi-v7a
ant6b10c941e2e99976006d76faa3185,576.33,4,8131840,107374182400,0,0,107374182400,,linux,x86_64
ant4a36154d98d3e7c9b0e3b2c9de91b,46.51,4,1015976,6249177415,0,0,6249177415,,android,armeabi-v7a
ant28fcaa59ad25036c0bc0279e6c3cc,13.17,4,2027232,11510512353,0,0,11510512353,,android,armeabi-v7a
ant2010fae4346ed336fa51106c7dbdf,98.47,4,2020648,57702885621,0,0,57702885621,,android,armeabi-v7a
ant25e4004cfc4d23348b060e7071409,146.37,4,8127008,5422396211,0,0,5422396211,,android,armeabi-v7a
ant265934f3ac6263667aa238ec19b3f,368.09,4,1015924,5422396211,0,0,5422396211,,android,armeabi-v7a
anta452400e5e1f1391270860c28902d,103.56,4,1909808,7838315315,0,0,7838315315,,linux,
ant2db6d6034ef7b3b548ca7561018df,69.28,4,1887352,9792525434,0,0,9792525434,,android,armeabi-v7a
ant2c6cf3d2f37b33ef8a1f62bad2734,75.4,4,1048576,5175435591,0,0,5175435591,,android,armeabi-v7a
ant204a5b672ef95367f83712a936e8c,97.91,4,2097152,4960687226,0,0,4960687226,,android,armeabi-v7a
anta11ee98ece64435a5e88121b1d3aa,40.0,4,4002784,123802432307,0,0,123802432307,,linux,
ant28e362c87428738a5945fd7461dde,93.34,4,33554432,274877906944,0,0,274877906944,,android,armeabi-v7a
ant23b1f6cb19ff33664810c4301905a,405.28,4,1048576,5476083302,0,0,5476083302,,android,armeabi-v7a
ant2b5a560c7620c3083b53e86c7efa2,65.83,4,2058012,27358941675,0,0,27358941675,,android,armeabi-v7a
ant2d6ef2248656d3e4f8d3fe470a736,64.3,4,2045948,25458418647,0,0,25458418647,,android,armeabi-v7a
ant2c172cc38921e3cad9a40883a7239,62.49,4,1048576,5100273664,0,0,5100273664,,android,armeabi-v7a
a55a4e3ffad41b194ae9a38bdb226157,220.0,4,8140840,536870912000,429496729600,0,107374182400,,linux,x86_64
ant26eec4b184c8738e7bd51a90a2976,36.93,4,4063504,4885525299,0,0,4885525299,,android,armeabi-v7a
ant20c49fe949c143eb98af7cd62abf6,78.55,4,8388608,4885525299,0,0,4885525299,,android,armeabi-v7a
ant28446f8839c82349dbabb03c0b5f7,99.85,4,2055160,3650722201,0,0,3650722201,,android,armeabi-v7a
ant23cbdd2e433a23ac4835757e9d884,69.02,4,4063504,4724464025,0,0,4724464025,,android,armeabi-v7a
ant7eb521e8c4de8f7a8b77b33ef7f71,387.93,6,3759088,247926987161,0,240088671846,7838315315,,linux,aarch64
ant2966ca878553537c18cf6a76b5df1,413.62,4,1048576,5637144576,0,0,5637144576,,android,armeabi-v7a
ant267e68e546a0639ab89995ff1d6a8,136.35,4,3941228,46976204800,0,0,46976204800,,android,armeabi-v7a
ant2403519f484703a209e830e612571,122.34,4,1017068,4842575626,0,0,4842575626,,android,armeabi-v7a
ant278c9b794b7843871807b762bb4c6,89.33,4,2997592,19542101196,0,0,19542101196,,android,armeabi-v7a
ant2e1d31d910f7030dfaa42314e39d1,99.92,4,1970704,27305254584,0,0,27305254584,,android,armeabi-v7a
ant27d850719f897391e9918d868ce3b,369.28,4,1015876,5594194903,0,0,5594194903,,android,armeabi-v7a
ant27d51fc9f910f317aa4842717b237,141.02,4,2026864,11607149117,0,0,11607149117,,android,armeabi-v7a
ant21c74f298da023c4baa9a15bf9e0a,176.61,4,2053224,4423816314,0,0,4423816314,,android,armeabi-v7a
ant2b3ee01755c723331a9a5cc014d2b,94.26,4,2019608,57380763074,0,0,57380763074,,android,armeabi-v7a
ant2a8e3a7bbc587342195fc48e6f521,92.04,4,2054100,11392400752,0,0,11392400752,,android,armeabi-v7a
ant280004588de5b3c2eabf795922f63,244.3,4,3027544,19681687633,0,0,19681687633,,android,armeabi-v7a
ant2fb9f5256232a3746bbef10c094c0,98.53,4,2055160,57370025656,0,0,57370025656,,android,armeabi-v7a
ant277894bd94e4237838ffc2a6e2505,103.25,5,1941948,23847805911,0,0,23847805911,,android,armeabi-v7a
ant2acef5b71b57f3fc3a2e11a0e106b,207.06,4,8388608,5476083302,0,0,5476083302,,android,armeabi-v7a
ant24202d33b6f9b303a8d824d65d417,89.8,4,1963016,4198330531,0,0,4198330531,,android,armeabi-v7a
antcea3d90df4096889b82a5e884b068,95.66,4,1991528,125090922496,0,0,125090922496,,linux,
ant2980affc3e74c3c4aa753089784e3,466.32,4,1015924,1803886264,0,0,1803886264,,android,armeabi-v7a
ant22a64d96f16253b1a837ff7cd47f9,64.6,4,4003316,121440200294,0,0,121440200294,,android,armeabi-v7a
ant26dc1e12a68d9304c85108eb38f12,223.18,4,3832724,53418655744,0,0,53418655744,,android,armeabi-v7a
ant2cb678062cbfc3c12be3816e4ef73,584.18,4,1048576,5476083302,0,0,5476083302,,android,armeabi-v7a
ant2815ce4ff7ba039249e326f4cb5fa,5.92,4,8388608,5637144576,0,0,5637144576,,android,armeabi-v7a
ant2d1861b7130f33777a35c9d0de5af,72.71,4,2019608,58057220423,0,0,58057220423,,android,armeabi-v7a
ant2130ade8aa8523a7785ddd617d588,78.66,4,4003212,115502408007,0,0,115502408007,,android,armeabi-v7a
ant2e7db015c90b63f009bf375d6fc3b,92.34,4,2052184,57380763074,0,0,57380763074,,android,armeabi-v7a
ant278eef1e99d723284ae1971c3e31d,354.97,4,8388608,5637144576,0,0,5637144576,,android,armeabi-v7a
ant2bd9bea6f00153ea5abd71dab1ff0,16.19,4,2054144,113902532689,0,56908316672,56994216017,,android,armeabi-v7a
ant3a5e4e94935abfb1af12d77360c39,724.13,4,4002784,125090922496,0,0,125090922496,,linux,
ant6eddfd2aaebcf76aa1d7923f28d12,130.26,4,4002784,125090922496,0,0,125090922496,,linux,aarch64
ant25e32da1edbc23aa2b6f81fb3fe22,41.79,4,1018932,2748779068,526133493,0,2222645575,,android,armeabi-v7a
ant2554d26a851b53d1590807df12b2f,3.16,4,2011696,58905476464,0,0,58905476464,,android,armeabi-v7a
29b1cf4c72c550ae7074a9767f0603a3,220.0,4,8140832,536870912000,0,429496729600,107374182400,,linux,x86_64
ant24a3b88002cb6375a9d220313a0a4,32.71,4,1048576,5411658792,0,0,5411658792,,android,armeabi-v7a
ant253a440e053ff345a9511f24bd548,51.77,5,2971064,54009213747,0,0,54009213747,,android,armeabi-v7a
ant8eb5eede4eddb701961523a0f5acd,249.39,4,8125972,85899345920,0,0,85899345920,,linux,x86_64
ant2cc5636e2f59332f9ae2801b9800c,113.07,4,2053196,4133906022,0,0,4133906022,,android,armeabi-v7a
31b77356f12190338477aca5cf42e3b3,750.0,64,45970888,923417968640,0,751619276800,171798691840,,linux,x86_64
ante0ae0cdaef410c9c41368bc190df3,378.43,4,1836008,7838315315,0,0,7838315315,,linux,aarch64
ant2b584900e9ee131feb141dcd018de,50.0,4,2097152,4133906022,0,0,4133906022,,android,armeabi-v7a
ant226b0165ebaf33709a18bfb47f038,78.44,4,2019608,27605902295,0,0,27605902295,,android,armeabi-v7a
ant29794fbcb52fa35aead3d830b31a5,70.56,4,2025236,10930691768,0,0,10930691768,,android,armeabi-v7a
ant255c1e63cef983ff0b9ebb651a963,94.98,4,1048576,3285649981,0,0,3285649981,,android,armeabi-v7a
ant2c06d1b12666b31d98903feceffcb,167.63,4,8388608,5476083302,0,0,5476083302,,android,armeabi-v7a
ant2bd5a8f01a66836b4b3b8539ce9ce,72.15,4,2054224,4058744094,0,0,4058744094,,android,armeabi-v7a
ant2a6780febdfd03921af53afcbf367,99.71,4,2097152,5637144576,0,0,5637144576,,android,armeabi-v7a
ant23f9805f17d1b3b52b8a569c8adac,82.05,4,2053200,3801046056,0,0,3801046056,,android,armeabi-v7a
ant2804912d377353567bb0864ab9bbe,42.53,4,1048576,5637144576,0,0,5637144576,,android,armeabi-v7a
ant2625edbd79058dd96aa9b8e2ea739,984.18,24,16087116,1128180534476,0,1000190509056,127990025420,,linux,x86_64
ant2564c7b7edd5c3540b476d7ea52ec,124.5,4,1048576,5111011082,0,0,5111011082,,android,armeabi-v7a
5e38bee00bb88262d6177640cc565e06,1260.0,40,32573476,4196183048191,0,4068193022771,127990025420,,linux,x86_64
ant2088e0824293333f7a1d2461ac233,14.06,4,4003316,121418725457,0,0,121418725457,,android,armeabi-v7a
ant20a21154a08a93d8ea289e7e2afe7,66.53,4,2024280,58744415191,0,0,58744415191,,android,armeabi-v7a
ant26ed4454b1e6d31e8b8f646f484a6,200.0,4,1963080,4520453079,0,0,4520453079,,android,armeabi-v7a
ant231492773d61c36ceb7d401e5f9e8,45.29,4,1484060,26188563087,0,0,26188563087,,android,armeabi-v7a
ant23ffbaa6555fe3cbaa45dd1660e68,4.61,4,4003384,121440200294,0,0,121440200294,,android,armeabi-v7a
ant28d05f2b53002318fac33a803c0e5,99.03,4,1048576,5132485918,0,0,5132485918,,android,armeabi-v7a
ant9433e03dfe1eca90ba0670b14bcc0,100.0,4,4002784,125627793408,0,0,125627793408,,linux,
ant29d9bc3cdb87839c583dd5cb77d0a,17.73,4,1015940,5476083302,0,0,5476083302,,android,armeabi-v7a
79210b82bf1595cce643a5c5eacef07c,1400.0,24,65560636,4000762036222,0,3760673364376,240088671846,,linux,x86_64
ant2b6a1599e861633d6a99612524614,83.63,4,1048576,5282809774,0,0,5282809774,,android,armeabi-v7a
ant20c199687d2ab30b1b13a6e30668c,93.55,4,2019608,4423816314,0,0,4423816314,,android,armeabi-v7a
ant2977ce26de04c3af3988c1cdf974e,256.94,4,1015976,6249177415,0,0,6249177415,,android,armeabi-v7a
antb4a76d025b3711077a4c6b7e70844,313.0,4,4002784,125090922496,0,0,125090922496,,linux,
ant235cfceba19523b77bca77658c24b,58.58,4,4063504,4724464025,0,0,4724464025,,android,armeabi-v7a
ant266fea24a520035eeb7300d4859cb,70.36,4,16777216,6302864506,0,0,6302864506,,android,armeabi-v7a
ant2d684fa5226bc3cc5a2199113a7f7,4.5,4,4194304,5637144576,0,0,5637144576,,android,armeabi-v7a
ant4337451cf0d6bd235156f54782c4d,383.68,6,3759084,519905791180,0,512067475865,7838315315,,linux,aarch64
ant2675c2cbb7672318eb6e8a178227c,28.55,4,2060824,4080218931,0,0,4080218931,,android,armeabi-v7a
ant225f20bf423f0331ea20ef9fe6dca,119.14,4,1015940,5637144576,0,0,5637144576,,android,armeabi-v7a
ant2a1e6ab7a9613374187f2b686ab0e,93.83,4,2019608,4423816314,0,0,4423816314,,android,armeabi-v7a
ant79f09f5f4a44323915f07ff77400c,103.23,4,1909808,7838315315,0,0,7838315315,,linux,
ant2f6cc57d6e64c3ebe9aff456ba789,490.49,4,1048576,5035849154,0,0,5035849154,,android,armeabi-v7a
ante6b49a3d0d666f6198b52cb2040f2,96.66,4,1853596,125090922496,0,0,125090922496,,linux,aarch64
7ef885ec2732256694ba12b7f0038f47,1000.0,16,65952936,2413771620352,0,2199023255552,214748364800,,linux,x86_64
0c727521d1be4a65bfce823a73512fab,300.0,32,16024580,1080291649126,0,960247313203,120044335923,,linux,x86_64
ant6591958e1cd6b25343cbbd9696905,50.0,4,1844284,125090922496,0,0,125090922496,,linux,
ant25a7a471652c23f348d9958c7c288,101.56,4,1048576,5282809774,0,0,5282809774,,android,armeabi-v7a
ant2fd682cb431303ace8ba0af157444,79.21,4,3832724,53418655744,0,0,53418655744,,android,armeabi-v7a
ant28cea919da0e838d294726bd6db9b,18.26,4,4003212,115502408007,0,0,115502408007,,android,armeabi-v7a
ant221acfa48c46b39b3aa8a2b13acf2,78.0,4,3860468,57788784967,0,0,57788784967,,android,armeabi-v7a
ant2b85036d2fd983c9f8ce0d940f94f,67.41,4,2055160,118669946388,0,0,118669946388,,android,armeabi-v7a
ant2a53eab02a2823009b1673b34798c,72.99,4,4063504,4724464025,0,0,4724464025,,android,armeabi-v7a
ant204fd6e19af9537eda4d12edc969f,76.32,4,4003376,121440200294,0,0,121440200294,,android,armeabi-v7a
ant26e22dd18d89437f692826e00f1e8,69.82,4,2020648,57713623040,0,0,57713623040,,android,armeabi-v7a
ant223980ec5a16a3590a94050bc2fb0,38.35,4,1048576,5411658792,0,0,5411658792,,android,armeabi-v7a
ant219a3902c5206383c9737095253af,99.17,4,1048576,5132485918,0,0,5132485918,,android,armeabi-v7a
ant26e12b01501893363851fad2a8c5b,7.19,4,2019608,27605902295,0,0,27605902295,,android,armeabi-v7a
ant799725f9c0f8dff01891f43ee71dd,300.0,4,7900168,640164875468,0,512174850048,127990025420,,linux,
ant2b05d8bd0bba03b4a97c3c8290b0d,164.25,4,1015940,5476083302,0,0,5476083302,,android,armeabi-v7a
ant25e5b700ebdb73f458ce44efcee1b,19.01,4,2020648,0,0,0,0,,android,armeabi-v7a
ant272a6ac8f1fae3dc8bbfe067b8fcc,73.53,4,16777216,137438953472,0,0,137438953472,,android,armeabi-v7a
ant2830e45c306bb3811b101fd844c3b,350.92,4,1015924,1803886264,0,0,1803886264,,android,armeabi-v7a
ant2cf9af3329d5b36969bec32d6eaf9,309.63,4,684308,6249177415,0,0,6249177415,,android,armeabi-v7a
ant23cc9953a643230569b5c47cc43b2,94.28,4,2019608,58089432678,0,0,58089432678,,android,armeabi-v7a
ant2ddd4d556909830139a8457ce395e,95.84,4,1048576,5755256176,0,0,5755256176,,android,armeabi-v7a
ant2b68a974d6d1430959890b96c3d41,71.96,4,2060500,5658619412,0,0,5658619412,,android,armeabi-v7a
60f7876f8a04ac4917c935dff5e6cea8,2000.0,28,28112912,2207183693414,0,2089072092774,118111600640,,linux,x86_64
ant2de2b426a8c3c33cda71f038ea673,68.08,4,3855040,55630563901,0,0,55630563901,,android,armeabi-v7a
ant28c224d81681c3e0d8a9784fb5344,94.16,4,2019608,4423816314,0,0,4423816314,,android,armeabi-v7a
ant29af9ea000c8d302090a2c01d9163,70.88,4,2089984,2888365506,0,0,2888365506,,android,armeabi-v7a
ant259b82baa6d503a4f92ec711f5b55,101.77,4,1783120,26918707527,0,0,26918707527,,android,armeabi-v7a
ante7fb83016826ffd7a52939cf91502,98.33,4,4002784,125090922496,0,0,125090922496,,linux,aarch64
ant2201cdd2a98a33812bb7228525a2d,466.77,4,8388608,5476083302,0,0,5476083302,,android,armeabi-v7a
ant292272d2fe2b53113af223a2bc528,79.9,2,1975424,12530567086,0,0,12530567086,,android,armeabi-v7a
bdce36b295dd5e3cc89a54d4d8985ada,7500.0,80,65542124,6187437260797,0,5937362789988,250074470809,,linux,x86_64
ant20f033c40b521386e8f3ee6989ca3,187.79,4,8388608,5637144576,0,0,5637144576,,android,armeabi-v7a
8dc5b48cf6bd86f34078bce0a50fe295,550.0,16,32922808,1288490188800,0,1073741824000,214748364800,,linux,x86_64
5efc9e3a998327421619ced135cff00d,1000.0,24,65565504,2491295780044,0,1979120929996,512174850048,,linux,x86_64
ant8dd9b869f5d5edc2c881080ec0caa,114.36,4,4002784,127345780326,0,0,127345780326,,linux,aarch64
ant22582e34a86883559bbc70cdba442,66.23,4,2055160,3736621547,0,0,3736621547,,android,armeabi-v7a
ant21790e96b938a369f82ae8e2377c4,76.33,4,4003316,56489557360,0,0,56489557360,,android,armeabi-v7a
8bca3f421a3ae2c5c6a9b72a51b16031,5000.0,48,65467964,8876731033187,0,7916483719984,960247313203,,linux,x86_64
ant2a3cbaa3c6d0031e694f5f47e2286,33.77,4,2054220,118476672860,0,0,118476672860,,android,armeabi-v7a
ant2b4895a1611033877b779df7bd739,83.86,4,2019608,120022861086,61965640663,0,58057220423,,android,armeabi-v7a
ant2fa3fa01bb11c35d5b266738fc6f3,43.81,4,1048576,5476083302,0,0,5476083302,,android,armeabi-v7a
ant29bcc9e0706c83fbe9abfdaa459f1,87.66,4,2019608,57380763074,0,0,57380763074,,android,armeabi-v7a
ant25a2c5078e5803578a18a11bbf415,172.19,4,1048576,5476083302,0,0,5476083302,,android,armeabi-v7a
84036e4782f80abc91059f04b1c80ee9,650.0,32,32550516,2217062118194,0,2089072092774,127990025420,,linux,x86_64
ant2c98bf716ad2c3aa3bfe002f6db8e,49.81,4,1048576,5637144576,0,0,5637144576,,android,armeabi-v7a
ant2b404f097696831318aa0f533a9da,2.74,4,2019608,27605902295,0,0,27605902295,,android,armeabi-v7a
ant2d58b8c9a8da830ce82e102148e46,16.22,4,1016012,6249177415,0,0,6249177415,,android,armeabi-v7a
ant2b61053ac409e3402a780dc28ec0c,79.18,4,2060816,3962107330,0,0,3962107330,,android,armeabi-v7a
ant2e72aa544556a3c728444d5490e85,16.94,4,4003212,115502408007,0,0,115502408007,,android,armeabi-v7a
ant29380d94c0e0538b183f5dff7b9cf,584.36,4,1017924,5873367776,515396075,0,5357971701,,android,armeabi-v7a
ant2d607534d4994329a98d78b156307,106.85,4,2058024,27358941675,0,0,27358941675,,android,armeabi-v7a
ante21fa69d5ad0e3ce50dbc709d5c3c,50.51,8,3887676,10737418240,0,0,10737418240,,linux,
71436701799e1c32fd42b36528e76e2b,5000.0,80,65299780,8396553689494,0,7916483719984,480069969510,,linux,x86_64
ant25847a930bb69306486180a7d15ad,134.34,4,3860176,57788784967,0,0,57788784967,,android,armeabi-v7a
ant2dd226e06c55a397c8f0e785dcc58,513.58,4,1048576,5433133629,0,0,5433133629,,android,armeabi-v7a
ant28dc1772232943183b7e16ec47e17,9.02,4,4003384,242773026406,0,121332826112,121440200294,,android,armeabi-v7a
ant28d05c67dfd053b7e8c76f020749f,98.85,4,4003316,121987808624,0,0,121987808624,,android,armeabi-v7a
anta51d058cffc619d25320b9fdb1f57,79.76,4,4002784,125090922496,0,0,125090922496,,linux,
ant20e372a300a7038c8aaf57fa74343,80.52,4,2059248,128913443388,125799592099,0,3113851289,,android,armeabi-v7a
ant798ade84e079808893b4f4da3934a,112.78,4,1909808,125090922496,0,0,125090922496,,linux,
9810293d48cabcb43757445c44ee192a,5000.0,48,65628936,8876731033187,0,7916483719984,960247313203,,linux,x86_64
ant3f63fb98defbcbcabe3ee68ea13cc,1000.0,8,16374100,193273528320,107374182400,0,85899345920,,linux,x86_64
ant89a49fb1e9b0ebf7ed4b533230d25,79.89,4,2024128,125090922496,0,0,125090922496,,linux,
ant20c0b99c7ddf1350097f13718684d,99.1,4,2097152,4005057003,0,0,4005057003,,android,armeabi-v7a
ant271526d2d2a1430c6941a07db7cea,80.84,4,1008860,4992899481,0,0,4992899481,,android,armeabi-v7a
antfd001379b0182274a494cc3aee80b,197.81,2,3809160,107374182400,0,0,107374182400,,linux,x86_64
ant201cd6d07828e379081d879031e16,328.59,4,1048576,5476083302,0,0,5476083302,,android,armeabi-v7a
ant277272da894053088bdb087c8d65c,49.91,4,2058012,27358941675,0,0,27358941675,,android,armeabi-v7a
ant25ea8880326953fbc94cef5ece2aa,62.94,4,2053208,2899102924,0,0,2899102924,,android,armeabi-v7a
ant2d1b0e0acbbc938b1a124675fb1b2,69.48,4,8388608,5637144576,0,0,5637144576,,android,armeabi-v7a
ant320b8653b9281ba9124ff350ce3d7,983.53,4,1909808,7838315315,0,0,7838315315,,linux,
ant2d79efc588ccd38cfb65e9cd562b4,78.99,4,1557912,26371099197,0,0,26371099197,,android,armeabi-v7a
ant228b3c8b41d12359a916eecc90a3f,63.11,4,4003316,121987808624,0,0,121987808624,,android,armeabi-v7a
ant2e28a287afc6e39a29697d6814d11,87.98,4,1048576,5175435591,0,0,5175435591,,android,armeabi-v7a
ant2d4f2484e0cdf35c9bb1e30e4a440,200.95,4,8388608,5476083302,0,0,5476083302,,android,armeabi-v7a
c4f5ee0ff8446d78a9ab1c2293e06006,2100.0,36,32511956,2209116428697,0,2089072092774,120044335923,,linux,x86_64
ant2197269124e32306abb9c7e413a19,30.56,4,2055152,10866267258,0,0,10866267258,,android,armeabi-v7a
7cd622cbbb3ec8404f0d0c1abfab9c59,500.0,16,32922808,1314259992576,0,1099511627776,214748364800,,linux,x86_64
ant2eb53f77243fa3be299dbd502a375,100.19,4,3093424,26929444945,0,0,26929444945,,android,armeabi-v7a
ant22ea836dd54d03272ad19581bd534,103.12,4,4063504,4552665333,0,0,4552665333,,android,armeabi-v7a
ant29241c44e83e63ababbe47832054e,28.83,4,4004388,26124138577,0,0,26124138577,,android,armeabi-v7a
ant208d8775e5c593421aebd572029c7,66.9,4,2056184,12670153523,0,0,12670153523,,android,armeabi-v7a
ant2e39649e1f7673137a4c403e3bf95,14.95,4,1004024,4853313044,0,0,4853313044,,android,armeabi-v7a
ant2550248fceb203a609410bc0bd3f4,68.49,4,1018096,4842575626,0,0,4842575626,,android,armeabi-v7a
ant2312ff3301ea5376081a06574d9f6,97.16,4,1048576,5100273664,0,0,5100273664,,android,armeabi-v7a
ant2e0fc8ac4792e5bc03d10f26031db,367.3,4,4002784,125090922496,0,0,125090922496,,linux,
ant29cd9df02e5a136de8d70c4526d48,98.09,4,3742744,47727824076,0,0,47727824076,,android,armeabi-v7a
ant214fd2d5eee7c349db13ad8d3ce8a,101.26,4,1017068,4842575626,0,0,4842575626,,android,armeabi-v7a
97324f85ce3731be5c783e74aae3fe1a,1800.0,20,18957820,987842478080,0,858993459200,128849018880,,linux,x86_64
ant2a3bc24dbf69939dea34a5d355700,73.52,4,2025236,3983582167,0,0,3983582167,,android,armeabi-v7a
ant2c6dbd740a10e31ae987d1485eedd,149.1,5,2971064,54009213747,0,0,54009213747,,android,armeabi-v7a
ant23a547618cc6f302a86b9be422dcc,95.31,4,3704660,54621246586,0,0,54621246586,,android,armeabi-v7a
ant27f19dff69951366db9d1f9ef5579,62.57,4,2038268,116758685941,0,0,116758685941,,android,armeabi-v7a
5ce6364f0c92a611ea700afb375178c7,150.0,4,8140840,536870912000,0,429496729600,107374182400,,linux,x86_64
ant2c78405710f17314c81d949c1018f,101.44,4,1009552,4166118277,0,0,4166118277,,android,armeabi-v7a
ant2fc8b49b7381c3435a5d3e5b90c54,98.85,4,3832724,53418655744,0,0,53418655744,,android,armeabi-v7a
ant2013fe859af88375d9ee2fed4ae38,229.95,4,8388608,5637144576,0,0,5637144576,,android,armeabi-v7a
ant22a54c579116535e2bb235cb294e3,107.99,4,2052176,4048006676,0,0,4048006676,,android,armeabi-v7a
ant29b575ba499c43575bffca367ac87,71.48,4,3742876,47727824076,0,0,47727824076,,android,armeabi-v7a
ant2bb1bb63bdcf3325da1a29ec5b467,167.51,4,4003316,121418725457,0,0,121418725457,,android,armeabi-v7a
ant279c55da53ba731599d80c33f30c3,50.25,4,1048576,5100273664,0,0,5100273664,,android,armeabi-v7a
ant2db3edcdb244d3103a058cd0d55fd,73.88,4,2055156,118111600640,0,0,118111600640,,android,armeabi-v7a
ant274791079653b30ee8ee0fb12f8b2,106.03,4,2058012,27616639712,257698037,0,27358941675,,android,armeabi-v7a
ant291ee89a7c0a63131ba89f2d951dc,52.35,4,2971348,58143119769,0,0,58143119769,,android,armeabi-v7a
ant2e535b48575c736fe83ed64a989a3,48.43,4,2058012,27358941675,0,0,27358941675,,android,armeabi-v7a
bcac115a83fdc7f17d4e4d352bd84d9e,1000.0,24,48979128,2656544646756,0,2400457221732,256087425024,,linux,x86_64
ant7f7c732e6dc4a49c501e75ab86d53,196.97,4,4002784,125198296678,0,0,125198296678,,linux,aarch64
18ae9db70675ecb7f1af9a901c0396af,2000.0,32,48935932,4360465547264,0,3848290697216,512174850048,,linux,x86_64
e7318d00b44faa1b6020bc7b8f62e4d7,6000.0,64,65598072,36693945719189,28477351159397,7916483719984,300110839808,,linux,x86_64
ant2901d58f987e731a2afed64fae514,98.73,4,4003212,115491670589,0,0,115491670589,,android,armeabi-v7a
ant20b820a502a1d34bea2bd623832f8,83.43,4,2020652,26832808181,0,0,26832808181,,android,armeabi-v7a
ant2305468d9ced73d83b2f4b93e215e,5.86,4,2019608,58057220423,0,0,58057220423,,android,armeabi-v7a
ant243a5d471719a3078a3086587eaa6,89.79,4,2097152,4960687226,0,0,4960687226,,android,armeabi-v7a
ant2a0f7f86d12e235ad89ffd15371d4,52.77,4,2097152,3468186091,0,0,3468186091,,android,armeabi-v7a
ant292e257d97e9939ea9eed090e3c88,106.67,4,1048576,5175435591,0,0,5175435591,,android,armeabi-v7a
ant29c0cd18c24ee3198bbd257bdf4c9,202.8,4,2055168,236384262553,0,118111600640,118272661913,,android,armeabi-v7a
ant2d2cdf00366c033d6b6c29aae72e2,232.03,4,8388608,5637144576,0,0,5637144576,,android,armeabi-v7a
ant2267b0d860ea832d8ab78f1837630,177.77,4,4003384,121440200294,0,0,121440200294,,android,armeabi-v7a
ant2e82da115b8133d3db89f00af9483,51.3,4,8388608,5637144576,0,0,5637144576,,android,armeabi-v7a
ant81398e257820b388e621d362c79fe,500.0,8,16373096,137438953472,0,0,137438953472,,linux,x86_64
ant2c4c1bf7bb2d63dfbbe4821da5f56,81.55,4,1009024,5261334937,0,0,5261334937,,android,armeabi-v7a
ant2fb4da1fd651c39f2a635f1ad4daf,45.58,4,2097152,4209067950,0,0,4209067950,,android,armeabi-v7a
6f8e89a1e561742fea5f1a9a45952842,4000.0,36,32576396,2219209601842,0,1979120929996,240088671846,,linux,x86_64
ant21b24a9fd2a2f3a92afa7307a361b,85.99,4,1484060,26188563087,0,0,26188563087,,android,armeabi-v7a
ant750d1899f076308cfbbde1e9c8d2b,598.58,20,16121680,751619276800,0,0,751619276800,,linux,x86_64
ant3e73801182035021336d9f4168e26,200.84,2,3809160,107374182400,0,0,107374182400,,linux,x86_64
ant2429350e681b03584b5e9804cd138,84.07,4,3832724,53418655744,0,0,53418655744,,android,armeabi-v7a
ant2849b457c1cbc38fdb502cdbfa6d2,30.56,4,8388608,5637144576,0,0,5637144576,,android,armeabi-v7a
ant29dde2d39a5bc3ad0915446df0f2e,17.1,4,1015940,5637144576,0,0,5637144576,,android,armeabi-v7a
ant2bc2c467b8d673acfb384790207b3,204.93,4,682688,6249177415,0,0,6249177415,,android,armeabi-v7a
ant238153777d559382595dbc6483185,338.61,4,1015940,5476083302,0,0,5476083302,,android,armeabi-v7a
ant2bb6f5babe23b31f1b701eb902a6e,27.97,4,4003212,115470195752,0,0,115470195752,,android,armeabi-v7a
ant269e12daf1688386fb7f373d97274,86.87,4,3832724,53418655744,0,0,53418655744,,android,armeabi-v7a
ant28744ab0892ab3f2491252f4efef0,99.27,4,965024,5132485918,0,0,5132485918,,android,armeabi-v7a
ant27b10e6ba924f338bb838dcda246f,20.45,4,1048576,4552665333,0,0,4552665333,,android,armeabi-v7a
ant27ed73466b19733b7b48d0f8e4e0e,197.25,4,1048576,5637144576,0,0,5637144576,,android,armeabi-v7a
de728bce6ad549e15fcaefb9f059d0ef,2250.0,32,32550284,2209116428697,0,2089072092774,120044335923,,linux,x86_64
ant2505df113ff7e3d16a369c4a3eec5,100.91,4,2055168,118272661913,0,0,118272661913,,android,armeabi-v7a
ant4b1d1d888400eb7fdc44855486f3e,132.91,4,1975592,125090922496,0,0,125090922496,,linux,aarch64
ant277f8d0ebe514320d9220254e99ed,26.44,4,2019608,4219805368,0,0,4219805368,,android,armeabi-v7a
ant237626bb825cf3033ac7ada1480d0,105.31,4,4108496,56403658014,0,0,56403658014,,android,armeabi-v7a
ant2278f42bcc5a438419157f325ffc2,81.15,4,1015836,1202590842,0,0,1202590842,,android,armeabi-v7a
ant266cccb1b8843336d92cc51f7c545,60.87,0,1885816,27101243637,0,0,27101243637,,android,armeabi-v7a
ant28a499072827b3f5bbde4a4685cdd,107.08,4,2058784,3672197038,0,0,3672197038,,android,armeabi-v7a
c85130815013566ab7208b88e0c4a20d,2880.0,40,32511432,2284170982194,0,1979120929996,305050052198,,linux,x86_64
ant2111180f0bb633d16a1c8350f77ea,391.28,4,1015940,5476083302,0,0,5476083302,,android,armeabi-v7a
ant2707666349c6d3828b1433a0b55c7,37.98,4,2054152,3178275799,0,0,3178275799,,android,armeabi-v7a
ant2618e885e13b934118f474ac1d1eb,92.72,4,2093056,3865470566,0,0,3865470566,,android,armeabi-v7a
ant2e174eac41d5f3f009479c4f6d198,18.38,4,4003376,121440200294,0,0,121440200294,,android,armeabi-v7a
ant2bd966fa217983790937a3933c976,41.09,4,2055168,128784594370,124113817436,0,4670776934,,android,
ant29a283b0e298e37ba8b7558653230,71.91,4,2019608,27605902295,0,0,27605902295,,android,armeabi-v7a
ant2a4952d93a71a3b4ea7743d521966,368.64,4,8388608,5476083302,0,0,5476083302,,android,armeabi-v7a
bf37c2b7bc4cb0de0b7c6137e8fcf032,500.0,24,32516984,1264330997759,0,1024242325913,240088671846,,linux,x86_64
ant2b4789e6392cf307dbe1c5c165560,332.67,4,8388608,5637144576,0,0,5637144576,,android,armeabi-v7a
ant2e99445f7570034b29e13549ffb8b,79.11,4,2053224,27605902295,0,0,27605902295,,android,armeabi-v7a
ant2b312399eb8a933b58291ee0c0b58,72.37,4,2052184,27605902295,0,0,27605902295,,android,armeabi-v7a
ea6e35fa005a4ef7ab7824b07ab65713,1600.0,24,32809564,1896657557913,0,1776613221990,120044335923,,linux,x86_64
ant2b55e9634a0ec30ad9cd82fd33c7e,73.56,4,4003384,121987808624,0,0,121987808624,,android,armeabi-v7a
ant210b0b1a352be36bfb0d66002527f,81.79,4,3027544,19724637306,0,0,19724637306,,android,armeabi-v7a
ant26926697019e9393aa22aea1ce954,73.55,4,2054132,11392400752,0,0,11392400752,,android,armeabi-v7a
ant24e73c6f9e02235eba469ea470846,44.39,4,2052176,4423816314,0,0,4423816314,,android,armeabi-v7a
ant2c964f957166e3b05b1854ef5eb80,54.23,4,2024280,58744415191,0,0,58744415191,,android,armeabi-v7a
ant220d1c2b6844036b0813b357ae890,49.34,4,1005000,2780991324,0,0,2780991324,,android,armeabi-v7a
ant2bf201da7030f3975b3c9bdbf3a2c,71.31,4,2093056,3242700308,0,0,3242700308,,android,armeabi-v7a
ant2fb20697b4422347e9f4aaec4666c,91.38,4,2019608,27605902295,0,0,27605902295,,android,armeabi-v7a
ant2720ab90ea8e33c09b3d00ce8e7b2,43.94,4,1048576,4821100789,0,0,4821100789,,android,armeabi-v7a
ant26574771d095736f0ae85eb7302d8,76.04,4,2053200,4080218931,0,0,4080218931,,android,armeabi-v7a
ant6b8a674860c3156f871e41b055af9,220.95,4,8126804,274877906944,0,0,274877906944,,linux,x86_64
ant2f3c8ac3a6c20340498a05549ee89,72.72,4,2868504,53418655744,0,0,53418655744,,android,armeabi-v7a
ant277f4b982479a317786f9d124e935,277.04,4,3855048,55630563901,0,0,55630563901,,android,armeabi-v7a
ant29cc34145d5213e59a3f30ff8ab49,18.41,4,1048576,5637144576,0,0,5637144576,,android,armeabi-v7a
ant271977b32bafd3e36a48d1ca893f1,87.34,7,2841680,27391153930,0,0,27391153930,,android,armeabi-v7a
ant254d2a252cef732219e7e3a7372d1,84.32,4,2058012,27358941675,0,0,27358941675,,android,armeabi-v7a
ant298561d98763f3fbbab2eea811765,84.05,4,1012100,4080218931,0,0,4080218931,,android,
ant2f26fcafe066f3c94a04a81cab1fa,506.42,4,1015940,5637144576,0,0,5637144576,,android,armeabi-v7a
ant2614d777cf5c93a659ae2a4943ce3,63.41,4,3832724,53418655744,0,0,53418655744,,android,armeabi-v7a
ant22ab4fd04844f3fb08509c95d2058,78.95,4,2494656,62932008304,8031588843,0,54900419461,,android,armeabi-v7a
ant262c9013c8c863f25a4545f808330,33.06,4,1313616,11177652387,0,0,11177652387,,android,armeabi-v7a
ant21804ea5707b33d5b82bf98e786af,82.21,4,2060816,11746735554,0,0,11746735554,,android,armeabi-v7a
ant28e4aa21da4a03a7d9de38a7cd1bd,22.99,4,1920108,0,0,0,0,,android,armeabi-v7a
ant210cd25e8f86a30528387fbef1784,2.7,4,1005196,2834678414,515396075,0,2319282339,,android,armeabi-v7a
ant290b8211e9d03340b8b2807963673,110.08,4,2054232,3242700308,0,0,3242700308,,android,armeabi-v7a
ant2932dd0739a6a30edac3177dcd7af,41.21,4,8388608,5637144576,0,0,5637144576,,android,armeabi-v7a
b756eb68f79e99db7176096cc9656fad,5000.0,48,131665136,8616456015052,0,8136386045542,480069969510,,linux,x86_64
ant204331f5bd6ca3cccbfa6c5efe4c8,25.06,4,4003212,115502408007,0,0,115502408007,,android,armeabi-v7a
ant20cb115ab21703362af40f0cad404,91.15,4,3860176,57788784967,0,0,57788784967,,android,armeabi-v7a
ant0fc34657b25f3a13bb3ced9c4ff3d,360.27,4,1909808,7838315315,0,0,7838315315,,linux,aarch64
ant58d81c64861955958067770ab71fa,139.38,4,1909808,125090922496,0,0,125090922496,,linux,
ant233267e82d39335a19618b897bb11,101.4,4,1048576,4724464025,0,0,4724464025,,android,armeabi-v7a
ant2b5fa0eab25c43c8da2b617bd97fc,80.85,4,3832724,53418655744,0,0,53418655744,,android,armeabi-v7a
ant24a24cd4995d53d42b50364bd0f1b,66.39,4,2054124,3704409292,0,0,3704409292,,android,armeabi-v7a
ant28783269923623368aca06dd00fa4,68.96,4,1048576,5293547192,0,0,5293547192,,android,armeabi-v7a
antbb4ded60e4c766f43ac13ee759863,1000.0,4,3883624,547608330240,0,536870912000,10737418240,,linux,x86_64
ant2c32387e7c8643cddbe3a3f2744e4,132.99,4,2019608,4423816314,0,0,4423816314,,android,armeabi-v7a
ant223595ae77ffd39b8a4f7bf82f026,97.33,4,2011696,58905476464,0,0,58905476464,,android,armeabi-v7a
ant2d3767a7586d93889ae744b4fc6cf,91.6,4,1938832,58164594606,0,0,58164594606,,android,armeabi-v7a
ant25d557f398ada363c830a5402cb5d,73.28,4,4003316,121440200294,0,0,121440200294,,android,armeabi-v7a
ant242e5d88d9ca73292b6abcbd4f565,10.07,4,2020652,11510512353,0,0,11510512353,,android,armeabi-v7a
antb90790a471c787335f82d71f007b0,200.0,4,1909808,123695058124,0,0,123695058124,,linux,
ant29447c2897f8d3c91a1d1e6cfb7d2,6.74,4,1048576,5282809774,0,0,5282809774,,android,armeabi-v7a
ant21bbbe0265b113ee2844ca0b16ea1,272.49,4,3717368,0,0,0,0,,android,armeabi-v7a
1930a980a31312db663a1d3178fa6b33,500.0,16,16109472,590558003200,0,536870912000,53687091200,,linux,x86_64
ant2f2a9d8b7a5f43c1082b64558cbec,174.39,4,5598952,54331336294,0,0,54331336294,,android,armeabi-v7a
ant2bde3d04a5a4739ffb196116813c1,12.21,4,2025236,3178275799,0,0,3178275799,,android,armeabi-v7a
ant2353388a33ae834ca806394c32081,10.16,4,1048576,4810363371,0,0,4810363371,,android,armeabi-v7a
anta0d93b3689114df1dd9159ebfe0f1,98.4,4,1844268,125090922496,0,0,125090922496,,linux,aarch64
ant2acec844b1195302987246e35985f,116.73,4,1014188,5368709120,0,0,5368709120,,android,armeabi-v7a
ant21e6565c956f133a18116a9034172,132.33,4,4003316,121450937712,0,0,121450937712,,android,armeabi-v7a
ant257459be1ba4d3078bebb148e4fcc,20.5,4,8388608,5637144576,0,0,5637144576,,android,armeabi-v7a
ant25d81218b0df33bbabab5e5f553e2,80.33,5,1941948,54009213747,0,0,54009213747,,android,armeabi-v7a
ant2c99d31145254304ea9a55e40fbac,34.86,4,16777216,6131065815,0,0,6131065815,,android,armeabi-v7a
ant267f3566c406a3dc2bae3b85a8505,120.95,4,3836504,0,0,0,0,,android,armeabi-v7a
ant2fbb314863b4b39ad87e8de66e6e9,73.1,4,3832724,53418655744,0,0,53418655744,,android,armeabi-v7a
ant8df886736e289ae194a9da03a914e,198.8,2,3809160,107374182400,0,0,107374182400,,linux,x86_64
ant21500ae9d6821367894fa1322ef71,121.28,4,8388608,5637144576,0,0,5637144576,,android,armeabi-v7a
ant6fdfbbc431867286ce428cdc59b8e,737.69,4,4002784,125090922496,0,0,125090922496,,linux,
ant204471345c97b35b2866dbf913b43,46.67,4,843312,26542897889,0,0,26542897889,,android,armeabi-v7a
ant2dfe8b988c8be3cef859389ed4198,83.48,4,2020652,3650722201,0,0,3650722201,,android,
ant2e3482f091041309f93ff55fc8082,15.33,4,1048576,4724464025,0,0,4724464025,,android,armeabi-v7a
ant2c210e3822f213757b2ecdfa95620,106.34,4,1017068,4842575626,0,0,4842575626,,android,armeabi-v7a
ant276ca869c5aaa3141a7ee3b4e33a9,31.66,4,2012028,121450937712,0,0,121450937712,,android,armeabi-v7a
ant2f817c465a3593db699d7d957af8d,198.74,4,2055172,4133906022,0,0,4133906022,,android,armeabi-v7a
ant2ee140ed8b3af3c5fa994557d52c4,77.56,4,1313684,26929444945,15665893212,0,11263551733,,android,armeabi-v7a
ant2d6dc58ff03223718bb7c138668d5,42.31,4,2020648,57702885621,0,0,57702885621,,android,armeabi-v7a
4d2883fca82c650e44549fbb7ada8641,300.0,4,4893360,268435456000,0,214748364800,53687091200,,linux,x86_64
ant25dcefee211053bf3ab0f9232a277,415.83,4,1014304,6249177415,0,0,6249177415,,android,armeabi-v7a
antfadf63ab3c6d8f6b621bfd97fb3c2,198.72,4,4027168,0,0,0,0,,linux,aarch64
ant2fa367742eff135548510643f8be5,100.65,4,2019608,57380763074,0,0,57380763074,,android,armeabi-v7a
ant657c0b42131e37fd8d476f3828d33,209.15,4,7885524,1152232351333,0,1024242325913,127990025420,,linux,x86_64
ant2d41b2fb260643c488a093b3bde54,99.56,4,2055156,3704409292,0,0,3704409292,,android,armeabi-v7a
ant2b30cdf6f55a13319996810e7c63b,95.13,4,3027544,19542101196,0,0,19542101196,,android,armeabi-v7a
ant26130162fa6d5336f9a914acde93f,15.41,4,2019608,27605902295,0,0,27605902295,,android,armeabi-v7a
anta81d0b839a60f4632a52d67c2aa74,117.42,4,1909808,7838315315,0,0,7838315315,,linux,aarch64
ant2e647b057958d3b96b2408acf1d04,70.37,4,1048576,5100273664,0,0,5100273664,,android,armeabi-v7a
fc327d0c1d866f5b19b95d6a4c3f5e80,1500.0,32,16381164,1924145348608,0,1649267441664,274877906944,,linux,
ant25f580f9e09983a48abcb82c12c40,112.8,4,1009024,5261334937,0,0,5261334937,,android,armeabi-v7a
ant2f11247a530343f318324bc23e0ec,94.0,4,2020648,3983582167,0,0,3983582167,,android,armeabi-v7a
ant20bee641b67eb393c824c96b87080,85.5,4,3743292,47727824076,0,0,47727824076,,android,armeabi-v7a
ant2c2e741e03e44349680820c7fa87f,8.41,4,2055024,118648471552,0,0,118648471552,,android,armeabi-v7a
ant21296fe10a3f93170b61f9d25164d,92.77,4,1016180,3414499000,0,0,3414499000,,android,armeabi-v7a
ant231dad76976d8368988c68fe6dd5d,41.07,4,643268,6249177415,0,0,6249177415,,android,armeabi-v7a
ant293102a010ebf36efb62863450477,79.78,4,2019608,58035745587,0,0,58035745587,,android,armeabi-v7a
ant293b1cfb978a33890bc7c244913da,62.15,4,1008996,5261334937,0,0,5261334937,,android,armeabi-v7a
antc50671cb7216b696fda13489538e1,956.27,8,10062300,579820584960,0,322122547200,257698037760,,linux,x86_64
ant226a6393f93e73e7687d4ac083879,118.54,4,1048576,3285649981,0,0,3285649981,,android,armeabi-v7a
ant2e619c557e17633668236969a39a2,94.54,4,1048576,5239860101,0,0,5239860101,,android,armeabi-v7a
ant67098cf9eccf330413994b9e6f54e,164.03,4,4002784,125090922496,0,0,125090922496,,linux,
ant36585e1fc01b52c205b721e828233,101.71,6,3888132,69793218560,0,59055800320,10737418240,,linux,x86_64
ant4c79bf998013d8c32a57431b1cf0d,191.84,8,8010224,781684047872,0,644245094400,137438953472,,linux,x86_64
ant2c27b0f61c2973dc3b1938eb833bf,105.52,4,1869624,57080115363,0,0,57080115363,,android,armeabi-v7a
ant2cea2608570bb3f90b71de314bed8,163.79,4,2054224,4048006676,0,0,4048006676,,android,armeabi-v7a
ant236241e7c639d30668bbac403e1ab,98.9,4,1011396,3575560273,0,0,3575560273,,android,armeabi-v7a
ant2a4ec2b7d25413ddb9ae47a8c346d,58.25,4,1048576,26757646253,257698037,0,26499948216,,android,armeabi-v7a
ant2e67b8bc2da9f6d0c2f2132c16525,93.18,4,1844268,125090922496,0,0,125090922496,,linux,aarch64
ant2dd954bc565c434e383d41f5feabb,10.65,4,8388608,5637144576,0,0,5637144576,,android,armeabi-v7a
ant280a9d704f7df37a78e871c89b58d,98.92,4,2019608,58046483005,0,0,58046483005,,android,armeabi-v7a
ant2b8930b53278336699b89d855bc56,45.06,4,2039956,11177652387,0,0,11177652387,,android,armeabi-v7a
ant4c738d7006bd90302a97861abaab3,104.62,4,1909808,127882651238,120044335923,0,7838315315,,linux,
ant2c05eef0b6f22300c94d37e0db3df,571.24,4,8388608,5637144576,0,0,5637144576,,android,armeabi-v7a
ant267517328d4e13491947ad9629fa2,54.05,4,4063504,4724464025,0,0,4724464025,,android,armeabi-v7a
ant4a36326e32f83af3158f2d42d9498,104.47,4,1909808,125090922496,0,0,125090922496,,linux,
ant4e7e805b959afa4a5620d2e6fce74,94.83,4,1836148,15676630630,0,0,15676630630,,linux,
ant2758189df15ee3928ac7fb07dfc52,20.47,5,2971064,54009213747,0,0,54009213747,,android,armeabi-v7a
antbfba36664a4432dc23fb4f35f689e,1000.0,4,3888528,107374182400,0,0,107374182400,,linux,x86_64
ant23eed6c0c306432bdbac8194934b4,38.32,4,4003384,121440200294,0,0,121440200294,,android,armeabi-v7a
ant219c5b0fb53f13ae793a2c2e683e7,84.25,4,2868504,53418655744,0,0,53418655744,,android,armeabi-v7a
b3eb117c9cfc66ab25a589ddac2b98f0,2000.0,32,16119020,3793315115827,0,3518437208883,274877906944,,linux,
antf446fddf202669df094f61560e297,400.0,16,32530980,720158641356,0,480069969510,240088671846,,linux,x86_64
ant2b582f7a12a4e3807a60c0be3d3e5,107.22,4,2997592,4380866641,0,0,4380866641,,android,armeabi-v7a
ant2cb7bda54c65d3070b65c12fd8ab5,41.39,4,1048576,5411658792,0,0,5411658792,,android,armeabi-v7a
ant2f33f0b9004883d858f61fba96f06,60.74,3,1026176,11145440132,5572720066,0,5572720066,,android,armeabi-v7a
ant27d8c60897d3a3d8ca9f5ffb1c257,384.3,4,8388608,4724464025,0,0,4724464025,,android,armeabi-v7a
ant23bdfdfa0f1dc3b3c9baec39afcc5,21.92,4,8388608,5476083302,0,0,5476083302,,android,armeabi-v7a
ant2b2e158059ef83e4c907657945d96,175.15,5,1941948,23847805911,0,0,23847805911,,android,armeabi-v7a
ant214a2156909533523b2eb75299f3c,62.34,4,4004504,24996709662,0,0,24996709662,,android,armeabi-v7a
ant2fdfa910fab233cbf81bfa99de857,50.2,4,1048576,5476083302,0,0,5476083302,,android,armeabi-v7a
ant27d6bd3b7d2cc3ca498744ed001bc,175.7,4,1016012,6249177415,0,0,6249177415,,android,armeabi-v7a
ant1f5a52b0d5cd7d0a962ae8c6bdba7,103.55,4,1909808,125090922496,0,0,125090922496,,linux,
ant2ee6775b6b32234468f1269645de2,171.21,8,12086412,228288249200,0,0,228288249200,,android,arm64-v8a
ant2c90239a7520c3bf3b2f1f362b1d8,94.92,4,4063504,4885525299,0,0,4885525299,,android,armeabi-v7a
ant290641096a7ed33b9888f22a49a28,35.352,4,1048576,5100273664,0,0,5100273664,,android,armeabi-v7a
3563591e91411dae16d54490c3d55166,600.0,32,32514944,2345159517798,0,2089072092774,256087425024,,linux,x86_64
ant213f1ad1ddf2433d18e3fa920045c,439.86,4,1015940,5637144576,0,0,5637144576,,android,armeabi-v7a
ant2d53268a0e86534199d172115b2a3,80.22,6,3934160,57466662420,0,0,57466662420,,android,armeabi-v7a
antaa82c1efb0a7b59c868f38279ab7c,91.91,2,4008896,85899345920,0,0,85899345920,,linux,
antc0aaf6d5932c387749852c99fdec0,98.0,4,1909808,123695058124,0,0,123695058124,,linux,aarch64
ant270746dc0de2a30a69959a4435005,380.05,4,1048576,5637144576,0,0,5637144576,,android,armeabi-v7a
ant2b3d0b3419e2532d2b766c9d10307,44.14,4,2054236,4080218931,0,0,4080218931,,android,armeabi-v7a
8667087213d303c9a69e8c5ddd37c078,300.0,56,32546528,2235208355020,0,1979120929996,256087425024,,linux,x86_64
ant2e8c2a8ac7ac73b9fb5bea3a4d4b1,9.47,4,2026968,4294967296,0,0,4294967296,,android,armeabi-v7a
ant28510822a629d33cdade823339cc7,373.38,4,1048576,5637144576,0,0,5637144576,,android,armeabi-v7a
ant23df33ce9b73439e2839033a1e32a,130.96,4,2020648,3983582167,0,0,3983582167,,android,armeabi-v7a
ant298f2948df8243359a4f9e4bfb02b,349.11,4,1018096,5132485918,0,0,5132485918,,android,armeabi-v7a
ant244e09b7a801f324199cea984a5c7,11.15,4,1048576,5111011082,0,0,5111011082,,android,armeabi-v7a
ant2b2803e68757e372f84d6111ee0dd,361.94,4,4194304,5637144576,0,0,5637144576,,android,armeabi-v7a
ant2eb4be227cd313d0282dfea861748,71.92,4,2055168,119668526284,0,0,119668526284,,android,armeabi-v7a
0449194dc0be62dcb99476a1cdc2aae5,210.0,8,8161144,616220432793,0,360133007769,256087425024,,linux,x86_64
ant3a29a14efc196a3822fc5650b72cf,104.05,4,1903340,7838315315,0,0,7838315315,,linux,aarch64
ant20a864a1aecb63d788841ada4e9b1,83.51,4,2054220,3972844748,0,0,3972844748,,android,armeabi-v7a
ant253025e45ca793073829b8ba7eee1,98.88,4,3844876,43916040601,0,0,43916040601,,android,armeabi-v7a
ant25d5cb67c6fba3b8aa179d4cf808d,73.25,4,2020648,3983582167,0,0,3983582167,,android,armeabi-v7a
ant2d1f3e4f465a8365f8dc9559dd5ec,101.31,4,1009552,3919157657,0,0,3919157657,,android,armeabi-v7a
ant24467441ecb673714a5381a39097a,61.73,4,1484060,26188563087,0,0,26188563087,,android,armeabi-v7a
ant2f3812dd7274038f19de4bb8d4c44,95.07,4,4003380,120098023014,0,0,120098023014,,android,armeabi-v7a
ant2427714b84a3737d98f1cb386642a,377.22,4,1048576,4584877588,0,0,4584877588,,android,armeabi-v7a
ant2b005d1f9115536e8b6d2a9c230ce,11.66,4,2055160,3650722201,0,0,3650722201,,android,armeabi-v7a
785d2acf531fdbf65b7183a619e9929e,5000.0,48,65281548,8396553689494,0,7916483719984,480069969510,,linux,x86_64
antc2eaa7ce51935c6c7f76dedab8fea,220.0,4,4002784,125090922496,0,0,125090922496,,linux,aarch64
ant2d0fddb22b2db3a9c9a7ccb72c5ee,80.47,4,2055160,26886495272,0,0,26886495272,,android,armeabi-v7a
ant231b67c982a0d36e6b23c54cf6aa7,74.53,4,2052176,4327179550,0,0,4327179550,,android,armeabi-v7a
ant2fe8a6fa89e8433e6b1848c59ec92,101.54,4,4063504,4885525299,0,0,4885525299,,android,armeabi-v7a
ant23b05920f805a3f6cbf552fe0f882,72.65,4,4003380,121418725457,0,0,121418725457,,android,armeabi-v7a
ant2de3e94d40f9234cca014a1e6dc4b,29.33,4,8388608,5637144576,0,0,5637144576,,android,armeabi-v7a
anta95c59c55e0f8d5d773dfac821f5b,13.32,4,1991520,125090922496,0,0,125090922496,,linux,aarch64
ant2b74988345af63571b21be6063fc4,57.1,4,1048576,5637144576,0,0,5637144576,,android,armeabi-v7a
ant2e9830604f6e33a4499ede12adae5,74.61,4,2020648,4080218931,0,0,4080218931,,android,armeabi-v7a
ant2af9948c54dac3248b5bbd661caea,79.8,4,1048576,4724464025,0,0,4724464025,,android,armeabi-v7a
ant27a42e8d49e2434e5a506667ab981,9.54,4,1834688,3425236418,0,0,3425236418,,android,armeabi-v7a
ant257c9f6ceb103302895878e29fe46,69.68,4,2089984,2888365506,0,0,2888365506,,android,armeabi-v7a
ant2dc0fbd36cfb13e38bfadf553c3d2,21.92,4,1048576,4724464025,0,0,4724464025,,android,armeabi-v7a
ant22859408e0ca73e28bbbfa3125ddb,138.93,4,2020648,3983582167,0,0,3983582167,,android,armeabi-v7a
ant32314496cc29b8cea130818451607,87.56,4,1844268,125090922496,0,0,125090922496,,linux,
ant2c19dd3c472473b02aa7025a8bda3,83.98,4,4003384,27638114549,0,0,27638114549,,android,armeabi-v7a
ant22b808be02bda39e9857c48fcadfd,124.39,4,1048576,5100273664,0,0,5100273664,,android,armeabi-v7a
ant20395b4c8a7853303a4fd3b043de0,31.77,4,8388608,5637144576,0,0,5637144576,,android,armeabi-v7a
ant28e2cb742ac243fec8fedd4af09f9,32.18,4,1048576,5175435591,0,0,5175435591,,android,armeabi-v7a
ant210fde2cd728130a5ab3bbd12b8c7,99.1,4,4063504,4724464025,0,0,4724464025,,android,armeabi-v7a
antc84714b25861044d28eeb887d05a6,250.27,8,16370844,193273528320,0,107374182400,85899345920,,linux,x86_64
ant2a75530a8409dc70e18757710bf37,371.21,4,4002784,125090922496,0,0,125090922496,,linux,aarch64
ant2a650b167a1a3385fad494c9a27f9,106.81,4,3832724,113719996579,0,0,113719996579,,android,armeabi-v7a
ant56bbdb2bb5c765f7682e678801918,99.68,4,4002784,125090922496,0,0,125090922496,,linux,aarch64
ant2dd9bfd75198c37a5ab9167d02af2,356.08,4,8388608,5637144576,0,0,5637144576,,android,armeabi-v7a
ant2f3fad341b0373a73b0a229f6c78b,54.83,4,4003376,121440200294,0,0,121440200294,,android,armeabi-v7a
ant2efb2dc7785253ad387ecc2455e49,247.4,4,4063504,4724464025,0,0,4724464025,,android,armeabi-v7a
ant217be1afab3bf349b937c73a8e025,129.97,4,4003212,55168854917,0,0,55168854917,,android,armeabi-v7a
ant249405914500c300d95d171e7077c,62.65,4,2055156,118111600640,0,0,118111600640,,android,armeabi-v7a
ant2fb50a253c51b3f28aceadcb156ec,252.06,2,1009552,3897682821,0,0,3897682821,,android,armeabi-v7a
ant226faea7a48a23c1d83f1167f253f,390.55,4,8388608,5476083302,0,0,5476083302,,android,armeabi-v7a
ant247e9326457973b7c9c0ee547696b,6.94,2,0,5196910428,0,0,5196910428,,android,armeabi-v7a
ant27d0d66ff53dc3db8acd1073f43bf,38.77,4,2019608,58314918461,0,0,58314918461,,android,armeabi-v7a
ant2b3d479b3d31a37c0b2d49d4d4aa4,400.78,4,8388608,5637144576,0,0,5637144576,,android,armeabi-v7a
ant29ef56c5d8eef3efaad43e7e2775f,49.93,4,8388608,5476083302,0,0,5476083302,,android,armeabi-v7a
ant2c46842933a103bb88e05da512171,93.78,4,2020652,57488137256,0,0,57488137256,,android,armeabi-v7a
ant410c64b7e5a70ad62a97583e994c2,142.14,4,1015976,6249177415,0,0,6249177415,,android,armeabi-v7a
ant2aff533295df530e39c3cca40f237,94.54,4,1048576,5282809774,0,0,5282809774,,android,armeabi-v7a
antcfa0b743ef84739ff02e4783dac42,89.49,4,1909808,125090922496,0,0,125090922496,,linux,
ant0da4cbfa5d27f7f48bac9fafd903f,1000.0,16,16122544,762356695040,0,751619276800,10737418240,,linux,x86_64
ant27691861645b0307ea0f23514da6d,51.38,4,2055160,118648471552,0,0,118648471552,,android,armeabi-v7a
ant25af2a9fb4c023cf785a0c84518b4,73.08,4,2055164,5368709120,0,0,5368709120,,android,
ant28ba945fea1fd355d9e23b39107df,4.95,4,8011508,68719476736,0,0,68719476736,,android,armeabi-v7a
ant214ba17fad3913e82b5bbdd6ea208,22.62,4,1048576,5637144576,0,0,5637144576,,android,armeabi-v7a
ant2f2a0a22a39b73cfa85d3f3c1039e,42.49,4,684308,6249177415,0,0,6249177415,,android,armeabi-v7a
ant2cde2898452843257878d1e32b3b9,103.67,4,3095540,27015344290,128849018,0,26886495272,,android,armeabi-v7a
ant2b262d2a080923148ba19aab253d0,36.64,3,1026288,5218385264,2609192632,0,2609192632,,android,armeabi-v7a
ant2b3f960c000e834f0b95381d5bec1,370.45,4,1015940,5637144576,0,0,5637144576,,android,armeabi-v7a
ant23b1cb5f10e0238868fbd1b004088,79.95,4,2868504,53418655744,0,0,53418655744,,android,armeabi-v7a
ant25bd4a3d267c439ff99d04e38ccb7,124.48,2,982604,12455405158,0,0,12455405158,,android,armeabi-v7a
ant23505c30b68bb39ab802f95c8fad2,77.58,4,2045948,25458418647,0,0,25458418647,,android,armeabi-v7a
ant2fbd90683aa0a3523a92823c48081,10.47,4,2055200,119077968281,0,0,119077968281,,android,armeabi-v7a
ant211e55e43115d32868d0b856e4826,95.71,4,2008092,4767413698,0,0,4767413698,,android,armeabi-v7a
ant23abdc6b200443a70849f4a9e2896,125.64,5,1942140,23847805911,0,0,23847805911,,android,armeabi-v7a
ant297a43bf990593eb3bb6dbf6d4669,85.35,4,3704652,54621246586,0,0,54621246586,,android,armeabi-v7a
ant2d57eeb08fba733fabc4722e8c9a9,53.29,4,8388608,5476083302,0,0,5476083302,,android,armeabi-v7a
ant2e30130c6f6a6378bb51ec31e2d18,54.72,4,1919108,12476879994,0,0,12476879994,,android,armeabi-v7a
ant2f7702a0e6ae73b099ba9c56cad10,294.21,4,8388608,5637144576,0,0,5637144576,,android,armeabi-v7a
ant287112daac6310ff660cb18fd9efa,136.05,4,1909808,125198296678,0,0,125198296678,,linux,
ant292c5e844cd833226a782d99a92c0,109.57,4,2020648,3983582167,0,0,3983582167,,android,armeabi-v7a
ant298d9a767c8ec30d3b0be2f188683,77.0,4,1048576,5282809774,0,0,5282809774,,android,armeabi-v7a
ant2cc867a48ba963f368e1e379920d9,81.16,4,2058020,27358941675,0,0,27358941675,,android,armeabi-v7a
ant2576a3fdd6d1c38ea8e683e55b164,98.62,4,1963016,4198330531,0,0,4198330531,,android,armeabi-v7a
ant2520b010655d032b9856844bb070c,307.4,4,8388608,5476083302,0,0,5476083302,,android,armeabi-v7a
ant2b4b94cb99f833f97be90910d2e4c,125.83,4,2089984,12025908428,0,0,12025908428,,android,armeabi-v7a
ant2688daec842a837bfb8e9ee6c2f04,100.44,4,2019608,4219805368,0,0,4219805368,,android,armeabi-v7a
ant242b3e57976653e758b31e14b63e4,89.62,4,2020648,27058293964,0,0,27058293964,,android,armeabi-v7a
ant21154905619fa33e5bd26a9d030af,115.94,4,2882704,43916040601,0,0,43916040601,,android,armeabi-v7a
ant2840d589a00de3759bb35af1532cc,389.98,4,8388608,5476083302,0,0,5476083302,,android,armeabi-v7a
ant23e3c91a2104a3724a998877a600a,107.4,4,1827660,11177652387,0,0,11177652387,,android,armeabi-v7a
ant2c2983a7ca9593230a99ce15be4be,98.32,4,4063504,4724464025,0,0,4724464025,,android,armeabi-v7a
ant27dda55f1af9e332788468939a4ae,101.8,4,2053200,57799522385,0,0,57799522385,,android,armeabi-v7a
ant27c07c4b4b8923d23a9327df7fa80,6.44,4,2055156,11403138170,0,0,11403138170,,android,armeabi-v7a
ant23f54ca3ff43536208be0320050b8,67.54,4,2055164,5529770393,0,0,5529770393,,android,armeabi-v7a
ant21eadb71ac7053c11a49863baf740,120.25,4,1048576,4627827261,0,0,4627827261,,android,armeabi-v7a
ant270e65c792d9f347ebbb5759ef991,26.85,4,1016016,6249177415,0,0,6249177415,,android,armeabi-v7a
ant4bcce45a427d78a48f0f437d06387,19.51,4,1048576,4821100789,0,0,4821100789,,android,armeabi-v7a
ant29b652163d721312cb4647c328b95,54.98,4,8388608,5476083302,0,0,5476083302,,android,armeabi-v7a
ant2c760cf59eb3b38eda18906e87f49,76.6,4,2058012,27358941675,0,0,27358941675,,android,armeabi-v7a
ant224b1b71e10c63396b28edf59ccdf,87.11,4,8136816,28411208663,0,0,28411208663,,android,armeabi-v7a
ant2c4eccaa7d9e23467a6601c6db7b7,63.5,4,4063504,4724464025,0,0,4724464025,,android,armeabi-v7a
ant828ed46f39df3425d2a55cccec07d,270.96,4,1975768,322122547200,0,257698037760,64424509440,,linux,x86_64
ant266a218749713313baea1457fe211,88.84,4,1963248,4745938862,0,0,4745938862,,android,armeabi-v7a
ant219253145d3b53cf99e7381341897,310.1,4,8388608,5637144576,0,0,5637144576,,android,armeabi-v7a
antfa0c3f510521b13a4f1e60fbd20a9,130.0,4,4002784,125090922496,0,0,125090922496,,linux,aarch64
ant26a74617f9c643fad9e4ce7c1e8da,51.59,4,1015940,5637144576,0,0,5637144576,,android,armeabi-v7a
ant2c171763bd085338488c728c0b2cd,185.17,4,1015940,5476083302,0,0,5476083302,,android,armeabi-v7a
ant4550aaf580ccfc9092a8585b93bfa,220.0,4,3990732,135828340735,0,127990025420,7838315315,,linux,aarch64
ant2b8565e0b99fe3a4ab7bf07d347f2,94.27,4,4003052,121450937712,0,0,121450937712,,android,armeabi-v7a
bd1ff277f2f25d2429e9833cdcffd2d1,1500.0,24,16382992,2034096511385,0,1759218604441,274877906944,,linux,
ant27c09b5cc96893ea2bc203db6a0a5,73.13,4,2020652,3758096384,0,0,3758096384,,android,armeabi-v7a
ant24987ce3047c23893b3466227776b,41.87,4,4063504,4724464025,0,0,4724464025,,android,armeabi-v7a
ant2050db94fa6313e399e961011537d,48.93,4,1015820,515396075,0,0,515396075,,android,armeabi-v7a
antd0c95f697f96ff33f35c0f64f7b06,262.42,4,1999836,247926987161,0,240088671846,7838315315,,linux,aarch64
ant242500da6b7933c4b8b925b084158,9.91,4,1048576,4885525299,0,0,4885525299,,android,armeabi-v7a
ant26125156180ad3a56956d70efacfb,66.96,4,2089984,4144643440,0,0,4144643440,,android,armeabi-v7a
ant271f9880624923e41a6e2a412d534,52.39,4,2019608,58057220423,0,0,58057220423,,android,armeabi-v7a
ant5913fcec6918ef23732b84047e93b,105.94,4,1909808,125090922496,0,0,125090922496,,linux,aarch64
ant27b6e3794842f35299bc02068f5d8,80.65,4,1048576,3833258311,0,0,3833258311,,android,armeabi-v7a
ant2f0a17919edac366a8e77da9674b7,43.9,4,2054132,11263551733,0,0,11263551733,,android,armeabi-v7a
ant29adba62846113b42a3430de8d7ef,4.3,4,1999916,26016764395,0,0,26016764395,,android,armeabi-v7a
ant27e0af9adc37b39b39219d9125bbd,90.54,4,3844872,106450764431,0,0,106450764431,,android,armeabi-v7a
ant2f9d6528e4e4f32c6af2d41aebe8c,74.43,4,2011696,58905476464,0,0,58905476464,,android,armeabi-v7a
ant271a4b074c41c3c529ed67d57ec90,87.15,5,1941948,23847805911,0,0,23847805911,,android,armeabi-v7a
ant2dfb79327566632c7ac4833f631c5,59.13,4,1048576,4724464025,0,0,4724464025,,android,armeabi-v7a
af139b4fda5e5be8664ad688e69ab89b,2400.0,28,32526388,2329160764620,0,2089072092774,240088671846,,linux,x86_64
ant25fe7c86147193777a9f4bc5ba2c8,86.5,4,2093056,3038689361,0,0,3038689361,,android,armeabi-v7a
ant2dad9099de924327299ec4f9719c4,15.72,4,1048576,5411658792,0,0,5411658792,,android,armeabi-v7a
anteb4d926bc392a329277ac1a5a630f,66.89,4,1991520,125090922496,0,0,125090922496,,linux,aarch64
ant28547ccd147cc3edebeceab26ebf6,90.48,4,2054152,3178275799,0,0,3178275799,,android,armeabi-v7a
ant0b228799afc804c46fd72b76c29d2,930.12,4,8131836,107374182400,0,0,107374182400,,linux,x86_64
ant460edd29f331d155cfefb170ccfcf,350.0,4,7835644,256087425024,0,0,256087425024,,linux,x86_64
ant76f6600c7a2eaf8bc5aac8f43b931,550.23,4,1909808,123695058124,0,0,123695058124,,linux,
ant2389a2438eddc3953878fb1e51fcf,10.4,4,2055148,5519032975,2147483648,0,3371549327,,android,armeabi-v7a
ant26b1b5ced0212351e8dbd65661354,9.76,4,1048576,4821100789,0,0,4821100789,,android,armeabi-v7a
ant25a068d6f2bae3aa28c7f21e9d1aa,70.84,4,2020648,27058293964,0,0,27058293964,,android,armeabi-v7a
ant24ad125547ff33062830b9c09e519,68.96,4,1048576,5637144576,0,0,5637144576,,android,armeabi-v7a
ant26681dfdcfc4432aabc09b2ad2559,59.57,4,1048576,5637144576,0,0,5637144576,,android,armeabi-v7a
ant28ed7d144dc343bf7ac4a82789211,185.08,4,1048576,5637144576,0,0,5637144576,,android,armeabi-v7a
ant2054e7b3a805d32eda1fe5578fea2,88.6,4,1521304,37559489002,34187939675,0,3371549327,,android,armeabi-v7a
ant28adcd8f59b3e3c42b965ad8fe350,213.45,4,477104,5239860100,42949672,0,5196910428,,android,armeabi-v7a
ant22e143cc7dffd3a568cac79e418b5,11.35,4,2054248,3758096384,0,0,3758096384,,android,armeabi-v7a
936dea24086068b35e3361135490bcbf,3000.0,64,131327812,55125797869971,44750123250481,9895604649980,480069969510,,linux,x86_64
ant2fa6ed424921d3057b3ff28d80712,73.49,4,2097152,4960687226,0,0,4960687226,,android,armeabi-v7a
ant24058d775b6bb3b60ad247fbf0076,52.56,4,2054244,3704409292,0,0,3704409292,,android,armeabi-v7a
ant262be00db9c403e01aa782e56d38e,97.85,4,1048576,4885525299,0,0,4885525299,,android,armeabi-v7a
ant232731fb463ee34a4892e0e40df57,89.75,4,4020736,53740778291,0,0,53740778291,,android,armeabi-v7a
ant23d7ad4dc0ef036b884889ac22889,108.76,4,2053196,4080218931,0,0,4080218931,,android,armeabi-v7a
ant25637af3c17d836f1a1a5ec7ba4cb,35.25,4,8388608,5476083302,0,0,5476083302,,android,armeabi-v7a
ant267ad8a21a1ed3b3cac9b265909a0,20.0,4,1015836,1202590842,0,0,1202590842,,android,armeabi-v7a
e27e408a51673532f03147abecc6be89,1000.0,48,65347468,8616456015052,0,8136386045542,480069969510,,linux,x86_64
ant24cab3b00bc9935ae99515e88b243,73.5,4,1430492,27391153930,0,0,27391153930,,android,armeabi-v7a
ant251b96d5f24c2308286f878eb953b,104.12,4,16777216,6302864506,0,0,6302864506,,android,armeabi-v7a
ant2042cf631a2e33eb4bd5452e678ad,73.04,4,3880728,55898999357,0,0,55898999357,,android,armeabi-v7a
ant2589d8992b476343c814cae07d4c5,74.97,4,2089984,11220602060,0,0,11220602060,,android,armeabi-v7a
ant2cf88a8ae1e5e3253919c447863da,57.22,4,1373924,0,0,0,0,,android,armeabi-v7a
ant20391be9fbb7738f0b2517b735f69,91.21,4,1015940,5637144576,0,0,5637144576,,android,armeabi-v7a
ant215625619ba7e3d24bc780bdb7c60,74.11,4,2945880,27509265530,0,0,27509265530,,android,armeabi-v7a
ant25915dfa8559933798146fad35257,118.1,4,8388608,5637144576,0,0,5637144576,,android,armeabi-v7a
ant22d293841f26b38b190b1c128a90b,62.92,4,2020648,57788784967,0,0,57788784967,,android,armeabi-v7a
ant259eaee30d1fc363d827447c7273f,434.37,4,1048576,5476083302,0,0,5476083302,,android,armeabi-v7a
ant203a5dd2fdce132df8f92cd2b6efa,83.25,4,1537844,4874787880,0,0,4874787880,,android,armeabi-v7a
ant26d3e4f5179d638ab9b7fdbcfecb9,28.8,4,1015924,5422396211,0,0,5422396211,,android,armeabi-v7a
ant2b04cb5977150369496d226273597,83.48,4,2019608,58057220423,0,0,58057220423,,android,armeabi-v7a
e672f70ced2476a82887abc7bb36a68f,220.0,4,8140832,536870912000,0,429496729600,107374182400,,linux,x86_64
ant2bac5500fe3c03e01b429e7dfcaef,7.49,4,2055160,118648471552,0,0,118648471552,,android,armeabi-v7a
a6bf4e8b368304092debc8c8760ba9f2,2400.0,40,32852756,4188237358694,0,4068193022771,120044335923,,linux,x86_64
antb4ab1e66c4a674ca6df75aac7604a,396.0,6,16124880,1107564691456,0,1000190509056,107374182400,,linux,x86_64
ant294d526f28a0b3190a234ee4ecf02,123.46,4,4003384,242773026406,0,121332826112,121440200294,,android,armeabi-v7a
ant2c38a9c8166aa38ca96149acceafc,69.92,4,1008848,4660039516,0,0,4660039516,,android,armeabi-v7a
ant20210e67f24dc3f8e8c640c8c741f,164.67,4,1015940,5637144576,0,0,5637144576,,android,armeabi-v7a
ant201e337fcafa83e82a1dba1706eb1,23.18,4,1015940,5637144576,0,0,5637144576,,android,armeabi-v7a
ant845a8f467092ef1170f86d3762d7d,864.54,4,4002784,125090922496,0,0,125090922496,,linux,aarch64
ant2cbb2e7daba9c3517a9bb6a323937,22.88,4,8388608,4724464025,0,0,4724464025,,android,armeabi-v7a
ant20f41fd0f682b39858e1f6395076d,121.42,4,1048576,5637144576,0,0,5637144576,,android,armeabi-v7a
ant2724fc140ee3231b7b23bfd7d4397,372.34,4,1048576,5637144576,0,0,5637144576,,android,armeabi-v7a
ant2d454e3d3cc44320b8bcb1cc8f39a,363.54,4,8388608,5476083302,0,0,5476083302,,android,armeabi-v7a
ant29e422cecb65c30669fc098e8e43a,292.67,4,1048576,5637144576,0,0,5637144576,,android,armeabi-v7a
ant2b16a435524d83f8f95a9058fae51,83.47,4,1015976,6249177415,0,0,6249177415,,android,armeabi-v7a
ant23975e34840ec3ea8a08a1be947d2,32.4,4,1048576,5282809774,0,0,5282809774,,android,armeabi-v7a
ant2e3d4d701fc953e7d9789e72e08d6,84.7,4,8127008,4885525299,0,0,4885525299,,android,armeabi-v7a
ant2bd8d0a1bc71f3a6fb1241141ae76,94.16,4,1048576,5411658792,0,0,5411658792,,android,armeabi-v7a
ant22ea9b169907e3c6fb394959126ec,75.55,4,1048576,5637144576,0,0,5637144576,,android,armeabi-v7a
ant2ba52b00d574e32d28404ea90da40,88.52,4,2019608,58057220423,0,0,58057220423,,android,armeabi-v7a
ant29144e265489c30099b7602e71b57,344.78,4,8388608,5637144576,0,0,5637144576,,android,armeabi-v7a
ceaead4d7b56548e7f278384ccd0c478,2070.0,24,32517076,2345159517798,0,2089072092774,256087425024,,linux,x86_64
ant2c4370c60f3c636e7ab75aa2dce9e,130.49,4,1048576,5637144576,0,0,5637144576,,android,armeabi-v7a
ant2d4bedf8cae183a019eaff84c8025,73.8,4,4003316,121987808624,0,0,121987808624,,android,armeabi-v7a
ant2442cd5a386e63ac19e8a8433a787,71.94,4,1048576,5282809774,0,0,5282809774,,android,armeabi-v7a
ant2648c3f6bd24834b18467e9c8d012,140.49,4,2056184,12670153523,0,0,12670153523,,android,armeabi-v7a
ant3da3fae64af639b1759fd3570771f,112.47,4,1909808,123695058124,0,0,123695058124,,linux,
ant373a49e71448eae0c3ee9489bc3c6,425.4,4,1909808,7838315315,0,0,7838315315,,linux,
antefacc452fbae2731f98ecbb5d3e95,118.1,4,4002784,125090922496,0,0,125090922496,,linux,aarch64
ant24a7277558a503882b5b1304d9bb4,68.41,4,1479784,10984378859,0,0,10984378859,,android,armeabi-v7a
ant20eacb0495a0d3c6f9711106341c4,53.4,4,2052184,27605902295,0,0,27605902295,,android,armeabi-v7a
ant28c4b30f238843fc381ce0cab67c0,66.54,4,1016092,5712306503,515396075,0,5196910428,,android,armeabi-v7a
ant265625163c964350194ef819c2bea,67.14,4,1537844,4874787880,0,0,4874787880,,android,armeabi-v7a
ant2fb917d43203a360dbdab91bfd357,44.55,4,844548,9867687362,0,0,9867687362,,android,armeabi-v7a
ant22a408dd2878b3018b8295cac3d77,94.93,4,1887352,18049600060,8042326261,0,10007273799,,android,armeabi-v7a
ant2435c7594649832f7835b7e775cd6,246.86,4,1048576,5476083302,0,0,5476083302,,android,armeabi-v7a
ant2c704bde2431e372980823821c3c0,96.26,4,8388608,4885525299,0,0,4885525299,,android,armeabi-v7a
antce2ba005f4052311a0ec75d493758,128.49,4,2005992,1032080641228,0,1024242325913,7838315315,,linux,aarch64
ant27709d805c622358893390c103acc,162.77,4,1970704,27305254584,0,0,27305254584,,android,armeabi-v7a
ant2d1170cf0a7ee3e048c287328b1f6,14.92,4,1048576,4724464025,0,0,4724464025,,android,armeabi-v7a
ant2db7b56d063f13222b3cd07b1a10c,59.22,4,2055160,28862180228,1975684956,0,26886495272,,android,armeabi-v7a
ant257c2c86e6eea32d69bf37d199941,76.87,4,2034576,23579370455,0,0,23579370455,,android,armeabi-v7a
ant2b4e98bb7a9a530508078a89ff83e,82.93,4,2019608,27605902295,0,0,27605902295,,android,armeabi-v7a
ant297bda162bd9e384f9fa6856c0173,304.7,4,4003316,117692841328,0,0,117692841328,,android,armeabi-v7a
ant2660032396cbd32c495f9feac1311,90.63,4,2020648,57702885621,0,0,57702885621,,android,armeabi-v7a
ant2fdd14a68f997385b9c3a65a73c03,84.46,4,1048576,5637144576,0,0,5637144576,,android,armeabi-v7a
ant2ee18e60b79d530c496daf1558eea,84.42,4,4003316,120098023014,0,0,120098023014,,android,armeabi-v7a
ant2de6999b322df31bc871c31a661ab,23.13,4,1899160,26027501813,0,0,26027501813,,android,armeabi-v7a
ant2002edc4d4e7b3a9ba93e18797d2a,102.58,4,1048576,5100273664,0,0,5100273664,,android,armeabi-v7a
ant25686215fe8dd3ff89ef4913c9b63,46.41,4,1048576,5637144576,0,0,5637144576,,android,armeabi-v7a
ant245ea21abacee3b3abbecbdaa2678,73.73,4,2052184,27605902295,0,0,27605902295,,android,armeabi-v7a
ant29e4d704ff31239c6bf542c0e7996,444.14,4,8388608,5637144576,0,0,5637144576,,android,armeabi-v7a
ant2ad6e43c37e1f385880c597c4331f,20.44,4,1018096,4842575626,0,0,4842575626,,android,armeabi-v7a
ant2148a0be14dc03f99b229b6f14c53,62.79,4,4003384,121418725457,0,0,121418725457,,android,armeabi-v7a
8c0a54b2ed9d73e22e90ff5a0482b77e,5000.0,64,131879404,40942097871662,32545544182168,7916483719984,480069969510,,linux,x86_64
ant288c980e82cda34898e2a819558a7,59.72,4,8388608,5476083302,0,0,5476083302,,android,armeabi-v7a
ant2c03f56a742173553aaf104da08a7,60.65,4,8388608,4005057003,0,0,4005057003,,android,armeabi-v7a
ant2d76e808547d03a0bbaebd8b4e662,29.59,4,2048076,118476672860,0,0,118476672860,,android,armeabi-v7a
d544a606cd66704de5a6ed752d2094a2,3600.0,64,131307168,42921218801658,32545544182168,9895604649980,480069969510,,linux,x86_64
ant2cb1dfba9113c391cbbacfcaeae7f,189.22,4,1015940,5637144576,0,0,5637144576,,android,armeabi-v7a
ant2d64f859532c232819adff94da77b,77.74,4,2019608,57380763074,0,0,57380763074,,android,armeabi-v7a
ant21f09a22fec463dea89b205c1876e,352.55,4,8388608,5637144576,0,0,5637144576,,android,armeabi-v7a
57161640e5493dda8bb511a8d4b532f5,500.0,16,32923820,1288490188800,0,1073741824000,214748364800,,linux,x86_64
ant217420a18f28c3f579010ac54dd7d,102.46,4,3860176,57788784967,0,0,57788784967,,android,armeabi-v7a
ant210ddbd00e7943eaa8281dea995dd,110.17,4,960896,4971424645,0,0,4971424645,,android,armeabi-v7a
ant2f08a7ee0ac8f3399b40c6c92bd3e,61.63,4,2020648,57713623040,0,0,57713623040,,android,armeabi-v7a
ant2091ec06610bc3fb3b53b3491662d,376.86,4,1015940,5637144576,0,0,5637144576,,android,armeabi-v7a
a2a75817cdec1aff90934fb2f58b81fb,150.0,4,8140840,536870912000,0,429496729600,107374182400,,linux,x86_64
ant269bc5de9cbcf3e3a9c3b5447314a,5.37,4,3717368,54868207206,0,0,54868207206,,android,armeabi-v7a
ant8045de29e1c3d59f2d43437f3d370,26.9,4,2014148,0,0,0,0,,linux,aarch64
ant220b89a48719c316e945190aa2e94,65.86,4,1015880,3575560273,0,0,3575560273,,android,armeabi-v7a
ant2c1ffd3f930f03391a4a6145f8961,98.1,4,1048576,4885525299,0,0,4885525299,,android,armeabi-v7a
ant2d69f35cbd5cd3d89b3fa41713004,63.4,4,3941412,27562952622,0,0,27562952622,,android,armeabi-v7a
ant174c885c581aee7c9e381aba99a42,82.77,4,4002784,125090922496,0,0,125090922496,,linux,aarch64
ant224fde344f0ce321e82963848c7cf,427.92,4,1048576,1857573355,0,0,1857573355,,android,armeabi-v7a
ant2ba82e67f48553fae804d0701d2f8,100.48,4,2020648,57702885621,0,0,57702885621,,android,armeabi-v7a
ant2a23521b695c534df8b79ff841855,5.65,4,3832724,53418655744,0,0,53418655744,,android,armeabi-v7a
ant25166579229063021a98a39afd4db,71.56,4,1048576,5411658792,0,0,5411658792,,android,armeabi-v7a
ant2081ccb84cb8e3cd89cc4b42f1ea5,91.42,4,2089984,3564822855,0,0,3564822855,,android,armeabi-v7a
ant2e7b7c2086cac3e5fa6ca5890a8c1,71.95,4,2019608,58046483005,0,0,58046483005,,android,armeabi-v7a
ant288c7e1f4087f3d3293c34453454e,231.68,4,1048576,5132485918,0,0,5132485918,,android,armeabi-v7a
ant210748a3754c23e8d97cdc6eb6a4d,46.41,4,2055156,118111600640,0,0,118111600640,,android,
ant20ecdb96425ba344ba69b5433b937,107.28,8,7785768,113408611450,0,0,113408611450,,android,armeabi-v7a
ant2a4f53beb921d3b249fa601b398bf,95.79,4,8388608,4724464025,0,0,4724464025,,android,armeabi-v7a
ant4778b96acbbe0eac60e525facde88,89.02,4,1015984,6614249635,0,0,6614249635,,android,armeabi-v7a
ant2273d43919c1a3ed5a25e9c198b9d,395.92,4,8388608,5637144576,0,0,5637144576,,android,armeabi-v7a
ant29e53c1aa2c7237269a8e4f2613a3,66.34,4,3687536,24255827804,0,0,24255827804,,android,armeabi-v7a
ant26d79dd1d41293fd0938d96e4aecf,70.41,4,2776980,86672440031,29989609143,0,56682830888,,android,armeabi-v7a
ant2d7d67e1cce9f3857bc3be2beeeda,71.72,4,4063504,4885525299,0,0,4885525299,,android,armeabi-v7a
ant25c7f4b51155e306680256a209803,101.32,4,1938768,27380416512,0,0,27380416512,,android,armeabi-v7a
ant25c3f3628ba913bdc98d32a64b8af,77.02,4,1048576,5282809774,0,0,5282809774,,android,armeabi-v7a
ant263798a29814c3d6c850cfef201be,32.06,4,4108496,10715943403,8053063680,0,2662879723,,android,armeabi-v7a
ant2f19ae25bb83534689a68769c30b2,9.33,4,1048576,5637144576,0,0,5637144576,,android,armeabi-v7a
f37fcc327433416c14620c19298b14e3,220.0,4,8140840,536870912000,0,429496729600,107374182400,,linux,x86_64
ant241e6e98e68e734c2af765809c768,162.41,2,1009724,3468186091,0,0,3468186091,,android,armeabi-v7a
ant2a5096a85690638cd87dbab744fc5,84.62,4,1048576,5132485918,0,0,5132485918,,android,armeabi-v7a
ant2d857189d8c1b3ea0a59b86fc75d9,125.37,4,1048576,5057323991,0,0,5057323991,,android,armeabi-v7a
ant216206876c8cc333cb0fd73611d17,96.77,4,3860192,57788784967,0,0,57788784967,,android,armeabi-v7a
ant23ebfbebb723131729a8e4601d7b5,389.07,4,1015940,5476083302,0,0,5476083302,,android,armeabi-v7a
ant2ff494e3888a53173a8c0d7d46168,71.82,4,2019608,27605902295,0,0,27605902295,,android,armeabi-v7a
antc41540b63f412003ec043584eb2c2,104.68,4,1909808,7838315315,0,0,7838315315,,linux,
ant207c52c944e523f8894e6b151c882,57.05,4,1048576,3285649981,0,0,3285649981,,android,armeabi-v7a
ant26232c83900dd3db08c9100be9e89,85.0,4,2019608,58046483005,0,0,58046483005,,android,armeabi-v7a
ant2ee57e9586a5d38fa81fe4e1e8b03,5.71,4,2011696,58905476464,0,0,58905476464,,android,armeabi-v7a
ant247633bf6693f3bbbb701cd365244,131.64,4,3027544,19542101196,0,0,19542101196,,android,armeabi-v7a
ant1189fb85353fe4d3edfbbe5c36fa2,1500.0,56,65788900,4580367872819,0,4068193022771,512174850048,,linux,
ant27966f5b9a0c333dea824c38b77bf,102.13,4,2011696,58905476464,0,0,58905476464,,android,armeabi-v7a
ant2e98e1fbbbdca346b8cfdb231a02c,96.52,4,2054124,3704409292,0,0,3704409292,,android,armeabi-v7a
ant2c1932bb4df9d3b3c9e75b9bfc6f3,147.09,4,4003316,121611998986,0,0,121611998986,,android,armeabi-v7a
ant2ce5638f6521e3805857b5e1259ca,91.45,4,3184620,0,0,0,0,,android,armeabi-v7a
ant2500b5401fa753f18b3cdb6ed8c41,3.42,4,1048576,4552665333,0,0,4552665333,,android,armeabi-v7a
6119987dd2feb6cbf734bd724265993d,600.0,8,16029612,1152232351333,0,1024242325913,127990025420,,linux,x86_64
ant29356f1c7ef8b3e24aed5ea95e06f,259.87,4,1048576,5637144576,0,0,5637144576,,android,armeabi-v7a
ant29973c19f8b793260b6eb2fb8b8c6,10.33,4,2019608,27605902295,0,0,27605902295,,android,armeabi-v7a
ant21ce4bf34453135fa88f9c3f5a040,96.29,5,3933552,58025008168,4015794421,0,54009213747,,android,armeabi-v7a
ant2395b09b296d732f6863c8d527233,189.43,4,1015940,5476083302,0,0,5476083302,,android,armeabi-v7a
ant596747f52739b197c2c890d1985f9,169.53,4,1909808,7838315315,0,0,7838315315,,linux,aarch64
ant9c3f6b84639c025383e21f669cb5b,113.7,2,1893580,429496729600,0,0,429496729600,,linux,x86_64
ant2e48ad98729f9324082793e5ba69e,60.52,4,4003376,121440200294,0,0,121440200294,,android,armeabi-v7a
ant319f890279fdd0de9a6610b2e2382,121.96,4,4002784,125090922496,0,0,125090922496,,linux,
ant29d062122d0e73931bdbed922264c,97.18,4,1048576,5304284610,0,0,5304284610,,android,armeabi-v7a
ant261a29365b5ad3a2a878065c520bd,3.94,4,969060,4724464025,0,0,4724464025,,android,armeabi-v7a
ant202460403c3ec3933b3e89d6e01de,76.55,5,2970564,54009213747,0,0,54009213747,,android,armeabi-v7a
ant1d0b503a36d1f7acd72729804cef1,971.01,4,1909808,7838315315,0,0,7838315315,,linux,
ant251b8ec988f21373a886f94853d82,63.97,3,2052568,4509715660,2254857830,0,2254857830,,android,armeabi-v7a
ant296db6da84932382fa6830e007989,56.27,4,4020736,53740778291,0,0,53740778291,,android,armeabi-v7a
ant2d4459a098d8737320c4336012dbb,97.79,4,1844268,125090922496,0,0,125090922496,,linux,aarch64
ant5ca836ef36b98dc9f7429c23729b0,101.64,8,3887676,10737418240,0,0,10737418240,,linux,
ant2f11dfb27df8a3c04aad103def1c2,42.89,4,2523420,26188563087,0,0,26188563087,,android,armeabi-v7a
ant26527fa27e22034298db7309b26bc,89.55,5,1941948,23847805911,0,0,23847805911,,android,armeabi-v7a
ant2c50a79cd22e039edb29232431bc4,296.54,4,1016016,6249177415,0,0,6249177415,,android,armeabi-v7a
d78a04da070425a0882d582497f4b926,990.0,72,65524488,6527383922276,0,6047313952766,480069969510,,linux,x86_64
ant2e5eb1df624d43caa90edd38a93de,285.87,4,1048576,5637144576,0,0,5637144576,,android,armeabi-v7a
antc760565be580a1fbda45f66f208b4,198.44,2,4010232,42949672960,0,0,42949672960,,linux,x86_64
ant2b5cabac47e1d3d0a91842ee11b7b,122.86,4,2093056,3414499000,0,0,3414499000,,android,armeabi-v7a
ant2e1bbe06e02a53f468bc50ee5d049,98.77,4,2978932,46976204800,0,0,46976204800,,android,armeabi-v7a
ant26cfe61e2dcdd36b0bd9b4abc496d,8.66,4,4003316,121987808624,0,0,121987808624,,android,armeabi-v7a
ant2c698243391913f4b84e7d59449df,51.19,4,1015940,5476083302,0,0,5476083302,,android,armeabi-v7a
ant206b215c46fb7381bbd2005f93cc6,72.53,4,1961984,3382286745,0,0,3382286745,,android,armeabi-v7a
ant238605c2deb7432c99c7cd6e925da,74.17,4,8388608,5637144576,0,0,5637144576,,android,armeabi-v7a
ant2995fbe9657033dfb929b7d9b06f4,379.15,4,1015940,5476083302,0,0,5476083302,,android,armeabi-v7a
ant2615473c4cde93343a0c67b87e659,37.48,4,2054220,27358941675,0,0,27358941675,,android,armeabi-v7a
ant27040ac0c5f1c39ca93c691ae1ac8,73.76,4,1048576,5282809774,0,0,5282809774,,android,armeabi-v7a
ant265d714ea84fc3c79babef073d7e7,72.99,4,3742744,47727824076,0,0,47727824076,,android,armeabi-v7a
ant2a2ccf99a3dca39d2bbc027e84340,55.11,4,4003316,121418725457,0,0,121418725457,,android,armeabi-v7a
ant3f914e4e3f90f2bc9d98ca2798bf3,30.0,4,1909808,125090922496,0,0,125090922496,,linux,aarch64
ant265f17075a81a3f6f85caaa0d483f,107.46,5,2970564,54009213747,0,0,54009213747,,android,armeabi-v7a
ant714e9c5c1972a67c178ce429a5dfb,1000.0,16,16122544,762356695040,0,751619276800,10737418240,,linux,x86_64
ant28763ab96402a39fc966103000e0b,393.9,4,8388608,5637144576,0,0,5637144576,,android,armeabi-v7a
ant2521fccd45b0135fabeb3b43154e8,76.64,4,1015896,3339337072,0,0,3339337072,,android,armeabi-v7a
ant28d848904bee93fe19073b8eec798,97.95,4,1048576,4960687226,0,0,4960687226,,android,armeabi-v7a
ant2251222d9a0b73c869291d2ee0710,58.42,8,11472704,0,0,0,0,,android,arm64-v8a
f60f2a1d21ce2e1f43ab9a280e955dfb,500.0,16,32533524,1280329750937,0,1024242325913,256087425024,,linux,x86_64
ant8daa43c5e18c7031f6ae590c1a7be,800.0,16,3885128,515396075520,0,0,515396075520,,linux,x86_64
ant218548d72cd3e3f85ad7a2efd72ec,66.67,4,2055160,57370025656,0,0,57370025656,,android,armeabi-v7a
ant2580c45c2b9bb3431820661fa1315,48.33,4,1014288,2083059138,0,0,2083059138,,android,armeabi-v7a
ant02f2618be5ef58009fa0e8eb0c900,50.0,4,1909808,125090922496,0,0,125090922496,,linux,
ant69e17c99373b9b11c4794a621f218,98.48,4,4003788,0,0,0,0,,linux,
729daa932fc283ee329ae99fe9f7c86c,3000.0,48,32268192,8396553689494,0,7916483719984,480069969510,,linux,x86_64
ant218dcfafe933f34c3a4384e2aad20,177.12,4,1048576,5637144576,0,0,5637144576,,android,armeabi-v7a
ant26207e455b677380faa60ad48a547,31.23,4,1015940,5637144576,0,0,5637144576,,android,armeabi-v7a
ant1f2cc8161bfdd23ab55d337e3509a,40.86,2,2279328,139586437120,0,0,139586437120,,linux,
ant29dcd31b5be313f1eafc249eb2d9e,433.31,4,1015940,5637144576,0,0,5637144576,,android,armeabi-v7a
ant2825dddf330ee36258046391a6cf5,68.27,4,2625864,24255827804,0,0,24255827804,,android,armeabi-v7a
ant2ed943642fff43fe6bd35a1816a2e,303.25,4,1048576,5540507811,0,0,5540507811,,android,armeabi-v7a
ant2ee05ff3fca163a3c851386339e16,335.12,4,8388608,5476083302,0,0,5476083302,,android,armeabi-v7a
ant6a56247188661f380ed48e68cccfc,51.39,4,1909808,125090922496,0,0,125090922496,,linux,
ant248575adde1253fa0ae9000362322,120.69,4,3832724,53418655744,0,0,53418655744,,android,armeabi-v7a
ant222bbf686e93e308a9384da2676da,88.72,4,4063504,4724464025,0,0,4724464025,,android,armeabi-v7a
ant2cdfe1e468096315f9fcb04e69e25,89.29,4,8388608,5637144576,0,0,5637144576,,android,armeabi-v7a
ant273941b130b49312fbf6fd70c2b0e,54.51,4,1938768,4262755041,0,0,4262755041,,android,armeabi-v7a
ant2d0a74c93243b3707bbdcaaf87a6b,587.11,4,8127008,5411658792,0,0,5411658792,,android,armeabi-v7a
ant2b8e2d68ba0ce3f668e9e7458353c,360.83,4,1015940,5637144576,0,0,5637144576,,android,armeabi-v7a
2111eba7a8718ec8a1652fbd1b5815a6,150.0,4,8140840,536870912000,429496729600,0,107374182400,,linux,x86_64
ant294acb1df90ff3188bf67e13421b1,256.85,4,3184608,0,0,0,0,,android,armeabi-v7a
ant2228dd4b44d7832d186c02fcf8763,41.24,4,797772,4788888535,0,0,4788888535,,android,armeabi-v7a
ant27797eda5d36333b0bf9aec5e121e,78.08,6,2834580,51485920460,0,0,51485920460,,android,armeabi-v7a
ant273ff69ed1c3a31b083950e5a6388,6.92,4,1048576,5239860101,0,0,5239860101,,android,armeabi-v7a
ant2df519a0384b439a4867b8ab9cef8,38.11,4,8388608,4724464025,0,0,4724464025,,android,armeabi-v7a
ant26079a2cda8a53c7783e949c3782b,333.05,4,1048576,5637144576,0,0,5637144576,,android,armeabi-v7a
ante9f888392f79e34072289b55e3cc7,356.89,4,4002784,125198296678,0,0,125198296678,,linux,
ant24083bb82297e3af88629d19d4056,23.36,4,1015940,5637144576,0,0,5637144576,,android,armeabi-v7a
ant27eac36792a393db6bb5d6ebf43e7,9.81,4,2097152,4960687226,0,0,4960687226,,android,armeabi-v7a
ant2b892578a40643fb1b213b87257bc,2.7,4,8388608,5637144576,0,0,5637144576,,android,armeabi-v7a
ant27998068e24253be1a0688ff6d0d6,94.21,4,2019608,27605902295,0,0,27605902295,,android,armeabi-v7a
ant28eb1e5861ada36d6a79ee4b9f5aa,193.17,4,2052184,4048006676,0,0,4048006676,,android,armeabi-v7a
ant2cf66c795eeaa3696a496b0657b51,101.13,4,1017068,4842575626,0,0,4842575626,,android,armeabi-v7a
7210436097e98e95a46ed1330e25c207,3300.0,48,65917052,6358806455908,0,5878736486398,480069969510,,linux,x86_64
ant2f26f476c37af3731a0fe46788127,93.05,1,982604,4810363371,0,0,4810363371,,android,armeabi-v7a
ant2e3423f5ccd2d36c89876e8a61312,73.09,4,2052184,27605902295,0,0,27605902295,,android,armeabi-v7a
ant29eb23239d12733fdb02d92eabb99,72.22,4,2052184,27605902295,0,0,27605902295,,android,armeabi-v7a
ant2981fbd63e0e33cc3addf88a03d2e,354.98,4,8388608,5637144576,0,0,5637144576,,android,armeabi-v7a
ant2f875ee48582639c7a25c1e51df20,168.12,4,4003316,121987808624,0,0,121987808624,,android,armeabi-v7a
ant4da72c6df4a697b82ed3294b6f4ba,167.96,4,8126792,274877906944,0,0,274877906944,,linux,x86_64
ant28d15403b064d6a528495370106ae,124.12,4,1903340,7838315315,0,0,7838315315,,linux,
ant26d2aff4c308c35e09b01e7f31609,5.76,4,2089984,2877628088,0,0,2877628088,,android,armeabi-v7a
ant2b76eb7448edb33d78f866e053167,66.71,4,3027544,19789061816,0,0,19789061816,,android,armeabi-v7a
ant21349cd6cc6b23d7b92b9853d11e0,40.44,4,2054224,4048006676,0,0,4048006676,,android,armeabi-v7a
antd2f91717ade342b62319d96c59efe,148.47,4,1909808,7838315315,0,0,7838315315,,linux,aarch64
ant27512af13f1bd313fb7532b9bc59f,98.58,4,4063504,4724464025,0,0,4724464025,,android,
ant2d26c9807e12c3e90ab88b056f7de,45.58,4,1048576,5100273664,0,0,5100273664,,android,armeabi-v7a
27ed3fdde381df98541cf5f8ac15eb7f,2000.0,24,16120840,1924145348608,0,1649267441664,274877906944,,linux,
ant232d5d80769b13645aadbdd5e174b,53.15,4,2054248,11897059409,0,0,11897059409,,android,armeabi-v7a
ant29480ee32c3163d678c161d41cbdc,4.16,4,2054144,236384262553,0,118111600640,118272661913,,android,armeabi-v7a
ant20042616a5e57312abf1ddb887be3,153.16,4,1015924,6249177415,0,0,6249177415,,android,armeabi-v7a
e644abaa61a6771fd77ed085e45d13b4,2500.0,48,32867484,4013217441382,0,3738339534438,274877906944,,linux,
ant226a0744d828a3297b3574d1b5f33,99.77,4,4063504,4724464025,0,0,4724464025,,android,armeabi-v7a
ant2433dfab7c5d53bb78755ca2a2478,99.33,4,2053196,4080218931,0,0,4080218931,,android,armeabi-v7a
ant2eabb5f97508c3b8e943d0f517e5d,76.87,4,2494788,24255827804,0,0,24255827804,,android,armeabi-v7a
ant2fd9f79bd4e843e78823a4f2c7d01,184.26,4,1661616,8697308774,0,0,8697308774,,android,armeabi-v7a
ant20421f1cc5b8e3e2dacdea7c913e3,85.83,4,8388608,5637144576,0,0,5637144576,,android,armeabi-v7a
ant29f25c930a57c3904aa34c9249927,49.72,4,3832724,53418655744,0,0,53418655744,,android,armeabi-v7a
ant26107e2247fec3d1a8ac07a2b4120,96.94,4,2055156,118111600640,0,0,118111600640,,android,armeabi-v7a
anteeca6ed3dbb61fba1c05b24477202,75.92,4,1909808,125090922496,0,0,125090922496,,linux,aarch64
ant29868a7788396384398a895b0a5df,3.28,4,8388608,5476083302,0,0,5476083302,,android,armeabi-v7a
ant21b3bf5b05a813386a8e23dd0cfa2,70.48,4,2019608,58057220423,0,0,58057220423,,android,armeabi-v7a
antf0e3a86175a52ab3bb10777ab4667,1000.0,8,16373092,137438953472,0,0,137438953472,,linux,x86_64
ant2c468f644a31f3da89dc81a81327a,93.66,4,2053200,119077968281,0,0,119077968281,,android,armeabi-v7a
69f406cd2318cf119c0ffc04902dc68b,1500.0,24,16382984,2034096511385,0,1759218604441,274877906944,,linux,
ant2e0d2d897ebc53a61abc371d377f3,87.73,4,3832724,53418655744,0,0,53418655744,,android,armeabi-v7a
ant2df59940bf138349da62374c27990,101.6,4,2055160,3650722201,0,0,3650722201,,android,armeabi-v7a
ant27d62de6a166038368d0aa9cad020,29.37,4,1048576,5411658792,0,0,5411658792,,android,armeabi-v7a
ant28c8bd67cfac13931bd560cd87624,93.49,4,1048576,5411658792,0,0,5411658792,,android,armeabi-v7a
ant23cd28de6d4fe3aac8507200b57d1,128.36,4,1048576,5476083302,0,0,5476083302,,android,armeabi-v7a
ant2021a5035bae53e28ac90c1970302,33.7,4,1021748,3478923509,3478923509,0,0,,android,armeabi-v7a
7aa087d5ad0298bb018af834a1c00cfa,1500.0,32,16381164,3793315115827,0,3518437208883,274877906944,,linux,
ant456ec4b34f18a1e4cc9d955a5ebb1,43.06,4,1015976,6249177415,0,0,6249177415,,android,armeabi-v7a
e15dfa46fa50d29b11e327c1dc9323a0,5000.0,80,65299780,8396553689494,0,7916483719984,480069969510,,linux,x86_64
ant238138495b195385cacebc92cd527,62.93,4,4003316,121418725457,0,0,121418725457,,android,armeabi-v7a
ant2f6c0ae5d75aa374bb7a227bae7e6,61.71,4,1956808,4198330531,0,0,4198330531,,android,armeabi-v7a
ant2fc00ebafe4e736e3b865a24960cf,87.02,5,2971064,54009213747,0,0,54009213747,,android,armeabi-v7a
ant2fbddc76268df398db721ed136177,199.0,2,944068,4273492459,0,0,4273492459,,android,armeabi-v7a
ant2ebf47524e50834c19b100cb73366,14.61,4,3093580,11832634900,0,0,11832634900,,android,armeabi-v7a
ant20ad1475d36b23db3b952b91ba4e1,3.38,4,1048576,5561982648,0,0,5561982648,,android,armeabi-v7a
ant26f37797cacd43246aaa9c7a10b11,76.18,4,1003728,4745938862,0,0,4745938862,,android,armeabi-v7a
ant2740ea6c3c2633833ab4c7018ff03,75.82,4,4003376,121440200294,0,0,121440200294,,android,armeabi-v7a
ant2f01bdd57159f3ce8b81aaf78723f,254.18,4,1048576,5637144576,0,0,5637144576,,android,armeabi-v7a
ant248b3c7b47dfe3f8e97c9e703e981,101.83,4,2053044,118648471552,0,0,118648471552,,android,armeabi-v7a
ant2d7ee80c180d83bad919f6f96963c,36.22,4,1048576,5100273664,0,0,5100273664,,android,armeabi-v7a
ant22aaf7d16c220335a907e33d0066a,95.83,4,2093056,3801046056,0,0,3801046056,,android,armeabi-v7a
ant25a6df25b1d54380db3721c33c335,6.47,4,1048576,4080218931,0,0,4080218931,,android,armeabi-v7a
ant2db02a1b45fd73e9984b2cd4d2b74,16.17,4,2019608,58121644933,0,0,58121644933,,android,armeabi-v7a
ant28f4b398766303de68aea2d79e0dd,99.38,4,2093056,3038689361,0,0,3038689361,,android,armeabi-v7a
ant26f3d0fd4ed3a36c9a77887bbe5c3,206.07,4,4161688,32749125632,0,0,32749125632,,android,armeabi-v7a
oem2808f64c8b13d30eebc3f55eea355,64.1,4,4003316,121440200294,0,0,121440200294,,android,armeabi-v7a
ant22cfe2b04396139d0afad6148bf0a,130.91,4,4003316,121440200294,0,0,121440200294,,android,armeabi-v7a
ant281f6e3b205a031dc9662d999c206,62.68,4,4003376,121440200294,0,0,121440200294,,android,armeabi-v7a
ant2e2a5df46c12238bfa3bc109cf30d,33.01,4,4003316,242407954185,2050846883,120259084288,120098023014,,android,armeabi-v7a
ant20eea79d62dba355a8abed9701061,135.38,4,1048576,4552665333,0,0,4552665333,,android,armeabi-v7a
ant7e8119d16fd6c37c89f961f877621,348.87,4,4002784,125090922496,0,0,125090922496,,linux,aarch64
7566a4a2043840d998406a11bea40a9f,500.0,16,32923820,1771674009600,0,1610612736000,161061273600,,linux,x86_64
ant2343eb50ac38e31e799b4caaef03b,16.84,4,8388608,5637144576,0,0,5637144576,,android,armeabi-v7a
ant064ea227ea236511a8b564e952aa2,380.94,6,3759084,519905791180,0,512067475865,7838315315,,linux,aarch64
ant2a5b030b330fe3afab6e67ed73a9b,131.46,4,1048576,5476083302,0,0,5476083302,,android,armeabi-v7a
ant2803dcb8ae05431ec871383146720,4.68,8,3673256,0,0,0,0,,android,armeabi-v7a
ant2cbcce383d358349681b24d761934,414.51,4,1015940,5637144576,0,0,5637144576,,android,armeabi-v7a
ant2b2d61ac488193d68bba97908fd98,93.75,4,2020648,58722940354,1030792151,0,57692148203,,android,armeabi-v7a
ant7b572f02ff30786fef2883edc2943,133.38,4,1909808,7838315315,0,0,7838315315,,linux,
ant29e38c48b535939708a285137689d,147.79,4,4003316,121987808624,0,0,121987808624,,android,armeabi-v7a
ant2c04e07a9a1ba35b1b0850b794bec,7.13,4,2055024,118669946388,0,0,118669946388,,android,armeabi-v7a
antf0aecbd33e700f697c0560eda92d9,91.22,2,4008892,85899345920,0,0,85899345920,,linux,x86_64
ant26019fdad542c3955b0cf9577741c,70.85,4,1880988,26349624360,0,0,26349624360,,android,armeabi-v7a
ant230686684bfc330dfb77d2195bcad,94.15,4,2019608,27605902295,0,0,27605902295,,android,armeabi-v7a
ant7182d99e57408da90ef10fa17abc7,356.5,4,1909808,7838315315,0,0,7838315315,,linux,
ant21fa59a82d6e0385387b954fd0215,107.06,4,3844876,43916040601,0,0,43916040601,,android,armeabi-v7a
ant279fa7f95ec5c3f5cbdd00143ac29,43.23,4,1720532,11585674280,0,0,11585674280,,android,armeabi-v7a
f1e7006aacbc04ea553cc2102f7f7156,3000.0,48,65347468,8396553689494,0,7916483719984,480069969510,,linux,x86_64
ant2c86873adf3dc38a5bb5095e6fd51,46.6,4,991992,2265595247,2265595247,0,0,,android,armeabi-v7a
613d13eff1c08a13d4c72c2a944144b1,805.0,24,16089124,1274316796722,0,1024242325913,250074470809,,linux,x86_64
74cf9501f9e6949a0f2e47939fe32001,1000.0,32,32577980,2217062118194,0,2089072092774,127990025420,,linux,x86_64
ant2b4c645a588773941b6d6e43497cc,6.46,4,1048576,5637144576,0,0,5637144576,,android,armeabi-v7a
ant2b2c7d373ed7d323d91e92b92e35c,480.58,4,1048576,5476083302,0,0,5476083302,,android,armeabi-v7a
5fe9c1becd8e4bc4617162f9cd573c65,10000.0,80,65647084,8615919144140,0,8136386045542,479533098598,,linux,x86_64
ant2a8c64cf898ac35da8739a08e14b1,112.26,4,8388608,5476083302,0,0,5476083302,,android,armeabi-v7a
96e4c58cf9cbf997dc8a286baa242122,500.0,16,32922808,1314259992576,0,1099511627776,214748364800,,linux,x86_64
ant20bab18cb04b7351ea235605561e4,95.25,4,2890856,51732881080,0,0,51732881080,,android,armeabi-v7a
ant22801d6db09b93656bf3ec69d321e,42.41,4,2055160,3543348019,0,0,3543348019,,android,armeabi-v7a
ant276593f06e1a33554a005e921d26e,110.89,4,2054236,4080218931,0,0,4080218931,,android,armeabi-v7a
ant23976a74b231e3425a4479326598e,131.92,4,4063504,4885525299,0,0,4885525299,,android,armeabi-v7a
ant2224dd1b307eb33eb8e3be155198f,15.76,4,2020648,3983582167,0,0,3983582167,,android,armeabi-v7a
ant2be1737649e2e3fe283a78a7547c6,51.9,4,8388608,5637144576,0,0,5637144576,,android,armeabi-v7a
ant29295d78885ac3bdab4437c8586e2,8.37,4,1017068,5132485918,0,0,5132485918,,android,armeabi-v7a
ant23fcc4d6c7e603f0e9113a4d7efbc,52.84,4,1048576,5476083302,0,0,5476083302,,android,armeabi-v7a
ant21067231b4393349ba9b7b798eea8,89.08,4,2054152,2899102924,0,0,2899102924,,android,armeabi-v7a
ant2c297d59824b734469e01d43137dd,94.11,4,2053200,119077968281,0,0,119077968281,,android,armeabi-v7a
ant2f071cea894853585ad940863a6fb,95.64,5,2971064,54009213747,0,0,54009213747,,android,armeabi-v7a
ant21af717f56fc031e3818520da6e38,67.3,4,1016052,2458868776,0,0,2458868776,,android,armeabi-v7a
ant2138c9860a4ef30deaa035fdcbe16,125.44,4,980764,12509092249,0,0,12509092249,,android,armeabi-v7a
ant2be80055017913458b6502b827b5b,107.36,4,1683568,11123965296,0,0,11123965296,,android,armeabi-v7a
ant25631f64daba236cca7ae26e1ffea,72.01,4,3009616,24835648389,0,0,24835648389,,android,armeabi-v7a
ant2c134a5ac049a3afd8826b47a84c5,218.52,4,3742744,113311974686,0,0,113311974686,,android,armeabi-v7a
ant2aa08724522fc3c88b913593c8f5e,102.06,4,1009552,3983582167,0,0,3983582167,,android,armeabi-v7a
ant2ece58d82eda03c7cb3681f51b7c2,17.4,4,8388608,5476083302,0,0,5476083302,,android,armeabi-v7a
ant2f59fece21e2c31a59fa99b1d4208,47.38,4,2054120,11392400752,0,0,11392400752,,android,armeabi-v7a
ant2f123a69189db3df1b470ea2b1c85,77.14,0,1885816,12079595520,0,0,12079595520,,android,armeabi-v7a
ant2ae838f1f01f03ed1b322a3e8ece0,101.25,4,2055168,3983582167,0,0,3983582167,,android,armeabi-v7a
ant2d088f2cf91a33f36b9c60f6d1c73,85.02,4,2019608,58046483005,0,0,58046483005,,android,armeabi-v7a
db79fce292b922fe31979f2b4af63819,1800.0,64,65623100,4434231610572,0,4178144185548,256087425024,,linux,x86_64
425194fa8869774505f2936da8fbe0ca,666.0,32,32864308,540092137471,300003465625,0,240088671846,,linux,x86_64
ant2104f05a6a86a346d93e90dcce5c7,31.7,4,2055160,57370025656,0,0,57370025656,,android,armeabi-v7a
ant2152d8dd3b03f39239a1ae4d1e5ce,99.61,4,2055156,118133075476,0,0,118133075476,,android,armeabi-v7a
ant26c29b5501e7b370dafa1a53b4968,3.33,4,2020648,57702885621,0,0,57702885621,,android,armeabi-v7a
ant11c9f59dcd79caeb783103036085c,116.44,10,16123964,781684047872,0,644245094400,137438953472,,linux,x86_64
ant2fc01c3aac6923407bb05aa1838b8,72.24,4,3742744,0,0,0,0,,android,armeabi-v7a
ant25cba205941d73dd59322d971b61a,97.24,4,3033916,24610162606,0,0,24610162606,,android,armeabi-v7a
ant207e2ec7664a63b26bd0746100f9a,282.64,4,8388608,5476083302,0,0,5476083302,,android,armeabi-v7a
ant2a12eb331e8b53943bf623aa8606e,98.93,4,4063504,4885525299,0,0,4885525299,,android,armeabi-v7a
antc4861d378926905537cfa7c1d306e,359.33,4,1909808,7838315315,0,0,7838315315,,linux,aarch64
b3f14c9329894d10b94e510e4bb1c75c,1000.0,40,32494288,2107110955416,0,1979120929996,127990025420,,linux,x86_64
ant20d349ae9119d3574973087731a9b,101.14,4,2045948,25812753448,0,0,25812753448,,android,armeabi-v7a
ant24522f831d0cc36ed81fea337ed5b,60.84,4,1016092,5873367776,515396075,0,5357971701,,android,armeabi-v7a
ant078eaf0efcf21dff7f0e2a6107827,433.69,4,7835644,512174850048,0,0,512174850048,,linux,x86_64
ant143f11ed9d9b0a6969b95371f8a6a,54.28,8,16370832,85899345920,0,0,85899345920,,linux,x86_64
ant25fc2e41ad39930349f431c07fd90,77.78,4,2054236,3983582167,0,0,3983582167,,android,armeabi-v7a
ant277248a246af731acbc98ce386a2b,52.21,4,2019608,27605902295,0,0,27605902295,,android,armeabi-v7a
ant2ae2a0554fc67317a9fb9008a949c,77.05,4,1920104,18736794828,0,0,18736794828,,android,armeabi-v7a
7f40b2fc052267cb1ce1ebb8e5cd2c69,2000.0,24,20225040,4013217441382,0,3738339534438,274877906944,,linux,
ant2c37355c03e1e378986f603078a0e,10.68,4,8388608,4724464025,0,0,4724464025,,android,armeabi-v7a
ant212df22c925183bf49689c36ed8f4,158.22,2,1025936,26542897888,13271448944,0,13271448944,,android,armeabi-v7a
ant29841916114453f1c9ab303a5b38e,10.84,4,2020652,3758096384,0,0,3758096384,,android,armeabi-v7a
ant29b84287b6633318ead63bc0753fa,80.82,4,3965264,118637734133,0,0,118637734133,,android,armeabi-v7a
ant25c8acfef98ac38fdacebbffe31ac,192.36,4,16777216,137438953472,0,0,137438953472,,android,armeabi-v7a
ant2c0039639c5323ce2a28d0227c494,60.6,4,2053196,4080218931,0,0,4080218931,,android,armeabi-v7a
ant2f0bf84c67628311d9eb0c40a56fa,94.89,4,2019608,58046483005,0,0,58046483005,,android,armeabi-v7a
ant241f077f2a7853054887bfe72d725,99.01,4,2020648,57047903109,0,0,57047903109,,android,armeabi-v7a
ant23d63a8e87a60337dab3593b8c8d6,23.33,4,2055024,118648471552,0,0,118648471552,,android,armeabi-v7a
ant2052ba6aeb2ad363d95c862658309,77.69,4,2776980,26349624360,0,0,26349624360,,android,armeabi-v7a
ant28beb220f11f83afe86e37daba677,63.92,4,1048576,1857573355,0,0,1857573355,,android,armeabi-v7a
ant2a721c224f7393dcf9b13b7d827cf,150.81,4,2054152,2899102924,0,0,2899102924,,android,armeabi-v7a
ant2590b9cf22ec93f08897b9a421ecd,101.96,4,2020652,27036819128,0,0,27036819128,,android,armeabi-v7a
65479c76553670de3f756c47812a8c06,6000.0,64,131322600,55125797869971,44750123250481,9895604649980,480069969510,,linux,x86_64
ant04003cdb9877aca1aef5a58e0b5da,554.03,2,3722324,53687091200,0,0,53687091200,,linux,x86_64
ant2943a7907e9a53a06ad31b1170d18,466.45,4,1048576,5637144576,0,0,5637144576,,android,armeabi-v7a
5c212cf6feb8c7c2dd69a98b9b9f0d38,5000.0,64,131913976,51167556009979,44750123250481,5937362789988,480069969510,,linux,x86_64
ant21b3d17a588043a52871023935439,76.82,4,1895524,18736794828,0,0,18736794828,,android,armeabi-v7a
ant2fa389f281334364f9fd9c90e8fd0,72.11,4,2055160,11403138170,0,0,11403138170,,android,armeabi-v7a
ant2e67338fa30c131f787e2ae071e3b,237.33,4,1048576,5100273664,0,0,5100273664,,android,armeabi-v7a
ant0299a3b8e2fa895ad1dfd56bfc803,97.38,4,1991528,127560528691,120044335923,0,7516192768,,linux,aarch64
ant26ad59493efa735658158775ad1c3,67.14,4,2053196,11897059409,0,0,11897059409,,android,armeabi-v7a
antf3b45476ab37ebdd8bbf133685e58,33.43,4,1909808,125090922496,0,0,125090922496,,linux,aarch64
ant2e256b146e704353e8c9662c98155,94.9,4,2055152,10866267258,0,0,10866267258,,android,armeabi-v7a
ant2f0f94a5d00823640bfb84ed722b4,86.24,4,1963080,4810363371,0,0,4810363371,,android,armeabi-v7a
ant24713e8f76ceda787816f7edd5600,200.0,4,4002784,125090922496,0,0,125090922496,,linux,aarch64
b2103c54287805d2526068ad9f8758df,220.0,4,8140840,536870912000,0,429496729600,107374182400,,linux,x86_64
ant22a22261c578c3f7db791848fad7e,41.31,4,2045944,25802016030,0,0,25802016030,,android,armeabi-v7a
d41c5229deb04133cdac80da735765ae,150.0,4,8140840,536870912000,0,429496729600,107374182400,,linux,x86_64
ant2b6ac4f16d68f3baa8f443867bcac,100.2,4,4003316,121418725457,0,0,121418725457,,android,armeabi-v7a
ant5ceceea37c63fd77828243ff7f865,44.0,4,1909808,7838315315,0,0,7838315315,,linux,aarch64
ant2df48b530106839e196cd77004857,128.56,4,1048576,5637144576,0,0,5637144576,,android,armeabi-v7a
ant28911df043f103c42805e297b7b0e,9.87,4,969048,4885525299,0,0,4885525299,,android,armeabi-v7a
ant63c566050dd2d8566159495932740,58.43,4,1844284,7730941132,0,0,7730941132,,linux,aarch64
ant26bd329e2cbe2386ea80913543b0a,98.58,4,2053196,4080218931,0,0,4080218931,,android,armeabi-v7a
ant295a768f1d01a379b831f16c05559,98.2,4,2097152,4960687226,0,0,4960687226,,android,armeabi-v7a
ant2279c23f36f6f351d8dfaaaa43988,89.84,4,3704652,54621246586,0,0,54621246586,,android,armeabi-v7a
ant2e29a9e9e7a683dd98daea0eaac90,65.48,4,3763028,120914066800,0,0,120914066800,,android,armeabi-v7a
ant2f26f3746ab89365d8ed752b145a5,89.33,4,2624684,133552008068,123952756162,0,9599251906,,android,armeabi-v7a
ant2600508e0e54233ac97362d256b21,59.51,4,2625864,24255827804,0,0,24255827804,,android,armeabi-v7a
ant253dfe2c260f53dfeaadb1afdff19,17.23,4,8388608,4724464025,0,0,4724464025,,android,armeabi-v7a
ant2ad243aa4225a338ca85ae03df985,83.42,4,2019608,4423816314,0,0,4423816314,,android,armeabi-v7a
ant2e0b33f0a98573cbea7b25fa22bf2,39.39,4,1048576,5476083302,0,0,5476083302,,android,armeabi-v7a
ant2768c6e76b04332b988d35599e650,65.32,5,2971064,54009213747,0,0,54009213747,,android,armeabi-v7a
96c7fa6c36684662741debbd83965c4d,150.0,4,8141852,536870912000,0,429496729600,107374182400,,linux,x86_64
ant2209e76f460f3309294ec89ef1e2e,561.82,4,1048576,5637144576,0,0,5637144576,,android,armeabi-v7a
ant2d557f08480a831dfbbf24f75c448,93.07,4,1015976,6249177415,0,0,6249177415,,android,armeabi-v7a
ant5dba0c89e4ba453c05f34df7fae38,283.93,6,4914104,284541583360,0,263066746880,21474836480,,linux,x86_64
ant2b263d305c1ee3e4188a56cd4a058,90.33,4,2019608,4423816314,0,0,4423816314,,android,armeabi-v7a
ant23b72abc2493d3abf93407fe5e852,4.84,4,4003376,121440200294,0,0,121440200294,,android,armeabi-v7a
4bbedb4c5ea759957486338d9906d65a,500.0,20,32806460,1088237338623,0,960247313203,127990025420,,linux,x86_64
ant29e3704a22cd636f98c5c0d16f3e6,111.22,4,1920104,48865990410,0,0,48865990410,,android,armeabi-v7a
ant231b7790d58ee35faaeb2dc170771,83.02,4,3832724,53418655744,0,0,53418655744,,android,armeabi-v7a
ed1624217b0a2960719ebd88f9482066,960.0,36,32512556,2219209601842,0,1979120929996,240088671846,,linux,x86_64
ant214caeccdf2ce3f3483bc8ad29d9a,75.21,4,2055160,57370025656,0,0,57370025656,,android,armeabi-v7a
anteaececccae90dd93a8204ea99a24b,1000.0,20,20274796,678604832768,0,644245094400,34359738368,,linux,x86_64
ant292f2e95cfd423472b7eff070172b,74.44,4,2019608,4219805368,0,0,4219805368,,android,armeabi-v7a
ant0283788a7735d0ee0c14ad8a210b3,85.86,4,1991520,123695058124,0,0,123695058124,,linux,aarch64
antb6eaf5ae6d12008bb9cec9def14a8,99.34,4,1991520,125090922496,0,0,125090922496,,linux,
ant255b7c146aefa3fabac503f642674,158.16,4,2097152,4960687226,0,0,4960687226,,android,armeabi-v7a
ant299d1259aff513235884af34f6db0,27.59,4,1048576,5476083302,0,0,5476083302,,android,armeabi-v7a
ant20f3fe33e20be3dea984022c8493d,80.95,4,2053196,4080218931,0,0,4080218931,,android,armeabi-v7a
ant26c0572a5a81b3d63b2320b9bc643,145.45,4,8388608,5637144576,0,0,5637144576,,android,armeabi-v7a
ant36a61e38e0f662b3e5a216204202e,11.36,4,1836008,7838315315,0,0,7838315315,,linux,aarch64
ant303a23876e5adf5fc60e1af1893af,91.94,4,1844284,7838315315,0,0,7838315315,,linux,
ant29262b2f7ef72351590fd3e26d121,105.19,4,1015928,2512555868,0,0,2512555868,,android,armeabi-v7a
ant2d510e0ddeed838f4982e47ca4540,86.83,4,1048576,4724464025,0,0,4724464025,,android,armeabi-v7a
ant2df32fa98db6c3da8b74df06bdf5e,85.13,4,2019608,4219805368,0,0,4219805368,,android,armeabi-v7a
ant2436efe34546738a4b9696ff69d4c,70.33,4,2055164,3983582167,0,0,3983582167,,android,armeabi-v7a
ant2d554aba681f7307f916ff078a204,299.51,4,8388608,5637144576,0,0,5637144576,,android,armeabi-v7a
94ce0173db5e79bfdd59fcb2994280e7,220.0,4,8140832,536870912000,0,429496729600,107374182400,,linux,x86_64
1287bee39818cf525e9328c1386ae88a,1500.0,32,16381164,1924145348608,0,1649267441664,274877906944,,linux,
ant2969ddaf1955ac01d728fdc2a4ee5,97.3,4,1844268,125090922496,0,0,125090922496,,linux,aarch64
ant2e127761bd591368aaefce1a08c48,65.15,4,1018056,4842575626,0,0,4842575626,,android,armeabi-v7a
ant28e7be80cb3823965a5d258e21a28,43.83,5,1941948,23847805911,0,0,23847805911,,android,armeabi-v7a
ant2fcf7f6f50e8830db8af1f9aa24ad,123.39,4,2097152,5476083302,0,0,5476083302,,android,armeabi-v7a
ant218015d299d683bab9e6851a37d71,118.03,4,1048576,5100273664,0,0,5100273664,,android,armeabi-v7a
ant23e4cdd64f0103c87a32d839c4fd0,99.88,4,4003316,121987808624,0,0,121987808624,,android,armeabi-v7a
ant25775765c4bf538fcbff0573aaff7,93.6,4,2019608,4423816314,0,0,4423816314,,android,armeabi-v7a
ant2445c1a80e7b0389fa215cfed2c59,45.52,4,1018096,4842575626,0,0,4842575626,,android,armeabi-v7a
ant27d84f6077ccc316fa41a445d6dbe,64.16,4,1484060,26188563087,0,0,26188563087,,android,armeabi-v7a
ant2afafcefbbf6b3ff4aa31081280fb,73.79,4,3844196,43916040601,0,0,43916040601,,android,armeabi-v7a
ant2ddabadcbf85a3d72adc7d4c5b699,125.36,4,2054212,11403138170,0,0,11403138170,,android,armeabi-v7a
ant28617203e84ad311b8fcb7e44c882,62.07,4,1048576,5282809774,0,0,5282809774,,android,armeabi-v7a
ant2be016c0186503dd794eed085cf02,47.28,4,1021464,6442450944,0,0,6442450944,,android,armeabi-v7a
ant268dc14dba6fc354b9dc60cf42bd1,70.17,4,16777216,6302864506,0,0,6302864506,,android,armeabi-v7a
ant2b2060192417c3b6f966b1e651586,79.53,5,3933356,54009213747,0,0,54009213747,,android,armeabi-v7a
ant2f2ff138789ea387bbfcffb2687ea,74.47,4,2020372,27928024842,0,0,27928024842,,android,armeabi-v7a
ant214f543988e593db9a754c7606ec8,67.1,4,2494588,116189602775,0,0,116189602775,,android,armeabi-v7a
9d021761678036064109b59b7341794a,410.0,4,7770812,1128180534476,0,1000190509056,127990025420,,linux,x86_64
ant23a1b419736cf326e802d94cfac1c,70.21,4,2011148,0,0,0,0,,android,armeabi-v7a
ant20f47d21842fc373397664fb9f6fb,70.28,4,2089984,2877628088,0,0,2877628088,,android,armeabi-v7a
ant275826c78dc2d38649d7b27c43a12,50.89,4,1016016,6249177415,0,0,6249177415,,android,armeabi-v7a
ant2d8712e55e3cf3d009a42d63a0aff,65.51,4,1017068,4842575626,0,0,4842575626,,android,armeabi-v7a
ant2fbf54c984b7a30e5b0ef4dbbadcc,99.2,4,2055024,26725433999,0,0,26725433999,,android,armeabi-v7a
ant23766f3567c123e8cae6a33b5baab,461.44,4,1015436,5411658792,0,0,5411658792,,android,armeabi-v7a
ant230710b369ce032b7a8baa8de2c22,72.7,4,4063504,4724464025,0,0,4724464025,,android,armeabi-v7a
ant231bc45f879d23902b2eed95270bb,94.2,4,2019608,27605902295,0,0,27605902295,,android,armeabi-v7a
ant8201475abaa1d8a42a05371923f8c,93.77,4,1844284,15784004812,0,0,15784004812,,linux,aarch64
ant247a3e1d07c5c39909dc5594ea654,121.65,4,1048576,5637144576,0,0,5637144576,,android,armeabi-v7a
ant28634fa2b55833effaa9c7fdddaf0,79.32,4,2027232,3854733148,0,0,3854733148,,android,armeabi-v7a
ant21ff7f39529d835e6bce0654e2f3e,118.94,4,476800,1020054732,0,0,1020054732,,android,armeabi-v7a
ant241c7c65e860a3a2b8f72d7fd3476,70.07,4,4003376,121440200294,0,0,121440200294,,android,armeabi-v7a
ant205dc828e649b3bbfbd047270b5d5,72.18,4,4003316,56489557360,0,0,56489557360,,android,armeabi-v7a
99a2099363f2de9a4abc714cb8cf4c0f,1000.0,32,49015624,4324280447795,0,4068193022771,256087425024,,linux,x86_64
34daa7aa0662e16d2ac10114a3b3d5de,2000.0,24,16120848,1924145348608,0,1649267441664,274877906944,,linux,
a3dab95c0a5d0f0040f582fc8efbff43,150.0,4,8140832,536870912000,0,429496729600,107374182400,,linux,x86_64
ant291f9781e6aef35faaad9f8da683c,78.5,4,1048576,5057323991,0,0,5057323991,,android,armeabi-v7a
ant2fef74ecc156c320e8fcb6f15ec14,72.13,4,2054260,12884901888,0,0,12884901888,,android,armeabi-v7a
ant2bc15a25120be344c96c89441f6d1,50.56,4,1484060,26188563087,0,0,26188563087,,android,armeabi-v7a
ant2443e5383783e3eccbff4a14a54a4,5.68,4,2054236,11735998136,0,0,11735998136,,android,armeabi-v7a
ant29b9f54318c7d3921b4886ee7758a,12.95,4,2089984,4144643440,0,0,4144643440,,android,armeabi-v7a
ant2d30e3c2cdbd73735949e4a7a1b0d,5.59,4,2052184,27605902295,0,0,27605902295,,android,armeabi-v7a
ant227fff958a3c638dcb0f111a6a234,15.15,4,2052176,4423816314,0,0,4423816314,,android,armeabi-v7a
ant2b275417e89fa3930aa9514a8ce51,176.58,4,4003376,121450937712,0,0,121450937712,,android,armeabi-v7a
cb015ff8a90ac9731385b45eb222913e,500.0,24,32516556,2235208355020,0,1979120929996,256087425024,,linux,x86_64
ant2aeac93e8fe5d3cc0930f5e6f1ea7,384.4,4,8388608,5476083302,0,0,5476083302,,android,armeabi-v7a
ant2d07f0655cef132f0bb29dd90737d,69.87,3,2054260,58186069442,0,0,58186069442,,android,armeabi-v7a
ant225b62c4532d73013a533a0e9a913,7.15,4,1963016,4745938862,0,0,4745938862,,android,armeabi-v7a
ant28ac62e4f3f883515887e01d748f1,6.45,4,2019608,58057220423,0,0,58057220423,,android,armeabi-v7a
a6c4a7a146df84613743f5dcce5ed015,1380.0,24,65560636,2219209601842,0,1979120929996,240088671846,,linux,x86_64
ant473f3890e8294a31e0184b9117df3,208.65,4,8129228,85899345920,0,0,85899345920,,linux,x86_64
ant25901f9ed4dc630adad18e5086b15,372.34,4,8388608,5476083302,0,0,5476083302,,android,armeabi-v7a
ant21ce6f9b4b89c3d3d992882901216,112.05,4,2052184,4048006676,0,0,4048006676,,android,armeabi-v7a
ant2c658c9e8ed7536e4ac0bfe77f922,86.15,4,1881092,26349624360,0,0,26349624360,,android,armeabi-v7a
88a3f00c70bde1843814c9b9a1a37c6c,500.0,16,32923820,1288490188800,0,1073741824000,214748364800,,linux,x86_64
ant2326df60e49113cada237298a2ca4,175.21,4,3844884,43916040601,0,0,43916040601,,android,armeabi-v7a
7c1adf10d519083fdf5b8467cee7339f,822.0,36,32430808,2235208355020,0,1979120929996,256087425024,,linux,x86_64
ant008aeb5b56e893f03753ddb8915e8,38.93,4,1909808,7838315315,0,0,7838315315,,linux,
ant1a235b5728e6efbaebd614266ad7f,300.0,4,4002784,125090922496,0,0,125090922496,,linux,aarch64
ant2c996445fb9af3b4087262e432bde,101.89,4,2054260,15569256448,0,0,15569256448,,android,armeabi-v7a
ant2af9f97db2bda3368b0a04b3a6aa6,11.79,4,4063504,4821100789,0,0,4821100789,,android,armeabi-v7a
ant162c2f1780301d0f12eb9c64c8705,103.62,4,1909808,7838315315,0,0,7838315315,,linux,
ant23b4f5c785fe932889378bd929bef,57.28,4,2055156,118111600640,0,0,118111600640,,android,armeabi-v7a
ant2813079b551353721a9874a4eadd1,68.18,4,4063504,4885525299,0,0,4885525299,,android,armeabi-v7a
ant2ae4a09480e7e32288f788bb0fb43,84.09,4,2019608,4423816314,0,0,4423816314,,android,armeabi-v7a
ant24dad509750b2355a92363cc44419,83.43,4,2053208,3242700308,0,0,3242700308,,android,armeabi-v7a
4ce9574c896c5e34e7a1314cc458077d,500.0,16,32923820,1314259992576,0,1099511627776,214748364800,,linux,x86_64
7fbb04b1afea43eda7a7cc5c2c086cae,4800.0,48,65779392,8286065655806,0,7806532557208,479533098598,,linux,x86_64
ant2c64d9d44d5803d0dadb04cbaa927,103.06,4,920008,12530567085,8042326261,0,4488240824,,android,armeabi-v7a
ant24c238746e2b737c9b82e375dffee,92.48,4,1048576,5100273664,0,0,5100273664,,android,armeabi-v7a
ant7cba0e085f4d38ef24cd8cb1e4fee,95.69,4,1999836,247926987161,0,240088671846,7838315315,,linux,aarch64
ant63a9aba6288c9e496342c16f45f3d,100.23,4,4009152,161061273600,0,0,161061273600,,linux,x86_64
ant2ca74e3337e5535df89079d83ee9e,98.85,4,2055160,57370025656,0,0,57370025656,,android,armeabi-v7a
ant2633a489930583ad085c11f4307d4,85.74,4,2058012,27358941675,0,0,27358941675,,android,armeabi-v7a
d2f5698188f070c481b9dd2656e5805d,550.0,16,32923820,2413771620352,0,2199023255552,214748364800,,linux,x86_64
ant27b5f10bac3ba3480a13efd2b6a7f,63.55,4,1000596,4316442132,0,0,4316442132,,android,armeabi-v7a
f02cc251742f4f9c84db8b2a8987a254,1080.0,24,32803024,2219209601842,0,1979120929996,240088671846,,linux,x86_64
ant29eb9752e524734ac9c35136e0b70,104.31,4,1048576,5411658792,0,0,5411658792,,android,armeabi-v7a
ant243686fc4cd1436abb38a53138e83,64.53,4,2054224,3983582167,0,0,3983582167,,android,armeabi-v7a
ant2880151efc79b37a4925496d8c6f0,95.17,4,2055164,5551245230,0,0,5551245230,,android,armeabi-v7a
ant25c5fb3ff0b1b311196601c49b230,94.53,4,2055156,3650722201,0,0,3650722201,,android,armeabi-v7a
ant219964faf99553506a844019961ad,44.4,4,1373928,34359738368,0,0,34359738368,,android,armeabi-v7a
ant202ea9b35323337a6ab49007f9812,49.56,4,1048576,5637144576,0,0,5637144576,,android,armeabi-v7a
1b55a0600be13cd1480e259c207b2584,200.0,16,16096036,1134945107968,0,998579896320,136365211648,,linux,x86_64
ant2723f6222a898339ea4aef774d0a3,99.0,4,2089984,4144643440,0,0,4144643440,,android,armeabi-v7a
ant2f32b13338b9f3c43af215bab3c5c,13.92,4,1017028,4842575626,0,0,4842575626,,android,armeabi-v7a
ant23b2bcb917da33b12969a4e1ed031,101.89,4,4063504,4724464025,0,0,4724464025,,android,armeabi-v7a
ant68b7f030167c66984808fbe421e17,201.15,2,3809160,107374182400,0,0,107374182400,,linux,x86_64
ant293c26b908bb236c3bc80af52996b,17.91,4,3731264,115416508661,0,0,115416508661,,android,armeabi-v7a
antb325c436dacc2adb5b7bdafa70372,291.85,4,3888536,536870912000,0,0,536870912000,,linux,x86_64
ant29d868ff7bed13f49a99d137e08ac,40.61,4,4003212,55168854917,0,0,55168854917,,android,armeabi-v7a
ant2af9fe70de1b036bcb4225f3718e5,258.97,4,1015896,3575560273,0,0,3575560273,,android,armeabi-v7a
ant240f2f39cafdc3f95b7d2424259d0,85.19,4,8388608,5637144576,0,0,5637144576,,android,armeabi-v7a
ant506e34ee4c939e2232ae606649aa3,130.82,4,1909808,125090922496,0,0,125090922496,,linux,aarch64
ant25f8aa290c5b631aeacbdedb3378c,323.07,4,3832444,53418655744,0,0,53418655744,,android,armeabi-v7a
ant2828d17dd9f973ce79680f5f78f00,79.42,4,1920108,50014894161,0,0,50014894161,,android,armeabi-v7a
ant2d77fb341d4a03cab863e378c8742,7.82,4,2020648,3994319585,0,0,3994319585,,android,armeabi-v7a
ant2e1fc1f6bef463cef8d8ab16dc729,138.29,4,4063504,4724464025,0,0,4724464025,,android,armeabi-v7a
ant25d80491815d63fcbb61c1ccea418,49.88,4,2058020,216069067242,188710125567,0,27358941675,,android,armeabi-v7a
ant2a03d611fc59f38caa86003bf73b1,432.51,4,1048576,5637144576,0,0,5637144576,,android,armeabi-v7a
ant2e809ba6e347132748ed74cee6b25,340.61,4,8388608,5476083302,0,0,5476083302,,android,armeabi-v7a
ant206271ebf66ca3b049b6582235905,374.77,4,1015940,5637144576,0,0,5637144576,,android,armeabi-v7a
ant2108ff75187a238cfad955861d08c,24.93,4,4063504,4724464025,0,0,4724464025,,android,armeabi-v7a
ant2db7a7fa346cf314fb0f1227495b7,235.26,4,1015940,5476083302,0,0,5476083302,,android,armeabi-v7a
3971bbe3c2a29efcd3d5966bef4d0367,1820.0,32,65531212,4353056728676,0,4096969303652,256087425024,,linux,x86_64
ant21bb1d68357ea3609aa28a2ba3daa,78.32,5,3933552,54009213747,0,0,54009213747,,android,armeabi-v7a
ant2fa0dc173968033dcbca4878489df,350.58,4,1015940,5476083302,0,0,5476083302,,android,armeabi-v7a
ant24a13baf746903988a9dc13231767,98.71,4,1048576,5057323991,0,0,5057323991,,android,armeabi-v7a
ant24327832e424f37649bb2533b5ee6,79.88,4,4063504,4724464025,0,0,4724464025,,android,armeabi-v7a
ant20e441b3f36aa343c84dd075eff5e,8.33,4,4003316,121450937712,0,0,121450937712,,android,armeabi-v7a
ant2c9645b7fa7183375beda261c229f,69.88,4,4063504,4724464025,0,0,4724464025,,android,armeabi-v7a
ant2cef1744c5b6832e28d2de39f0b28,79.33,4,2053196,4080218931,0,0,4080218931,,android,armeabi-v7a
ant2e9cc4fbfcaf53e2ebb830db80c77,94.25,4,3093580,57799522385,0,0,57799522385,,android,armeabi-v7a
ant8880094998864c9dde610857c9e4a,1000.0,16,20275712,528280977408,0,493921239040,34359738368,,linux,x86_64
ant257378d00ed2c3c8a9e6d0d910b07,511.3,4,1015940,5476083302,0,0,5476083302,,android,armeabi-v7a
ant3cfc942c9409a0a7a75f6abd157a2,134.12,4,8131832,107374182400,0,0,107374182400,,linux,x86_64
ant27a8686c7f6013af98fbdf2f99fa1,75.11,4,1018096,4842575626,0,0,4842575626,,android,armeabi-v7a
ant2e80ebfd308b1386f9e5f7147188b,148.56,4,8388608,5637144576,0,0,5637144576,,android,armeabi-v7a
ant2606bde58f4a530ce8975a3639388,175.37,4,2053196,3801046056,0,0,3801046056,,android,armeabi-v7a
ant2ec22e083f2fe37c8b8e53aa42082,97.76,4,2007268,58991375810,0,0,58991375810,,android,armeabi-v7a
ant27519cbc64c0730eab9832abf4663,56.03,4,2019608,58314918461,0,0,58314918461,,android,armeabi-v7a
ant2990d5666a2673887bace5e1d9c50,8.51,4,975656,4842575626,0,0,4842575626,,android,armeabi-v7a
ant21431fe0f9315334daf4a0eba8883,96.09,4,4063504,4885525299,0,0,4885525299,,android,armeabi-v7a
ant82ad687ccbef49c7bfcba62d3cae9,51.25,4,1844284,7730941132,0,0,7730941132,,linux,aarch64
045b6515ad06b93e51eb79247c4d9254,5000.0,64,65627872,36633923551227,28477351159397,7916483719984,240088671846,,linux,x86_64
ant223cbb560c1da32279a29890db363,68.59,8,7594396,240722179522,0,0,240722179522,,android,armeabi-v7a
ant278e21abdcb8d36b3b451250ac0d4,103.88,4,2055160,56704305725,0,0,56704305725,,android,armeabi-v7a
ant21f4247a40a6735c391f2b18c0cbb,63.42,4,4003212,115491670589,0,0,115491670589,,android,arm64-v8a
ant26829a5fc8206307497eb75289e71,47.46,4,2054244,3672197038,0,0,3672197038,,android,armeabi-v7a
ant2013b653ed8ca35b8a459a91bba0e,334.83,4,684308,6249177415,0,0,6249177415,,android,armeabi-v7a
ant27c51083d207733868e198048e9cd,214.51,4,1014832,3575560273,0,0,3575560273,,android,armeabi-v7a
ant211d598fef83230489a6b05dbb026,69.83,4,2053196,119077968281,0,0,119077968281,,android,armeabi-v7a
ant240b367bc971332c3939fee80ce33,189.59,0,1885820,27101243637,0,0,27101243637,,android,armeabi-v7a
ant2ac528471dfac3f1faffbaaf44992,77.57,4,2053196,4133906022,0,0,4133906022,,android,armeabi-v7a
ant2126a7a231f3a301abe99cf8bf015,8.68,4,2055168,119668526284,0,0,119668526284,,android,armeabi-v7a
ant2d7be02edfba03571afc4d1192fe7,85.29,4,3844872,43916040601,0,0,43916040601,,android,armeabi-v7a
ant27b518e1df96e36fda109793b2afe,31.54,4,3836504,51732881080,0,0,51732881080,,android,armeabi-v7a
3bae72f5c631a2127daf7ee70daa42cf,1200.0,32,65696304,2329160764620,0,2089072092774,240088671846,,linux,x86_64
ant2099f8aa8c9f433ce85a721bf367a,77.06,4,3832724,53418655744,0,0,53418655744,,android,armeabi-v7a
antd2123f57fdb00b498c2cf0be24276,34.99,4,16431028,811748818944,0,536870912000,274877906944,,linux,x86_64
antf060675ce4be84a8d34912d128f00,197.8,2,3809160,107374182400,0,0,107374182400,,linux,x86_64
ant2318ea2f62cf73abb8509ae91a3d7,72.64,4,2052176,4048006676,0,0,4048006676,,android,armeabi-v7a
ant2bc485d0e66273c84a29eeee15e26,15.73,4,1015876,5604932321,0,0,5604932321,,android,armeabi-v7a
ebbc4259a5353a14ef2cb774c66f4092,220.0,4,8140840,536870912000,0,429496729600,107374182400,,linux,x86_64
ant2ec6ce98767953201bf82d5f99285,70.01,4,1021464,6442450944,0,0,6442450944,,android,armeabi-v7a
ant2c89b3a6db42e3d1da839d3c19a65,7.87,4,1048576,5637144576,0,0,5637144576,,android,armeabi-v7a
ant7ae94bb2502ce48aadf78ba611f5a,382.69,4,7835644,512174850048,0,0,512174850048,,linux,x86_64
ant2e119f40ef6293a19bcecc5a7c993,66.92,4,1989608,4992899481,0,0,4992899481,,android,armeabi-v7a
antbca53df26182e3de7e25997b82c22,1000.0,8,16373080,1318554959872,1181116006400,0,137438953472,,linux,x86_64
ant2c57acb7d8860377ca7cf259c29d7,77.18,0,1892992,9201967431,0,0,9201967431,,android,armeabi-v7a
ant2bb63810cb5f833f1abe5c51d73f6,109.39,5,1941948,23847805911,0,0,23847805911,,android,armeabi-v7a
ant2e3fa8f89593736aa99cd6cd8d374,58.68,4,4063504,4885525299,0,0,4885525299,,android,armeabi-v7a
ant26f8633d274c13f85ae0e3efc7879,73.74,4,2054220,4058744094,0,0,4058744094,,android,armeabi-v7a
ant227a5e56a15bc31d09c9498cebec3,200.87,4,2054260,15569256448,0,0,15569256448,,android,armeabi-v7a
ant2c1b8c166519637409417d307eef0,113.01,4,2055160,3650722201,0,0,3650722201,,android,armeabi-v7a
ant2821cd08e73d7369091d121f36ac0,99.4,4,2055168,236384262553,0,118111600640,118272661913,,android,armeabi-v7a
ant2a96c1e6305c336389a431742dc23,238.01,4,2045944,25802016030,0,0,25802016030,,android,armeabi-v7a
ant7b8ea8e8b921e46f171093f87c837,150.0,6,10157072,375809638400,0,0,375809638400,,linux,x86_64
ant27543f6de6cef3aa5b3f7ae7e4d95,65.23,4,2053200,4080218931,0,0,4080218931,,android,armeabi-v7a
ant222c7f05a67c5374abda09a5e1968,65.98,4,2097152,25930865049,0,0,25930865049,,android,armeabi-v7a
ant24fed9177f9e03e0eac65416f4490,133.51,4,4003380,121418725457,0,0,121418725457,,android,armeabi-v7a
antd8c53910f6b25ac5d6219256524dd,98.54,4,1844284,519905791180,512067475865,0,7838315315,,linux,aarch64
ant24e86c12d26823313815954ff6d6d,60.51,4,2045896,11360188497,118111600,0,11242076897,,android,armeabi-v7a
ant2311f4421d9cd372e97112715ac63,35.18,4,2054152,56897579253,0,0,56897579253,,android,armeabi-v7a
ant27b191d2c2d3f32bc9ede85e99135,80.04,4,3771980,21163451351,0,0,21163451351,,android,armeabi-v7a
ant2796ffebe8aff30e7abc2d4113f88,52.9,4,2054244,3704409292,0,0,3704409292,,android,armeabi-v7a
ant201a3dc8e68493557be6d5704c90b,4.94,4,1015924,6249177415,0,0,6249177415,,android,armeabi-v7a
ant246af6210b02a39efade35b0cfb88,99.11,4,2048076,118498147696,0,0,118498147696,,android,armeabi-v7a
ant227d39493957e3820893d6799f229,63.39,4,1963016,4187593113,0,0,4187593113,,android,armeabi-v7a
ant317b5cfe778aa2b7f6bd66acb802d,500.0,4,1909808,123695058124,0,0,123695058124,,linux,
ant2e82c7e8a0d8f3780932a4b191347,69.61,4,2019608,4423816314,0,0,4423816314,,android,armeabi-v7a
ant24b76488ce3c33075ad336eb9f804,94.24,4,5598952,54331336294,0,0,54331336294,,android,armeabi-v7a
ant2c4b2e4dbbe243c9bb927225845e2,80.99,4,2055160,56747255398,0,0,56747255398,,android,armeabi-v7a
ant2e7737adadd80377386ac0a4d87bd,97.8,8,7834548,116919747215,0,0,116919747215,,android,arm64-v8a
67d0922bc4736b4984a3a713d8a32566,900.0,32,32566704,2219209601842,0,1979120929996,240088671846,,linux,x86_64
6fab75c4364d4b907097717a605e9811,1200.0,40,49463432,4208316330801,0,3958241859992,250074470809,,linux,x86_64
ant23f014f66194031dda470538814b2,49.79,4,2058020,58143119768,128849018,0,58014270750,,android,armeabi-v7a
ant2b5c65745354f3777bd058055a3b4,79.2,4,2053196,4166118277,0,0,4166118277,,android,armeabi-v7a
antcaf68f0dc771dd7823d996d85a21c,358.83,4,1909808,7838315315,0,0,7838315315,,linux,
5bcb7fff0c02fc2d138aef22f5c3edff,5000.0,64,65603068,76236421123270,64211479062112,11544872091648,480069969510,,linux,x86_64
ant2c7f28cdafb393074a4e4326e6e31,6.31,4,4063504,4885525299,0,0,4885525299,,android,armeabi-v7a
ant2846928f2a4a034fdbc62c7f71bf2,56.28,4,2054232,2899102924,0,0,2899102924,,android,armeabi-v7a
ant245f49d8127653d9eb1dcc1c0a4a2,377.84,4,1048576,5637144576,0,0,5637144576,,android,armeabi-v7a
ant2b0134ee238f431feb216e06cf63e,85.87,2,2026940,3919157657,0,0,3919157657,,android,armeabi-v7a
ant2df2b3de621a3353babfe1baeffad,94.37,4,2055160,57370025656,0,0,57370025656,,android,armeabi-v7a
ant2c10eecf9f2fa32fa8a2b152066fd,243.16,4,2055172,3178275799,0,0,3178275799,,android,armeabi-v7a
ant2ba6d3638fa2d39f2bd27fffd5330,39.69,2,944192,4327179550,0,0,4327179550,,android,armeabi-v7a
ant2e6a1bfddbbbf305cadbaf9b59fd5,94.52,4,1048576,4552665333,0,0,4552665333,,android,armeabi-v7a
025cd3caa3521915e655b434ecc2f5dc,85.0,4,7854516,480069969510,0,0,480069969510,,linux,x86_64
ant26bb7793c63043999b7deadb081f3,82.84,4,2097152,3865470566,0,0,3865470566,,android,armeabi-v7a
ant22feff7ab1b433ff2ae0ef8709a35,96.18,4,8388608,4885525299,0,0,4885525299,,android,armeabi-v7a
ant2476735d179d63573956af7699cf1,15.6,4,1048576,5637144576,0,0,5637144576,,android,armeabi-v7a
ant2bb0561e03f6a35ed95bcec04198a,100.52,4,2055164,3704409292,0,0,3704409292,,android,armeabi-v7a
ant2c13840246bcc3b17a983d0c24389,52.42,4,8388608,5637144576,0,0,5637144576,,android,armeabi-v7a
ant2395590adf07435168882361a7897,100.88,4,3832724,113719996579,0,0,113719996579,,android,armeabi-v7a
88ac1bae358494fe4d20561b01fa1531,500.0,16,32923812,1314259992576,0,1099511627776,214748364800,,linux,x86_64
ant2111d6189ec4738fa8db010807fa2,10.15,4,2054220,4080218931,0,0,4080218931,,android,armeabi-v7a
ant2b5a8282d7f523069b6cc918d64b9,165.03,4,944116,4595615006,0,0,4595615006,,android,armeabi-v7a
ant214e6b06d3edf3b3ea78863ba5904,114.47,4,3844872,43916040601,0,0,43916040601,,android,armeabi-v7a
29e2ebeb1bff7f5afe5a57a07453d59d,7000.0,48,65624200,8876731033187,0,7916483719984,960247313203,,linux,x86_64
ant24bdc180f76f73f05b66465183d7a,30.46,8,15570776,1006815496110,0,0,1006815496110,,android,arm64-v8a
ant2a3b341f341d33863b71c6e5770b1,4.09,4,1012100,4080218931,0,0,4080218931,,android,armeabi-v7a
ant2b620af9d6f9d3554ae96dd289102,10.47,4,1048576,4810363371,0,0,4810363371,,android,armeabi-v7a
antb855629aa4362dc93cbd1b0b2590d,92.38,4,1909808,7838315315,0,0,7838315315,,linux,aarch64
d4b54c4cc1482a2d06fe3698022e9983,5700.0,64,65598072,42641186933960,34524665112165,7916483719984,200038101811,,linux,x86_64
ant28d3653e718b8329ab916bac8e70f,65.75,4,2038268,116758685941,0,0,116758685941,,android,armeabi-v7a
ant2884562f49f9d348ea86994703274,56.96,4,2055168,119668526284,0,0,119668526284,,android,armeabi-v7a
ant28f6197492fec32bd8748805b28a8,98.85,4,4063504,4885525299,0,0,4885525299,,android,armeabi-v7a
ant258ecb5f5f6e132be97ee649216d4,81.98,4,2868504,53418655744,0,0,53418655744,,android,armeabi-v7a
ant23b665be034183ed8be35949ceba4,94.14,4,2019608,58035745587,0,0,58035745587,,android,armeabi-v7a
ant2c6b6e75a35ce388da9f02e130826,10.42,4,1048576,4724464025,0,0,4724464025,,android,armeabi-v7a
ant26c4f69713cd034d98c8dd843f4df,365.44,4,1048576,5476083302,0,0,5476083302,,android,armeabi-v7a
ant26e7d15fee5a33213a545cf34d471,86.47,4,2055160,237833814016,0,119185342464,118648471552,,android,armeabi-v7a
ant2eae537321bef3d5f939e0d3a7889,347.24,4,1017892,5712306503,515396075,0,5196910428,,android,armeabi-v7a
10999479d44cb34f68ae72d698d63ace,2340.0,40,65704268,6512673659289,0,6001143054336,511530604953,,linux,x86_64
ant2068ef87554143c8ea68fd9cb9c62,90.63,4,2054100,26467735961,0,0,26467735961,,android,armeabi-v7a
ant2fd471d96f42f3a149b37325b5e69,78.83,4,5574652,0,0,0,0,,android,armeabi-v7a
ant23e3c22fd11e0338abcb70adaa947,488.94,4,1015940,5637144576,0,0,5637144576,,android,armeabi-v7a
ant278e1ab48f92b3420b1e9d4408caa,97.49,4,2868504,53418655744,0,0,53418655744,,android,armeabi-v7a
ant2823d83a95da73a87b4cfc4e75c3c,493.02,4,8388608,5637144576,0,0,5637144576,,android,armeabi-v7a
ant205fb5cc2a1c43d45a871d7d141bc,143.07,4,1048576,5637144576,0,0,5637144576,,android,armeabi-v7a
antba24b5da841246ec49c1a8d049940,599.11,4,7891872,120044335923,0,0,120044335923,,linux,x86_64
ant20246fab12d3837839a53ec39b1f1,2.99,4,1048576,5637144576,0,0,5637144576,,android,armeabi-v7a
ant27643d0298e8331b6a3d1fa682af2,5.56,4,2053204,11950746501,0,0,11950746501,,android,armeabi-v7a
ant23e37524facb93e3a99b2d1f41daf,173.18,4,8388608,5476083302,0,0,5476083302,,android,armeabi-v7a
ant261760b35d94233e5bad20848215e,73.81,4,16777216,6292127088,0,0,6292127088,,android,armeabi-v7a
ant77ce335a37953de763f0756897f83,1000.0,16,16146936,1330151371571,0,1319413953331,10737418240,,linux,x86_64
ant26859aa08d7a731609404d50d6265,81.8,4,3717508,54868207206,0,0,54868207206,,android,armeabi-v7a
ant29fef0c94b5e63c7684277c4a4d01,87.95,4,1048576,5637144576,0,0,5637144576,,android,armeabi-v7a
ant2915fac09f57b3533a1b2b87c32ae,73.08,4,1015620,5282809774,0,0,5282809774,,android,armeabi-v7a
ant2618ba29c27c3f8ca130571490546,307.18,4,1909808,125090922496,0,0,125090922496,,linux,aarch64
ant2e13ae8ddbb0031dca666d4290d15,86.93,4,1048576,5175435591,0,0,5175435591,,android,armeabi-v7a
ant29efde675ecc838a4bf2b9ee2bc54,272.47,4,402680,0,0,0,0,,android,armeabi-v7a
ant225e9101f5a3a3e32bebc3caad630,347.06,4,8388608,5637144576,0,0,5637144576,,android,armeabi-v7a
ant243dc7ab030f03af59faa6d1b137e,564.43,4,1015940,5637144576,0,0,5637144576,,android,armeabi-v7a
ant2a91dc53306123c8a99f90eaec4b3,9.48,4,4063504,4885525299,0,0,4885525299,,android,armeabi-v7a
ant26043c032e3da3494be7874cf5971,102.51,4,8388608,5476083302,0,0,5476083302,,android,armeabi-v7a
ant202235e181248325d8da2bf9348f2,93.03,4,2868504,53418655744,0,0,53418655744,,android,armeabi-v7a
ant2a0dd91779a5c3ec0a385f6aceb46,108.99,4,2020416,28346784153,15708842885,0,12637941268,,android,armeabi-v7a
ant51aa6c84271edf4c09b15fad24063,56.57,4,8126804,274877906944,0,0,274877906944,,linux,x86_64
ant29213c9e2103c36d999ade6d41850,73.45,4,4063504,4724464025,0,0,4724464025,,android,armeabi-v7a
ant23f580e959c4d3d7ba59d9ca2374c,53.51,4,1048576,5476083302,0,0,5476083302,,android,armeabi-v7a
ant2f78ec114ed7b34bc9612a415dfd9,76.6,4,1964840,35820027248,30923764531,0,4896262717,,android,armeabi-v7a
ant22acf3878786330608f126be75e22,16.43,4,2097152,4724464025,0,0,4724464025,,android,armeabi-v7a
ant291afac85b84c31558b31b858f6be,83.22,4,2054220,118476672860,0,0,118476672860,,android,armeabi-v7a
ant17dee21ad2af8430760419bf2bc70,103.98,4,1893148,128849018880,0,0,128849018880,,linux,x86_64
ant0e615561dc4c2ef3e80a354f303b3,250.17,6,3759088,247926987161,0,240088671846,7838315315,,linux,aarch64
ant28590ffb144ed3cf4aabe4b7c5133,104.92,4,1048576,5100273664,0,0,5100273664,,android,armeabi-v7a
ant2b3bc6690f88e35d3b1d64c258d55,63.91,4,4063504,4724464025,0,0,4724464025,,android,armeabi-v7a
ant200dba8b8431f334cb67d5ffc4761,69.61,4,2054244,3618509946,0,0,3618509946,,android,armeabi-v7a
ant240569aecdb8b35e896a7a5133b47,71.26,4,1018056,4842575626,0,0,4842575626,,android,armeabi-v7a
ant2a88b159b3f533d7d84fae9fc81ae,69.79,4,1963016,4187593113,0,0,4187593113,,android,armeabi-v7a
ant272f47126f34b31d3b3a3a7767545,41.94,4,1956808,4198330531,0,0,4198330531,,android,armeabi-v7a
ant6e77addac2a5b2b34a909438c1456,523.24,4,4002784,125090922496,0,0,125090922496,,linux,aarch64
ant27abce43596283322b0a46987238c,99.05,4,1048576,5304284610,0,0,5304284610,,android,armeabi-v7a
f80824aabd045ffe872020819338a969,600.0,32,32514756,2345159517798,0,2089072092774,256087425024,,linux,x86_64
ant3eb8321e2901d188a978422f13a0f,508.76,20,20274796,571230650368,536870912000,0,34359738368,,linux,x86_64
ant25cec27092ba33d85b5998a1af209,31.17,4,2060500,13432510218,0,0,13432510218,,android,armeabi-v7a
ant2b49605d2475c323bb20a587afd46,99.88,4,4003380,242773026406,0,121332826112,121440200294,,android,armeabi-v7a
antdd273c428a41f2c0cce358b3abf7d,47.48,4,1909808,125090922496,0,0,125090922496,,linux,aarch64
ant2c5f7aef159893e589696185942e7,95.11,4,2053232,27358941675,0,0,27358941675,,android,armeabi-v7a
5daddf77e3b9b577d3854928158a2f63,6500.0,64,131397564,40922018899556,24409158136626,16272772091084,240088671846,,linux,x86_64
ant26d62d7153ffe33b3b5cbdf34bcbe,34.49,4,3184620,23901493002,0,0,23901493002,,android,armeabi-v7a
ant209d01240e6353d7a8df42f2255fc,23.39,4,1048576,4928474972,0,0,4928474972,,android,armeabi-v7a
ant256f55e36bcae3e869076533b1bef,196.62,4,1015924,6249177415,0,0,6249177415,,android,armeabi-v7a
ant2fd2563741982393e8dcd55c2dd5a,459.93,4,8388608,5637144576,0,0,5637144576,,android,armeabi-v7a
ant28b29431feb34379dba8545085c6b,395.01,4,1048576,5637144576,0,0,5637144576,,android,armeabi-v7a
ant28cf76ae4a77b3e5aa9de9121a3fd,104.82,4,3095540,26886495272,0,0,26886495272,,android,armeabi-v7a
d0023be08fd38e791695e605662f9260,150.0,8,8140932,644245094400,0,536870912000,107374182400,,linux,x86_64
ant57a13e18f3130ef388b35f6ae6b7d,141.63,4,8011148,128849018880,0,0,128849018880,,linux,x86_64
ant281b8ca310608335abb8e05426e59,8.65,4,684308,6249177415,0,0,6249177415,,android,armeabi-v7a
anta16a4c74d6e21dc1435c59f46bf45,500.0,4,8129216,85899345920,0,0,85899345920,,linux,x86_64
ant2ae8eee655e89384aa63be113ea52,116.59,4,2776980,57337813401,0,0,57337813401,,android,armeabi-v7a
ant2bff08f8cabf031b1bc3f875e29d2,4.64,4,1048576,5132485918,0,0,5132485918,,android,armeabi-v7a
ant2d32deabd48fc3700a60951a57265,58.12,4,2089984,4209067950,0,0,4209067950,,android,armeabi-v7a
ant20c491d86753c324fad4d645ec3a5,452.22,4,1015940,5637144576,0,0,5637144576,,android,armeabi-v7a
ant2e19e659ec5fa3d659e4b2a649fd4,54.61,4,4003376,121440200294,0,0,121440200294,,android,armeabi-v7a
ant26e6305cbccef369a829b9d468f89,20.04,4,1015928,6249177415,0,0,6249177415,,android,armeabi-v7a
ant2538f90a2ebee34e294cc9f593f7b,47.09,4,1934408,3908420239,0,0,3908420239,,android,armeabi-v7a
ant238e18966273738e28b0af3183903,17.9,4,8388608,5476083302,0,0,5476083302,,android,armeabi-v7a
ant76d014f3085cbcaa835f32cd1ad28,97.49,4,1909808,123695058124,0,0,123695058124,,linux,aarch64
ant26915867e3ce931c3b554232ee31f,8.8,4,2055164,9481140305,0,4724464025,4756676280,,android,armeabi-v7a
ant2cc46128cc4d635d7b6406a2706a7,99.79,4,2048076,118498147696,0,0,118498147696,,android,armeabi-v7a
c71781cb1ea363032d74f2a429a65c20,500.0,16,32922808,1314259992576,0,1099511627776,214748364800,,linux,x86_64
ant2504f315af65530f7b034c19e9ac5,3.54,4,2020648,57702885621,0,0,57702885621,,android,armeabi-v7a
ant2763d105348183b47b1eb2d8cdb89,594.89,4,1048576,5637144576,0,0,5637144576,,android,armeabi-v7a
ant3e69bf0626e8483b210e532713782,97.32,4,1909808,123695058124,0,0,123695058124,,linux,
ant4104669f3059d0491b59661a43049,784.72,4,4002784,125090922496,0,0,125090922496,,linux,aarch64
ant22ec017147c6a3f47b90384f5dfe5,12.51,4,8388608,4724464025,0,0,4724464025,,android,armeabi-v7a
ant26f2c15b988b630d496cebe76750d,88.83,4,1048576,4724464025,0,0,4724464025,,android,armeabi-v7a
antdb41a5f9a9aa7473684520c4d1205,781.06,4,8131836,107374182400,0,0,107374182400,,linux,x86_64
ant2a0d14f2f8eb136abba5687d538c1,171.54,4,16777216,6131065815,0,0,6131065815,,android,armeabi-v7a
2e1fa5a0acce3bc16643bfd25697bf15,1200.0,36,24592416,1711114970726,0,1539316278886,171798691840,,linux,x86_64
ant2fc3be813b4813e7eaea6121c0a1b,83.84,4,4003376,121450937712,0,0,121450937712,,android,armeabi-v7a
4cf96a35ff6e30b2a79404f04a056e6f,5000.0,64,131405732,40942097871662,32545544182168,7916483719984,480069969510,,linux,x86_64
ant23936ed577ef23b469c244530687a,113.66,5,1941948,85351737589,61503931678,0,23847805911,,android,armeabi-v7a
ant23c10cd13298936f5a03e5fc89bec,18.32,4,1017520,5100273664,0,0,5100273664,,android,armeabi-v7a
ant25f7369f6149f371d91f7b1f2efbb,84.55,4,2882024,43916040601,0,0,43916040601,,android,armeabi-v7a
ant2479f88f71a693384996422b60f13,14.45,4,2019608,27605902295,0,0,27605902295,,android,armeabi-v7a
ant29db3b48870313ccc89491d4f4cfd,73.03,4,2055164,5465345884,0,0,5465345884,,android,armeabi-v7a
a442a06f9b7c2be9509baa013ef196e7,7000.0,84,328605928,15607911153664,0,15393162788864,214748364800,,linux,x86_64
ant201f627565f173652bb94e72ecb57,103.05,4,4003316,121418725457,0,0,121418725457,,android,armeabi-v7a
ant45d2e274bf297b9496f90e6fe304e,249.07,8,16370844,193273528320,0,107374182400,85899345920,,linux,x86_64
ant23b993bf87bd931cf83dab9e33cfb,3.93,4,1016012,6249177415,0,0,6249177415,,android,armeabi-v7a
antef8db3126ef4d8909ecf0268e5448,155.82,4,3990732,127882651238,0,120044335923,7838315315,,linux,
ant238258296075637829faae827f220,8.1,4,2055192,57327075983,0,0,57327075983,,android,armeabi-v7a
ant22210d16d082631899620760b28b4,388.09,4,1048576,5637144576,0,0,5637144576,,android,armeabi-v7a
ant2b54790f425d8374ebc6390c1d490,26.37,4,8388608,5637144576,0,0,5637144576,,android,armeabi-v7a
ant211dc1d128580396799ae5ccb69b4,44.35,4,1015940,5637144576,0,0,5637144576,,android,armeabi-v7a
ant2f2695d35a0743ff6a79be6b23898,103.3,4,8388608,5637144576,0,0,5637144576,,android,armeabi-v7a
ant26c7a186f479c3050a45d2bf7a39e,85.63,4,4161688,32749125632,0,0,32749125632,,android,armeabi-v7a
ant21d6ee037f7dc33f8a8b803ea3f87,84.23,4,4003376,121440200294,0,0,121440200294,,android,armeabi-v7a
ant2ec696b4e07c439989dbe4f439eb2,96.09,4,2093056,3038689361,0,0,3038689361,,android,armeabi-v7a
ant2eae367bb4a6a3e4b8cc635e5bfd9,66.51,4,2053208,3178275799,0,0,3178275799,,android,armeabi-v7a
ant28722a9d9ae183885a0feb8ea51ba,97.78,4,1048576,4552665333,0,0,4552665333,,android,armeabi-v7a
ant282ef6bc858c7385e86380a6c7a27,16.52,4,2055356,3081639034,0,0,3081639034,,android,armeabi-v7a
ant2bcade6c5453832159973fd2baebf,330.22,4,1048576,5175435591,0,0,5175435591,,android,armeabi-v7a
ant628296c139893982b4dde50211cac,103.82,4,4002784,125090922496,0,0,125090922496,,linux,
ant2df67f62de3453f91b511f8e3c6fe,56.48,4,2045948,25458418647,0,0,25458418647,,android,armeabi-v7a
ant207f6747330d33de38f7bb322f4ee,54.29,4,4003380,121440200294,0,0,121440200294,,android,armeabi-v7a
ant2fef808616a993984b22409a6c43f,41.76,4,2053980,3650722201,0,0,3650722201,,android,armeabi-v7a
ant2ebadcd7d8c1132099bacdcc320be,102.04,8,3833408,23579370455,0,0,23579370455,,android,armeabi-v7a
ant24005bc81b6c53cabbfe826f0f608,111.47,4,4003316,121987808624,0,0,121987808624,,android,armeabi-v7a
ant202471dce609236d2a5ad28c36d9d,6.35,4,1048576,5637144576,0,0,5637144576,,android,armeabi-v7a
ant2dd829204e0aa37cfb37ea1484daa,130.24,4,4003380,121440200294,0,0,121440200294,,android,armeabi-v7a
ant2bda5195f421e338a8bea0d27f021,512.06,4,8388608,5637144576,0,0,5637144576,,android,armeabi-v7a
ant2ee48cf2153cb3853b9cfab6dd777,54.1,4,1015976,2512555868,0,0,2512555868,,android,armeabi-v7a
ant2a3db2d2421793017833b9ca43227,60.54,4,4063504,4724464025,0,0,4724464025,,android,armeabi-v7a
ant211959d16c68a3ac583e5f120c374,153.99,4,1048576,5637144576,0,0,5637144576,,android,armeabi-v7a
ant24635f1266e463e798a369703011c,83.51,4,2053200,119099443118,0,0,119099443118,,android,
ant30ae1d29a47ec54a11fbeabd8c313,184.61,4,4002784,125198296678,0,0,125198296678,,linux,aarch64
721416ef973d3a98cce582bd73d0b163,5000.0,48,65355660,8396553689494,0,7916483719984,480069969510,,linux,x86_64
ant235473b1780b23cf48c5f93339789,63.16,4,2054212,118133075476,0,0,118133075476,,android,armeabi-v7a
ant27d214ebe94a13e60962fab9db339,65.24,4,1783120,26918707527,0,0,26918707527,,android,armeabi-v7a
ant7a8e4d36f941d4fe4085247be3f2e,400.0,6,7881612,256087425024,0,0,256087425024,,linux,x86_64
ant286ad0482249139158ea272d4f928,56.56,4,4194304,5637144576,0,0,5637144576,,android,armeabi-v7a
ant26a77add98a6731ee83bbf3fe6433,17.99,4,2893664,25920127631,0,0,25920127631,,android,armeabi-v7a
ant24a9f49851bc93fd6844136e1a006,25.14,4,1970700,27305254584,0,0,27305254584,,android,armeabi-v7a
ant29598006d76e13329a6d40661f44e,71.53,4,2019608,58035745587,0,0,58035745587,,android,armeabi-v7a
ant2addbcc446c043958bb503dc6d620,134.21,4,983040,5282809774,0,0,5282809774,,android,armeabi-v7a
ant275d75df37d273a13b48b5a59e2a3,101.23,4,3832724,53418655744,0,0,53418655744,,android,armeabi-v7a
ant26d14ffe4ea623c81b0cd1e89e90f,78.9,4,1936408,71425306132,61525406515,0,9899899617,,android,armeabi-v7a
ant2b3e510acd18634db83992d050b6b,94.19,4,2776980,56682830888,0,0,56682830888,,android,armeabi-v7a
ant22187113d38b0385a884a0877401a,79.86,5,1941948,23847805911,0,0,23847805911,,android,armeabi-v7a
ant2253f9411d29f399691f05e169073,10.17,4,8388608,5637144576,0,0,5637144576,,android,armeabi-v7a
ant2cdb5a9e6c39730bebbcf778e0f09,185.03,4,1016124,5873367776,515396075,0,5357971701,,android,armeabi-v7a
ant21717af2f6b623129977c185ff7a1,97.17,4,2037840,154468498800,128022237675,0,26446261125,,android,armeabi-v7a
ant21fb6d24ab6193c809966a85ec606,65.5,4,2055156,3629247365,0,0,3629247365,,android,armeabi-v7a
antc6da129d65a626e6a0b9b5d5f8d43,1000.0,4,8129208,300647710720,0,214748364800,85899345920,,linux,x86_64
anta2d3ee84e5036d69544c00d41f55e,93.71,4,1844284,62491774156,0,0,62491774156,,linux,
ant23c8317c3b21535f991b02c4471da,90.4,4,2054152,3178275799,0,0,3178275799,,android,armeabi-v7a
ant25266825e70ce3418a16fa3bf7adb,182.07,4,8127008,5422396211,0,0,5422396211,,android,armeabi-v7a
ant258c0935cc58e39a2a418252ea48b,107.32,4,1048576,5100273664,0,0,5100273664,,android,armeabi-v7a
ant2a4a173d80c75390e9c684ce6fe05,70.22,4,4003212,115491670589,0,0,115491670589,,android,armeabi-v7a
ant2cc029794b9c93fa99e5ec87038b8,68.52,4,2055160,57370025656,0,0,57370025656,,android,armeabi-v7a
ant28a41fbe48cfc35db9c76dbe60e6a,17.75,4,1048576,5637144576,0,0,5637144576,,android,armeabi-v7a
antb1914d5b461f820f048588fff96eb,84.58,4,1909808,7838315315,0,0,7838315315,,linux,aarch64
ant28ff61a1a4d543936b87c95581598,99.87,4,1048576,5282809774,0,0,5282809774,,android,armeabi-v7a
d5a8cf4662efe5da5601f9d6425555d4,10000.0,96,131180104,109111818793769,88290783710404,20340965113855,480069969510,,linux,x86_64
ant2e67476ceac6b3f55af3f24014a64,33.26,4,3704628,54621246586,0,0,54621246586,,android,armeabi-v7a
ant26131bfe5b1343dbba139bbe760a8,179.42,4,2868504,53418655744,0,0,53418655744,,android,armeabi-v7a
ant2ccbb8356fd3a3663a53cbbb7c3a6,99.93,4,2012028,121450937712,0,0,121450937712,,android,armeabi-v7a
ant219b3ed4d94d03454b6d2c35c6c04,89.45,4,2494656,54900419461,0,0,54900419461,,android,armeabi-v7a
ant2768f75e6d6353d5b861a526c0720,68.44,4,3093580,27358941675,0,0,27358941675,,android,armeabi-v7a
ant27c81c896382a312f968c665b766a,33.4,4,1048576,300647710,0,0,300647710,,android,armeabi-v7a
ant2547b8a5ed5753c4dbf2df3801289,83.77,4,2055160,237833814016,0,119185342464,118648471552,,android,armeabi-v7a
ant2963d9c02b939352896a5fc287d4a,349.53,4,8388608,5637144576,0,0,5637144576,,android,armeabi-v7a
ant26fc1ccd2dbbb3c0f9b83ba4f7efd,64.12,4,2089984,12025908428,0,0,12025908428,,android,armeabi-v7a
ant27ddfae4b92d43938a741d479a371,429.66,4,1015940,5637144576,0,0,5637144576,,android,armeabi-v7a
67b499edf318a6a011ac33f5f1e5182d,1000.0,24,32515320,2256468443136,0,2000381018112,256087425024,,linux,x86_64
ant2ee43f6a48a3f324aa7d29e2f4995,18.89,4,2019608,57423712747,0,0,57423712747,,android,armeabi-v7a
ant28882f2795b0939358a2c34c50425,72.94,4,1048576,4885525299,0,0,4885525299,,android,armeabi-v7a
ant2e38a61da967231009a9a49a620f5,13.58,4,1018096,4842575626,0,0,4842575626,,android,armeabi-v7a
ant259388994e5d8387a92d2e27e77b3,216.87,4,1015940,5637144576,0,0,5637144576,,android,armeabi-v7a
ant295c3ae91b9c433b299e603c3ac21,94.33,4,1827660,11295763987,118111600,0,11177652387,,android,armeabi-v7a
ant2fecea35b154f35fa8765d8673036,48.34,4,2019608,4219805368,0,0,4219805368,,android,armeabi-v7a
ant26236fe60d2063faba2ad2e3707b3,99.53,4,4003376,121440200294,0,0,121440200294,,android,armeabi-v7a
ant2710e91fe891c3ac6a3a21c8888c2,184.02,4,1048576,5637144576,0,0,5637144576,,android,armeabi-v7a
ant292720dcc9b673180a193df1f47a0,78.97,4,1048576,5057323991,0,0,5057323991,,android,armeabi-v7a
ant250a9bca4792535328ad24ceeef62,58.83,4,1787116,11531987189,0,0,11531987189,,android,armeabi-v7a
ant8cdf02f023de313825d1fdcecf059,159.72,4,4002784,125090922496,0,0,125090922496,,linux,aarch64
ant2a20015b78776319891f2e5d91282,77.54,5,1941948,54009213747,0,0,54009213747,,android,
ant2ee62c4a09a523f23aee3a07d3c2e,82.55,4,1430492,27391153930,0,0,27391153930,,android,armeabi-v7a
ant2388bcfac73c3365993557e12aa44,58.63,4,2054260,15569256448,0,0,15569256448,,android,armeabi-v7a
ant241419ff302a73919a71a0310a426,98.88,4,2055356,56897579253,0,0,56897579253,,android,armeabi-v7a
ant2f772262c6182315ab4bfa3b393cc,78.78,4,2055152,3543348019,0,0,3543348019,,android,armeabi-v7a
antf9660ba8008c4e17f2b0960542c9c,97.19,4,4002784,125090922496,0,0,125090922496,,linux,aarch64
ant2b71d2ed21ca6311ab7732f7129cb,307.93,4,1048576,5476083302,0,0,5476083302,,android,armeabi-v7a
ant2ec82f50330b23623b2dca4280bd6,11.81,4,4003384,121987808624,0,0,121987808624,,android,armeabi-v7a
ant2ae14569154f939fc9ceb89286f6b,99.18,4,2055156,3704409292,0,0,3704409292,,android,armeabi-v7a
ant275c667696a0132dfb750eceac31f,465.81,4,4063504,5443871047,0,0,5443871047,,android,armeabi-v7a
ant2eaaa0da3b8f9388e86a694381642,3.12,4,1048576,5637144576,0,0,5637144576,,android,armeabi-v7a
ant2b89a18c6531c3dc2a88296d70245,211.06,4,962156,4724464025,0,0,4724464025,,android,armeabi-v7a
ant2180f1fe617d43f8b9bcca241b3bb,199.16,4,965024,5132485918,0,0,5132485918,,android,armeabi-v7a
ant4ef6e0a7252c0f391332db4c49869,53.9,2,797552,4788888535,0,0,4788888535,,android,armeabi-v7a
ant20f80c3f2a07937cd89222d01fbaa,44.81,4,3771980,21163451351,0,0,21163451351,,android,armeabi-v7a
ant2a0f55c64ebc93e3dbcf153eb56f6,62.01,4,2971348,58143119769,0,0,58143119769,,android,armeabi-v7a
ant27591dccd69fe3042902a65d4df16,37.56,4,1048576,5057323991,0,0,5057323991,,android,armeabi-v7a
ant23c3a104a4fb335a9aea46208f003,66.04,4,2058024,73723113635,15708842885,0,58014270750,,android,armeabi-v7a
ant2e33603d620c939fab0c3cf0eef84,265.53,4,3704496,54621246586,0,0,54621246586,,android,armeabi-v7a
ant25429e8c0511b38e3bd895c8459b4,135.83,5,3933484,54009213747,0,0,54009213747,,android,armeabi-v7a
ant2a5a9b3af43bb365a9e0468225a98,101.46,4,1048576,5282809774,0,0,5282809774,,android,armeabi-v7a
ant2e5fceca6618a3fdcb606835f3561,98.65,4,1313684,3564822855,0,0,3564822855,,android,armeabi-v7a
ant216b8862b970c3ac0b5c4792cf25e,7.99,4,8388608,4724464025,0,0,4724464025,,android,armeabi-v7a
ant20a5a57aa93dd3bb6884edc0706a7,361.65,4,8388608,5637144576,0,0,5637144576,,android,armeabi-v7a
ant2596681146d9232b9b7d21e5aaa09,317.48,4,1048576,5637144576,0,0,5637144576,,android,armeabi-v7a
ant279a2a51472c7353cb02b80cb5457,70.37,4,1484060,26188563087,0,0,26188563087,,android,armeabi-v7a
ant23f62eda0556d3344abe3c3b01488,121.1,4,1015940,5637144576,0,0,5637144576,,android,armeabi-v7a
ant21ded77c217cd3423b5ea866337e0,106.69,4,2982176,58143119769,0,0,58143119769,,android,armeabi-v7a
antff020d13137cfe49efac49755f66a,0.19,4,8126804,274877906944,0,0,274877906944,,linux,x86_64
ant28f08e313642138a58471eca1a349,82.65,4,1771596,24545738096,0,0,24545738096,,android,armeabi-v7a
9b8f9b5b9e6c2955cb00aaef60dda009,2500.0,56,56556808,4119303133592,0,3958241859992,161061273600,,linux,x86_64
ant211b908f319ab3bd392724276fc09,11.08,4,2054220,4166118277,0,0,4166118277,,android,armeabi-v7a
ant28b1579adeb4c3134aa1500defd62,81.41,4,1048576,5637144576,0,0,5637144576,,android,armeabi-v7a
ant2ec257199fbca367f89d88a3ae8a8,48.8,4,1048576,5637144576,0,0,5637144576,,android,armeabi-v7a
ant270cf4c4bcf1e366886c8e0c444b7,94.48,4,10485760,8589934592,0,0,8589934592,,android,armeabi-v7a
ant273970eed3cbb0e4d9b21d6d94d59,8.73,4,8126796,274877906944,0,0,274877906944,,linux,x86_64
ant23f386044d77630d1bae7faa53f6b,106.3,4,3844196,43916040601,0,0,43916040601,,android,armeabi-v7a
ant2cc7b58af8abe3fe09fafeb85440c,16.26,4,1016012,6249177415,0,0,6249177415,,android,armeabi-v7a
antcda7898117a4ac2bfbf39efa95acf,185.33,4,1909808,125090922496,0,0,125090922496,,linux,aarch64
ant28f625710f12c3c629317b767f35a,268.04,4,8388608,5637144576,0,0,5637144576,,android,armeabi-v7a
ant2a41d6de5c19a381596dbd47070b3,29.85,4,4003316,121440200294,0,0,121440200294,,android,armeabi-v7a
ant2a57fa05512043378b6bafa9d68cb,240.95,4,1015940,5476083302,0,0,5476083302,,android,armeabi-v7a
ant2d093e09bb3003fe8a7a5cc10017c,67.69,4,1048576,5411658792,0,0,5411658792,,android,armeabi-v7a
ant268ad943f9f903f7bb34b243f9173,87.9,4,1048576,5411658792,0,0,5411658792,,android,armeabi-v7a
ant25d2fdf783af8368dbe701c8588f5,20.28,4,2052184,27605902295,0,0,27605902295,,android,armeabi-v7a
ant29bb889b4aef83d54bdf091a0173c,151.59,4,4003380,121418725457,0,0,121418725457,,android,armeabi-v7a
ant29b0c351b54083f4b836ce109d16f,58.42,4,2054244,3672197038,0,0,3672197038,,android,armeabi-v7a
ant214f215cdf87e3dfa8d7aa17eb247,93.87,4,2019608,58057220423,0,0,58057220423,,android,armeabi-v7a
ant28ed4ea4674bc36bc933f13236527,149.41,4,3859756,146479859629,31439160606,0,115040699023,,android,armeabi-v7a
ant2d8bacbdc706c3198839d380d0cb9,375.73,4,0,1728724336,0,0,1728724336,,android,armeabi-v7a
ant2cc4ea8d5b4543f3085eaf517c932,85.07,4,4003376,121536837058,0,0,121536837058,,android,armeabi-v7a
e7a63bd77b82b5c8a18e5a2deb0acfbe,2000.0,48,65255452,10245644484603,6047313952765,3958241859992,240088671846,,linux,x86_64
ant2ff1e6a4ac35e3d7996942056f0ac,140.09,4,8388608,5637144576,0,0,5637144576,,android,armeabi-v7a
ant270f1c13f99ca3c3b8a707bb42594,99.2,4,3095540,26886495272,0,0,26886495272,,android,armeabi-v7a
339ecf54dbddd9233c4eebf189edf3b4,18500.0,64,32408420,4068193022771,0,0,4068193022771,,linux,x86_64
ant22e6b4922dfeb337583bd7b4008f3,10.99,4,4063504,4724464025,0,0,4724464025,,android,armeabi-v7a
ant25552444c25fa354fa485c4a7d6ff,87.33,4,2868504,53418655744,0,0,53418655744,,android,armeabi-v7a
anta800a4311d6d5d82a12e0dbf52aad,602.41,20,20274796,678604832768,644245094400,0,34359738368,,linux,x86_64
ant2fb071af005343e50bdc99b82abfd,68.47,4,1048576,4005057003,0,0,4005057003,,android,armeabi-v7a
ant2581c9f0b764035e0bcd2b9d9c4c0,345.21,4,1015940,5476083302,0,0,5476083302,,android,armeabi-v7a
ant22a80599ec61038388a176f63d1b4,89.2,4,2962768,27391153930,0,0,27391153930,,android,armeabi-v7a
ant23a93be8374ca34dabf0d3b2e3488,111.26,4,3887096,24653112279,0,0,24653112279,,android,armeabi-v7a
ant23d8940ccc1cf36509e070adf75c6,62.03,4,1048576,5755256176,0,0,5755256176,,android,armeabi-v7a
ant29b207844df8034839896647d7b43,76.84,4,2053200,3801046056,0,0,3801046056,,android,armeabi-v7a
ant69f65d1f56262f7afbaa643ab7ed7,100.0,4,4912900,564573451059,0,500148941619,64424509440,,linux,x86_64
ant2a29aa43869eb3f9aa27fc0b2acf0,52.83,4,2055160,118648471552,0,0,118648471552,,android,armeabi-v7a
ant23e0ad8dd869138daa9d05d3e5cdf,97.24,4,2055168,149486336736,32448477920,0,117037858816,,android,armeabi-v7a
ant5d87b94c12f3a92712c519d7e89c8,100.0,4,4002784,125090922496,0,0,125090922496,,linux,aarch64
ant23d3cce783267385a8aa318a18a7a,82.52,2,944176,4327179550,0,0,4327179550,,android,armeabi-v7a
ant2e73c65719d1839e295c03a0d8893,55.68,4,1048576,5637144576,0,0,5637144576,,android,armeabi-v7a
ant2c9fe01d3c5c931c6a0ffcf82f1a7,315.26,4,33554432,274877906944,0,0,274877906944,,android,armeabi-v7a
ant27b0ddc8dc3a63090b8d44f99dd18,108.3,4,4003316,121418725457,0,0,121418725457,,android,armeabi-v7a
ant224e7d3227b663ba0941be51b1478,244.93,4,1048576,5637144576,0,0,5637144576,,android,armeabi-v7a
ant242bbad7fccb13633bf3f6b50d9be,96.61,4,1048576,5100273664,0,0,5100273664,,android,armeabi-v7a
ant291ade70487dd3eb0b652336b4226,43.96,4,2054260,58186069442,0,0,58186069442,,android,armeabi-v7a
ant25b0b83c35a2632bb9ae1b5452b3c,73.89,4,2053196,57799522385,0,0,57799522385,,android,armeabi-v7a
ant236f3349d03a230c2879e4c5bc309,94.37,4,2052176,4423816314,0,0,4423816314,,android,armeabi-v7a
antb0fa46c374084bec696947c7822c2,125.13,4,1909808,7838315315,0,0,7838315315,,linux,aarch64
ant0ece2b79aa6610f0aaddbdbd624e5,415.01,36,18206296,912680550400,0,0,912680550400,,linux,x86_64
ant21e2d2c946b343639af7006583d40,41.36,4,925816,2168958484,0,0,2168958484,,android,armeabi-v7a
antc4ee99d74c486391c41f5884b8ed2,116.66,4,1903340,7838315315,0,0,7838315315,,linux,aarch64
e1dd3388397e18bd9a71965da19328e8,500.0,16,32923812,1288490188800,0,1073741824000,214748364800,,linux,x86_64
ant27b1ee65c208f35c6a5cc8fb05332,71.35,4,2054252,57799522385,0,0,57799522385,,android,armeabi-v7a
ant2670f52a1bdc13ed1893f6ee5c988,84.16,4,2020648,11735998136,0,0,11735998136,,android,armeabi-v7a
ant21ca7d3c23e9f36b89865aee7f010,75.2,4,954320,5068061409,0,0,5068061409,,android,armeabi-v7a
ant22d63389215293de88eb4b3f33290,85.66,4,2055168,3983582167,0,0,3983582167,,android,armeabi-v7a
f1015041ba68af7829ae1475200e6bd9,6000.0,64,32543620,4188237358694,0,4068193022771,120044335923,,linux,x86_64
ant2777eb3855433398d8b77ca616e20,88.19,4,1048576,4885525299,0,0,4885525299,,android,armeabi-v7a
ant2e8ca5664b2c833709da244d4474e,78.26,4,2523420,26188563087,0,0,26188563087,,android,armeabi-v7a
ant4888d4d4aec4a5894c045382502ad,104.47,4,4002784,125090922496,0,0,125090922496,,linux,aarch64
ant28d638571092434c2b605b6d20448,48.25,4,2020648,3994319585,0,0,3994319585,,android,armeabi-v7a
ant29eded15f777b388b86f661678b46,12.06,4,2089984,11220602060,0,0,11220602060,,android,armeabi-v7a
ant202612ae8d7c438998403aada11d2,18.43,4,2054220,118476672860,0,0,118476672860,,android,armeabi-v7a
antd63838b5e6a607dbdc1dd908ee1a2,98.33,4,3888588,102005473280,0,91268055040,10737418240,,linux,
ant2fed1c5e8e46d3352a187fe2312f2,221.83,4,1016012,6249177415,0,0,6249177415,,android,armeabi-v7a
ant26b538a8d39d53c74a045dc2ff476,72.44,4,2011696,58905476464,0,0,58905476464,,android,armeabi-v7a
ant2a446a40b68a73725b60c56164e0b,63.12,4,4003316,121418725457,0,0,121418725457,,android,armeabi-v7a
ant20a642af510c2301593058f29ad4b,99.92,4,2004792,24610162606,0,0,24610162606,,android,armeabi-v7a
ant29cab648921443ed39b9fec6ebc76,85.65,4,2020648,57713623040,0,0,57713623040,,android,armeabi-v7a
ant2bdf9c81695773dd3a982d88c7d60,63.74,4,1956808,4187593113,0,0,4187593113,,android,armeabi-v7a
ant294694095950430ed86ca707a521e,6.36,4,1015940,5637144576,0,0,5637144576,,android,armeabi-v7a
ant26116dcb5de193ac4ad9dacdc0db9,23.41,4,1964840,12509092249,0,0,12509092249,,android,armeabi-v7a
ant233f8e60b780f30dc9a019a99fef0,63.17,4,3742744,113311974686,0,0,113311974686,,android,armeabi-v7a
ant2fe8a1b4510503235a3a4561870c5,49.72,2,0,5304284610,0,0,5304284610,,android,armeabi-v7a
ant2786ece7a1e3d3531ab196979bf5e,72.2,4,1895528,48823040737,0,0,48823040737,,android,armeabi-v7a
ant53a90561ceadddefaa0b4033482c0,85.9,4,1844284,7730941132,0,0,7730941132,,linux,aarch64
ant23960ea13c9453a109e169e2b3175,70.0,4,1048576,3285649981,0,0,3285649981,,android,armeabi-v7a
ant21b0098c494fb38acb2e9c4ecbe9f,54.57,4,2054224,4048006676,0,0,4048006676,,android,armeabi-v7a
ant2d6c4dabdbbdc311fbab75cea4659,23.36,4,2053208,10941429186,0,0,10941429186,,android,armeabi-v7a
ant2eaa3bbf7fc8f3e5582511fa527e9,99.39,4,2055160,3704409292,0,0,3704409292,,android,armeabi-v7a
ant2ac4acef887553114b321b1966425,27.8,4,2053208,3242700308,0,0,3242700308,,android,armeabi-v7a
antf833dab86aa54384769b79a61d6ec,1000.0,32,24351888,1869169767219,0,0,1869169767219,,linux,x86_64
ant26f7cba536efd31e6ac72c711d86b,83.69,4,2019608,57380763074,0,0,57380763074,,android,armeabi-v7a
ant216f6db76d3fc32b4ab34b31323b4,260.43,4,1048576,5175435591,0,0,5175435591,,android,armeabi-v7a
ant2bbd34b4890dd32969f69788ad75a,10.23,8,5604376,115856742809,0,0,115856742809,,android,armeabi-v7a
ant2565c1af1958037b795f184f3d217,66.47,4,2054224,4048006676,0,0,4048006676,,android,armeabi-v7a
ant2611b93543d633d6ba9c1d0f637a1,97.27,4,4003060,121440200294,0,0,121440200294,,android,armeabi-v7a
19b5c6ad1dffb2679da591f41f21ac79,600.0,32,32936288,1323708920626,0,1024242325913,299466594713,,linux,x86_64
ant6bd595b82397fd82044f4e0353f6c,80.86,4,4027168,0,0,0,0,,linux,aarch64
ant26c3109c2789c30d88d31596f121b,14.38,4,2054244,3618509946,0,0,3618509946,,android,armeabi-v7a
ant3ce9a807bfb86e68cff546c02cb40,110.38,4,1909808,123802432307,0,0,123802432307,,linux,
ant20f401ce6c3b636f99c838a6da06b,94.79,4,4003316,121440200294,0,0,121440200294,,android,
ant2932629469736369684b87e1acaac,61.45,4,4003380,121418725457,0,0,121418725457,,android,armeabi-v7a
ant29c9b287d51f1350b9f6ae82011fb,55.27,4,1038232,3371549327,0,0,3371549327,,android,armeabi-v7a
ant3cdabb66d0c4f476eabe1ebfc666b,1000.0,4,8129220,193273528320,107374182400,0,85899345920,,linux,x86_64
ant2bf9419bee8db3c129d0ee2987012,200.0,4,4003376,121450937712,0,0,121450937712,,android,armeabi-v7a
ant26d4a6a51f54832148500ba9c2539,5.12,4,2055168,118992068935,0,0,118992068935,,android,armeabi-v7a
ant2cc5177d49a293819bd1bdae1f4c2,74.11,4,3984296,25189983191,0,0,25189983191,,android,armeabi-v7a
ant20361464b2590308894e6b115a434,10.18,4,4063504,4885525299,0,0,4885525299,,android,armeabi-v7a
ant2693b29ddd46031c4abec57db244b,18.29,4,2054224,57702885621,0,0,57702885621,,android,armeabi-v7a
ant23854c09bd96438e2a08b9f40dca6,85.35,4,2055160,57370025656,0,0,57370025656,,android,armeabi-v7a
ant2fba6a02077523cfcb179e8623509,40.0,4,2048076,118476672860,0,0,118476672860,,android,armeabi-v7a
ant2a80df2f9925a3d2c935cc7faa324,72.24,4,2055156,3650722201,0,0,3650722201,,android,armeabi-v7a
ant27f9b294738713ce883d682ff951a,84.78,4,2093056,3231962890,0,0,3231962890,,android,armeabi-v7a
ant08f512ae71ff5531aeba7fcb116f3,98.38,4,1844284,125090922496,0,0,125090922496,,linux,aarch64
ant28f67b715f32b314e9b6520f6a38a,44.84,4,1048576,5111011082,0,0,5111011082,,android,armeabi-v7a
7b7fb0896dbb76e4be5972b9f8308c3a,300.0,8,7913120,1144286661836,0,0,120044335923,,linux,x86_64
ant23d1ad92ceb4b842377f56d361ff9,43.58,4,1909808,125090922496,0,0,125090922496,,linux,
ant2f786e1f76a083bfbbabf7b42158e,93.36,4,3840548,57756572712,0,0,57756572712,,android,armeabi-v7a
ant258241672e2ad3eab95c2adb6ee08,81.76,4,2089984,4209067950,0,0,4209067950,,android,armeabi-v7a
ant28864540bdde53186b9c7614ad252,57.12,4,1938768,4370129223,0,0,4370129223,,android,armeabi-v7a
ant2ffaf0fa3643b399da27e9411454c,120.46,4,2054232,3178275799,0,0,3178275799,,android,armeabi-v7a
ant21082b33675593c9cb1fc06876b2d,84.22,4,2097152,4960687226,0,0,4960687226,,android,armeabi-v7a
xdn2f51bda6a8cba342ba445aa187e94,125.93,8,5607300,115083648696,0,0,115083648696,,android,arm64-v8a
ant2f11bd58fc8f4388fb1494afadc73,52.69,4,4063504,4724464025,0,0,4724464025,,android,armeabi-v7a
antb8fc2fbb82d104e12c1271d29896a,1000.0,4,8130240,1481763717120,1288490188800,107374182400,85899345920,,linux,x86_64
ant28891e9b5ab0e3f9aa14db47a290a,78.42,4,969048,4885525299,0,0,4885525299,,android,armeabi-v7a
9166053efcf8a357b7bb772ad52e11bc,2000.0,32,24351976,1924145348608,0,1649267441664,274877906944,,linux,
ant2533b308f0ce533f0a71bfb3ced06,404.97,4,8388608,5476083302,0,0,5476083302,,android,armeabi-v7a
antd5654c90139256707163c4e8a5cd1,358.45,4,1909808,7838315315,0,0,7838315315,,linux,
ant28fa6226ba972364caf5daea59c85,379.02,4,1048576,5175435591,0,0,5175435591,,android,armeabi-v7a
antf3b2e1d2a8289c89be339ef798607,97.8,4,1844284,159450660863,127990025420,0,31460635443,,linux,aarch64
ant2a363a3ef72b9381dbd9716f6ec33,117.1,4,2052184,27605902295,0,0,27605902295,,android,armeabi-v7a
ant23556447b0c943f5dad8d3b2f94c7,98.65,4,2055148,117531780055,0,0,117531780055,,android,armeabi-v7a
ant06791c7ffd78a39f0eac441f061c2,85.07,8,1834540,127882651238,120044335923,0,7838315315,,linux,aarch64
ant85bb813a7dbef3cd91b1cff47925a,266.63,6,3759084,519905791180,0,512067475865,7838315315,,linux,aarch64
ant211832196025134d59d8209e7ca87,222.47,4,8127008,1803886264,0,0,1803886264,,android,armeabi-v7a
ant249ca1749f6003c3085f387c7a432,101.98,4,2055156,118111600640,0,0,118111600640,,android,armeabi-v7a
ant2dac72f7fe23f3c00bbcbd2f89348,473.25,4,8388608,5476083302,0,0,5476083302,,android,armeabi-v7a
ant254e158c247c23c87a951a3856372,13.42,4,2056184,3350074490,0,0,3350074490,,android,armeabi-v7a
ant2e04bc206b8763ad586804b64df94,84.4,4,4003316,121440200294,0,0,121440200294,,android,armeabi-v7a
5725baace592361a032647a8b3219b98,2000.0,32,16119020,1924145348608,0,1649267441664,274877906944,,linux,
ant2479565f8a29e3e76af332362d2af,68.37,4,4003376,121440200294,0,0,121440200294,,android,armeabi-v7a
antec940139b1491fcbc836ed4f37548,883.16,24,16087072,1120234844979,0,1000190509056,120044335923,,linux,x86_64
ant23ae791a69ab13a698e261c204deb,98.3,4,1048576,5100273664,0,0,5100273664,,android,armeabi-v7a
ant20f2f146d7e3c3ab1ac6c35f1e2be,3.97,4,2097152,5637144576,0,0,5637144576,,android,armeabi-v7a
ant2d8d6255b06f831faa746e74aa421,62.79,4,2019608,58100170096,0,0,58100170096,,android,armeabi-v7a
ant251525e429c353c49ab3f4d9efcf4,130.16,4,2025236,10930691768,0,0,10930691768,,android,armeabi-v7a
e1f713028ab4b197f9757cbf4ab43ecf,2000.0,48,24347808,3793315115827,0,3518437208883,274877906944,,linux,
ant2baca2c4d6e753d52927ec12e5f9a,30.9,4,1048576,5304284610,0,0,5304284610,,android,armeabi-v7a
ant26ab5fb85a91a39f5b15d9fdd9db7,37.326,4,1048576,4928474972,0,0,4928474972,,android,armeabi-v7a
ant2898faf61e78f3be18680f04c9c51,15.97,4,2052184,4423816314,0,0,4423816314,,android,armeabi-v7a
ant21e20702d059b32849fca86fca9bc,16.52,4,2052184,27605902295,0,0,27605902295,,android,armeabi-v7a
