node_id,business,business_name,business_online_day,online_day,outcome_days,cum_cost_7d,cum_revenue_7d
000b55c2817954c7dd6169bed0e4ee6b,10000019,B站盒子,2026-03-16,2026-03-16,7,463.88,1376.98
000b55c2817954c7dd6169bed0e4ee6b,10000034,优酷专线,2026-08-03,2026-03-16,7,797.37,2110.5
000b55c2817954c7dd6169bed0e4ee6b,10000183,B站专线-盒子,2026-06-01,2026-03-16,7,672.05,962.39
000b55c2817954c7dd6169bed0e4ee6b,1380317970,快手点播,2026-04-16,2026-03-16,7,272.77,331.99
000b55c2817954c7dd6169bed0e4ee6b,4200000001,七牛CDN-虚拟业务4200000001,2026-05-12,2026-03-16,7,113.35,0.0
000df5b634c105b55651a58e8c966b79,10000019,B站盒子,2026-05-01,2026-04-01,7,2296.84,2294.23
000df5b634c105b55651a58e8c966b79,10000278,七牛CDN-虚拟业务10000278,2026-04-01,2026-04-01,7,145.41,129.19
000df5b634c105b55651a58e8c966b79,10000279,七牛特招-虚拟业务10000279,2026-04-01,2026-04-01,7,142.76,82.2
000df5b634c105b55651a58e8c966b79,10000280,七牛CDN-ZJ月95,2026-04-01,2026-04-01,7,712.78,659.1
000df5b634c105b55651a58e8c966b79,10000292,七牛CDN-虚拟业务10000292,2026-04-14,2026-04-01,7,261.39,176.9
000df5b634c105b55651a58e8c966b79,10000295,七牛CDN-虚拟业务10000295,2026-08-31,2026-04-01,7,6.74,84.09
007b8446c56ec4023d75500db0bc202d,10000278,七牛CDN-虚拟业务10000278,2026-07-07,2026-07-07,7,3.54,4.5
007b8446c56ec4023d75500db0bc202d,10000292,七牛CDN-虚拟业务10000292,2026-07-07,2026-07-07,7,95.35,117.44
03221681b07c02499b720c89c7ea2131,10000278,七牛CDN-虚拟业务10000278,2026-06-30,2026-06-30,7,11.35,12.72
03221681b07c02499b720c89c7ea2131,10000292,七牛CDN-虚拟业务10000292,2026-06-30,2026-06-30,7,87.18,99.75
03a5b4ed45fb407ed23e9415add08a8c,10000175,百度网盘专线,2026-04-13,2026-04-13,7,530.83,346.17
03a5b4ed45fb407ed23e9415add08a8c,10000183,B站专线-盒子,2026-07-10,2026-04-13,7,1098.79,3963.34
03f4d7d6fab6db3683e0c31993629fc1,10000278,七牛CDN-虚拟业务10000278,2026-07-28,2026-07-28,7,4.39,2.52
03f4d7d6fab6db3683e0c31993629fc1,10000292,七牛CDN-虚拟业务10000292,2026-07-28,2026-07-28,7,87.74,97.69
04512f0c39d778725ea33c264f76a8ba,10000244,B站专线-盒子V2,2026-04-28,2026-04-28,7,368.58,373.45
04512f0c39d778725ea33c264f76a8ba,10000278,七牛CDN-虚拟业务10000278,2026-05-08,2026-04-28,7,3.31,2.38
04512f0c39d778725ea33c264f76a8ba,10000292,七牛CDN-虚拟业务10000292,2026-05-08,2026-04-28,7,333.92,387.62
04c4b20f69ad63d0fbbe2d467d3693d9,10000278,七牛CDN-虚拟业务10000278,2026-06-29,2026-06-29,7,2.71,4.41
04c4b20f69ad63d0fbbe2d467d3693d9,10000292,七牛CDN-虚拟业务10000292,2026-06-29,2026-06-29,7,97.75,104.26
04e22e797850bcceee5b626cf6d364d9,10000001,百度拨测,2026-05-01,2026-05-01,7,0.08,0.0
04e22e797850bcceee5b626cf6d364d9,10000064,百度小度,2026-05-01,2026-05-01,7,291.01,307.56
05f1bf977ddc2449ed9fbd47e20f925d,10000278,七牛CDN-虚拟业务10000278,2026-06-15,2026-06-15,7,33.06,38.89
05f1bf977ddc2449ed9fbd47e20f925d,10000292,七牛CDN-虚拟业务10000292,2026-06-15,2026-06-15,7,2475.79,320.72
06ae59111218114d114add0aababd212,10000069,腾讯汇聚P2P,2026-05-19,2026-03-16,7,1178.03,1720.59
06ae59111218114d114add0aababd212,10000096,字节架构专线V3,2026-03-16,2026-03-16,7,1424.98,1474.49
07ad3d64c7d65234e5518876bf5339c0,10000020,B站专线,2026-07-08,2026-06-16,7,4201.52,4309.43
07ad3d64c7d65234e5518876bf5339c0,10000278,七牛CDN-虚拟业务10000278,2026-06-17,2026-06-16,7,235.58,281.71
07ad3d64c7d65234e5518876bf5339c0,10000279,七牛特招-虚拟业务10000279,2026-06-17,2026-06-16,7,2173.98,2492.05
07ad3d64c7d65234e5518876bf5339c0,10000281,七牛特招-虚拟业务10000281,2026-06-17,2026-06-16,7,2388.36,2459.19
07ad3d64c7d65234e5518876bf5339c0,10000292,七牛CDN-虚拟业务10000292,2026-06-16,2026-06-16,7,151.44,185.63
0872f6efb56675c96b35b501c1ae042f,10000069,腾讯汇聚P2P,2026-05-13,2026-05-13,7,1086.17,1515.14
0872f6efb56675c96b35b501c1ae042f,10000079,字节架构汇聚V2,2026-07-06,2026-05-13,7,919.79,1252.94
0872f6efb56675c96b35b501c1ae042f,10000299,天翼云分时专线,2026-06-09,2026-05-13,7,511.63,900.55
09fb38a737830002a164ac55e58bb0e2,10000278,七牛CDN-虚拟业务10000278,2026-04-01,2026-03-16,7,113.91,124.65
09fb38a737830002a164ac55e58bb0e2,10000279,七牛特招-虚拟业务10000279,2026-04-01,2026-03-16,7,415.04,435.43
09fb38a737830002a164ac55e58bb0e2,10000280,七牛CDN-ZJ月95,2026-04-01,2026-03-16,7,1056.26,1422.17
09fb38a737830002a164ac55e58bb0e2,10000281,七牛特招-虚拟业务10000281,2026-04-01,2026-03-16,7,1808.2,2255.21
09fb38a737830002a164ac55e58bb0e2,10000292,七牛CDN-虚拟业务10000292,2026-04-14,2026-03-16,7,1110.51,1345.77
09fb38a737830002a164ac55e58bb0e2,10000295,七牛CDN-虚拟业务10000295,2026-04-24,2026-03-16,7,23.58,65.82
09fb38a737830002a164ac55e58bb0e2,10000316,金山云闲时20,2026-07-23,2026-03-16,7,272.48,78.79
09fb38a737830002a164ac55e58bb0e2,1380460970,七牛CDN,2026-03-16,2026-03-16,7,2967.19,4530.97
0a9217ba1e5b39fed8b9edae31f5ce94,10000278,七牛CDN-虚拟业务10000278,2026-06-29,2026-06-29,7,3.67,8.98
0a9217ba1e5b39fed8b9edae31f5ce94,10000292,七牛CDN-虚拟业务10000292,2026-06-29,2026-06-29,7,96.62,104.37
0ad0f1e024632469b458f49b82fe87d1,10000074,腾讯直连独立,2026-03-16,2026-03-16,7,3766.72,4603.49
0ad0f1e024632469b458f49b82fe87d1,10000278,七牛CDN-虚拟业务10000278,2026-04-03,2026-03-16,7,173.27,166.52
0ad0f1e024632469b458f49b82fe87d1,10000279,七牛特招-虚拟业务10000279,2026-04-03,2026-03-16,7,526.29,557.31
0ad0f1e024632469b458f49b82fe87d1,10000280,七牛CDN-ZJ月95,2026-04-04,2026-03-16,7,163.31,272.33
0ad0f1e024632469b458f49b82fe87d1,10000281,七牛特招-虚拟业务10000281,2026-04-03,2026-03-16,7,1902.61,2334.06
0ad0f1e024632469b458f49b82fe87d1,10000292,七牛CDN-虚拟业务10000292,2026-04-14,2026-03-16,7,144.58,198.22
0ad0f1e024632469b458f49b82fe87d1,10000295,七牛CDN-虚拟业务10000295,2026-04-24,2026-03-16,7,33.48,30.53
0bce53545abee11333c3be2b9e99d1fc,10000278,七牛CDN-虚拟业务10000278,2026-04-01,2026-03-21,7,207.56,196.02
0bce53545abee11333c3be2b9e99d1fc,10000279,七牛特招-虚拟业务10000279,2026-04-01,2026-03-21,7,401.1,494.02
0bce53545abee11333c3be2b9e99d1fc,10000280,七牛CDN-ZJ月95,2026-04-01,2026-03-21,7,314.59,316.14
0bce53545abee11333c3be2b9e99d1fc,10000281,七牛特招-虚拟业务10000281,2026-04-01,2026-03-21,7,3718.7,4129.22
0bce53545abee11333c3be2b9e99d1fc,10000292,七牛CDN-虚拟业务10000292,2026-04-14,2026-03-21,7,306.37,358.07
0bce53545abee11333c3be2b9e99d1fc,10000295,七牛CDN-虚拟业务10000295,2026-04-24,2026-03-21,7,41.76,14.36
0bce53545abee11333c3be2b9e99d1fc,1380460970,七牛CDN,2026-03-21,2026-03-21,7,4287.1,4732.71
0c4a095462ccc1f680d4e13e9c943cdf,10000019,B站盒子,2026-04-07,2026-03-16,7,3.1,4.65
0c4a095462ccc1f680d4e13e9c943cdf,10000122,金山云汇聚ern,2026-03-16,2026-03-16,7,0.0,0.19
0cf859a32528523bcf2d4e63e323777c,10000244,B站专线-盒子V2,2026-03-26,2026-03-16,7,870.25,1019.96
0cf859a32528523bcf2d4e63e323777c,10000278,七牛CDN-虚拟业务10000278,2026-07-25,2026-03-16,7,96.06,214.22
0cf859a32528523bcf2d4e63e323777c,10000292,七牛CDN-虚拟业务10000292,2026-07-25,2026-03-16,7,554.57,792.53
0cf859a32528523bcf2d4e63e323777c,1380317970,快手点播,2026-03-16,2026-03-16,7,708.23,873.63
0d7ce0bf2ce7cf0a4f8218facb6c73e3,10000001,百度拨测,2026-05-19,2026-04-28,7,0.1,0.0
0d7ce0bf2ce7cf0a4f8218facb6c73e3,10000064,百度小度,2026-04-28,2026-04-28,7,416.6,551.31
0f171496799d522242cc86533c2c753a,10000037,天翼云专线,2026-05-23,2026-03-21,7,1840.92,2699.89
0f171496799d522242cc86533c2c753a,10000079,字节架构汇聚V2,2026-06-05,2026-03-21,7,103.66,7.28
0f171496799d522242cc86533c2c753a,10000096,字节架构专线V3,2026-03-21,2026-03-21,7,2171.66,2775.25
0f171496799d522242cc86533c2c753a,10000294,优酷汇聚晚高峰,2026-08-28,2026-03-21,7,72.44,116.69
0f171496799d522242cc86533c2c753a,10000316,金山云闲时20,2026-07-23,2026-03-21,7,1304.31,2015.97
0f25e0e6637045df48fb11b6624aa6c4,10000000,腾讯汇聚直连,2026-07-27,2026-03-20,7,2545.81,3114.84
0f25e0e6637045df48fb11b6624aa6c4,10000069,腾讯汇聚P2P,2026-04-24,2026-03-20,7,1041.5,1890.95
0f25e0e6637045df48fb11b6624aa6c4,10000079,字节架构汇聚V2,2026-04-09,2026-03-20,7,1191.79,1803.5
0f25e0e6637045df48fb11b6624aa6c4,1380460970,七牛CDN,2026-03-20,2026-03-20,7,0.0,1343.61
0fbe11fa24050650ecc6009b2cbf27f0,10000001,百度拨测,2026-03-16,2026-03-16,7,0.12,0.0
0fbe11fa24050650ecc6009b2cbf27f0,10000034,优酷专线,2026-03-16,2026-03-16,7,2216.33,2921.43
0fee1cf32e2b0e9dfe7b7cd20d1c46a6,10000079,字节架构汇聚V2,2026-05-15,2026-03-16,7,1476.92,958.99
0fee1cf32e2b0e9dfe7b7cd20d1c46a6,10000294,优酷汇聚晚高峰,2026-08-21,2026-03-16,7,839.15,352.28
0fee1cf32e2b0e9dfe7b7cd20d1c46a6,10000295,七牛CDN-虚拟业务10000295,2026-07-01,2026-03-16,7,82.34,70.09
0fee1cf32e2b0e9dfe7b7cd20d1c46a6,1380317970,快手点播,2026-03-16,2026-03-16,7,3279.96,3035.08
0fee1cf32e2b0e9dfe7b7cd20d1c46a6,4200000001,七牛CDN-虚拟业务4200000001,2026-07-22,2026-03-16,7,72.71,0.0
1119efedb549eba01c94a1d46d8c0fb8,10000074,腾讯直连独立,2026-03-16,2026-03-16,7,3834.15,623.85
1119efedb549eba01c94a1d46d8c0fb8,10000278,七牛CDN-虚拟业务10000278,2026-04-01,2026-03-16,7,258.54,162.25
1119efedb549eba01c94a1d46d8c0fb8,10000279,七牛特招-虚拟业务10000279,2026-04-01,2026-03-16,7,384.0,417.25
1119efedb549eba01c94a1d46d8c0fb8,10000280,七牛CDN-ZJ月95,2026-04-01,2026-03-16,7,916.86,554.18
1119efedb549eba01c94a1d46d8c0fb8,10000281,七牛特招-虚拟业务10000281,2026-04-01,2026-03-16,7,2578.94,3371.28
1119efedb549eba01c94a1d46d8c0fb8,10000292,七牛CDN-虚拟业务10000292,2026-04-14,2026-03-16,7,507.76,358.38
1119efedb549eba01c94a1d46d8c0fb8,10000304,快手严选,2026-07-01,2026-03-16,7,5121.24,5959.82
116dff72698b991c71e1fdebdf483120,10000019,B站盒子,2026-05-01,2026-03-16,7,0.0,488.53
116dff72698b991c71e1fdebdf483120,10000074,腾讯直连独立,2026-03-16,2026-03-16,7,1040.37,1045.02
116dff72698b991c71e1fdebdf483120,10000079,字节架构汇聚V2,2026-08-04,2026-03-16,7,0.0,261.47
11a8aa45ffda137c043a973786a535b6,10000064,百度小度,2026-04-26,2026-04-26,7,988.51,950.44
11a8aa45ffda137c043a973786a535b6,10000278,七牛CDN-虚拟业务10000278,2026-05-05,2026-04-26,7,168.3,133.99
11a8aa45ffda137c043a973786a535b6,10000282,七牛CDN-虚拟业务10000282,2026-07-07,2026-04-26,7,279.41,443.82
11a8aa45ffda137c043a973786a535b6,10000292,七牛CDN-虚拟业务10000292,2026-05-05,2026-04-26,7,492.76,536.36
1459bdcef5cb3f188cb82b03fb8476df,10000065,B站专线-mp,2026-03-16,2026-03-16,7,1396.26,1474.9
1459bdcef5cb3f188cb82b03fb8476df,10000069,腾讯汇聚P2P,2026-08-07,2026-03-16,7,546.2,1106.71
1459bdcef5cb3f188cb82b03fb8476df,10000074,腾讯直连独立,2026-07-07,2026-03-16,7,789.62,1358.37
1459bdcef5cb3f188cb82b03fb8476df,10000088,字节CDN汇聚V2,2026-05-26,2026-03-16,7,735.64,929.69
14c09563c4c9e26d1965e817195ca9d7,10000001,百度拨测,2026-08-05,2026-03-16,7,0.14,0.0
14c09563c4c9e26d1965e817195ca9d7,10000034,优酷专线,2026-03-16,2026-03-16,7,1906.73,2200.99
177e2755d6a73bc13128a99616d59cd3,10000001,百度拨测,2026-03-31,2026-03-31,7,0.16,0.0
177e2755d6a73bc13128a99616d59cd3,10000064,百度小度,2026-03-31,2026-03-31,7,158.03,193.09
177e2755d6a73bc13128a99616d59cd3,10000079,字节架构汇聚V2,2026-05-02,2026-03-31,7,226.58,239.84
17b6cb415d080574abbdbeab786bd9a7,10000096,字节架构专线V3,2026-03-16,2026-03-16,7,1221.94,1958.35
17b6cb415d080574abbdbeab786bd9a7,10000278,七牛CDN-虚拟业务10000278,2026-06-18,2026-03-16,7,3.11,3.76
17b6cb415d080574abbdbeab786bd9a7,10000279,七牛特招-虚拟业务10000279,2026-06-19,2026-03-16,7,239.03,348.83
17b6cb415d080574abbdbeab786bd9a7,10000281,七牛特招-虚拟业务10000281,2026-06-19,2026-03-16,7,198.78,251.05
17b6cb415d080574abbdbeab786bd9a7,10000292,七牛CDN-虚拟业务10000292,2026-06-19,2026-03-16,7,38.71,43.67
1a4cfe597002674dbf4e4da2ecbf9000,10000069,腾讯汇聚P2P,2026-05-12,2026-03-16,7,2930.22,3525.69
1a4cfe597002674dbf4e4da2ecbf9000,1380317970,快手点播,2026-03-16,2026-03-16,7,1419.09,2787.27
1a6db5a7f2164ca74e9cacbf7db2d827,10000034,优酷专线,2026-07-24,2026-03-16,7,1917.18,1685.58
1a6db5a7f2164ca74e9cacbf7db2d827,10000103,,2026-03-16,2026-03-16,7,4074.55,4819.93
1a6db5a7f2164ca74e9cacbf7db2d827,10000183,B站专线-盒子,2026-04-02,2026-03-16,7,1484.97,2006.68
1a6db5a7f2164ca74e9cacbf7db2d827,10000278,七牛CDN-虚拟业务10000278,2026-05-22,2026-03-16,7,109.72,298.37
1a6db5a7f2164ca74e9cacbf7db2d827,10000279,七牛特招-虚拟业务10000279,2026-05-24,2026-03-16,7,412.12,515.56
1a6db5a7f2164ca74e9cacbf7db2d827,10000281,七牛特招-虚拟业务10000281,2026-05-24,2026-03-16,7,527.04,791.87
1a6db5a7f2164ca74e9cacbf7db2d827,10000292,七牛CDN-虚拟业务10000292,2026-05-25,2026-03-16,7,229.83,398.9
1a6db5a7f2164ca74e9cacbf7db2d827,10000295,七牛CDN-虚拟业务10000295,2026-05-22,2026-03-16,7,129.39,12.77
1a6db5a7f2164ca74e9cacbf7db2d827,1380317970,快手点播,2026-05-13,2026-03-16,7,658.8,1372.82
1cb0494a83e2c7513a461c6fb0f616f8,10000019,B站盒子,2026-08-05,2026-05-27,7,282.7,375.38
1cb0494a83e2c7513a461c6fb0f616f8,10000079,字节架构汇聚V2,2026-05-27,2026-05-27,7,137.78,151.62
1db16f2587779d392e59508815a8a20a,10000019,B站盒子,2026-07-05,2026-03-16,7,2759.52,1939.41
1db16f2587779d392e59508815a8a20a,1381526443,爱奇艺,2026-03-16,2026-03-16,7,1186.48,2213.85
1db16f2587779d392e59508815a8a20a,4200000001,七牛CDN-虚拟业务4200000001,2026-04-08,2026-03-16,7,99.69,0.0
1e0fcd16a149f1b69e53d7bcec3bb235,10000224,字节CDN专线V4,2026-05-11,2026-04-24,7,803.92,1079.58
1e0fcd16a149f1b69e53d7bcec3bb235,1382680008,字节CDN专线,2026-04-24,2026-04-24,7,816.98,741.61
1e12af3948175774ed7706c33b6edf0e,10000019,B站盒子,2026-04-08,2026-04-01,7,1456.14,1936.53
1e12af3948175774ed7706c33b6edf0e,10000069,腾讯汇聚P2P,2026-04-01,2026-04-01,7,1623.75,2396.62
1e12af3948175774ed7706c33b6edf0e,10000278,七牛CDN-虚拟业务10000278,2026-07-01,2026-04-01,7,221.87,194.4
1e12af3948175774ed7706c33b6edf0e,10000279,七牛特招-虚拟业务10000279,2026-07-01,2026-04-01,7,768.84,756.29
1e12af3948175774ed7706c33b6edf0e,10000281,七牛特招-虚拟业务10000281,2026-07-01,2026-04-01,7,1992.83,1783.34
1e12af3948175774ed7706c33b6edf0e,10000292,七牛CDN-虚拟业务10000292,2026-07-01,2026-04-01,7,388.71,429.64
1e2ff6038c421a05901e6115d14b2555,10000019,B站盒子,2026-04-08,2026-04-01,7,1594.13,1894.39
1e2ff6038c421a05901e6115d14b2555,10000069,腾讯汇聚P2P,2026-04-01,2026-04-01,7,1683.63,2458.4
1e2ff6038c421a05901e6115d14b2555,10000079,字节架构汇聚V2,2026-07-01,2026-04-01,7,3351.52,5091.13
1ec0fe15a2c9c509e406615a3ad5485c,10000278,七牛CDN-虚拟业务10000278,2026-06-03,2026-03-16,7,1218.59,2507.11
1ec0fe15a2c9c509e406615a3ad5485c,10000292,七牛CDN-虚拟业务10000292,2026-06-03,2026-03-16,7,2719.03,1134.09
1ec0fe15a2c9c509e406615a3ad5485c,10000295,七牛CDN-虚拟业务10000295,2026-06-03,2026-03-16,7,51.19,45.02
1ec0fe15a2c9c509e406615a3ad5485c,1381526443,爱奇艺,2026-03-16,2026-03-16,7,3093.2,4622.33
1f9d9ee4dcace5501aa7ef82e3316396,10000019,B站盒子,2026-08-16,2026-03-16,7,4.92,5.87
1f9d9ee4dcace5501aa7ef82e3316396,10000278,七牛CDN-虚拟业务10000278,2026-08-01,2026-03-16,7,6.35,16.9
1f9d9ee4dcace5501aa7ef82e3316396,10000292,七牛CDN-虚拟业务10000292,2026-08-01,2026-03-16,7,148.65,301.68
1f9d9ee4dcace5501aa7ef82e3316396,1380389889,爱奇艺盒子,2026-03-16,2026-03-16,7,311.48,416.02
1fd5b1ee4ee7de0d5085f0cc0c4e8613,10000096,字节架构专线V3,2026-05-08,2026-04-03,7,2069.0,2605.7
1fd5b1ee4ee7de0d5085f0cc0c4e8613,10000279,七牛特招-虚拟业务10000279,2026-06-19,2026-04-03,7,1432.62,2377.96
1fd5b1ee4ee7de0d5085f0cc0c4e8613,10000281,七牛特招-虚拟业务10000281,2026-06-19,2026-04-03,7,1457.07,1864.91
1fd5b1ee4ee7de0d5085f0cc0c4e8613,10000292,七牛CDN-虚拟业务10000292,2026-06-19,2026-04-03,7,141.24,255.35
1fd5b1ee4ee7de0d5085f0cc0c4e8613,1382649737,腾讯专线,2026-04-03,2026-04-03,7,359.74,584.92
2223b1f1afb383b65945e9867ab60b27,10000078,七牛特招,2026-03-19,2026-03-19,7,352.46,295.38
2223b1f1afb383b65945e9867ab60b27,10000278,七牛CDN-虚拟业务10000278,2026-04-01,2026-03-19,7,102.97,159.78
2223b1f1afb383b65945e9867ab60b27,10000280,七牛CDN-ZJ月95,2026-04-01,2026-03-19,7,57.67,65.88
2223b1f1afb383b65945e9867ab60b27,1380317970,快手点播,2026-06-08,2026-03-19,7,28.73,15.72
23495a2f3aa75c2d14d56a5625abda4a,10000278,七牛CDN-虚拟业务10000278,2026-08-26,2026-08-26,7,0.08,0.13
23495a2f3aa75c2d14d56a5625abda4a,10000292,七牛CDN-虚拟业务10000292,2026-08-26,2026-08-26,7,67.27,86.5
251b8b7396c7ed8c63f2a21810d884c4,10000020,B站专线,2026-06-03,2026-03-16,7,546.18,242.59
251b8b7396c7ed8c63f2a21810d884c4,10000034,优酷专线,2026-08-06,2026-03-16,7,3777.4,5423.97
251b8b7396c7ed8c63f2a21810d884c4,10000278,七牛CDN-虚拟业务10000278,2026-04-01,2026-03-16,7,0.12,0.0
251b8b7396c7ed8c63f2a21810d884c4,10000279,七牛特招-虚拟业务10000279,2026-04-22,2026-03-16,7,1325.66,1440.16
251b8b7396c7ed8c63f2a21810d884c4,10000280,七牛CDN-ZJ月95,2026-04-01,2026-03-16,7,5327.98,4600.19
251b8b7396c7ed8c63f2a21810d884c4,10000281,七牛特招-虚拟业务10000281,2026-04-22,2026-03-16,7,2573.98,2482.62
251b8b7396c7ed8c63f2a21810d884c4,10000292,七牛CDN-虚拟业务10000292,2026-04-14,2026-03-16,7,4824.58,4464.38
251b8b7396c7ed8c63f2a21810d884c4,10000295,七牛CDN-虚拟业务10000295,2026-04-24,2026-03-16,7,40.86,31.3
251b8b7396c7ed8c63f2a21810d884c4,1380317970,快手点播,2026-05-28,2026-03-16,7,208.62,272.59
251b8b7396c7ed8c63f2a21810d884c4,1380460970,七牛CDN,2026-03-16,2026-03-16,7,5174.29,6026.6
2637b4d27acb0bb91d5da1e3862a2008,10000278,七牛CDN-虚拟业务10000278,2026-08-02,2026-08-02,7,38.5,82.74
2637b4d27acb0bb91d5da1e3862a2008,10000292,七牛CDN-虚拟业务10000292,2026-08-02,2026-08-02,7,278.83,258.51
26929f3976c1df9fdd92e934fbe414af,10000037,天翼云专线,2026-05-08,2026-04-09,7,2008.01,2323.81
26929f3976c1df9fdd92e934fbe414af,10000069,腾讯汇聚P2P,2026-04-09,2026-04-09,7,1271.98,1960.02
26929f3976c1df9fdd92e934fbe414af,10000079,字节架构汇聚V2,2026-06-27,2026-04-09,7,585.63,1733.94
26b9612bace35d69da28ad07f012df1a,10000069,腾讯汇聚P2P,2026-07-25,2026-07-17,7,876.74,1557.31
26b9612bace35d69da28ad07f012df1a,10000294,优酷汇聚晚高峰,2026-07-17,2026-07-17,7,343.75,534.65
27d1fa00a236910c596f452e85b301d9,10000278,七牛CDN-虚拟业务10000278,2026-07-14,2026-07-14,7,4.97,9.73
27d1fa00a236910c596f452e85b301d9,10000292,七牛CDN-虚拟业务10000292,2026-07-14,2026-07-14,7,90.67,121.93
282c470a4d7b933313ae2da6bfa87f14,10000278,七牛CDN-虚拟业务10000278,2026-07-04,2026-07-04,7,33.68,31.28
282c470a4d7b933313ae2da6bfa87f14,10000292,七牛CDN-虚拟业务10000292,2026-07-04,2026-07-04,7,528.46,678.42
28920fc012e4efc7705f222578429b0e,10000278,七牛CDN-虚拟业务10000278,2026-07-08,2026-07-08,7,0.52,0.18
28920fc012e4efc7705f222578429b0e,10000292,七牛CDN-虚拟业务10000292,2026-07-08,2026-07-08,7,96.46,121.73
28e48a5b747aacdbf4a459e470f5fe96,10000278,七牛CDN-虚拟业务10000278,2026-07-21,2026-07-21,7,120.15,225.56
28e48a5b747aacdbf4a459e470f5fe96,10000292,七牛CDN-虚拟业务10000292,2026-07-21,2026-07-21,7,705.01,935.0
29f56cb230cf579923ecf7d7acdd855b,10000278,七牛CDN-虚拟业务10000278,2026-06-30,2026-06-30,7,109.33,247.13
29f56cb230cf579923ecf7d7acdd855b,10000292,七牛CDN-虚拟业务10000292,2026-06-30,2026-06-30,7,1985.26,2502.18
2bedfd273a341220f457b34149ddb69b,10000069,腾讯汇聚P2P,2026-03-30,2026-03-30,7,1255.37,1645.76
2bedfd273a341220f457b34149ddb69b,10000079,字节架构汇聚V2,2026-05-07,2026-03-30,7,1379.14,2107.88
2c43aa762bd5cd2fd3c44d849634a4b5,10000001,百度拨测,2026-03-16,2026-03-16,7,0.07,0.0
2c43aa762bd5cd2fd3c44d849634a4b5,10000064,百度小度,2026-03-16,2026-03-16,7,15.13,16.63
2d9f59c138d3c8768252c3b70b4c4b08,10000278,七牛CDN-虚拟业务10000278,2026-07-03,2026-07-03,7,0.96,2.73
2d9f59c138d3c8768252c3b70b4c4b08,10000292,七牛CDN-虚拟业务10000292,2026-07-03,2026-07-03,7,79.69,98.19
2e52e916185dffb82a130d7c131b3d91,10000096,字节架构专线V3,2026-04-13,2026-03-16,7,501.53,288.14
2e52e916185dffb82a130d7c131b3d91,10000177,百度网盘专线-ANT,2026-03-16,2026-03-16,7,1432.88,2362.21
2e52e916185dffb82a130d7c131b3d91,10000276,33792斯锐德江苏泰州电信-叠加in,2026-05-07,2026-03-16,7,0.0,26.74
2e52e916185dffb82a130d7c131b3d91,10000278,七牛CDN-虚拟业务10000278,2026-04-25,2026-03-16,7,119.88,157.18
2e52e916185dffb82a130d7c131b3d91,10000279,七牛特招-虚拟业务10000279,2026-04-25,2026-03-16,7,374.24,420.56
2e52e916185dffb82a130d7c131b3d91,10000281,七牛特招-虚拟业务10000281,2026-04-25,2026-03-16,7,528.45,597.65
2e52e916185dffb82a130d7c131b3d91,10000292,七牛CDN-虚拟业务10000292,2026-04-25,2026-03-16,7,87.3,72.53
2e52e916185dffb82a130d7c131b3d91,10000294,优酷汇聚晚高峰,2026-07-22,2026-03-16,7,1435.63,1188.71
2e52e916185dffb82a130d7c131b3d91,10000295,七牛CDN-虚拟业务10000295,2026-04-25,2026-03-16,7,2.27,49.75
2ea08de9ed33daabaf6d8c855285f48a,10000001,百度拨测,2026-08-08,2026-08-08,7,0.14,0.0
2ea08de9ed33daabaf6d8c855285f48a,10000064,百度小度,2026-08-08,2026-08-08,7,1017.59,1207.35
2f6941eefc9edaa79538f5346f846e53,10000183,B站专线-盒子,2026-07-28,2026-04-29,7,3738.87,3259.03
2f6941eefc9edaa79538f5346f846e53,10000278,七牛CDN-虚拟业务10000278,2026-04-29,2026-04-29,7,24.64,13.24
2f6941eefc9edaa79538f5346f846e53,10000279,七牛特招-虚拟业务10000279,2026-04-29,2026-04-29,7,92.34,76.82
2f6941eefc9edaa79538f5346f846e53,10000281,七牛特招-虚拟业务10000281,2026-04-29,2026-04-29,7,230.49,258.12
2f6941eefc9edaa79538f5346f846e53,10000292,七牛CDN-虚拟业务10000292,2026-04-29,2026-04-29,7,33.24,37.89
30902e3e5ba50c8832ccd447155e4531,10000001,百度拨测,2026-08-26,2026-07-09,7,0.11,0.0
30902e3e5ba50c8832ccd447155e4531,10000278,七牛CDN-虚拟业务10000278,2026-07-09,2026-07-09,7,89.82,71.52
30902e3e5ba50c8832ccd447155e4531,10000292,七牛CDN-虚拟业务10000292,2026-07-09,2026-07-09,7,2208.46,2556.79
312b172a4b848df3a388d84395bb5f63,10000079,字节架构汇聚V2,2026-05-20,2026-05-20,7,755.14,1297.21
312b172a4b848df3a388d84395bb5f63,10000088,字节CDN汇聚V2,2026-07-29,2026-05-20,7,3716.99,5504.75
3136f91554dd22a2df464243266702be,10000001,百度拨测,2026-03-16,2026-03-16,7,0.14,0.0
3136f91554dd22a2df464243266702be,1381526443,爱奇艺,2026-03-16,2026-03-16,7,795.56,1373.31
3232b8c206977fa4bd842b47155921a0,10000064,百度小度,2026-03-23,2026-03-23,7,108.74,200.25
3232b8c206977fa4bd842b47155921a0,10000244,B站专线-盒子V2,2026-04-26,2026-03-23,7,560.1,585.71
32659ff51ec90773721140caebb864fd,10000278,七牛CDN-虚拟业务10000278,2026-06-30,2026-06-30,7,4.84,10.4
32659ff51ec90773721140caebb864fd,10000292,七牛CDN-虚拟业务10000292,2026-06-30,2026-06-30,7,95.01,106.49
34fa19394a3007942dad57900a5f80db,10000020,B站专线,2026-06-22,2026-03-16,7,1264.04,1410.88
34fa19394a3007942dad57900a5f80db,10000069,腾讯汇聚P2P,2026-08-20,2026-03-16,7,814.25,429.66
34fa19394a3007942dad57900a5f80db,10000278,七牛CDN-虚拟业务10000278,2026-04-01,2026-03-16,7,756.38,804.24
34fa19394a3007942dad57900a5f80db,10000280,七牛CDN-ZJ月95,2026-04-01,2026-03-16,7,2398.97,1840.39
34fa19394a3007942dad57900a5f80db,10000292,七牛CDN-虚拟业务10000292,2026-04-14,2026-03-16,7,2079.41,1466.04
34fa19394a3007942dad57900a5f80db,1380460970,七牛CDN,2026-03-16,2026-03-16,7,3495.02,3168.77
35c5bc2903d26e7b0297b68f5452dc40,10000065,B站专线-mp,2026-08-01,2026-03-16,7,2601.85,3495.64
35c5bc2903d26e7b0297b68f5452dc40,10000175,百度网盘专线,2026-03-16,2026-03-16,7,769.96,1047.59
35c5bc2903d26e7b0297b68f5452dc40,1380317970,快手点播,2026-05-04,2026-03-16,7,3441.48,3423.3
35fabccef4120739dd102611e6381f82,10000292,七牛CDN-虚拟业务10000292,2026-04-14,2026-03-16,7,167.57,218.98
35fabccef4120739dd102611e6381f82,1380460970,七牛CDN,2026-03-16,2026-03-16,7,2987.94,4956.99
379fefbfe3198b6f91da0c0b477217d6,10000037,天翼云专线,2026-06-22,2026-04-23,7,2774.05,3168.59
379fefbfe3198b6f91da0c0b477217d6,1382649737,腾讯专线,2026-04-23,2026-04-23,7,4944.54,5390.58
37f125d65e4461e1a21ac44be42c2182,10000001,百度拨测,2026-04-21,2026-04-06,7,0.09,0.0
37f125d65e4461e1a21ac44be42c2182,10000064,百度小度,2026-04-13,2026-04-06,7,248.01,314.0
37f125d65e4461e1a21ac44be42c2182,10000079,字节架构汇聚V2,2026-04-06,2026-04-06,7,110.04,106.51
37f125d65e4461e1a21ac44be42c2182,10000304,快手严选,2026-07-16,2026-04-06,7,366.7,481.17
38ab1567b017f299ef4347571e76599d,10000074,腾讯直连独立,2026-07-14,2026-07-14,7,1042.81,1327.78
38ab1567b017f299ef4347571e76599d,10000088,字节CDN汇聚V2,2026-08-11,2026-07-14,7,1153.76,1453.94
38ad8c663b22e2cb234a24606a35e9ae,10000088,字节CDN汇聚V2,2026-04-01,2026-03-16,7,1803.3,1757.73
38ad8c663b22e2cb234a24606a35e9ae,10000210,字节CDN汇聚V3,2026-03-16,2026-03-16,7,2760.73,3055.04
38f060bbc3914145f280e157832d5bc1,10000069,腾讯汇聚P2P,2026-03-31,2026-03-31,7,1610.18,2576.18
38f060bbc3914145f280e157832d5bc1,10000312,金山云闲时,2026-08-26,2026-03-31,7,911.09,1207.12
38ff2638704f8e694cae2c5ddc6528f4,10000019,B站盒子,2026-05-21,2026-03-16,7,645.35,1298.88
38ff2638704f8e694cae2c5ddc6528f4,10000079,字节架构汇聚V2,2026-03-16,2026-03-16,7,282.96,273.23
38ff2638704f8e694cae2c5ddc6528f4,10000096,字节架构专线V3,2026-04-13,2026-03-16,7,2816.37,2047.55
38ff2638704f8e694cae2c5ddc6528f4,1380317970,快手点播,2026-03-29,2026-03-16,7,3261.32,3589.88
3ab9fdd67bcf53aa01cfda1733c75ac8,10000304,快手严选,2026-07-08,2026-03-16,7,6461.08,7825.65
3ab9fdd67bcf53aa01cfda1733c75ac8,1380317970,快手点播,2026-03-16,2026-03-16,7,2068.98,2575.98
3b2722377a43f68f110bc7d65857f0fe,10000074,腾讯直连独立,2026-03-16,2026-03-16,7,991.23,1239.32
3b2722377a43f68f110bc7d65857f0fe,10000282,七牛CDN-虚拟业务10000282,2026-08-27,2026-03-16,7,202.23,209.42
3b9260942e5b249902e37f649531e073,10000069,腾讯汇聚P2P,2026-03-16,2026-03-16,7,4851.43,6029.53
3b9260942e5b249902e37f649531e073,10000278,七牛CDN-虚拟业务10000278,2026-06-20,2026-03-16,7,120.69,260.79
3b9260942e5b249902e37f649531e073,10000279,七牛特招-虚拟业务10000279,2026-06-20,2026-03-16,7,1656.11,1685.32
3b9260942e5b249902e37f649531e073,10000281,七牛特招-虚拟业务10000281,2026-06-20,2026-03-16,7,4825.89,4561.51
3b9260942e5b249902e37f649531e073,10000292,七牛CDN-虚拟业务10000292,2026-06-20,2026-03-16,7,234.66,298.87
3c333b3335626f1e6a05449ed32547cc,10000278,七牛CDN-虚拟业务10000278,2026-08-26,2026-08-26,7,0.58,0.58
3c333b3335626f1e6a05449ed32547cc,10000292,七牛CDN-虚拟业务10000292,2026-08-26,2026-08-26,7,66.96,83.38
3d41e0f392667050c87d18eba9835f06,10000079,字节架构汇聚V2,2026-03-16,2026-03-16,7,114.88,30.37
3d41e0f392667050c87d18eba9835f06,10000278,七牛CDN-虚拟业务10000278,2026-04-14,2026-03-16,7,401.55,536.95
3d41e0f392667050c87d18eba9835f06,10000279,七牛特招-虚拟业务10000279,2026-06-26,2026-03-16,7,57.92,72.4
3d41e0f392667050c87d18eba9835f06,10000281,七牛特招-虚拟业务10000281,2026-06-26,2026-03-16,7,35.28,31.27
3d41e0f392667050c87d18eba9835f06,10000292,七牛CDN-虚拟业务10000292,2026-04-14,2026-03-16,7,2227.49,1790.49
3d6694abc2c973efae62762208249151,10000069,腾讯汇聚P2P,2026-06-06,2026-03-16,7,640.69,1197.39
3d6694abc2c973efae62762208249151,10000088,字节CDN汇聚V2,2026-03-16,2026-03-16,7,473.9,558.71
3d813c25f0ae23ab0ee9b84d5e1f7217,10000069,腾讯汇聚P2P,2026-07-19,2026-04-03,7,15.9,1.64
3d813c25f0ae23ab0ee9b84d5e1f7217,1382490022,快手盒子,2026-04-03,2026-04-03,7,197.85,285.83
3ddb68a4df787fb2fe69699e868980f4,10000278,七牛CDN-虚拟业务10000278,2026-07-06,2026-07-06,7,1.29,1.06
3ddb68a4df787fb2fe69699e868980f4,10000292,七牛CDN-虚拟业务10000292,2026-07-06,2026-07-06,7,94.08,132.68
3e263fd7f20b2d28c4966007f288d151,10000019,B站盒子,2026-04-11,2026-03-16,7,1110.87,96.7
3e263fd7f20b2d28c4966007f288d151,10000069,腾讯汇聚P2P,2026-04-04,2026-03-16,7,415.96,758.43
3e263fd7f20b2d28c4966007f288d151,10000096,字节架构专线V3,2026-05-06,2026-03-16,7,4803.76,5130.75
3e263fd7f20b2d28c4966007f288d151,10000278,七牛CDN-虚拟业务10000278,2026-04-20,2026-03-16,7,258.0,593.89
3e263fd7f20b2d28c4966007f288d151,10000282,七牛CDN-虚拟业务10000282,2026-04-20,2026-03-16,7,295.16,508.71
3e263fd7f20b2d28c4966007f288d151,10000292,七牛CDN-虚拟业务10000292,2026-04-20,2026-03-16,7,2224.28,1435.78
3e263fd7f20b2d28c4966007f288d151,10000295,七牛CDN-虚拟业务10000295,2026-04-24,2026-03-16,7,39.89,102.41
3e263fd7f20b2d28c4966007f288d151,1382649737,腾讯专线,2026-03-16,2026-03-16,7,1406.94,2162.85
3f02c9587e35ade357914be1af48ab5c,10000069,腾讯汇聚P2P,2026-07-25,2026-07-07,7,573.81,598.42
3f02c9587e35ade357914be1af48ab5c,10000079,字节架构汇聚V2,2026-07-07,2026-07-07,7,490.1,666.04
42fe031249ab7b524d9e8e3cc17faba0,10000019,B站盒子,2026-06-21,2026-06-14,7,67.71,91.31
42fe031249ab7b524d9e8e3cc17faba0,10000122,金山云汇聚ern,2026-06-14,2026-06-14,7,25.18,40.46
43a46b9da7ceeb5bface66065b1a9c90,10000074,腾讯直连独立,2026-06-09,2026-06-09,7,603.5,669.43
43a46b9da7ceeb5bface66065b1a9c90,10000304,快手严选,2026-08-14,2026-06-09,7,343.2,376.4
43c63982b03aac7e0690f9383df5db4b,10000278,七牛CDN-虚拟业务10000278,2026-06-11,2026-06-11,7,1259.03,1618.3
43c63982b03aac7e0690f9383df5db4b,10000282,七牛CDN-虚拟业务10000282,2026-06-11,2026-06-11,7,1749.48,2186.73
43c63982b03aac7e0690f9383df5db4b,10000292,七牛CDN-虚拟业务10000292,2026-06-12,2026-06-11,7,1055.06,1266.36
43e9f24a226d73914883094db7beda4c,10000001,百度拨测,2026-08-24,2026-07-29,7,0.1,0.0
43e9f24a226d73914883094db7beda4c,10000019,B站盒子,2026-08-05,2026-07-29,7,63.6,71.1
43e9f24a226d73914883094db7beda4c,10000123,金山云ern_HQ,2026-07-29,2026-07-29,7,53.16,89.09
44398c711e8c5c307a0f19f3442185ce,10000069,腾讯汇聚P2P,2026-06-25,2026-04-01,7,1507.17,2923.72
44398c711e8c5c307a0f19f3442185ce,10000096,字节架构专线V3,2026-04-01,2026-04-01,7,968.48,2342.6
44398c711e8c5c307a0f19f3442185ce,10000210,字节CDN汇聚V3,2026-05-18,2026-04-01,7,1714.4,2131.61
4443df326990d961446a2f8da1fe0ce0,10000244,B站专线-盒子V2,2026-04-28,2026-04-28,7,355.42,320.43
4443df326990d961446a2f8da1fe0ce0,10000278,七牛CDN-虚拟业务10000278,2026-05-08,2026-04-28,7,24.61,22.28
4443df326990d961446a2f8da1fe0ce0,10000292,七牛CDN-虚拟业务10000292,2026-05-08,2026-04-28,7,329.34,397.03
44b56923a13dc981493dc7f437c726bf,10000079,字节架构汇聚V2,2026-07-06,2026-03-16,7,1700.19,3095.52
44b56923a13dc981493dc7f437c726bf,10000278,七牛CDN-虚拟业务10000278,2026-04-01,2026-03-16,7,655.19,647.28
44b56923a13dc981493dc7f437c726bf,10000280,七牛CDN-ZJ月95,2026-04-01,2026-03-16,7,555.31,799.08
44b56923a13dc981493dc7f437c726bf,10000292,七牛CDN-虚拟业务10000292,2026-04-14,2026-03-16,7,2116.8,2121.88
44b56923a13dc981493dc7f437c726bf,1381526443,爱奇艺,2026-03-16,2026-03-16,7,2204.97,3054.79
4508ed9a61104cc9a370f27af74bdb3b,10000278,七牛CDN-虚拟业务10000278,2026-06-30,2026-06-30,7,1.18,7.05
4508ed9a61104cc9a370f27af74bdb3b,10000292,七牛CDN-虚拟业务10000292,2026-06-30,2026-06-30,7,98.52,123.22
462eaba862ba050307f479741a350df6,10000079,字节架构汇聚V2,2026-05-01,2026-03-16,7,338.3,203.61
462eaba862ba050307f479741a350df6,10000096,字节架构专线V3,2026-03-27,2026-03-16,7,2814.42,2058.53
462eaba862ba050307f479741a350df6,10000294,优酷汇聚晚高峰,2026-07-03,2026-03-16,7,1478.73,1741.67
462eaba862ba050307f479741a350df6,1380317970,快手点播,2026-03-16,2026-03-16,7,2311.58,3921.32
46332d08e192741da0b8b11fd217f8d2,10000001,百度拨测,2026-03-17,2026-03-16,7,0.14,0.0
46332d08e192741da0b8b11fd217f8d2,10000064,百度小度,2026-03-16,2026-03-16,7,358.78,447.47
46332d08e192741da0b8b11fd217f8d2,10000079,字节架构汇聚V2,2026-08-15,2026-03-16,7,365.32,435.07
4792ae7d4b808453df8e05917f6fda8f,10000001,百度拨测,2026-07-29,2026-07-29,7,0.11,0.0
4792ae7d4b808453df8e05917f6fda8f,10000064,百度小度,2026-07-29,2026-07-29,7,41.75,30.17
480b700edda8bc1a1d3b7fe802191df1,10000278,七牛CDN-虚拟业务10000278,2026-04-01,2026-03-16,7,45.1,23.12
480b700edda8bc1a1d3b7fe802191df1,10000279,七牛特招-虚拟业务10000279,2026-04-01,2026-03-16,7,150.56,49.64
480b700edda8bc1a1d3b7fe802191df1,10000280,七牛CDN-ZJ月95,2026-04-01,2026-03-16,7,229.99,88.11
480b700edda8bc1a1d3b7fe802191df1,10000281,七牛特招-虚拟业务10000281,2026-04-01,2026-03-16,7,1163.04,648.25
480b700edda8bc1a1d3b7fe802191df1,10000292,七牛CDN-虚拟业务10000292,2026-04-14,2026-03-16,7,335.51,196.07
480b700edda8bc1a1d3b7fe802191df1,10000294,优酷汇聚晚高峰,2026-08-25,2026-03-16,7,1273.42,520.13
480b700edda8bc1a1d3b7fe802191df1,10000295,七牛CDN-虚拟业务10000295,2026-04-24,2026-03-16,7,760.15,1028.08
480b700edda8bc1a1d3b7fe802191df1,1380317970,快手点播,2026-03-16,2026-03-16,7,1663.51,1932.91
485be77ab7efd73bc77ccb0a1d6d0d19,10000244,B站专线-盒子V2,2026-04-28,2026-04-28,7,242.64,212.3
485be77ab7efd73bc77ccb0a1d6d0d19,10000278,七牛CDN-虚拟业务10000278,2026-05-08,2026-04-28,7,4.56,2.44
485be77ab7efd73bc77ccb0a1d6d0d19,10000292,七牛CDN-虚拟业务10000292,2026-05-08,2026-04-28,7,343.36,392.05
48915e12b5ecaa66f901ff340210fa4e,10000001,百度拨测,2026-08-23,2026-08-23,7,0.07,0.0
48915e12b5ecaa66f901ff340210fa4e,10000064,百度小度,2026-08-23,2026-08-23,7,30.08,37.7
4ae0f8ccc011fda97c214d58ac891c65,10000276,33792斯锐德江苏泰州电信-叠加in,2026-05-07,2026-03-16,7,0.0,48.65
4ae0f8ccc011fda97c214d58ac891c65,1380317970,快手点播,2026-03-16,2026-03-16,7,2217.38,2442.62
4ae0f8ccc011fda97c214d58ac891c65,1381526443,爱奇艺,2026-07-13,2026-03-16,7,1420.74,2282.76
4ae0f8ccc011fda97c214d58ac891c65,4200000001,七牛CDN-虚拟业务4200000001,2026-06-24,2026-03-16,7,93.64,0.0
4c6bfbc08746e4b1ebbb9982558ac081,10000096,字节架构专线V3,2026-07-02,2026-04-07,7,3174.54,4236.03
4c6bfbc08746e4b1ebbb9982558ac081,10000278,七牛CDN-虚拟业务10000278,2026-04-07,2026-04-07,7,73.6,147.57
4c6bfbc08746e4b1ebbb9982558ac081,10000280,七牛CDN-ZJ月95,2026-04-07,2026-04-07,7,1753.9,2386.33
4c6bfbc08746e4b1ebbb9982558ac081,10000292,七牛CDN-虚拟业务10000292,2026-04-14,2026-04-07,7,1773.15,2742.31
4d953c36e6b2ae11f60e05cb8653db75,10000037,天翼云专线,2026-05-29,2026-03-16,7,2890.06,2975.41
4d953c36e6b2ae11f60e05cb8653db75,1382649737,腾讯专线,2026-03-16,2026-03-16,7,1411.58,4453.56
4edb08587110919d15f57be7df8c319b,10000079,字节架构汇聚V2,2026-07-05,2026-03-16,7,2237.91,4280.84
4edb08587110919d15f57be7df8c319b,10000278,七牛CDN-虚拟业务10000278,2026-04-01,2026-03-16,7,100.71,172.33
4edb08587110919d15f57be7df8c319b,10000279,七牛特招-虚拟业务10000279,2026-04-01,2026-03-16,7,136.96,229.56
4edb08587110919d15f57be7df8c319b,10000280,七牛CDN-ZJ月95,2026-04-01,2026-03-16,7,1633.73,1839.74
4edb08587110919d15f57be7df8c319b,10000281,七牛特招-虚拟业务10000281,2026-04-01,2026-03-16,7,744.64,1603.8
4edb08587110919d15f57be7df8c319b,10000292,七牛CDN-虚拟业务10000292,2026-04-14,2026-03-16,7,2056.85,2527.41
4edb08587110919d15f57be7df8c319b,1380460970,七牛CDN,2026-03-16,2026-03-16,7,2325.4,4155.72
4ee0b0e3c129aec4e26b7fc70d37c8c3,10000096,字节架构专线V3,2026-03-16,2026-03-16,7,3336.4,4672.56
4ee0b0e3c129aec4e26b7fc70d37c8c3,10000224,字节CDN专线V4,2026-06-25,2026-03-16,7,1977.56,2692.78
4ee0b0e3c129aec4e26b7fc70d37c8c3,1382680008,字节CDN专线,2026-07-01,2026-03-16,7,1914.11,2139.0
51e57e876d8bfe5eebc0a9b3e347ed16,10000278,七牛CDN-虚拟业务10000278,2026-07-28,2026-07-28,7,2.79,1.91
51e57e876d8bfe5eebc0a9b3e347ed16,10000292,七牛CDN-虚拟业务10000292,2026-07-28,2026-07-28,7,89.83,98.4
5304a5e70113e99ffeda23cd089f5c56,10000244,B站专线-盒子V2,2026-04-12,2026-04-12,7,952.05,817.57
5304a5e70113e99ffeda23cd089f5c56,10000278,七牛CDN-虚拟业务10000278,2026-05-12,2026-04-12,7,12.39,34.05
5304a5e70113e99ffeda23cd089f5c56,10000292,七牛CDN-虚拟业务10000292,2026-05-12,2026-04-12,7,613.35,759.82
5326738943cd4aa8b0d487ad0772706a,10000079,字节架构汇聚V2,2026-07-20,2026-07-20,7,1034.48,1427.76
5326738943cd4aa8b0d487ad0772706a,10000278,七牛CDN-虚拟业务10000278,2026-08-13,2026-07-20,7,52.04,76.51
5326738943cd4aa8b0d487ad0772706a,10000292,七牛CDN-虚拟业务10000292,2026-08-13,2026-07-20,7,1060.2,1106.39
535e048030d25f8a847b3b13a49981cb,10000079,字节架构汇聚V2,2026-03-16,2026-03-16,7,102.62,49.79
535e048030d25f8a847b3b13a49981cb,10000294,优酷汇聚晚高峰,2026-08-21,2026-03-16,7,1345.68,829.18
535e048030d25f8a847b3b13a49981cb,10000295,七牛CDN-虚拟业务10000295,2026-07-01,2026-03-16,7,129.93,133.88
535e048030d25f8a847b3b13a49981cb,4200000001,七牛CDN-虚拟业务4200000001,2026-07-22,2026-03-16,7,72.64,0.0
55018ae95744b011550637212515f091,10000001,百度拨测,2026-08-03,2026-08-03,7,0.07,0.0
55018ae95744b011550637212515f091,10000064,百度小度,2026-08-03,2026-08-03,7,50.34,35.7
550a6bef31af20652536cb1c599ad91d,10000001,百度拨测,2026-03-16,2026-03-16,7,0.14,0.0
550a6bef31af20652536cb1c599ad91d,10000064,百度小度,2026-03-16,2026-03-16,7,42.67,37.71
550c9e66fea8d228e6fbe64ba7684f8f,10000069,腾讯汇聚P2P,2026-05-10,2026-03-16,7,1359.92,1519.81
550c9e66fea8d228e6fbe64ba7684f8f,10000079,字节架构汇聚V2,2026-03-16,2026-03-16,7,157.17,45.33
56293ee07c28e40d820cbff85df41ba1,10000278,七牛CDN-虚拟业务10000278,2026-08-13,2026-08-13,7,113.71,167.63
56293ee07c28e40d820cbff85df41ba1,10000292,七牛CDN-虚拟业务10000292,2026-08-13,2026-08-13,7,1105.86,1068.62
56f56e9314b13142d02057e72d975d77,10000278,七牛CDN-虚拟业务10000278,2026-04-21,2026-03-16,7,10.86,4.04
56f56e9314b13142d02057e72d975d77,10000292,七牛CDN-虚拟业务10000292,2026-04-21,2026-03-16,7,1215.94,1431.42
56f56e9314b13142d02057e72d975d77,1380317970,快手点播,2026-03-16,2026-03-16,7,1440.3,2380.62
57228e6360c2361dfa190bccbd212c03,10000175,百度网盘专线,2026-03-16,2026-03-16,7,275.98,411.5
57228e6360c2361dfa190bccbd212c03,1382649737,腾讯专线,2026-08-06,2026-03-16,7,3551.33,3335.08
57fbe6404cb396fd395db65736366136,10000278,七牛CDN-虚拟业务10000278,2026-04-01,2026-03-16,7,0.72,0.57
57fbe6404cb396fd395db65736366136,10000279,七牛特招-虚拟业务10000279,2026-04-10,2026-03-16,7,961.4,1053.15
57fbe6404cb396fd395db65736366136,10000280,七牛CDN-ZJ月95,2026-04-01,2026-03-16,7,2838.67,2482.49
57fbe6404cb396fd395db65736366136,10000281,七牛特招-虚拟业务10000281,2026-04-10,2026-03-16,7,2004.65,1823.57
57fbe6404cb396fd395db65736366136,10000292,七牛CDN-虚拟业务10000292,2026-04-14,2026-03-16,7,221.17,239.06
57fbe6404cb396fd395db65736366136,10000295,七牛CDN-虚拟业务10000295,2026-04-24,2026-03-16,7,17.75,33.65
57fbe6404cb396fd395db65736366136,1380460970,七牛CDN,2026-03-16,2026-03-16,7,3198.6,3916.98
58401b1e8d57ebcbaf106afb5f4cb94f,10000278,七牛CDN-虚拟业务10000278,2026-07-14,2026-07-14,7,8.55,13.04
58401b1e8d57ebcbaf106afb5f4cb94f,10000292,七牛CDN-虚拟业务10000292,2026-07-14,2026-07-14,7,87.07,115.91
58869a415f21d1d3fa92449807d590f6,10000014,百度XCDN专线,2026-05-27,2026-05-12,7,1507.74,2119.04
58869a415f21d1d3fa92449807d590f6,10000278,七牛CDN-虚拟业务10000278,2026-05-12,2026-05-12,7,224.7,476.45
58869a415f21d1d3fa92449807d590f6,10000279,七牛特招-虚拟业务10000279,2026-05-13,2026-05-12,7,995.31,794.29
58869a415f21d1d3fa92449807d590f6,10000281,七牛特招-虚拟业务10000281,2026-05-13,2026-05-12,7,788.0,806.73
58869a415f21d1d3fa92449807d590f6,10000292,七牛CDN-虚拟业务10000292,2026-05-12,2026-05-12,7,339.08,336.51
58913f098bc28f19f4db9f26fca4c201,10000069,腾讯汇聚P2P,2026-07-05,2026-07-05,7,93.41,2482.13
58913f098bc28f19f4db9f26fca4c201,10000079,字节架构汇聚V2,2026-08-19,2026-07-05,7,1913.08,2439.91
58e4a45cabbd37d4d441c749eca906cd,10000019,B站盒子,2026-05-01,2026-03-16,7,2115.47,3081.48
58e4a45cabbd37d4d441c749eca906cd,10000074,腾讯直连独立,2026-03-16,2026-03-16,7,1514.39,1742.28
5b29142d267dab954929aa7dbc54b413,10000000,腾讯汇聚直连,2026-07-17,2026-06-30,7,877.98,1094.02
5b29142d267dab954929aa7dbc54b413,10000037,天翼云专线,2026-06-30,2026-06-30,7,209.65,414.99
5b29142d267dab954929aa7dbc54b413,10000304,快手严选,2026-08-02,2026-06-30,7,1346.86,1994.02
5b2f2f5539c8568b88a4a759ec960396,10000065,B站专线-mp,2026-08-06,2026-05-01,7,4331.09,4242.18
5b2f2f5539c8568b88a4a759ec960396,10000079,字节架构汇聚V2,2026-05-01,2026-05-01,7,76.52,522.54
5b2f2f5539c8568b88a4a759ec960396,10000278,七牛CDN-虚拟业务10000278,2026-07-03,2026-05-01,7,677.8,807.12
5b2f2f5539c8568b88a4a759ec960396,10000292,七牛CDN-虚拟业务10000292,2026-07-03,2026-05-01,7,527.73,974.33
5b2f2f5539c8568b88a4a759ec960396,10000295,七牛CDN-虚拟业务10000295,2026-07-03,2026-05-01,7,162.21,1544.99
5b2f2f5539c8568b88a4a759ec960396,10000304,快手严选,2026-07-20,2026-05-01,7,1491.31,1287.01
5b9a98b07f6b9716c8349fed9d9ed890,10000019,B站盒子,2026-06-03,2026-03-18,7,1069.7,1565.42
5b9a98b07f6b9716c8349fed9d9ed890,10000069,腾讯汇聚P2P,2026-03-18,2026-03-18,7,2073.99,4784.68
5ba3e8f1aaa0689ea17bdf9f5aceb1a7,10000019,B站盒子,2026-03-16,2026-03-16,7,35.0,73.99
5ba3e8f1aaa0689ea17bdf9f5aceb1a7,10000041,B站Web盒子,2026-08-08,2026-03-16,7,10.85,23.38
5c1c4559acdac8eec54eb07e4c59e4fa,10000096,字节架构专线V3,2026-03-16,2026-03-16,7,4460.84,5844.73
5c1c4559acdac8eec54eb07e4c59e4fa,10000183,B站专线-盒子,2026-08-18,2026-03-16,7,2016.85,5489.41
5c4fa4d9feaa9fefb2913fefdf495c95,10000019,B站盒子,2026-05-27,2026-05-27,7,465.02,495.29
5c4fa4d9feaa9fefb2913fefdf495c95,10000079,字节架构汇聚V2,2026-08-20,2026-05-27,7,907.68,1616.2
5dc5669f733bcfc2f36101ae3d0e14b6,10000019,B站盒子,2026-08-03,2026-07-02,7,412.07,199.31
5dc5669f733bcfc2f36101ae3d0e14b6,10000278,七牛CDN-虚拟业务10000278,2026-07-02,2026-07-02,7,195.48,177.96
5dc5669f733bcfc2f36101ae3d0e14b6,10000279,七牛特招-虚拟业务10000279,2026-07-02,2026-07-02,7,632.94,643.18
5dc5669f733bcfc2f36101ae3d0e14b6,10000281,七牛特招-虚拟业务10000281,2026-07-02,2026-07-02,7,1838.12,1577.02
5dc5669f733bcfc2f36101ae3d0e14b6,10000292,七牛CDN-虚拟业务10000292,2026-07-02,2026-07-02,7,267.1,284.64
5dc5669f733bcfc2f36101ae3d0e14b6,10000295,七牛CDN-虚拟业务10000295,2026-07-03,2026-07-02,7,15.93,15.88
5e0ebe33ff7e7fef192cf48694c8aef9,10000019,B站盒子,2026-07-14,2026-03-16,7,2105.88,3145.35
5e0ebe33ff7e7fef192cf48694c8aef9,10000079,字节架构汇聚V2,2026-05-13,2026-03-16,7,4702.63,5401.01
5e0ebe33ff7e7fef192cf48694c8aef9,1380317970,快手点播,2026-03-16,2026-03-16,7,1992.85,2165.54
5f10cff02239e38707aa3f052af0e11d,10000001,百度拨测,2026-08-29,2026-08-29,7,0.16,0.0
5f10cff02239e38707aa3f052af0e11d,10000064,百度小度,2026-08-29,2026-08-29,7,474.49,346.2
60207d5c83e528a1a7b41ecf7918bc92,10000001,百度拨测,2026-03-17,2026-03-16,7,0.14,0.0
60207d5c83e528a1a7b41ecf7918bc92,10000064,百度小度,2026-03-16,2026-03-16,7,16.95,18.02
60abc373c6f2293b17e8758b174c3c15,10000278,七牛CDN-虚拟业务10000278,2026-07-06,2026-07-06,7,0.8,1.33
60abc373c6f2293b17e8758b174c3c15,10000292,七牛CDN-虚拟业务10000292,2026-07-06,2026-07-06,7,88.64,127.59
614a42b8d738f3112f45f8f94de7aec4,10000069,腾讯汇聚P2P,2026-04-24,2026-03-20,7,1283.67,2236.48
614a42b8d738f3112f45f8f94de7aec4,10000079,字节架构汇聚V2,2026-04-09,2026-03-20,7,822.46,1807.46
614a42b8d738f3112f45f8f94de7aec4,10000089,,2026-06-04,2026-03-20,7,78.63,0.0
614a42b8d738f3112f45f8f94de7aec4,10000278,七牛CDN-虚拟业务10000278,2026-08-26,2026-03-20,7,10.15,11.79
614a42b8d738f3112f45f8f94de7aec4,10000279,七牛特招-虚拟业务10000279,2026-08-26,2026-03-20,7,150.74,197.77
614a42b8d738f3112f45f8f94de7aec4,10000281,七牛特招-虚拟业务10000281,2026-08-26,2026-03-20,7,213.26,298.63
614a42b8d738f3112f45f8f94de7aec4,10000295,七牛CDN-虚拟业务10000295,2026-06-11,2026-03-20,7,2072.55,2732.91
614a42b8d738f3112f45f8f94de7aec4,1380460970,七牛CDN,2026-03-20,2026-03-20,7,0.0,1300.23
6224750e0418c6a282d487630c7435e3,10000304,快手严选,2026-08-13,2026-07-31,7,1597.45,1545.4
6224750e0418c6a282d487630c7435e3,1382680008,字节CDN专线,2026-07-31,2026-07-31,7,1634.85,1746.89
6228fd8f5f3a11533b131b6f86765abb,10000278,七牛CDN-虚拟业务10000278,2026-04-08,2026-04-08,7,157.81,159.74
6228fd8f5f3a11533b131b6f86765abb,10000279,七牛特招-虚拟业务10000279,2026-06-26,2026-04-08,7,6.99,8.57
6228fd8f5f3a11533b131b6f86765abb,10000281,七牛特招-虚拟业务10000281,2026-06-26,2026-04-08,7,4.04,3.56
6228fd8f5f3a11533b131b6f86765abb,10000292,七牛CDN-虚拟业务10000292,2026-04-14,2026-04-08,7,466.68,334.02
62f7bfb9460a529788d2c54d572860da,10000069,腾讯汇聚P2P,2026-04-27,2026-04-27,7,1117.96,1926.06
62f7bfb9460a529788d2c54d572860da,10000278,七牛CDN-虚拟业务10000278,2026-05-28,2026-04-27,7,283.68,256.49
62f7bfb9460a529788d2c54d572860da,10000279,七牛特招-虚拟业务10000279,2026-05-29,2026-04-27,7,636.01,551.05
62f7bfb9460a529788d2c54d572860da,10000281,七牛特招-虚拟业务10000281,2026-05-29,2026-04-27,7,1447.48,1671.75
62f7bfb9460a529788d2c54d572860da,10000292,七牛CDN-虚拟业务10000292,2026-05-28,2026-04-27,7,589.39,493.62
62f7bfb9460a529788d2c54d572860da,10000304,快手严选,2026-07-23,2026-04-27,7,7126.78,8429.11
62f7bfb9460a529788d2c54d572860da,1382680008,字节CDN专线,2026-06-12,2026-04-27,7,863.74,1579.39
636f3ac26ece72e38b00360f4b47921e,10000079,字节架构汇聚V2,2026-09-01,2026-03-21,7,1678.9,3020.8
636f3ac26ece72e38b00360f4b47921e,10000096,字节架构专线V3,2026-03-21,2026-03-21,7,2408.01,2896.17
64eac81d00d9ac1e79781eee24dc6ff6,10000074,腾讯直连独立,2026-06-08,2026-06-08,7,1570.18,1897.26
64eac81d00d9ac1e79781eee24dc6ff6,10000304,快手严选,2026-08-17,2026-06-08,7,1264.66,1408.52
658aadcea5ad8cb80c98a48e322fec70,10000074,腾讯直连独立,2026-03-16,2026-03-16,7,2882.47,661.71
658aadcea5ad8cb80c98a48e322fec70,10000278,七牛CDN-虚拟业务10000278,2026-04-01,2026-03-16,7,164.59,165.37
658aadcea5ad8cb80c98a48e322fec70,10000279,七牛特招-虚拟业务10000279,2026-04-01,2026-03-16,7,366.72,455.28
658aadcea5ad8cb80c98a48e322fec70,10000280,七牛CDN-ZJ月95,2026-04-01,2026-03-16,7,258.5,262.62
658aadcea5ad8cb80c98a48e322fec70,10000281,七牛特招-虚拟业务10000281,2026-04-01,2026-03-16,7,3162.45,3484.0
658aadcea5ad8cb80c98a48e322fec70,10000292,七牛CDN-虚拟业务10000292,2026-04-14,2026-03-16,7,320.76,396.92
658aadcea5ad8cb80c98a48e322fec70,10000295,七牛CDN-虚拟业务10000295,2026-04-24,2026-03-16,7,37.56,11.39
65b11d6eec8aa3cb9b0b7ef4da143b00,10000278,七牛CDN-虚拟业务10000278,2026-07-27,2026-07-27,7,2.03,0.83
65b11d6eec8aa3cb9b0b7ef4da143b00,10000292,七牛CDN-虚拟业务10000292,2026-07-27,2026-07-27,7,85.93,104.25
6634fe12330822e4e24e4ae34ad3e490,10000001,百度拨测,2026-08-27,2026-08-04,7,0.1,0.0
6634fe12330822e4e24e4ae34ad3e490,10000064,百度小度,2026-08-27,2026-08-04,7,127.68,137.05
6634fe12330822e4e24e4ae34ad3e490,10000079,字节架构汇聚V2,2026-08-04,2026-08-04,7,509.91,477.57
669f446e9c5fbeb2e14fe1053d392243,10000014,百度XCDN专线,2026-06-08,2026-03-16,7,2555.27,3612.58
669f446e9c5fbeb2e14fe1053d392243,10000096,字节架构专线V3,2026-04-29,2026-03-16,7,2930.79,3201.75
669f446e9c5fbeb2e14fe1053d392243,10000278,七牛CDN-虚拟业务10000278,2026-06-01,2026-03-16,7,483.68,644.33
669f446e9c5fbeb2e14fe1053d392243,10000279,七牛特招-虚拟业务10000279,2026-06-01,2026-03-16,7,492.28,819.35
669f446e9c5fbeb2e14fe1053d392243,10000281,七牛特招-虚拟业务10000281,2026-06-01,2026-03-16,7,1546.52,1562.24
669f446e9c5fbeb2e14fe1053d392243,10000292,七牛CDN-虚拟业务10000292,2026-06-01,2026-03-16,7,406.97,486.43
669f446e9c5fbeb2e14fe1053d392243,1382649737,腾讯专线,2026-03-16,2026-03-16,7,1446.81,1876.88
67902808b48afdb4f0e4e269c72cf4e0,10000001,百度拨测,2026-03-19,2026-03-16,7,0.13,0.0
67902808b48afdb4f0e4e269c72cf4e0,10000064,百度小度,2026-03-16,2026-03-16,7,167.93,203.37
67902808b48afdb4f0e4e269c72cf4e0,10000123,金山云ern_HQ,2026-04-21,2026-03-16,7,157.91,191.44
67ccb1b457ba3557f66c3221439ded22,10000069,腾讯汇聚P2P,2026-04-09,2026-03-16,7,459.24,455.88
67ccb1b457ba3557f66c3221439ded22,10000278,七牛CDN-虚拟业务10000278,2026-05-08,2026-03-16,7,246.67,233.92
67ccb1b457ba3557f66c3221439ded22,10000279,七牛特招-虚拟业务10000279,2026-05-08,2026-03-16,7,973.69,880.48
67ccb1b457ba3557f66c3221439ded22,10000281,七牛特招-虚拟业务10000281,2026-05-08,2026-03-16,7,1369.74,1022.32
67ccb1b457ba3557f66c3221439ded22,10000292,七牛CDN-虚拟业务10000292,2026-05-08,2026-03-16,7,256.43,186.57
67ccb1b457ba3557f66c3221439ded22,10000295,七牛CDN-虚拟业务10000295,2026-05-08,2026-03-16,7,518.57,449.88
67ccb1b457ba3557f66c3221439ded22,4200000001,七牛CDN-虚拟业务4200000001,2026-03-16,2026-03-16,7,108.38,0.0
681db4d666acf3e0321cf0f110d67a18,10000096,字节架构专线V3,2026-07-04,2026-03-16,7,2123.72,3693.38
681db4d666acf3e0321cf0f110d67a18,10000183,B站专线-盒子,2026-08-18,2026-03-16,7,1142.4,3238.39
681db4d666acf3e0321cf0f110d67a18,10000278,七牛CDN-虚拟业务10000278,2026-04-24,2026-03-16,7,40.49,121.4
681db4d666acf3e0321cf0f110d67a18,10000279,七牛特招-虚拟业务10000279,2026-04-25,2026-03-16,7,152.67,190.55
681db4d666acf3e0321cf0f110d67a18,10000281,七牛特招-虚拟业务10000281,2026-04-24,2026-03-16,7,1409.3,1826.82
681db4d666acf3e0321cf0f110d67a18,10000282,七牛CDN-虚拟业务10000282,2026-04-27,2026-03-16,7,21.86,41.15
681db4d666acf3e0321cf0f110d67a18,10000292,七牛CDN-虚拟业务10000292,2026-04-24,2026-03-16,7,143.81,99.11
681db4d666acf3e0321cf0f110d67a18,1380317970,快手点播,2026-03-16,2026-03-16,7,1061.0,1705.19
693196b51700d88d411cf9a6a3ceefaf,10000001,百度拨测,2026-07-31,2026-07-26,7,0.21,0.0
693196b51700d88d411cf9a6a3ceefaf,10000064,百度小度,2026-07-26,2026-07-26,7,104.5,103.5
69b88dcf73ab520f03f851be835d14b7,10000278,七牛CDN-虚拟业务10000278,2026-08-30,2026-08-30,7,122.23,85.09
69b88dcf73ab520f03f851be835d14b7,10000279,七牛特招-虚拟业务10000279,2026-09-01,2026-08-30,7,349.49,359.78
69b88dcf73ab520f03f851be835d14b7,10000281,七牛特招-虚拟业务10000281,2026-09-01,2026-08-30,7,855.41,859.13
69b88dcf73ab520f03f851be835d14b7,10000292,七牛CDN-虚拟业务10000292,2026-08-30,2026-08-30,7,49.55,57.69
69b88dcf73ab520f03f851be835d14b7,10000295,七牛CDN-虚拟业务10000295,2026-08-30,2026-08-30,7,70.08,46.34
6aa2c108f4085d6f76e6066d95a62496,10000278,七牛CDN-虚拟业务10000278,2026-07-13,2026-07-13,7,184.68,264.7
6aa2c108f4085d6f76e6066d95a62496,10000292,七牛CDN-虚拟业务10000292,2026-07-13,2026-07-13,7,2079.49,2100.72
6ac5570bee6289a0176058d1dfcfc4af,10000019,B站盒子,2026-03-16,2026-03-16,7,842.25,373.69
6ac5570bee6289a0176058d1dfcfc4af,10000096,字节架构专线V3,2026-04-15,2026-03-16,7,1355.54,2182.03
6ac5570bee6289a0176058d1dfcfc4af,10000278,七牛CDN-虚拟业务10000278,2026-06-09,2026-03-16,7,495.1,178.16
6ac5570bee6289a0176058d1dfcfc4af,10000292,七牛CDN-虚拟业务10000292,2026-06-09,2026-03-16,7,1521.77,294.89
6ac5570bee6289a0176058d1dfcfc4af,10000295,七牛CDN-虚拟业务10000295,2026-06-10,2026-03-16,7,3.26,667.36
6ac5570bee6289a0176058d1dfcfc4af,10000299,天翼云分时专线,2026-08-02,2026-03-16,7,481.19,1127.08
6af03b8af83f412d8b35edd01d34650c,10000278,七牛CDN-虚拟业务10000278,2026-07-29,2026-07-29,7,21.93,98.16
6af03b8af83f412d8b35edd01d34650c,10000292,七牛CDN-虚拟业务10000292,2026-07-29,2026-07-29,7,697.44,1201.46
6b9936f1c0fcbcbecfe217fa60d54b77,10000079,字节架构汇聚V2,2026-03-16,2026-03-16,7,102.35,49.06
6b9936f1c0fcbcbecfe217fa60d54b77,10000295,七牛CDN-虚拟业务10000295,2026-05-15,2026-03-16,7,4506.12,3998.98
6ce0170832708ee952ca9e2bdecfcedf,10000001,百度拨测,2026-09-01,2026-04-25,7,0.15,0.0
6ce0170832708ee952ca9e2bdecfcedf,10000064,百度小度,2026-08-31,2026-04-25,7,2.53,49.59
6ce0170832708ee952ca9e2bdecfcedf,10000316,金山云闲时20,2026-08-10,2026-04-25,7,53.76,3.35
6ce0170832708ee952ca9e2bdecfcedf,1382490022,快手盒子,2026-04-25,2026-04-25,7,72.2,78.46
6d9285d69d3c7fca6257913c99a618d9,10000001,百度拨测,2026-03-16,2026-03-16,7,0.07,0.0
6d9285d69d3c7fca6257913c99a618d9,10000048,优酷汇聚,2026-03-16,2026-03-16,7,1362.47,1657.64
6d9285d69d3c7fca6257913c99a618d9,10000278,七牛CDN-虚拟业务10000278,2026-04-01,2026-03-16,7,82.03,87.69
6d9285d69d3c7fca6257913c99a618d9,10000279,七牛特招-虚拟业务10000279,2026-04-01,2026-03-16,7,156.32,150.38
6d9285d69d3c7fca6257913c99a618d9,10000280,七牛CDN-ZJ月95,2026-04-01,2026-03-16,7,37.85,31.47
6d9285d69d3c7fca6257913c99a618d9,10000281,七牛特招-虚拟业务10000281,2026-04-01,2026-03-16,7,1371.29,1322.49
6d9285d69d3c7fca6257913c99a618d9,10000292,七牛CDN-虚拟业务10000292,2026-04-14,2026-03-16,7,60.19,59.03
6d9285d69d3c7fca6257913c99a618d9,1380460970,七牛CDN,2026-03-23,2026-03-16,7,1373.97,1769.14
6da86dbc7cd87a03a6f4fce6dbfdb4d7,10000244,B站专线-盒子V2,2026-06-05,2026-06-05,7,833.02,1160.9
6da86dbc7cd87a03a6f4fce6dbfdb4d7,10000278,七牛CDN-虚拟业务10000278,2026-06-17,2026-06-05,7,32.06,25.63
6da86dbc7cd87a03a6f4fce6dbfdb4d7,10000292,七牛CDN-虚拟业务10000292,2026-06-17,2026-06-05,7,788.22,930.68
6dc83d6c9e3dbe8e9f21ce4f652dea46,10000079,字节架构汇聚V2,2026-06-22,2026-06-22,7,142.28,221.73
6dc83d6c9e3dbe8e9f21ce4f652dea46,10000294,优酷汇聚晚高峰,2026-08-14,2026-06-22,7,214.78,305.25
6e1d745946d628a37df6dc8b209a9490,10000278,七牛CDN-虚拟业务10000278,2026-07-16,2026-07-16,7,4.73,14.03
6e1d745946d628a37df6dc8b209a9490,10000292,七牛CDN-虚拟业务10000292,2026-07-16,2026-07-16,7,89.11,123.92
6e7676f1fe51b430d79f786c81029843,10000278,七牛CDN-虚拟业务10000278,2026-04-01,2026-04-01,7,180.34,99.12
6e7676f1fe51b430d79f786c81029843,10000279,七牛特招-虚拟业务10000279,2026-04-01,2026-04-01,7,338.67,174.92
6e7676f1fe51b430d79f786c81029843,10000280,七牛CDN-ZJ月95,2026-04-01,2026-04-01,7,389.97,258.03
6e7676f1fe51b430d79f786c81029843,10000281,七牛特招-虚拟业务10000281,2026-04-01,2026-04-01,7,2059.24,622.75
6e7676f1fe51b430d79f786c81029843,10000292,七牛CDN-虚拟业务10000292,2026-04-14,2026-04-01,7,181.83,349.99
6e7676f1fe51b430d79f786c81029843,10000295,七牛CDN-虚拟业务10000295,2026-04-24,2026-04-01,7,283.88,857.42
6e972fc3bfcb9969dba2286d84663163,10000079,字节架构汇聚V2,2026-08-11,2026-08-11,7,662.04,596.3
6e972fc3bfcb9969dba2286d84663163,10000278,七牛CDN-虚拟业务10000278,2026-08-28,2026-08-11,7,135.8,135.79
6e972fc3bfcb9969dba2286d84663163,10000292,七牛CDN-虚拟业务10000292,2026-08-28,2026-08-11,7,1251.23,1327.49
6edfc1f5e55fd7a1bbed95c3bbda6427,10000300,B站-晚高峰21点,2026-08-24,2026-03-19,7,935.97,194.21
6edfc1f5e55fd7a1bbed95c3bbda6427,1382490022,快手盒子,2026-03-19,2026-03-19,7,340.73,487.6
6f009df26abeae197b5bffce1c74d0e2,10000048,优酷汇聚,2026-03-16,2026-03-16,7,1302.42,2190.74
6f009df26abeae197b5bffce1c74d0e2,10000096,字节架构专线V3,2026-05-24,2026-03-16,7,3859.29,3797.34
6fcd778e51c060e1d7d0974534f88ffc,10000019,B站盒子,2026-06-01,2026-03-16,7,162.15,614.98
6fcd778e51c060e1d7d0974534f88ffc,10000034,优酷专线,2026-04-15,2026-03-16,7,1079.82,1763.13
6fcd778e51c060e1d7d0974534f88ffc,1380317970,快手点播,2026-03-16,2026-03-16,7,157.83,29.87
703d8d0a91c8bea572fbcc37d2a6cba6,10000079,字节架构汇聚V2,2026-08-02,2026-03-16,7,1760.99,2263.59
703d8d0a91c8bea572fbcc37d2a6cba6,10000096,字节架构专线V3,2026-03-16,2026-03-16,7,3673.4,4226.11
703d8d0a91c8bea572fbcc37d2a6cba6,10000278,七牛CDN-虚拟业务10000278,2026-07-01,2026-03-16,7,28.78,115.89
703d8d0a91c8bea572fbcc37d2a6cba6,10000279,七牛特招-虚拟业务10000279,2026-07-02,2026-03-16,7,371.99,695.2
703d8d0a91c8bea572fbcc37d2a6cba6,10000281,七牛特招-虚拟业务10000281,2026-07-01,2026-03-16,7,349.11,709.13
703d8d0a91c8bea572fbcc37d2a6cba6,10000292,七牛CDN-虚拟业务10000292,2026-07-01,2026-03-16,7,259.31,373.67
70d49194ab830d720b71c26e5575ce39,10000278,七牛CDN-虚拟业务10000278,2026-08-06,2026-08-06,7,156.79,194.71
70d49194ab830d720b71c26e5575ce39,10000292,七牛CDN-虚拟业务10000292,2026-08-06,2026-08-06,7,1916.66,1940.6
70e386088930be56e57c5a3e6e133549,10000019,B站盒子,2026-03-21,2026-03-21,7,658.61,606.13
70e386088930be56e57c5a3e6e133549,10000244,B站专线-盒子V2,2026-03-28,2026-03-21,7,942.61,993.52
71b5ace3fc2bd462422359049e08ee3f,10000019,B站盒子,2026-03-16,2026-03-16,7,31.62,56.78
71b5ace3fc2bd462422359049e08ee3f,10000047,优酷盒子,2026-05-28,2026-03-16,7,1.41,1.06
71b5ace3fc2bd462422359049e08ee3f,10000122,金山云汇聚ern,2026-06-09,2026-03-16,7,76.42,85.79
71b5ace3fc2bd462422359049e08ee3f,1380389889,爱奇艺盒子,2026-04-07,2026-03-16,7,27.33,24.68
7273e14009b719096f7f53ad6e7eba5f,10000069,腾讯汇聚P2P,2026-06-27,2026-06-27,7,1025.22,1298.79
7273e14009b719096f7f53ad6e7eba5f,10000079,字节架构汇聚V2,2026-07-15,2026-06-27,7,1574.93,1392.0
72cf6863ecc0bb9fa97299663166dff5,10000001,百度拨测,2026-04-13,2026-03-21,7,0.28,0.0
72cf6863ecc0bb9fa97299663166dff5,10000064,百度小度,2026-03-31,2026-03-21,7,287.93,397.94
72cf6863ecc0bb9fa97299663166dff5,10000079,字节架构汇聚V2,2026-03-21,2026-03-21,7,321.02,316.44
7364733e43130da83cb26168b4dab2e3,10000001,百度拨测,2026-08-28,2026-08-28,7,0.11,0.0
7364733e43130da83cb26168b4dab2e3,10000064,百度小度,2026-08-28,2026-08-28,7,281.62,363.13
73aef130ff6bc0b47f71407677b93caf,10000069,腾讯汇聚P2P,2026-06-09,2026-03-16,7,2192.82,2836.38
73aef130ff6bc0b47f71407677b93caf,10000278,七牛CDN-虚拟业务10000278,2026-06-01,2026-03-16,7,580.04,630.91
73aef130ff6bc0b47f71407677b93caf,10000279,七牛特招-虚拟业务10000279,2026-06-02,2026-03-16,7,1320.95,1562.63
73aef130ff6bc0b47f71407677b93caf,10000281,七牛特招-虚拟业务10000281,2026-06-02,2026-03-16,7,2441.74,2523.95
73aef130ff6bc0b47f71407677b93caf,10000292,七牛CDN-虚拟业务10000292,2026-06-01,2026-03-16,7,825.5,819.52
73aef130ff6bc0b47f71407677b93caf,1380317970,快手点播,2026-03-16,2026-03-16,7,5403.06,5530.12
745f365c0ed5aa8e37d75cd79931d5d4,10000001,百度拨测,2026-05-19,2026-05-14,7,0.07,0.0
745f365c0ed5aa8e37d75cd79931d5d4,10000064,百度小度,2026-05-14,2026-05-14,7,400.74,472.18
746685866d68738af498e6ba43e259a1,10000001,百度拨测,2026-05-19,2026-04-26,7,0.28,0.0
746685866d68738af498e6ba43e259a1,10000064,百度小度,2026-04-26,2026-04-26,7,64.83,66.4
750f28061ae8838705decc0e2971f93a,10000278,七牛CDN-虚拟业务10000278,2026-05-17,2026-05-17,7,947.13,1457.56
750f28061ae8838705decc0e2971f93a,10000279,七牛特招-虚拟业务10000279,2026-05-17,2026-05-17,7,363.71,343.33
750f28061ae8838705decc0e2971f93a,10000281,七牛特招-虚拟业务10000281,2026-05-17,2026-05-17,7,202.32,476.81
750f28061ae8838705decc0e2971f93a,10000292,七牛CDN-虚拟业务10000292,2026-05-17,2026-05-17,7,925.85,817.45
750f28061ae8838705decc0e2971f93a,10000295,七牛CDN-虚拟业务10000295,2026-05-17,2026-05-17,7,209.88,504.14
774f5e47d86bb967e7866698c8d556f6,10000079,字节架构汇聚V2,2026-04-24,2026-03-16,7,1327.91,1064.98
774f5e47d86bb967e7866698c8d556f6,10000096,字节架构专线V3,2026-03-16,2026-03-16,7,2840.25,3532.41
77c3f496021d73717d497298bed1120d,10000001,百度拨测,2026-07-29,2026-07-26,7,0.08,0.0
77c3f496021d73717d497298bed1120d,10000064,百度小度,2026-07-26,2026-07-26,7,27.02,23.44
77db17cbc94b26981a44cc7f5166318a,10000278,七牛CDN-虚拟业务10000278,2026-07-10,2026-07-10,7,9.21,12.01
77db17cbc94b26981a44cc7f5166318a,10000292,七牛CDN-虚拟业务10000292,2026-07-10,2026-07-10,7,85.75,116.61
789d09f277e500cd2ce8330c25353432,10000278,七牛CDN-虚拟业务10000278,2026-06-30,2026-06-30,7,4.88,14.6
789d09f277e500cd2ce8330c25353432,10000292,七牛CDN-虚拟业务10000292,2026-06-30,2026-06-30,7,94.94,116.47
7906d9420483ed3adc41b3884af0d502,10000064,百度小度,2026-05-04,2026-05-04,7,267.83,370.91
7906d9420483ed3adc41b3884af0d502,10000123,金山云ern_HQ,2026-05-18,2026-05-04,7,211.89,120.73
7a17f94c7f191c07c54224183534002b,10000278,七牛CDN-虚拟业务10000278,2026-07-07,2026-07-07,7,4.17,5.7
7a17f94c7f191c07c54224183534002b,10000292,七牛CDN-虚拟业务10000292,2026-07-07,2026-07-07,7,395.42,445.54
7bfbb56cc1f4c3a727a4c338accdfcbe,10000069,腾讯汇聚P2P,2026-06-09,2026-03-16,7,2459.91,3375.77
7bfbb56cc1f4c3a727a4c338accdfcbe,1382649737,腾讯专线,2026-03-16,2026-03-16,7,2009.15,1937.6
7c85141681dc45e87c10aa312ac2ed7f,10000069,腾讯汇聚P2P,2026-03-31,2026-03-31,7,1760.29,2683.14
7c85141681dc45e87c10aa312ac2ed7f,10000278,七牛CDN-虚拟业务10000278,2026-04-22,2026-03-31,7,79.93,80.43
7c85141681dc45e87c10aa312ac2ed7f,10000282,七牛CDN-虚拟业务10000282,2026-04-23,2026-03-31,7,245.36,93.99
7c85141681dc45e87c10aa312ac2ed7f,10000292,七牛CDN-虚拟业务10000292,2026-04-22,2026-03-31,7,355.11,70.68
7c85141681dc45e87c10aa312ac2ed7f,10000312,金山云闲时,2026-08-26,2026-03-31,7,785.47,1059.92
7c85141681dc45e87c10aa312ac2ed7f,1382680008,字节CDN专线,2026-06-30,2026-03-31,7,2879.99,2756.74
7c8a4cbf04068fc4e1974fef7f554f36,10000064,百度小度,2026-07-30,2026-05-02,7,0.54,5.71
7c8a4cbf04068fc4e1974fef7f554f36,10000079,字节架构汇聚V2,2026-05-02,2026-05-02,7,202.88,254.92
7d290b7bb11d53e6f53e1eccbc731682,10000069,腾讯汇聚P2P,2026-04-15,2026-03-16,7,289.68,503.97
7d290b7bb11d53e6f53e1eccbc731682,10000078,七牛特招,2026-03-16,2026-03-16,7,321.75,395.12
7d290b7bb11d53e6f53e1eccbc731682,10000278,七牛CDN-虚拟业务10000278,2026-04-01,2026-03-16,7,171.97,306.22
7d290b7bb11d53e6f53e1eccbc731682,10000280,七牛CDN-ZJ月95,2026-04-01,2026-03-16,7,184.5,235.56
7ff9a1c7c29c8d3437f440619636c817,10000001,百度拨测,2026-08-17,2026-08-17,7,0.07,0.0
7ff9a1c7c29c8d3437f440619636c817,10000064,百度小度,2026-08-17,2026-08-17,7,784.71,640.4
8064a158efe09adb2844d54fd06b7436,10000069,腾讯汇聚P2P,2026-04-01,2026-04-01,7,1491.7,2222.76
8064a158efe09adb2844d54fd06b7436,10000294,优酷汇聚晚高峰,2026-07-03,2026-04-01,7,1365.39,1558.48
8110f0426792941b3ea068179832da9c,10000278,七牛CDN-虚拟业务10000278,2026-04-01,2026-03-20,7,827.79,1529.07
8110f0426792941b3ea068179832da9c,10000280,七牛CDN-ZJ月95,2026-04-01,2026-03-20,7,1853.96,2099.41
8110f0426792941b3ea068179832da9c,10000292,七牛CDN-虚拟业务10000292,2026-04-14,2026-03-20,7,2817.53,3021.38
8110f0426792941b3ea068179832da9c,1380317970,快手点播,2026-05-06,2026-03-20,7,967.77,939.74
8110f0426792941b3ea068179832da9c,1380460970,七牛CDN,2026-03-20,2026-03-20,7,4686.92,6750.92
8110f0426792941b3ea068179832da9c,1382680008,字节CDN专线,2026-06-15,2026-03-20,7,7148.55,5600.69
81e1194bef222861a3e25e4442296889,10000037,天翼云专线,2026-07-27,2026-07-18,7,3082.79,3424.71
81e1194bef222861a3e25e4442296889,10000210,字节CDN汇聚V3,2026-07-18,2026-07-18,7,804.24,774.79
82a2c33641ef9256eb5b3f7872a43d16,10000278,七牛CDN-虚拟业务10000278,2026-07-28,2026-07-28,7,7.64,7.01
82a2c33641ef9256eb5b3f7872a43d16,10000292,七牛CDN-虚拟业务10000292,2026-07-28,2026-07-28,7,86.87,98.24
82e1d993af2940af7dd1468256818c6d,10000304,快手严选,2026-07-08,2026-03-16,7,3487.99,4305.99
82e1d993af2940af7dd1468256818c6d,1380317970,快手点播,2026-03-16,2026-03-16,7,1566.22,1427.24
82f1d646c202ff7985e84bf8e459cab2,10000001,百度拨测,2026-04-08,2026-04-08,7,0.11,0.0
82f1d646c202ff7985e84bf8e459cab2,10000069,腾讯汇聚P2P,2026-06-12,2026-04-08,7,384.21,376.31
838a54d37a42f22012cdb3001d15d3bc,10000278,七牛CDN-虚拟业务10000278,2026-07-07,2026-07-07,7,0.91,0.54
838a54d37a42f22012cdb3001d15d3bc,10000292,七牛CDN-虚拟业务10000292,2026-07-07,2026-07-07,7,98.07,119.1
8479fd5358b6916f61a1db58f6620ffd,10000096,字节架构专线V3,2026-06-06,2026-03-16,7,5812.13,5217.31
8479fd5358b6916f61a1db58f6620ffd,1380317970,快手点播,2026-03-16,2026-03-16,7,2045.0,1862.88
862b55ba96b99dde829aa3c7f2f7a41f,10000014,百度XCDN专线,2026-08-01,2026-04-15,7,1642.21,2865.46
862b55ba96b99dde829aa3c7f2f7a41f,10000096,字节架构专线V3,2026-04-15,2026-04-15,7,2350.83,1763.94
862b55ba96b99dde829aa3c7f2f7a41f,10000278,七牛CDN-虚拟业务10000278,2026-06-09,2026-04-15,7,195.85,44.41
862b55ba96b99dde829aa3c7f2f7a41f,10000279,七牛特招-虚拟业务10000279,2026-06-26,2026-04-15,7,159.95,85.71
862b55ba96b99dde829aa3c7f2f7a41f,10000292,七牛CDN-虚拟业务10000292,2026-06-09,2026-04-15,7,1920.7,250.24
862b55ba96b99dde829aa3c7f2f7a41f,10000295,七牛CDN-虚拟业务10000295,2026-06-09,2026-04-15,7,158.42,241.49
86e1ff9c58280d01fae47b655272e333,10000069,腾讯汇聚P2P,2026-07-25,2026-07-17,7,1572.65,2513.04
86e1ff9c58280d01fae47b655272e333,10000294,优酷汇聚晚高峰,2026-07-17,2026-07-17,7,325.76,565.27
8873c58223bbe8b19230ef99bf8f57ff,10000069,腾讯汇聚P2P,2026-05-13,2026-05-13,7,1563.47,2648.38
8873c58223bbe8b19230ef99bf8f57ff,10000183,B站专线-盒子,2026-07-13,2026-05-13,7,899.87,2548.29
8991c3e2f43b9e007b7604c59fec836e,10000183,B站专线-盒子,2026-08-21,2026-07-08,7,2912.5,3194.05
8991c3e2f43b9e007b7604c59fec836e,10000244,B站专线-盒子V2,2026-07-08,2026-07-08,7,2693.63,3934.99
8a54a759bfd381878f6b42d6a65b5c85,10000069,腾讯汇聚P2P,2026-04-05,2026-03-16,7,548.34,324.57
8a54a759bfd381878f6b42d6a65b5c85,10000079,字节架构汇聚V2,2026-05-01,2026-03-16,7,0.0,808.7
8a54a759bfd381878f6b42d6a65b5c85,1380317970,快手点播,2026-03-16,2026-03-16,7,482.31,308.41
8a6065b41d9691193914b07759249de8,10000019,B站盒子,2026-05-01,2026-03-16,7,0.0,669.63
8a6065b41d9691193914b07759249de8,10000069,腾讯汇聚P2P,2026-04-05,2026-03-16,7,563.43,424.62
8a6065b41d9691193914b07759249de8,10000079,字节架构汇聚V2,2026-08-04,2026-03-16,7,0.0,122.01
8a6065b41d9691193914b07759249de8,1380317970,快手点播,2026-03-16,2026-03-16,7,749.39,562.36
8b6b2941edfae3f0ca89d97529c6a5ec,10000069,腾讯汇聚P2P,2026-03-16,2026-03-16,7,505.38,44.61
8b6b2941edfae3f0ca89d97529c6a5ec,10000079,字节架构汇聚V2,2026-08-05,2026-03-16,7,569.73,378.65
8b6b2941edfae3f0ca89d97529c6a5ec,10000088,字节CDN汇聚V2,2026-06-12,2026-03-16,7,328.43,140.52
8b6b2941edfae3f0ca89d97529c6a5ec,10000183,B站专线-盒子,2026-05-21,2026-03-16,7,248.4,209.21
8b6b2941edfae3f0ca89d97529c6a5ec,10000278,七牛CDN-虚拟业务10000278,2026-05-13,2026-03-16,7,35.95,152.05
8b6b2941edfae3f0ca89d97529c6a5ec,10000279,七牛特招-虚拟业务10000279,2026-05-13,2026-03-16,7,229.47,204.33
8b6b2941edfae3f0ca89d97529c6a5ec,10000281,七牛特招-虚拟业务10000281,2026-05-13,2026-03-16,7,243.61,196.04
8b6b2941edfae3f0ca89d97529c6a5ec,10000292,七牛CDN-虚拟业务10000292,2026-05-13,2026-03-16,7,69.38,87.57
8b6b2941edfae3f0ca89d97529c6a5ec,10000316,金山云闲时20,2026-07-23,2026-03-16,7,150.52,38.44
8bcd88819fbdd19a34d6e2ae5bc6909d,10000244,B站专线-盒子V2,2026-04-28,2026-04-28,7,363.75,339.06
8bcd88819fbdd19a34d6e2ae5bc6909d,10000278,七牛CDN-虚拟业务10000278,2026-05-08,2026-04-28,7,8.03,5.87
8bcd88819fbdd19a34d6e2ae5bc6909d,10000292,七牛CDN-虚拟业务10000292,2026-05-08,2026-04-28,7,338.02,413.77
8c5911afbfc0c635b4284a34669d0e7b,10000278,七牛CDN-虚拟业务10000278,2026-06-30,2026-06-30,7,90.94,235.98
8c5911afbfc0c635b4284a34669d0e7b,10000292,七牛CDN-虚拟业务10000292,2026-06-30,2026-06-30,7,2087.3,2486.65
8c982feeed79b66a15596f93dc1cafd8,10000278,七牛CDN-虚拟业务10000278,2026-07-23,2026-07-23,7,5.3,3.96
8c982feeed79b66a15596f93dc1cafd8,10000292,七牛CDN-虚拟业务10000292,2026-07-23,2026-07-23,7,81.25,113.23
8d5cb6bfff60c2bc7a0b9969b03ed1fc,10000278,七牛CDN-虚拟业务10000278,2026-04-01,2026-03-16,7,182.52,164.98
8d5cb6bfff60c2bc7a0b9969b03ed1fc,10000279,七牛特招-虚拟业务10000279,2026-04-01,2026-03-16,7,154.68,227.5
8d5cb6bfff60c2bc7a0b9969b03ed1fc,10000280,七牛CDN-ZJ月95,2026-04-01,2026-03-16,7,313.23,602.04
8d5cb6bfff60c2bc7a0b9969b03ed1fc,10000281,七牛特招-虚拟业务10000281,2026-04-01,2026-03-16,7,1240.1,1686.59
8d5cb6bfff60c2bc7a0b9969b03ed1fc,10000292,七牛CDN-虚拟业务10000292,2026-04-14,2026-03-16,7,306.7,295.33
8d5cb6bfff60c2bc7a0b9969b03ed1fc,10000304,快手严选,2026-07-15,2026-03-16,7,4273.18,4499.98
8d5cb6bfff60c2bc7a0b9969b03ed1fc,1381526443,爱奇艺,2026-03-16,2026-03-16,7,1006.33,1762.36
8d9e249c57c210529b1e32005a7a19ca,10000278,七牛CDN-虚拟业务10000278,2026-07-06,2026-07-06,7,2.02,1.01
8d9e249c57c210529b1e32005a7a19ca,10000292,七牛CDN-虚拟业务10000292,2026-07-06,2026-07-06,7,91.56,119.59
8dd6aa027ce8f41268539fc2cf01df7f,10000074,腾讯直连独立,2026-03-16,2026-03-16,7,3382.78,1377.8
8dd6aa027ce8f41268539fc2cf01df7f,10000278,七牛CDN-虚拟业务10000278,2026-04-01,2026-03-16,7,298.39,192.28
8dd6aa027ce8f41268539fc2cf01df7f,10000279,七牛特招-虚拟业务10000279,2026-04-01,2026-03-16,7,396.97,399.81
8dd6aa027ce8f41268539fc2cf01df7f,10000280,七牛CDN-ZJ月95,2026-04-01,2026-03-16,7,723.23,375.05
8dd6aa027ce8f41268539fc2cf01df7f,10000281,七牛特招-虚拟业务10000281,2026-04-01,2026-03-16,7,2643.9,3386.08
8dd6aa027ce8f41268539fc2cf01df7f,10000292,七牛CDN-虚拟业务10000292,2026-04-14,2026-03-16,7,413.29,485.79
8dd6aa027ce8f41268539fc2cf01df7f,10000295,七牛CDN-虚拟业务10000295,2026-04-24,2026-03-16,7,62.72,17.39
8dd6aa027ce8f41268539fc2cf01df7f,10000304,快手严选,2026-07-01,2026-03-16,7,4843.0,5632.8
8ec7a59e7283abee71265d9400110aee,10000069,腾讯汇聚P2P,2026-07-06,2026-03-16,7,191.7,377.88
8ec7a59e7283abee71265d9400110aee,10000088,字节CDN汇聚V2,2026-03-16,2026-03-16,7,353.8,396.08
8ec7a59e7283abee71265d9400110aee,10000278,七牛CDN-虚拟业务10000278,2026-04-27,2026-03-16,7,57.24,180.13
8ec7a59e7283abee71265d9400110aee,10000282,七牛CDN-虚拟业务10000282,2026-04-27,2026-03-16,7,94.02,220.84
8ec7a59e7283abee71265d9400110aee,10000292,七牛CDN-虚拟业务10000292,2026-04-27,2026-03-16,7,162.03,329.08
8f2b56c2ab819f02f0168a447e219a74,10000020,B站专线,2026-08-18,2026-03-16,7,3774.03,4054.6
8f2b56c2ab819f02f0168a447e219a74,10000278,七牛CDN-虚拟业务10000278,2026-04-01,2026-03-16,7,194.3,123.84
8f2b56c2ab819f02f0168a447e219a74,10000279,七牛特招-虚拟业务10000279,2026-04-01,2026-03-16,7,471.55,439.85
8f2b56c2ab819f02f0168a447e219a74,10000280,七牛CDN-ZJ月95,2026-04-01,2026-03-16,7,158.13,143.29
8f2b56c2ab819f02f0168a447e219a74,10000281,七牛特招-虚拟业务10000281,2026-04-01,2026-03-16,7,2067.56,2250.35
8f2b56c2ab819f02f0168a447e219a74,10000292,七牛CDN-虚拟业务10000292,2026-04-14,2026-03-16,7,134.35,175.03
8f2b56c2ab819f02f0168a447e219a74,10000295,七牛CDN-虚拟业务10000295,2026-04-24,2026-03-16,7,35.85,33.08
8f2b56c2ab819f02f0168a447e219a74,1380460970,七牛CDN,2026-03-16,2026-03-16,7,3310.15,3940.97
8f2b56c2ab819f02f0168a447e219a74,1382649737,腾讯专线,2026-05-10,2026-03-16,7,1825.23,2886.32
8f35d103c5bf5d3d5703862364058b96,10000278,七牛CDN-虚拟业务10000278,2026-08-06,2026-08-06,7,70.17,75.75
8f35d103c5bf5d3d5703862364058b96,10000292,七牛CDN-虚拟业务10000292,2026-08-06,2026-08-06,7,528.08,538.02
902eed536fa55cf3f988c22a2f3cffe7,10000037,天翼云专线,2026-05-07,2026-04-11,7,2487.5,3251.89
902eed536fa55cf3f988c22a2f3cffe7,10000079,字节架构汇聚V2,2026-06-05,2026-04-11,7,2913.46,3130.97
902eed536fa55cf3f988c22a2f3cffe7,10000278,七牛CDN-虚拟业务10000278,2026-04-11,2026-04-11,7,1041.72,1283.96
902eed536fa55cf3f988c22a2f3cffe7,10000292,七牛CDN-虚拟业务10000292,2026-04-14,2026-04-11,7,1243.18,1334.5
902eed536fa55cf3f988c22a2f3cffe7,10000295,七牛CDN-虚拟业务10000295,2026-04-24,2026-04-11,7,14.38,28.06
9037fcd0552ef42e571ccd2fbc83b22c,10000244,B站专线-盒子V2,2026-08-20,2026-08-20,7,1555.55,1659.39
9037fcd0552ef42e571ccd2fbc83b22c,10000294,优酷汇聚晚高峰,2026-08-31,2026-08-20,7,930.29,1258.83
904a0ca9a56ec6c6205f4be56acb9f80,10000278,七牛CDN-虚拟业务10000278,2026-07-26,2026-07-26,7,97.52,180.4
904a0ca9a56ec6c6205f4be56acb9f80,10000292,七牛CDN-虚拟业务10000292,2026-07-26,2026-07-26,7,989.25,838.29
90b604f43e305796ed2448bd3f80ccf0,10000175,百度网盘专线,2026-03-16,2026-03-16,7,971.44,1471.05
90b604f43e305796ed2448bd3f80ccf0,10000276,33792斯锐德江苏泰州电信-叠加in,2026-05-07,2026-03-16,7,0.0,3.32
90c96dc91e6e1ebbf0c581cc4c7a8ebe,10000019,B站盒子,2026-04-21,2026-04-21,7,648.91,1064.59
90c96dc91e6e1ebbf0c581cc4c7a8ebe,10000183,B站专线-盒子,2026-08-05,2026-04-21,7,457.73,1305.24
90c96dc91e6e1ebbf0c581cc4c7a8ebe,10000312,金山云闲时,2026-08-27,2026-04-21,7,301.83,508.11
913023776c02fa3ea0b87cbeab9a0e10,10000096,字节架构专线V3,2026-07-02,2026-05-14,7,4549.75,5937.6
913023776c02fa3ea0b87cbeab9a0e10,10000278,七牛CDN-虚拟业务10000278,2026-05-14,2026-05-14,7,751.07,4108.23
913023776c02fa3ea0b87cbeab9a0e10,10000282,七牛CDN-虚拟业务10000282,2026-05-14,2026-05-14,7,740.2,1153.47
913023776c02fa3ea0b87cbeab9a0e10,10000292,七牛CDN-虚拟业务10000292,2026-05-14,2026-05-14,7,717.74,1846.58
92021efff73ba13188c91a1aec5e8f39,10000020,B站专线,2026-05-28,2026-03-16,7,3763.3,4411.89
92021efff73ba13188c91a1aec5e8f39,10000074,腾讯直连独立,2026-03-16,2026-03-16,7,2688.04,2749.98
92021efff73ba13188c91a1aec5e8f39,10000278,七牛CDN-虚拟业务10000278,2026-04-01,2026-03-16,7,253.73,179.46
92021efff73ba13188c91a1aec5e8f39,10000279,七牛特招-虚拟业务10000279,2026-04-01,2026-03-16,7,786.65,659.24
92021efff73ba13188c91a1aec5e8f39,10000280,七牛CDN-ZJ月95,2026-04-01,2026-03-16,7,104.59,111.74
92021efff73ba13188c91a1aec5e8f39,10000281,七牛特招-虚拟业务10000281,2026-04-01,2026-03-16,7,3409.61,3379.2
92021efff73ba13188c91a1aec5e8f39,10000292,七牛CDN-虚拟业务10000292,2026-04-14,2026-03-16,7,178.8,278.5
92021efff73ba13188c91a1aec5e8f39,10000295,七牛CDN-虚拟业务10000295,2026-04-24,2026-03-16,7,56.9,51.47
92021efff73ba13188c91a1aec5e8f39,1382649737,腾讯专线,2026-05-06,2026-03-16,7,332.0,1244.04
93064fa9a6600a6eebaa306723c6c12d,10000001,百度拨测,2026-08-05,2026-07-30,7,0.22,0.0
93064fa9a6600a6eebaa306723c6c12d,10000064,百度小度,2026-08-05,2026-07-30,7,56.56,66.61
93064fa9a6600a6eebaa306723c6c12d,10000182,优云电信单向in,2026-07-30,2026-07-30,7,4.31,0.32
93064fa9a6600a6eebaa306723c6c12d,10000193,优云电信单向in-台州,2026-07-30,2026-07-30,7,8.04,0.44
93064fa9a6600a6eebaa306723c6c12d,10000196,优云电信单向in-嘉兴,2026-07-30,2026-07-30,7,1.07,0.12
93209f7c15202a425fe218c19cbf50ae,10000278,七牛CDN-虚拟业务10000278,2026-07-09,2026-07-09,7,65.99,184.03
93209f7c15202a425fe218c19cbf50ae,10000292,七牛CDN-虚拟业务10000292,2026-07-09,2026-07-09,7,1638.03,2045.37
95b3138026dc8c05829113f7740ce169,10000069,腾讯汇聚P2P,2026-04-22,2026-04-22,7,340.55,343.24
95b3138026dc8c05829113f7740ce169,10000304,快手严选,2026-07-04,2026-04-22,7,334.53,410.82
95f34064fa8ac4cf1491897c9289a9d0,10000069,腾讯汇聚P2P,2026-03-16,2026-03-16,7,2153.91,2022.34
95f34064fa8ac4cf1491897c9289a9d0,10000079,字节架构汇聚V2,2026-07-05,2026-03-16,7,2329.66,4336.91
95f34064fa8ac4cf1491897c9289a9d0,10000096,字节架构专线V3,2026-04-13,2026-03-16,7,2699.85,1900.02
95f34064fa8ac4cf1491897c9289a9d0,1380317970,快手点播,2026-03-29,2026-03-16,7,3235.63,3560.4
962ec5d32e7e44739293210a99afe578,10000065,B站专线-mp,2026-08-04,2026-03-19,7,3123.68,3936.67
962ec5d32e7e44739293210a99afe578,1380317970,快手点播,2026-03-19,2026-03-19,7,2047.8,2219.82
963739ed9530e6e6d7eb59d2968b39b9,10000183,B站专线-盒子,2026-05-11,2026-03-16,7,1764.7,1480.46
963739ed9530e6e6d7eb59d2968b39b9,10000278,七牛CDN-虚拟业务10000278,2026-04-01,2026-03-16,7,300.57,179.82
963739ed9530e6e6d7eb59d2968b39b9,10000279,七牛特招-虚拟业务10000279,2026-04-01,2026-03-16,7,738.79,506.11
963739ed9530e6e6d7eb59d2968b39b9,10000280,七牛CDN-ZJ月95,2026-04-01,2026-03-16,7,904.62,605.06
963739ed9530e6e6d7eb59d2968b39b9,10000281,七牛特招-虚拟业务10000281,2026-04-01,2026-03-16,7,2242.46,1489.05
963739ed9530e6e6d7eb59d2968b39b9,10000292,七牛CDN-虚拟业务10000292,2026-04-14,2026-03-16,7,397.8,206.74
963739ed9530e6e6d7eb59d2968b39b9,1381526443,爱奇艺,2026-03-16,2026-03-16,7,5788.98,5893.38
963739ed9530e6e6d7eb59d2968b39b9,4200000001,七牛CDN-虚拟业务4200000001,2026-06-26,2026-03-16,7,112.2,0.0
965350673a486f97d02b4ef69ad9c223,10000069,腾讯汇聚P2P,2026-07-27,2026-04-01,7,867.29,1549.0
965350673a486f97d02b4ef69ad9c223,10000079,字节架构汇聚V2,2026-04-01,2026-04-01,7,3329.12,1762.39
965350673a486f97d02b4ef69ad9c223,10000294,优酷汇聚晚高峰,2026-07-17,2026-04-01,7,236.8,462.36
968d6589260e0401fd621b8c4f9a3e19,10000064,百度小度,2026-04-19,2026-04-19,7,639.07,692.53
968d6589260e0401fd621b8c4f9a3e19,10000122,金山云汇聚ern,2026-07-31,2026-04-19,7,210.46,368.19
97e19994506fc24abd16aedb551c38bd,10000069,腾讯汇聚P2P,2026-03-30,2026-03-30,7,792.22,1298.32
97e19994506fc24abd16aedb551c38bd,10000079,字节架构汇聚V2,2026-05-10,2026-03-30,7,1327.38,1413.53
988e57cc6d107fdd38e285c46df4427f,10000224,字节CDN专线V4,2026-08-20,2026-03-31,7,3432.88,2954.49
988e57cc6d107fdd38e285c46df4427f,1380317970,快手点播,2026-03-31,2026-03-31,7,365.08,135.9
988e57cc6d107fdd38e285c46df4427f,1382680008,字节CDN专线,2026-09-01,2026-03-31,7,4402.33,3201.64
9972c9c91e709c1eb233d255bff646f4,10000278,七牛CDN-虚拟业务10000278,2026-06-30,2026-06-30,7,6.78,8.93
9972c9c91e709c1eb233d255bff646f4,10000292,七牛CDN-虚拟业务10000292,2026-06-30,2026-06-30,7,90.16,104.63
9aa0c88b20da971c7a4ab3824f9ff42b,10000278,七牛CDN-虚拟业务10000278,2026-07-10,2026-07-10,7,6.6,14.03
9aa0c88b20da971c7a4ab3824f9ff42b,10000292,七牛CDN-虚拟业务10000292,2026-07-10,2026-07-10,7,87.62,122.35
9cee34045dd12b158a7fba49543203a5,10000278,七牛CDN-虚拟业务10000278,2026-08-14,2026-08-14,7,2.91,3.37
9cee34045dd12b158a7fba49543203a5,10000292,七牛CDN-虚拟业务10000292,2026-08-14,2026-08-14,7,76.31,77.99
9e7c8c15651416aeef148e2a11519803,10000278,七牛CDN-虚拟业务10000278,2026-04-11,2026-03-16,7,201.14,359.88
9e7c8c15651416aeef148e2a11519803,10000279,七牛特招-虚拟业务10000279,2026-04-11,2026-03-16,7,61.96,125.08
9e7c8c15651416aeef148e2a11519803,10000281,七牛特招-虚拟业务10000281,2026-04-11,2026-03-16,7,1669.48,2186.01
9e7c8c15651416aeef148e2a11519803,10000292,七牛CDN-虚拟业务10000292,2026-04-14,2026-03-16,7,1168.84,514.79
9e7c8c15651416aeef148e2a11519803,10000295,七牛CDN-虚拟业务10000295,2026-04-24,2026-03-16,7,41.52,446.11
9e7c8c15651416aeef148e2a11519803,10000325,天翼云专线80单机,2026-08-24,2026-03-16,7,1744.54,1885.72
9e7c8c15651416aeef148e2a11519803,1380460970,七牛CDN,2026-03-16,2026-03-16,7,4091.95,4460.06
a04e2f85d823b3f6a2e1640636283022,10000278,七牛CDN-虚拟业务10000278,2026-07-27,2026-07-27,7,3.23,3.07
a04e2f85d823b3f6a2e1640636283022,10000292,七牛CDN-虚拟业务10000292,2026-07-27,2026-07-27,7,88.92,101.4
a0d4e6fae5ffb160b3aa147b40627000,10000069,腾讯汇聚P2P,2026-08-12,2026-03-16,7,375.6,390.94
a0d4e6fae5ffb160b3aa147b40627000,10000079,字节架构汇聚V2,2026-03-16,2026-03-16,7,245.76,210.37
a1d6af5f0bc386471a93d498a4452ced,10000001,百度拨测,2026-08-17,2026-08-17,7,0.07,0.0
a1d6af5f0bc386471a93d498a4452ced,10000064,百度小度,2026-08-17,2026-08-17,7,61.86,26.01
a1d7807d757068d91db874e58cc98cb9,10000069,腾讯汇聚P2P,2026-03-20,2026-03-20,7,3188.29,4034.06
a1d7807d757068d91db874e58cc98cb9,10000294,优酷汇聚晚高峰,2026-06-01,2026-03-20,7,40.06,690.54
a1d7807d757068d91db874e58cc98cb9,10000315,天翼云专线晚2,2026-08-04,2026-03-20,7,18.53,3310.67
a233604b87bb5215ebf438fcfda4f8f3,10000304,快手严选,2026-08-27,2026-03-16,7,7687.43,7993.75
a233604b87bb5215ebf438fcfda4f8f3,1380317970,快手点播,2026-03-24,2026-03-16,7,3219.55,3489.69
a233604b87bb5215ebf438fcfda4f8f3,1382649737,腾讯专线,2026-03-16,2026-03-16,7,5733.19,6213.86
a2f9b922f89a1742a3b03faec54da156,10000001,百度拨测,2026-03-16,2026-03-16,7,0.19,0.0
a2f9b922f89a1742a3b03faec54da156,10000064,百度小度,2026-03-16,2026-03-16,7,59.3,69.02
a3dab95c0a5d0f0040f582fc8efbff43,10000278,七牛CDN-虚拟业务10000278,2026-07-06,2026-07-06,7,1.92,2.5
a3dab95c0a5d0f0040f582fc8efbff43,10000292,七牛CDN-虚拟业务10000292,2026-07-06,2026-07-06,7,85.36,115.52
a55a4e3ffad41b194ae9a38bdb226157,10000278,七牛CDN-虚拟业务10000278,2026-07-16,2026-07-16,7,2.65,9.71
a55a4e3ffad41b194ae9a38bdb226157,10000292,七牛CDN-虚拟业务10000292,2026-07-16,2026-07-16,7,91.31,123.71
a59171df8aec48eaec3ac4e2c96fe2aa,10000278,七牛CDN-虚拟业务10000278,2026-07-14,2026-07-14,7,8.22,10.83
a59171df8aec48eaec3ac4e2c96fe2aa,10000292,七牛CDN-虚拟业务10000292,2026-07-14,2026-07-14,7,87.49,120.58
a6bf4e8b368304092debc8c8760ba9f2,10000064,百度小度,2026-05-31,2026-05-31,7,418.12,440.67
a6bf4e8b368304092debc8c8760ba9f2,10000123,金山云ern_HQ,2026-07-28,2026-05-31,7,671.59,936.96
a79a8266da62665de59ef3563a40a17a,10000064,百度小度,2026-03-20,2026-03-20,7,227.88,249.27
a79a8266da62665de59ef3563a40a17a,10000074,腾讯直连独立,2026-06-10,2026-03-20,7,456.16,592.68
a83d87f6929e7b9063cfdedb0c56a8b3,10000079,字节架构汇聚V2,2026-05-06,2026-03-16,7,1414.17,1216.33
a83d87f6929e7b9063cfdedb0c56a8b3,10000315,天翼云专线晚2,2026-07-24,2026-03-16,7,837.36,281.87
a83d87f6929e7b9063cfdedb0c56a8b3,1381526443,爱奇艺,2026-03-16,2026-03-16,7,905.17,1211.17
a8a11b0d7e59b57f7fcae6dda56c4558,10000278,七牛CDN-虚拟业务10000278,2026-05-27,2026-05-27,7,66.6,47.1
a8a11b0d7e59b57f7fcae6dda56c4558,10000292,七牛CDN-虚拟业务10000292,2026-05-27,2026-05-27,7,1856.95,2149.13
a94538aad68567b1254d0aa2867ca065,10000001,百度拨测,2026-08-29,2026-08-29,7,0.19,0.0
a94538aad68567b1254d0aa2867ca065,10000064,百度小度,2026-08-29,2026-08-29,7,462.46,346.99
a98e27c6bb37a0a2c9fe3e72ceed3345,10000079,字节架构汇聚V2,2026-08-20,2026-03-16,7,1871.62,2932.2
a98e27c6bb37a0a2c9fe3e72ceed3345,1380317970,快手点播,2026-03-16,2026-03-16,7,1971.53,1763.73
aa2a78088814d5debb89b5ff8377ec7a,10000000,腾讯汇聚直连,2026-03-16,2026-03-16,7,2915.68,3083.13
aa2a78088814d5debb89b5ff8377ec7a,10000096,字节架构专线V3,2026-04-29,2026-03-16,7,1680.71,1688.49
aa2a78088814d5debb89b5ff8377ec7a,10000275,1018北京联通-叠加in,2026-04-24,2026-03-16,7,0.0,50.65
ac0bda7218d7aa0af8151976ce2c652d,10000278,七牛CDN-虚拟业务10000278,2026-07-19,2026-07-19,7,15.88,20.66
ac0bda7218d7aa0af8151976ce2c652d,10000292,七牛CDN-虚拟业务10000292,2026-07-19,2026-07-19,7,168.61,351.27
ac796a41ad99ef612aba1e010929e97d,10000001,百度拨测,2026-05-18,2026-04-23,7,0.07,0.0
ac796a41ad99ef612aba1e010929e97d,10000064,百度小度,2026-04-23,2026-04-23,7,483.9,618.54
accf7a2d0fa62d764eeb06a57e9f77fc,10000278,七牛CDN-虚拟业务10000278,2026-07-21,2026-07-21,7,88.42,133.74
accf7a2d0fa62d764eeb06a57e9f77fc,10000292,七牛CDN-虚拟业务10000292,2026-07-22,2026-07-21,7,437.56,549.44
ad0242480913f9270a06b2ff01db0281,10000000,腾讯汇聚直连,2026-06-26,2026-06-15,7,417.68,513.07
ad0242480913f9270a06b2ff01db0281,10000069,腾讯汇聚P2P,2026-06-15,2026-06-15,7,416.91,518.69
aea059dc243490dfd693389013eeb63c,10000001,百度拨测,2026-08-05,2026-03-16,7,0.14,0.0
aea059dc243490dfd693389013eeb63c,10000034,优酷专线,2026-08-04,2026-03-16,7,1741.69,2703.5
aea059dc243490dfd693389013eeb63c,10000096,字节架构专线V3,2026-03-16,2026-03-16,7,2082.38,2606.54
af0b8350d8d44c8762e7cb9d8e143a45,10000278,七牛CDN-虚拟业务10000278,2026-08-26,2026-08-26,7,1.12,0.14
af0b8350d8d44c8762e7cb9d8e143a45,10000292,七牛CDN-虚拟业务10000292,2026-08-26,2026-08-26,7,66.17,83.56
af5dfa5130c3e1ae83cd625e15cfaa61,10000278,七牛CDN-虚拟业务10000278,2026-07-02,2026-07-02,7,3.24,3.72
af5dfa5130c3e1ae83cd625e15cfaa61,10000292,七牛CDN-虚拟业务10000292,2026-07-02,2026-07-02,7,76.16,82.54
b09f4a52cd353fbfcec048c9d2f8dfe7,10000037,天翼云专线,2026-05-19,2026-05-19,7,3406.24,3786.6
b09f4a52cd353fbfcec048c9d2f8dfe7,10000177,百度网盘专线-ANT,2026-08-28,2026-05-19,7,2699.14,3609.01
b09f4a52cd353fbfcec048c9d2f8dfe7,10000278,七牛CDN-虚拟业务10000278,2026-06-01,2026-05-19,7,385.98,468.62
b09f4a52cd353fbfcec048c9d2f8dfe7,10000279,七牛特招-虚拟业务10000279,2026-06-02,2026-05-19,7,1730.44,1891.94
b09f4a52cd353fbfcec048c9d2f8dfe7,10000281,七牛特招-虚拟业务10000281,2026-06-02,2026-05-19,7,2749.16,3234.36
b09f4a52cd353fbfcec048c9d2f8dfe7,10000292,七牛CDN-虚拟业务10000292,2026-06-02,2026-05-19,7,229.45,306.84
b09f4a52cd353fbfcec048c9d2f8dfe7,10000295,七牛CDN-虚拟业务10000295,2026-06-02,2026-05-19,7,121.75,248.91
b09f4a52cd353fbfcec048c9d2f8dfe7,10000304,快手严选,2026-08-02,2026-05-19,7,4692.45,4843.07
b0cb9818a99b830433b6169f019de258,10000278,七牛CDN-虚拟业务10000278,2026-08-14,2026-08-14,7,50.34,25.64
b0cb9818a99b830433b6169f019de258,10000292,七牛CDN-虚拟业务10000292,2026-08-14,2026-08-14,7,828.69,716.98
b151520b816d65ddbae5b92ddba4f1b3,10000001,百度拨测,2026-08-19,2026-08-19,7,0.07,0.0
b151520b816d65ddbae5b92ddba4f1b3,10000064,百度小度,2026-08-19,2026-08-19,7,217.24,316.43
b1d8a994df686330c68bf2c551e20629,10000001,百度拨测,2026-08-24,2026-08-24,7,0.07,0.0
b1d8a994df686330c68bf2c551e20629,10000064,百度小度,2026-08-24,2026-08-24,7,21.66,17.94
b1f0107f830807bb42644c5195ce16a3,10000001,百度拨测,2026-05-18,2026-05-13,7,0.07,0.0
b1f0107f830807bb42644c5195ce16a3,10000064,百度小度,2026-05-13,2026-05-13,7,585.38,1024.64
b1f8c7c3f014337bc81fadcbdd098480,10000278,七牛CDN-虚拟业务10000278,2026-07-10,2026-07-10,7,3.07,5.01
b1f8c7c3f014337bc81fadcbdd098480,10000292,七牛CDN-虚拟业务10000292,2026-07-10,2026-07-10,7,92.53,127.11
b246f53d9b6879ce3165c37b7f517aaa,10000079,字节架构汇聚V2,2026-07-13,2026-07-13,7,354.53,390.07
b246f53d9b6879ce3165c37b7f517aaa,10000244,B站专线-盒子V2,2026-07-31,2026-07-13,7,699.17,866.64
b24b78cd3214a6907d334a504e1c5fce,10000079,字节架构汇聚V2,2026-08-23,2026-03-16,7,2747.23,1847.98
b24b78cd3214a6907d334a504e1c5fce,10000175,百度网盘专线,2026-03-16,2026-03-16,7,214.17,266.39
b31db1e45ef0c6650600696ce2880fe4,10000020,B站专线,2026-08-22,2026-03-16,7,3027.1,3019.75
b31db1e45ef0c6650600696ce2880fe4,10000069,腾讯汇聚P2P,2026-03-16,2026-03-16,7,3682.71,5071.61
b31db1e45ef0c6650600696ce2880fe4,10000278,七牛CDN-虚拟业务10000278,2026-06-22,2026-03-16,7,105.32,231.79
b31db1e45ef0c6650600696ce2880fe4,10000279,七牛特招-虚拟业务10000279,2026-06-22,2026-03-16,7,1134.25,1499.98
b31db1e45ef0c6650600696ce2880fe4,10000281,七牛特招-虚拟业务10000281,2026-06-22,2026-03-16,7,2592.31,2810.33
b31db1e45ef0c6650600696ce2880fe4,10000292,七牛CDN-虚拟业务10000292,2026-06-23,2026-03-16,7,187.94,268.42
b3c5651f4904e124d954c29eff6d45b9,10000037,天翼云专线,2026-07-08,2026-07-08,7,888.77,416.29
b3c5651f4904e124d954c29eff6d45b9,10000069,腾讯汇聚P2P,2026-07-31,2026-07-08,7,1003.78,825.26
b3c8c3dd2d57eeb9332212cda8d70cb5,10000278,七牛CDN-虚拟业务10000278,2026-06-22,2026-06-22,7,7.49,5.89
b3c8c3dd2d57eeb9332212cda8d70cb5,10000292,七牛CDN-虚拟业务10000292,2026-06-22,2026-06-22,7,85.06,87.67
b3dbe48e3ceff6a45c58f374b4774636,10000019,B站盒子,2026-03-16,2026-03-16,7,26.6,53.57
b3dbe48e3ceff6a45c58f374b4774636,10000041,B站Web盒子,2026-08-08,2026-03-16,7,9.76,23.45
b3dbe48e3ceff6a45c58f374b4774636,1380389889,爱奇艺盒子,2026-04-18,2026-03-16,7,45.06,53.46
b4558fb282a0e22bb9c2b957d92c49c9,10000001,百度拨测,2026-03-19,2026-03-16,7,0.07,0.0
b4558fb282a0e22bb9c2b957d92c49c9,10000064,百度小度,2026-03-16,2026-03-16,7,485.0,737.57
b4558fb282a0e22bb9c2b957d92c49c9,10000123,金山云ern_HQ,2026-07-21,2026-03-16,7,231.38,538.94
b4558fb282a0e22bb9c2b957d92c49c9,10000278,七牛CDN-虚拟业务10000278,2026-05-06,2026-03-16,7,27.93,89.69
b4558fb282a0e22bb9c2b957d92c49c9,10000282,七牛CDN-虚拟业务10000282,2026-05-06,2026-03-16,7,5.13,23.8
b4558fb282a0e22bb9c2b957d92c49c9,10000292,七牛CDN-虚拟业务10000292,2026-05-06,2026-03-16,7,29.2,27.14
b51b2cca4229085b167a9b99368901af,10000278,七牛CDN-虚拟业务10000278,2026-07-23,2026-07-23,7,3.55,0.43
b51b2cca4229085b167a9b99368901af,10000292,七牛CDN-虚拟业务10000292,2026-07-23,2026-07-23,7,85.56,123.54
b5a0977a4ffeb636c83d75187c7dd34d,10000001,百度拨测,2026-08-05,2026-08-05,7,0.07,0.0
b5a0977a4ffeb636c83d75187c7dd34d,10000064,百度小度,2026-08-05,2026-08-05,7,126.66,30.08
b7469b17a4372bed2c7a1dccf029fef5,10000069,腾讯汇聚P2P,2026-05-01,2026-03-16,7,430.21,294.59
b7469b17a4372bed2c7a1dccf029fef5,1380460970,七牛CDN,2026-03-16,2026-03-16,7,425.99,1392.65
b92c5f2ff916ddb0b41efec80ddddead,10000278,七牛CDN-虚拟业务10000278,2026-07-22,2026-07-22,7,2.04,4.3
b92c5f2ff916ddb0b41efec80ddddead,10000292,七牛CDN-虚拟业务10000292,2026-07-22,2026-07-22,7,88.74,108.7
b9dcb06082b3bb132e866692feb87049,10000001,百度拨测,2026-08-04,2026-07-03,7,0.12,0.0
b9dcb06082b3bb132e866692feb87049,10000064,百度小度,2026-07-03,2026-07-03,7,120.82,159.37
bacf59a3b3057250a227dacbbae62390,10000001,百度拨测,2026-07-29,2026-07-27,7,0.14,0.0
bacf59a3b3057250a227dacbbae62390,10000064,百度小度,2026-07-27,2026-07-27,7,42.51,39.82
bc3899039284505c748e146204177e3d,10000278,七牛CDN-虚拟业务10000278,2026-04-01,2026-03-16,7,2001.26,2077.4
bc3899039284505c748e146204177e3d,10000279,七牛特招-虚拟业务10000279,2026-04-01,2026-03-16,7,81.56,30.3
bc3899039284505c748e146204177e3d,10000280,七牛CDN-ZJ月95,2026-04-01,2026-03-16,7,1413.12,1797.46
bc3899039284505c748e146204177e3d,10000292,七牛CDN-虚拟业务10000292,2026-04-14,2026-03-16,7,1598.86,965.46
bc3899039284505c748e146204177e3d,10000295,七牛CDN-虚拟业务10000295,2026-04-24,2026-03-16,7,43.71,21.81
bc3899039284505c748e146204177e3d,10000304,快手严选,2026-07-01,2026-03-16,7,5314.06,5944.92
bc3899039284505c748e146204177e3d,1380460970,七牛CDN,2026-03-16,2026-03-16,7,4900.64,5084.1
bf325fe475cec889d85b7f03c9dcc4ee,10000001,百度拨测,2026-07-31,2026-07-25,7,0.07,0.0
bf325fe475cec889d85b7f03c9dcc4ee,10000064,百度小度,2026-07-25,2026-07-25,7,499.01,604.84
bff4b7a4493025adcb9553c593924a06,10000278,七牛CDN-虚拟业务10000278,2026-08-26,2026-08-26,7,0.2,0.08
bff4b7a4493025adcb9553c593924a06,10000292,七牛CDN-虚拟业务10000292,2026-08-26,2026-08-26,7,71.67,85.72
c0d3df61ed7f4f6daa949beafd44ba9b,10000175,百度网盘专线,2026-03-16,2026-03-16,7,662.0,668.44
c0d3df61ed7f4f6daa949beafd44ba9b,10000183,B站专线-盒子,2026-05-19,2026-03-16,7,1549.7,1720.72
c28fa55fb0529877df01cc690797dd22,10000069,腾讯汇聚P2P,2026-03-16,2026-03-16,7,1506.62,1614.49
c28fa55fb0529877df01cc690797dd22,10000088,字节CDN汇聚V2,2026-06-01,2026-03-16,7,1542.57,1371.44
c28fa55fb0529877df01cc690797dd22,10000210,字节CDN汇聚V3,2026-05-16,2026-03-16,7,1374.19,788.26
c42fa31f17ae57349435a5d94a9e52ba,10000001,百度拨测,2026-04-08,2026-03-16,7,0.07,0.0
c42fa31f17ae57349435a5d94a9e52ba,10000064,百度小度,2026-04-04,2026-03-16,7,246.15,276.83
c42fa31f17ae57349435a5d94a9e52ba,10000139,百度小度盒子,2026-03-16,2026-03-16,7,156.79,226.6
c4ae443ea29beb478fc1d8fa30f76cf7,10000278,七牛CDN-虚拟业务10000278,2026-06-09,2026-06-09,7,614.6,234.46
c4ae443ea29beb478fc1d8fa30f76cf7,10000292,七牛CDN-虚拟业务10000292,2026-06-09,2026-06-09,7,3165.75,709.18
c4ae443ea29beb478fc1d8fa30f76cf7,10000295,七牛CDN-虚拟业务10000295,2026-06-09,2026-06-09,7,1.56,16.3
c4f5ee0ff8446d78a9ab1c2293e06006,10000079,字节架构汇聚V2,2026-04-27,2026-04-27,7,152.0,162.44
c4f5ee0ff8446d78a9ab1c2293e06006,10000294,优酷汇聚晚高峰,2026-06-30,2026-04-27,7,900.28,1266.53
c5370d0bb6e6eb8868e7e0d12c28a245,10000079,字节架构汇聚V2,2026-07-01,2026-05-13,7,1338.14,1119.28
c5370d0bb6e6eb8868e7e0d12c28a245,10000278,七牛CDN-虚拟业务10000278,2026-05-13,2026-05-13,7,148.2,572.36
c5370d0bb6e6eb8868e7e0d12c28a245,10000279,七牛特招-虚拟业务10000279,2026-05-13,2026-05-13,7,513.85,807.84
c5370d0bb6e6eb8868e7e0d12c28a245,10000281,七牛特招-虚拟业务10000281,2026-05-13,2026-05-13,7,767.26,1228.59
c5370d0bb6e6eb8868e7e0d12c28a245,10000292,七牛CDN-虚拟业务10000292,2026-05-13,2026-05-13,7,353.03,486.55
c598b5f81333c56c0d68abf31845d75a,10000019,B站盒子,2026-05-31,2026-03-16,7,1359.21,1797.81
c598b5f81333c56c0d68abf31845d75a,10000069,腾讯汇聚P2P,2026-03-16,2026-03-16,7,2351.99,3899.26
c598b5f81333c56c0d68abf31845d75a,1382680008,字节CDN专线,2026-04-01,2026-03-16,7,1565.09,1431.9
c93ba12e92bbbafac14d7fbbae46a308,10000069,腾讯汇聚P2P,2026-08-10,2026-06-09,7,1201.67,1352.88
c93ba12e92bbbafac14d7fbbae46a308,10000079,字节架构汇聚V2,2026-06-09,2026-06-09,7,732.09,1043.8
ca3e4ab11e1807beb0662b1ef2bdbe73,10000079,字节架构汇聚V2,2026-04-28,2026-03-16,7,553.24,603.65
ca3e4ab11e1807beb0662b1ef2bdbe73,1382522065,字节架构汇聚,2026-03-16,2026-03-16,7,455.03,614.51
ca6c74bf27d4a3c3a456d5ebcd12a7f0,10000065,B站专线-mp,2026-08-09,2026-03-16,7,2972.94,3245.61
ca6c74bf27d4a3c3a456d5ebcd12a7f0,10000074,腾讯直连独立,2026-03-16,2026-03-16,7,2511.42,1056.49
ca6c74bf27d4a3c3a456d5ebcd12a7f0,10000278,七牛CDN-虚拟业务10000278,2026-04-01,2026-03-16,7,283.85,183.48
ca6c74bf27d4a3c3a456d5ebcd12a7f0,10000279,七牛特招-虚拟业务10000279,2026-04-01,2026-03-16,7,427.57,451.65
ca6c74bf27d4a3c3a456d5ebcd12a7f0,10000280,七牛CDN-ZJ月95,2026-04-01,2026-03-16,7,728.53,434.75
ca6c74bf27d4a3c3a456d5ebcd12a7f0,10000281,七牛特招-虚拟业务10000281,2026-04-01,2026-03-16,7,2735.33,3364.93
ca6c74bf27d4a3c3a456d5ebcd12a7f0,10000292,七牛CDN-虚拟业务10000292,2026-04-14,2026-03-16,7,595.71,426.57
ca6c74bf27d4a3c3a456d5ebcd12a7f0,10000304,快手严选,2026-07-22,2026-03-16,7,2365.17,2512.75
ca7461dde1d298c70ed7c250ee712145,10000001,百度拨测,2026-07-29,2026-06-13,7,0.2,0.0
ca7461dde1d298c70ed7c250ee712145,10000064,百度小度,2026-06-13,2026-06-13,7,308.3,379.26
cc7586e71b9508877654bb0230a0b000,10000244,B站专线-盒子V2,2026-08-03,2026-08-03,7,736.35,811.03
cc7586e71b9508877654bb0230a0b000,10000278,七牛CDN-虚拟业务10000278,2026-08-23,2026-08-03,7,9.4,11.78
cc7586e71b9508877654bb0230a0b000,10000292,七牛CDN-虚拟业务10000292,2026-08-23,2026-08-03,7,546.13,734.37
cf24afe54a719342bc9eb5d447f21ef3,10000020,B站专线,2026-05-29,2026-03-16,7,1494.58,2157.14
cf24afe54a719342bc9eb5d447f21ef3,10000292,七牛CDN-虚拟业务10000292,2026-08-27,2026-03-16,7,535.26,643.81
cf24afe54a719342bc9eb5d447f21ef3,10000295,七牛CDN-虚拟业务10000295,2026-08-27,2026-03-16,7,0.99,96.02
cf24afe54a719342bc9eb5d447f21ef3,1380317970,快手点播,2026-05-16,2026-03-16,7,1417.01,2363.78
cf24afe54a719342bc9eb5d447f21ef3,1380460970,七牛CDN,2026-03-16,2026-03-16,7,2545.09,3297.23
cf6f547d4725ec95c08c7beab34ff4e7,10000069,腾讯汇聚P2P,2026-03-24,2026-03-24,7,521.43,2010.49
cf6f547d4725ec95c08c7beab34ff4e7,10000183,B站专线-盒子,2026-07-09,2026-03-24,7,398.02,1157.53
cf6f547d4725ec95c08c7beab34ff4e7,10000278,七牛CDN-虚拟业务10000278,2026-04-04,2026-03-24,7,3.33,3.66
cf6f547d4725ec95c08c7beab34ff4e7,10000280,七牛CDN-ZJ月95,2026-04-04,2026-03-24,7,2153.48,2339.98
cf6f547d4725ec95c08c7beab34ff4e7,10000292,七牛CDN-虚拟业务10000292,2026-04-14,2026-03-24,7,2064.54,3106.59
cf6f547d4725ec95c08c7beab34ff4e7,10000295,七牛CDN-虚拟业务10000295,2026-04-24,2026-03-24,7,0.63,171.84
cfc57447e835511ef5e00b1dab77dff9,10000079,字节架构汇聚V2,2026-04-06,2026-04-06,7,305.49,350.88
cfc57447e835511ef5e00b1dab77dff9,10000278,七牛CDN-虚拟业务10000278,2026-04-15,2026-04-06,7,0.07,0.0
cfc57447e835511ef5e00b1dab77dff9,10000292,七牛CDN-虚拟业务10000292,2026-04-14,2026-04-06,7,372.54,571.54
d010a7e419c9ae2d2d583ae2420cb7e0,10000278,七牛CDN-虚拟业务10000278,2026-06-30,2026-06-30,7,7.87,11.09
d010a7e419c9ae2d2d583ae2420cb7e0,10000292,七牛CDN-虚拟业务10000292,2026-06-30,2026-06-30,7,91.99,114.1
d0b2aa3b6179417cfdab4f7d3366c215,10000278,七牛CDN-虚拟业务10000278,2026-06-13,2026-06-13,7,114.35,210.69
d0b2aa3b6179417cfdab4f7d3366c215,10000279,七牛特招-虚拟业务10000279,2026-06-13,2026-06-13,7,833.03,1192.98
d0b2aa3b6179417cfdab4f7d3366c215,10000281,七牛特招-虚拟业务10000281,2026-06-13,2026-06-13,7,2099.81,2811.76
d0b2aa3b6179417cfdab4f7d3366c215,10000292,七牛CDN-虚拟业务10000292,2026-06-13,2026-06-13,7,311.36,457.12
d0e65620bcddf82a3124abbc0d39186c,10000001,百度拨测,2026-05-27,2026-04-20,7,0.14,0.0
d0e65620bcddf82a3124abbc0d39186c,10000175,百度网盘专线,2026-04-20,2026-04-20,7,803.7,1141.65
d2ebcbc0d113cbf9cbb6fc2aa42c4d2e,10000278,七牛CDN-虚拟业务10000278,2026-04-09,2026-04-09,7,165.85,171.53
d2ebcbc0d113cbf9cbb6fc2aa42c4d2e,10000281,七牛特招-虚拟业务10000281,2026-04-10,2026-04-09,7,1458.29,1669.62
d2ebcbc0d113cbf9cbb6fc2aa42c4d2e,1380317970,快手点播,2026-04-18,2026-04-09,7,1073.02,1519.51
d425ab9ba5e4d856d9f1dd9d386497bf,10000001,百度拨测,2026-03-18,2026-03-16,7,0.13,0.0
d425ab9ba5e4d856d9f1dd9d386497bf,10000064,百度小度,2026-03-16,2026-03-16,7,424.9,474.97
d425ab9ba5e4d856d9f1dd9d386497bf,10000079,字节架构汇聚V2,2026-04-02,2026-03-16,7,539.63,565.21
d425ab9ba5e4d856d9f1dd9d386497bf,10000244,B站专线-盒子V2,2026-05-08,2026-03-16,7,439.6,584.78
d49968f587d579ff7859cb4dff16766a,10000064,百度小度,2026-03-16,2026-03-16,7,156.08,241.97
d49968f587d579ff7859cb4dff16766a,10000123,金山云ern_HQ,2026-08-16,2026-03-16,7,166.06,191.56
d5728bca0985d926f35c3e53e2de5b4f,10000278,七牛CDN-虚拟业务10000278,2026-07-06,2026-07-06,7,0.69,0.93
d5728bca0985d926f35c3e53e2de5b4f,10000292,七牛CDN-虚拟业务10000292,2026-07-06,2026-07-06,7,88.87,126.92
d6b34c6ab92646c337ce00a3e780de1b,10000019,B站盒子,2026-06-16,2026-04-28,7,2299.69,2513.95
d6b34c6ab92646c337ce00a3e780de1b,10000037,天翼云专线,2026-04-28,2026-04-28,7,3279.99,3573.75
d93d349cdcee5dd1666c6db66640fd97,10000014,百度XCDN专线,2026-03-30,2026-03-16,7,1681.96,2592.85
d93d349cdcee5dd1666c6db66640fd97,10000096,字节架构专线V3,2026-03-16,2026-03-16,7,626.28,832.27
d975d9a3f89da0e7d8fd736128aa5a0d,10000069,腾讯汇聚P2P,2026-03-16,2026-03-16,7,3009.72,3705.97
d975d9a3f89da0e7d8fd736128aa5a0d,4200000001,七牛CDN-虚拟业务4200000001,2026-06-04,2026-03-16,7,162.11,0.0
da1ff988730f1532cf89651339e6385b,10000183,B站专线-盒子,2026-05-08,2026-03-16,7,4528.08,5547.99
da1ff988730f1532cf89651339e6385b,1380460970,七牛CDN,2026-03-16,2026-03-16,7,454.33,499.86
da4a0402c321fd5470b1e4c42a479e46,10000069,腾讯汇聚P2P,2026-03-16,2026-03-16,7,2601.54,3339.78
da4a0402c321fd5470b1e4c42a479e46,10000183,B站专线-盒子,2026-05-19,2026-03-16,7,2152.67,2247.18
dcc24a8fe122d599822972bb712d6d63,1380317970,快手点播,2026-05-16,2026-03-16,7,569.53,839.11
dcc24a8fe122d599822972bb712d6d63,1380460970,七牛CDN,2026-03-16,2026-03-16,7,3514.86,3988.23
dcc24a8fe122d599822972bb712d6d63,1381526443,爱奇艺,2026-07-06,2026-03-16,7,2435.74,2825.57
dd0fdd4d761d986f01b00daf40fafb0c,10000001,百度拨测,2026-05-16,2026-04-30,7,0.07,0.0
dd0fdd4d761d986f01b00daf40fafb0c,10000064,百度小度,2026-04-30,2026-04-30,7,1073.32,1027.83
dd0fdd4d761d986f01b00daf40fafb0c,10000069,腾讯汇聚P2P,2026-06-25,2026-04-30,7,1115.68,3070.78
dd0fdd4d761d986f01b00daf40fafb0c,10000079,字节架构汇聚V2,2026-08-08,2026-04-30,7,3321.35,2439.28
ddd638a433d7d2c5c6fd2bb2502bc74e,10000001,百度拨测,2026-08-31,2026-07-04,7,0.12,0.0
ddd638a433d7d2c5c6fd2bb2502bc74e,10000064,百度小度,2026-08-31,2026-07-04,7,160.12,209.69
ddd638a433d7d2c5c6fd2bb2502bc74e,10000294,优酷汇聚晚高峰,2026-07-04,2026-07-04,7,312.29,418.76
df5e9d69312a4d871db9fc95715b684e,10000138,七牛买断,2026-03-16,2026-03-16,7,3928.02,5542.42
df5e9d69312a4d871db9fc95715b684e,10000277,七牛买断-虚拟业务10000277,2026-04-01,2026-03-16,7,0.1,0.0
df5e9d69312a4d871db9fc95715b684e,10000278,七牛CDN-虚拟业务10000278,2026-05-13,2026-03-16,7,127.98,350.41
df5e9d69312a4d871db9fc95715b684e,10000279,七牛特招-虚拟业务10000279,2026-05-13,2026-03-16,7,737.53,1136.94
df5e9d69312a4d871db9fc95715b684e,10000281,七牛特招-虚拟业务10000281,2026-05-13,2026-03-16,7,828.68,1021.03
df5e9d69312a4d871db9fc95715b684e,10000284,七牛买断-ZJ月95,2026-04-01,2026-03-16,7,3714.73,3614.66
df5e9d69312a4d871db9fc95715b684e,10000291,七牛买断-虚拟业务10000291,2026-04-14,2026-03-16,7,3797.92,3859.62
df5e9d69312a4d871db9fc95715b684e,10000292,七牛CDN-虚拟业务10000292,2026-05-13,2026-03-16,7,208.41,356.5
df5e9d69312a4d871db9fc95715b684e,10000295,七牛CDN-虚拟业务10000295,2026-05-13,2026-03-16,7,15.59,171.05
df5e9d69312a4d871db9fc95715b684e,10000299,天翼云分时专线,2026-07-15,2026-03-16,7,1339.76,1393.77
e0a9db31d6a2823b4d90b62ccdb984d4,10000278,七牛CDN-虚拟业务10000278,2026-07-11,2026-07-11,7,112.89,90.69
e0a9db31d6a2823b4d90b62ccdb984d4,10000292,七牛CDN-虚拟业务10000292,2026-07-11,2026-07-11,7,445.44,504.36
e162ae7a9e41f52e2df07d89f740166b,10000069,腾讯汇聚P2P,2026-05-07,2026-03-16,7,94.02,0.0
e162ae7a9e41f52e2df07d89f740166b,10000079,字节架构汇聚V2,2026-05-16,2026-03-16,7,218.8,98.39
e162ae7a9e41f52e2df07d89f740166b,10000278,七牛CDN-虚拟业务10000278,2026-04-01,2026-03-16,7,384.99,163.9
e162ae7a9e41f52e2df07d89f740166b,10000279,七牛特招-虚拟业务10000279,2026-04-01,2026-03-16,7,671.68,418.85
e162ae7a9e41f52e2df07d89f740166b,10000280,七牛CDN-ZJ月95,2026-04-01,2026-03-16,7,356.64,95.57
e162ae7a9e41f52e2df07d89f740166b,10000281,七牛特招-虚拟业务10000281,2026-04-01,2026-03-16,7,3275.7,2095.61
e162ae7a9e41f52e2df07d89f740166b,10000292,七牛CDN-虚拟业务10000292,2026-04-14,2026-03-16,7,305.91,154.37
e162ae7a9e41f52e2df07d89f740166b,1380460970,七牛CDN,2026-03-16,2026-03-16,7,3685.43,3749.2
e1e64b03f33c93979d6eb344dc9daa2f,10000278,七牛CDN-虚拟业务10000278,2026-04-01,2026-03-16,7,152.67,65.77
e1e64b03f33c93979d6eb344dc9daa2f,10000279,七牛特招-虚拟业务10000279,2026-04-01,2026-03-16,7,846.9,583.17
e1e64b03f33c93979d6eb344dc9daa2f,10000280,七牛CDN-ZJ月95,2026-04-01,2026-03-16,7,348.15,166.39
e1e64b03f33c93979d6eb344dc9daa2f,10000281,七牛特招-虚拟业务10000281,2026-04-01,2026-03-16,7,3730.94,2872.38
e1e64b03f33c93979d6eb344dc9daa2f,10000292,七牛CDN-虚拟业务10000292,2026-04-14,2026-03-16,7,726.58,343.59
e1e64b03f33c93979d6eb344dc9daa2f,10000295,七牛CDN-虚拟业务10000295,2026-04-24,2026-03-16,7,124.0,77.99
e1e64b03f33c93979d6eb344dc9daa2f,1380460970,七牛CDN,2026-03-16,2026-03-16,7,3416.46,3646.44
e30c498a4b7c33b28b72f4ee31b40b56,10000020,B站专线,2026-03-16,2026-03-16,7,3010.51,3375.51
e30c498a4b7c33b28b72f4ee31b40b56,10000177,百度网盘专线-ANT,2026-04-16,2026-03-16,7,1208.81,1603.73
e33deb5935a3dcc45c992a0f818028db,10000096,字节架构专线V3,2026-04-28,2026-03-16,7,2114.34,1900.41
e33deb5935a3dcc45c992a0f818028db,10000224,字节CDN专线V4,2026-03-16,2026-03-16,7,1243.38,1582.34
e33deb5935a3dcc45c992a0f818028db,10000275,1018北京联通-叠加in,2026-04-24,2026-03-16,7,0.0,93.54
e33deb5935a3dcc45c992a0f818028db,1382649737,腾讯专线,2026-08-31,2026-03-16,7,2181.49,2574.71
e33deb5935a3dcc45c992a0f818028db,1382680008,字节CDN专线,2026-04-01,2026-03-16,7,525.66,303.34
e360819030a1dd47cd895166c6f1af11,10000278,七牛CDN-虚拟业务10000278,2026-06-30,2026-06-30,7,2.39,0.95
e360819030a1dd47cd895166c6f1af11,10000292,七牛CDN-虚拟业务10000292,2026-06-30,2026-06-30,7,100.32,120.2
e4ad70ce969c45de249404d56b083f3a,10000069,腾讯汇聚P2P,2026-03-27,2026-03-16,7,741.87,1261.75
e4ad70ce969c45de249404d56b083f3a,10000096,字节架构专线V3,2026-04-03,2026-03-16,7,596.94,800.22
e4ad70ce969c45de249404d56b083f3a,10000183,B站专线-盒子,2026-03-16,2026-03-16,7,87.65,29.59
e536c720f5bde2c9d7d25029378b9f7a,10000183,B站专线-盒子,2026-05-27,2026-04-14,7,2215.24,2466.88
e536c720f5bde2c9d7d25029378b9f7a,10000292,七牛CDN-虚拟业务10000292,2026-04-14,2026-04-14,7,183.1,146.39
e536c720f5bde2c9d7d25029378b9f7a,10000295,七牛CDN-虚拟业务10000295,2026-04-24,2026-04-14,7,5.28,15.83
e554ef3d3093cd775af76bb6ba94df37,10000123,金山云ern_HQ,2026-05-16,2026-03-25,7,119.06,24.2
e554ef3d3093cd775af76bb6ba94df37,1382490022,快手盒子,2026-03-25,2026-03-25,7,302.63,391.45
e6c38e4e71e28715e79392eede8b941e,10000079,字节架构汇聚V2,2026-07-17,2026-07-02,7,1017.87,1133.6
e6c38e4e71e28715e79392eede8b941e,1382680008,字节CDN专线,2026-07-02,2026-07-02,7,1266.14,1725.46
e766f70062ec7480c0c0638fe95cf8b0,10000304,快手严选,2026-08-12,2026-07-31,7,1333.19,1074.33
e766f70062ec7480c0c0638fe95cf8b0,1382680008,字节CDN专线,2026-07-31,2026-07-31,7,1107.42,1284.59
e8afa751251f9efc9c34ceb8266f30ce,10000278,七牛CDN-虚拟业务10000278,2026-07-06,2026-07-06,7,0.4,0.58
e8afa751251f9efc9c34ceb8266f30ce,10000292,七牛CDN-虚拟业务10000292,2026-07-06,2026-07-06,7,95.04,129.72
e92ad0a67b1c9d3399139ff63b38235c,10000244,B站专线-盒子V2,2026-08-17,2026-08-06,7,533.41,484.79
e92ad0a67b1c9d3399139ff63b38235c,10000278,七牛CDN-虚拟业务10000278,2026-08-06,2026-08-06,7,16.85,34.41
e92ad0a67b1c9d3399139ff63b38235c,10000292,七牛CDN-虚拟业务10000292,2026-08-06,2026-08-06,7,493.62,460.67
eaa67469262d990ae50b64a1c3dcb8dd,10000096,字节架构专线V3,2026-04-28,2026-03-16,7,1363.91,2143.31
eaa67469262d990ae50b64a1c3dcb8dd,10000278,七牛CDN-虚拟业务10000278,2026-04-01,2026-03-16,7,769.61,668.35
eaa67469262d990ae50b64a1c3dcb8dd,10000280,七牛CDN-ZJ月95,2026-04-01,2026-03-16,7,488.73,600.23
eaa67469262d990ae50b64a1c3dcb8dd,10000292,七牛CDN-虚拟业务10000292,2026-04-14,2026-03-16,7,1964.2,1775.26
eaa67469262d990ae50b64a1c3dcb8dd,1381526443,爱奇艺,2026-03-16,2026-03-16,7,2425.47,3141.58
eae894eacc04b703a0d04c5e7069bdfc,10000001,百度拨测,2026-03-16,2026-03-16,7,0.14,0.0
eae894eacc04b703a0d04c5e7069bdfc,10000064,百度小度,2026-03-16,2026-03-16,7,44.33,99.47
eb22893bd836fb71bc794daefa254351,10000069,腾讯汇聚P2P,2026-06-11,2026-04-21,7,1414.84,1780.47
eb22893bd836fb71bc794daefa254351,10000183,B站专线-盒子,2026-07-21,2026-04-21,7,2083.19,1790.42
eb22893bd836fb71bc794daefa254351,1382680008,字节CDN专线,2026-04-21,2026-04-21,7,3488.78,3280.74
ecc89b51699ddb30424aba8adf99fb3b,10000065,B站专线-mp,2026-06-09,2026-04-27,7,309.22,406.38
ecc89b51699ddb30424aba8adf99fb3b,10000278,七牛CDN-虚拟业务10000278,2026-04-27,2026-04-27,7,90.75,100.94
ecc89b51699ddb30424aba8adf99fb3b,10000279,七牛特招-虚拟业务10000279,2026-04-27,2026-04-27,7,311.11,380.5
ecc89b51699ddb30424aba8adf99fb3b,10000281,七牛特招-虚拟业务10000281,2026-04-27,2026-04-27,7,608.92,408.32
ecc89b51699ddb30424aba8adf99fb3b,10000292,七牛CDN-虚拟业务10000292,2026-04-27,2026-04-27,7,238.88,249.11
ecc89b51699ddb30424aba8adf99fb3b,10000294,优酷汇聚晚高峰,2026-08-25,2026-04-27,7,1064.63,483.29
ed00def69db3927c99850df95c0b0923,10000278,七牛CDN-虚拟业务10000278,2026-07-24,2026-07-24,7,2.15,2.33
ed00def69db3927c99850df95c0b0923,10000292,七牛CDN-虚拟业务10000292,2026-07-24,2026-07-24,7,91.49,127.09
ed6315ffcfced4651b7920a3b021f54f,10000244,B站专线-盒子V2,2026-07-08,2026-07-08,7,1740.64,2534.66
ed6315ffcfced4651b7920a3b021f54f,10000278,七牛CDN-虚拟业务10000278,2026-08-27,2026-07-08,7,109.66,62.06
ed6315ffcfced4651b7920a3b021f54f,10000292,七牛CDN-虚拟业务10000292,2026-08-27,2026-07-08,7,2569.34,2377.96
ee7ce95aa7d996e2525971e0cf7e9309,10000001,百度拨测,2026-04-09,2026-03-22,7,0.18,0.0
ee7ce95aa7d996e2525971e0cf7e9309,10000064,百度小度,2026-03-22,2026-03-22,7,310.78,353.34
ee7ce95aa7d996e2525971e0cf7e9309,10000079,字节架构汇聚V2,2026-06-12,2026-03-22,7,252.35,271.42
eea6198199915cd0b0cdf8cf2eded277,10000278,七牛CDN-虚拟业务10000278,2026-08-14,2026-08-14,7,227.39,284.3
eea6198199915cd0b0cdf8cf2eded277,10000292,七牛CDN-虚拟业务10000292,2026-08-14,2026-08-14,7,286.25,369.75
eea6198199915cd0b0cdf8cf2eded277,10000295,七牛CDN-虚拟业务10000295,2026-08-14,2026-08-14,7,170.4,301.91
eecf97a156d199281b4c2ca096a81c81,10000074,腾讯直连独立,2026-04-07,2026-04-07,7,3486.83,2600.29
eecf97a156d199281b4c2ca096a81c81,10000278,七牛CDN-虚拟业务10000278,2026-04-17,2026-04-07,7,102.66,102.35
eecf97a156d199281b4c2ca096a81c81,10000279,七牛特招-虚拟业务10000279,2026-04-18,2026-04-07,7,259.18,294.8
eecf97a156d199281b4c2ca096a81c81,10000281,七牛特招-虚拟业务10000281,2026-04-18,2026-04-07,7,1031.21,545.83
eecf97a156d199281b4c2ca096a81c81,10000292,七牛CDN-虚拟业务10000292,2026-04-17,2026-04-07,7,173.66,91.33
eecf97a156d199281b4c2ca096a81c81,10000294,优酷汇聚晚高峰,2026-07-22,2026-04-07,7,2860.99,2251.12
ef3d4ef65836de280e0939ac20b6a1be,10000074,腾讯直连独立,2026-07-13,2026-03-16,7,696.91,509.19
ef3d4ef65836de280e0939ac20b6a1be,10000175,百度网盘专线,2026-07-31,2026-03-16,7,379.79,446.59
ef3d4ef65836de280e0939ac20b6a1be,10000278,七牛CDN-虚拟业务10000278,2026-05-01,2026-03-16,7,312.2,283.98
ef3d4ef65836de280e0939ac20b6a1be,10000279,七牛特招-虚拟业务10000279,2026-05-01,2026-03-16,7,716.61,702.85
ef3d4ef65836de280e0939ac20b6a1be,10000281,七牛特招-虚拟业务10000281,2026-05-01,2026-03-16,7,1171.03,1049.21
ef3d4ef65836de280e0939ac20b6a1be,10000292,七牛CDN-虚拟业务10000292,2026-05-01,2026-03-16,7,101.24,127.24
ef3d4ef65836de280e0939ac20b6a1be,10000295,七牛CDN-虚拟业务10000295,2026-05-01,2026-03-16,7,222.11,231.2
ef3d4ef65836de280e0939ac20b6a1be,1380460970,七牛CDN,2026-03-16,2026-03-16,7,2940.67,4498.29
ef4abe07699f66db390310ce0c841d36,10000001,百度拨测,2026-04-11,2026-04-11,7,0.07,0.0
ef4abe07699f66db390310ce0c841d36,10000064,百度小度,2026-04-11,2026-04-11,7,382.77,530.9
ef6b6ad59c9128573c94f6e7ef30d16c,10000069,腾讯汇聚P2P,2026-04-09,2026-04-09,7,602.01,267.29
ef6b6ad59c9128573c94f6e7ef30d16c,10000079,字节架构汇聚V2,2026-05-16,2026-04-09,7,231.52,107.99
ef6b6ad59c9128573c94f6e7ef30d16c,10000278,七牛CDN-虚拟业务10000278,2026-06-19,2026-04-09,7,122.34,79.08
ef6b6ad59c9128573c94f6e7ef30d16c,10000279,七牛特招-虚拟业务10000279,2026-06-19,2026-04-09,7,458.26,99.34
ef6b6ad59c9128573c94f6e7ef30d16c,10000281,七牛特招-虚拟业务10000281,2026-06-19,2026-04-09,7,1695.68,1.46
ef6b6ad59c9128573c94f6e7ef30d16c,10000292,七牛CDN-虚拟业务10000292,2026-06-19,2026-04-09,7,37.08,0.0
ef6b6ad59c9128573c94f6e7ef30d16c,10000294,优酷汇聚晚高峰,2026-08-10,2026-04-09,7,80.18,5.11
ef6b6ad59c9128573c94f6e7ef30d16c,4200000001,七牛CDN-虚拟业务4200000001,2026-04-17,2026-04-09,7,82.43,0.0
ef6de432003ddc5112319ea6678057f1,10000014,百度XCDN专线,2026-03-16,2026-03-16,7,1765.02,1926.16
ef6de432003ddc5112319ea6678057f1,10000034,优酷专线,2026-07-13,2026-03-16,7,1566.95,2208.46
ef6de432003ddc5112319ea6678057f1,10000278,七牛CDN-虚拟业务10000278,2026-05-13,2026-03-16,7,563.66,2500.02
ef6de432003ddc5112319ea6678057f1,10000282,七牛CDN-虚拟业务10000282,2026-05-13,2026-03-16,7,2050.45,975.36
ef6de432003ddc5112319ea6678057f1,10000292,七牛CDN-虚拟业务10000292,2026-05-12,2026-03-16,7,825.84,960.0
ef7a0ec7c8405bd90ff374857bfe223b,10000001,百度拨测,2026-08-12,2026-06-29,7,0.24,0.0
ef7a0ec7c8405bd90ff374857bfe223b,10000064,百度小度,2026-08-12,2026-06-29,7,110.67,133.61
ef7a0ec7c8405bd90ff374857bfe223b,10000079,字节架构汇聚V2,2026-06-29,2026-06-29,7,129.83,140.3
f0a0b4745c698973cf517771db7e565e,10000278,七牛CDN-虚拟业务10000278,2026-04-16,2026-04-16,7,1338.57,1322.69
f0a0b4745c698973cf517771db7e565e,10000282,七牛CDN-虚拟业务10000282,2026-04-16,2026-04-16,7,1153.23,1288.56
f0a0b4745c698973cf517771db7e565e,10000292,七牛CDN-虚拟业务10000292,2026-04-16,2026-04-16,7,1057.54,1227.33
f0a0b4745c698973cf517771db7e565e,10000304,快手严选,2026-06-27,2026-04-16,7,7167.79,8297.11
f100abb930918576ff4ee59a3ddc7d5d,10000069,腾讯汇聚P2P,2026-04-20,2026-04-20,7,1224.37,952.28
f100abb930918576ff4ee59a3ddc7d5d,10000079,字节架构汇聚V2,2026-07-23,2026-04-20,7,1525.37,1281.49
f100abb930918576ff4ee59a3ddc7d5d,1381526443,爱奇艺,2026-06-15,2026-04-20,7,899.63,1033.45
f135e0fae483a28586cccf900b7ba6a5,10000001,百度拨测,2026-05-29,2026-05-23,7,0.07,0.0
f135e0fae483a28586cccf900b7ba6a5,10000064,百度小度,2026-05-23,2026-05-23,7,299.51,329.05
f2d73389dc432b9b7442bfef68a9c26e,10000019,B站盒子,2026-03-16,2026-03-16,7,950.71,446.85
f2d73389dc432b9b7442bfef68a9c26e,10000079,字节架构汇聚V2,2026-08-01,2026-03-16,7,3400.53,5159.47
f2d73389dc432b9b7442bfef68a9c26e,10000096,字节架构专线V3,2026-05-07,2026-03-16,7,2392.91,2849.64
f2d73389dc432b9b7442bfef68a9c26e,10000278,七牛CDN-虚拟业务10000278,2026-04-12,2026-03-16,7,86.93,143.97
f2d73389dc432b9b7442bfef68a9c26e,10000281,七牛特招-虚拟业务10000281,2026-06-26,2026-03-16,7,44.51,40.2
f2d73389dc432b9b7442bfef68a9c26e,10000282,七牛CDN-虚拟业务10000282,2026-04-13,2026-03-16,7,2.97,15.74
f2d73389dc432b9b7442bfef68a9c26e,10000292,七牛CDN-虚拟业务10000292,2026-04-14,2026-03-16,7,1787.16,1316.74
f2f92431266cc5bd9efb8eca35f5a98a,10000019,B站盒子,2026-04-01,2026-04-01,7,577.83,696.8
f2f92431266cc5bd9efb8eca35f5a98a,10000069,腾讯汇聚P2P,2026-05-19,2026-04-01,7,812.11,1610.41
f3882f6234caaa86e4375cb41d97f8d2,10000244,B站专线-盒子V2,2026-07-16,2026-06-24,7,587.6,679.94
f3882f6234caaa86e4375cb41d97f8d2,10000278,七牛CDN-虚拟业务10000278,2026-06-24,2026-06-24,7,12.17,16.53
f3882f6234caaa86e4375cb41d97f8d2,10000292,七牛CDN-虚拟业务10000292,2026-06-24,2026-06-24,7,360.8,409.61
f3fe19d53b1d48ca342b05fbf7c5531c,10000065,B站专线-mp,2026-03-19,2026-03-19,7,1599.9,1283.99
f3fe19d53b1d48ca342b05fbf7c5531c,10000069,腾讯汇聚P2P,2026-06-09,2026-03-19,7,2797.52,3512.65
f4915a9479741009e733d3d65423f4a8,10000001,百度拨测,2026-05-29,2026-05-21,7,0.07,0.0
f4915a9479741009e733d3d65423f4a8,10000064,百度小度,2026-05-21,2026-05-21,7,306.84,306.96
f4915a9479741009e733d3d65423f4a8,10000123,金山云ern_HQ,2026-06-12,2026-05-21,7,156.6,219.62
f533d33018a01a962a91c7c0a8cf2697,10000001,百度拨测,2026-06-10,2026-05-09,7,0.1,0.0
f533d33018a01a962a91c7c0a8cf2697,10000088,字节CDN汇聚V2,2026-05-09,2026-05-09,7,292.96,278.57
f5cb34a20dd38aae7c41a8a39cb8d3d4,10000079,字节架构汇聚V2,2026-03-16,2026-03-16,7,418.13,455.54
f5cb34a20dd38aae7c41a8a39cb8d3d4,1381526443,爱奇艺,2026-07-02,2026-03-16,7,313.67,556.61
f69e575858a240038dc52ae0065302c7,10000001,百度拨测,2026-08-25,2026-03-18,7,0.1,0.0
f69e575858a240038dc52ae0065302c7,10000064,百度小度,2026-08-25,2026-03-18,7,208.45,300.61
f69e575858a240038dc52ae0065302c7,10000088,字节CDN汇聚V2,2026-03-18,2026-03-18,7,940.18,1132.76
f69e575858a240038dc52ae0065302c7,10000278,七牛CDN-虚拟业务10000278,2026-06-30,2026-03-18,7,53.95,151.22
f69e575858a240038dc52ae0065302c7,10000292,七牛CDN-虚拟业务10000292,2026-06-30,2026-03-18,7,1242.62,1541.81
f99534be1926ecc4c60fb90bb9cc4942,10000001,百度拨测,2026-08-19,2026-08-19,7,0.07,0.0
f99534be1926ecc4c60fb90bb9cc4942,10000064,百度小度,2026-08-19,2026-08-19,7,263.96,313.37
fa6be0e6059489bffa7d02c4501473c5,10000001,百度拨测,2026-05-16,2026-04-30,7,0.07,0.0
fa6be0e6059489bffa7d02c4501473c5,10000064,百度小度,2026-04-30,2026-04-30,7,1388.3,2898.17
fa6be0e6059489bffa7d02c4501473c5,10000183,B站专线-盒子,2026-07-01,2026-04-30,7,1873.51,5079.13
facbbaf676561c14da1bb5ded2db1c2a,10000292,七牛CDN-虚拟业务10000292,2026-06-02,2026-06-02,7,458.12,385.54
facbbaf676561c14da1bb5ded2db1c2a,10000295,七牛CDN-虚拟业务10000295,2026-06-02,2026-06-02,7,19.71,40.78
fc069ca2fa2d84241aa3d20e8af90952,10000037,天翼云专线,2026-05-28,2026-05-28,7,1275.39,1698.98
fc069ca2fa2d84241aa3d20e8af90952,10000079,字节架构汇聚V2,2026-08-22,2026-05-28,7,1058.06,454.5
fe58f7ae701161985c845969673d07a5,10000034,优酷专线,2026-06-10,2026-03-16,7,938.76,1317.15
fe58f7ae701161985c845969673d07a5,10000244,B站专线-盒子V2,2026-07-22,2026-03-16,7,842.05,1061.51
fe58f7ae701161985c845969673d07a5,10000278,七牛CDN-虚拟业务10000278,2026-04-01,2026-03-16,7,607.87,848.49
fe58f7ae701161985c845969673d07a5,10000280,七牛CDN-ZJ月95,2026-04-01,2026-03-16,7,223.52,322.45
fe58f7ae701161985c845969673d07a5,10000292,七牛CDN-虚拟业务10000292,2026-04-14,2026-03-16,7,356.39,413.74
fe58f7ae701161985c845969673d07a5,1380317970,快手点播,2026-05-27,2026-03-16,7,677.87,1204.51
fe58f7ae701161985c845969673d07a5,1380460970,七牛CDN,2026-03-16,2026-03-16,7,812.76,1022.11
fe96759fc6cd0031a7f5cfb5848df86e,10000064,百度小度,2026-07-15,2026-06-15,7,72.43,179.09
fe96759fc6cd0031a7f5cfb5848df86e,10000244,B站专线-盒子V2,2026-06-15,2026-06-15,7,391.04,560.42
fefb2765ea992e67b128d1bdea576139,10000304,快手严选,2026-07-12,2026-03-16,7,6092.55,6890.6
fefb2765ea992e67b128d1bdea576139,1380317970,快手点播,2026-03-16,2026-03-16,7,258.06,73.13
ff109f06d07f74e6f9815f97186a90ef,10000244,B站专线-盒子V2,2026-08-22,2026-08-22,7,647.08,790.64
ff109f06d07f74e6f9815f97186a90ef,10000278,七牛CDN-虚拟业务10000278,2026-08-31,2026-08-22,7,38.17,113.24
ff109f06d07f74e6f9815f97186a90ef,10000292,七牛CDN-虚拟业务10000292,2026-08-31,2026-08-22,7,230.09,229.22
ffd98e03cc7acb23ad12b870f4e115f1,10000001,百度拨测,2026-04-29,2026-04-29,7,0.07,0.0
ffd98e03cc7acb23ad12b870f4e115f1,10000064,百度小度,2026-04-29,2026-04-29,7,492.46,466.17
ffd98e03cc7acb23ad12b870f4e115f1,10000278,七牛CDN-虚拟业务10000278,2026-06-13,2026-04-29,7,26.19,91.67
ffd98e03cc7acb23ad12b870f4e115f1,10000292,七牛CDN-虚拟业务10000292,2026-06-13,2026-04-29,7,484.77,1248.57
ffd98e03cc7acb23ad12b870f4e115f1,10000304,快手严选,2026-07-01,2026-04-29,7,499.19,508.7
ffee49fd14aa1293658b15bfb903dd50,10000000,腾讯汇聚直连,2026-03-16,2026-03-16,7,2432.55,3092.22
ffee49fd14aa1293658b15bfb903dd50,10000275,1018北京联通-叠加in,2026-04-04,2026-03-16,7,0.0,82.9
ffee49fd14aa1293658b15bfb903dd50,1380317970,快手点播,2026-05-14,2026-03-16,7,587.8,831.05
oem204758298f5323c208b425e69d40a,10000050,字节直播mini盒子,2026-03-16,2026-03-16,7,0.14,0.0
oem204758298f5323c208b425e69d40a,10000083,B站web-mini-qn盒子,2026-03-16,2026-03-16,7,2.91,3.25
oem236c0742210b936d386f07dad6e8a,10000050,字节直播mini盒子,2026-07-22,2026-03-17,7,0.07,0.0
oem236c0742210b936d386f07dad6e8a,10000084,B站mini-qn盒子,2026-07-22,2026-03-17,7,1.39,0.51
oem236c0742210b936d386f07dad6e8a,10000168,千云电信单向in-宿迁,2026-03-18,2026-03-17,7,1.91,4.44
oem236c0742210b936d386f07dad6e8a,10000217,优云电信单向in-绍兴,2026-03-17,2026-03-17,7,3.71,7.76
oem2d32715fa0a7c3b9ea8376451e5e4,10000038,字节mini盒子,2026-07-27,2026-07-27,7,2.08,2.06
oem2d32715fa0a7c3b9ea8376451e5e4,10000129,爱奇艺mini盒子,2026-07-27,2026-07-27,7,6.71,5.85
oem2d32715fa0a7c3b9ea8376451e5e4,10000149,百度小度mini盒子,2026-08-05,2026-07-27,7,1.72,1.6
