node_id,vendorid,deliverytype,resourcetype,dialtype,nattype,scheduleisps,regsource,customermode,province,isp,city,device_type,arch_type,isvm,qoskiller_status,sevendayavg95ratio
node_000000,77882,egress,box,pppoe,fullcone,multi,self,resell,湖北,电信,北京,jarvis.C,vm,false,off,0.2153
node_000001,10001,egress,vm,dhcp,symmetric,telecom,self,direct,北京,电信,北京,jarvis.A,vm,false,off,0.9708
node_000002,77882,egress,box,staticNetSingle,symmetric,telecom,agent,direct,四川,移动,成都,jarvis.B,host,false,on,0.513
node_000003,10001,pcdn,vm,dhcp,public,telecom,agent,direct,浙江,电信,杭州,jarvis.A,host,false,on,0.8055
node_000004,77882,idc,vm,pppoe,fullcone,unicom,agent,direct,湖北,电信,武汉,jarvis.C,host,false,on,0.3393
node_000005,10001,egress,box,pppoe,public,mobile,self,resell,广东,联通,成都,jarvis.A,vm,true,off,0.5446
node_000006,10001,pcdn,vm,pppoe,fullcone,multi,self,resell,北京,联通,杭州,jarvis.A,vm,true,off,0.495
node_000007,77882,pcdn,box,pppoe,public,multi,self,resell,浙江,电信,武汉,jarvis.C,vm,true,off,0.3304
node_000008,30003,idc,vm,dhcp,fullcone,unicom,self,resell,浙江,电信,广州,jarvis.A,host,false,off,0.2613
node_000009,30003,pcdn,box,staticNetSingle,symmetric,multi,self,resell,广东,移动,杭州,jarvis.A,host,true,off,0.4578
node_000010,77882,egress,vm,dhcp,fullcone,unicom,agent,resell,浙江,电信,成都,jarvis.A,host,false,on,0.3094
node_000011,10001,idc,server,dhcp,public,unicom,agent,direct,浙江,移动,北京,jarvis.A,host,true,off,0.2039
node_000012,20002,pcdn,vm,pppoe,public,telecom,self,direct,浙江,联通,杭州,jarvis.A,host,false,on,0.9324
node_000013,20002,pcdn,server,staticNetSingle,public,telecom,self,direct,广东,联通,成都,jarvis.A,host,true,off,0.3947
node_000014,77882,egress,server,staticNetSingle,fullcone,mobile,agent,resell,浙江,电信,杭州,jarvis.B,vm,true,off,0.176
node_000015,10001,pcdn,vm,pppoe,symmetric,multi,agent,resell,北京,联通,武汉,jarvis.B,host,false,off,0.2054
node_000016,20002,pcdn,vm,pppoe,public,mobile,self,resell,浙江,移动,武汉,jarvis.C,vm,true,on,0.988
node_000017,77882,idc,box,dhcp,symmetric,multi,agent,direct,湖北,移动,广州,jarvis.C,vm,true,off,0.1958
node_000018,30003,egress,vm,staticNetSingle,public,multi,self,direct,四川,移动,杭州,jarvis.C,host,false,off,0.8542
node_000019,77882,egress,box,dhcp,fullcone,telecom,self,direct,四川,电信,武汉,jarvis.C,vm,true,off,0.6728
node_000020,30003,idc,server,staticNetSingle,fullcone,unicom,agent,resell,北京,联通,杭州,jarvis.B,host,true,off,0.6295
node_000021,20002,pcdn,box,pppoe,symmetric,mobile,agent,resell,北京,移动,广州,jarvis.C,vm,false,off,0.8199
node_000022,20002,idc,server,pppoe,symmetric,telecom,agent,direct,北京,移动,广州,jarvis.C,host,false,on,0.7189
node_000023,20002,pcdn,vm,pppoe,public,telecom,agent,resell,广东,联通,北京,jarvis.B,vm,true,on,0.9164
node_000024,20002,pcdn,vm,pppoe,symmetric,unicom,agent,resell,湖北,联通,北京,jarvis.C,vm,false,on,0.9186
node_000025,77882,pcdn,box,staticNetSingle,fullcone,unicom,self,resell,北京,联通,成都,jarvis.C,vm,false,off,0.7853
node_000026,30003,egress,box,pppoe,public,telecom,self,direct,北京,移动,杭州,jarvis.B,vm,false,off,0.9801
node_000027,77882,egress,vm,dhcp,fullcone,multi,self,direct,浙江,电信,广州,jarvis.B,host,false,on,0.5632
node_000028,30003,idc,vm,staticNetSingle,symmetric,unicom,self,resell,北京,移动,北京,jarvis.C,vm,true,off,0.2231
node_000029,30003,egress,vm,dhcp,fullcone,mobile,agent,direct,湖北,移动,武汉,jarvis.A,vm,true,off,0.5766
node_000030,20002,egress,server,dhcp,symmetric,multi,self,resell,北京,电信,广州,jarvis.B,host,true,on,0.9598
node_000031,30003,idc,vm,dhcp,fullcone,telecom,agent,direct,北京,联通,武汉,jarvis.B,host,true,on,0.8765
node_000032,77882,egress,box,staticNetSingle,fullcone,unicom,agent,resell,广东,电信,成都,jarvis.A,host,true,on,0.1083
node_000033,10001,idc,server,dhcp,fullcone,unicom,agent,resell,浙江,移动,广州,jarvis.B,vm,false,on,0.8193
node_000034,77882,pcdn,server,staticNetSingle,symmetric,telecom,agent,resell,广东,电信,成都,jarvis.B,host,false,on,0.1149
node_000035,77882,pcdn,server,staticNetSingle,symmetric,multi,agent,direct,四川,联通,广州,jarvis.B,vm,true,off,0.7532
node_000036,10001,egress,server,staticNetSingle,symmetric,telecom,agent,resell,浙江,移动,武汉,jarvis.A,host,true,off,0.8905
node_000037,77882,egress,vm,pppoe,symmetric,mobile,agent,resell,四川,联通,成都,jarvis.A,host,false,off,0.4682
node_000038,20002,egress,box,staticNetSingle,fullcone,telecom,agent,direct,北京,联通,广州,jarvis.B,host,true,on,0.5333
node_000039,30003,idc,server,pppoe,fullcone,telecom,agent,resell,四川,联通,北京,jarvis.B,vm,true,on,0.2443
node_000040,77882,egress,box,staticNetSingle,fullcone,unicom,self,direct,广东,电信,杭州,jarvis.C,host,false,off,0.4054
node_000041,77882,egress,server,pppoe,symmetric,multi,self,direct,湖北,联通,杭州,jarvis.A,host,true,off,0.2071
node_000042,20002,idc,vm,pppoe,public,multi,agent,resell,广东,移动,成都,jarvis.C,vm,true,on,0.4942
node_000043,10001,pcdn,box,pppoe,public,unicom,agent,resell,北京,联通,北京,jarvis.A,host,false,off,0.1362
node_000044,77882,pcdn,box,pppoe,symmetric,unicom,self,direct,湖北,电信,杭州,jarvis.A,host,false,on,0.6966
node_000045,30003,pcdn,box,dhcp,symmetric,multi,agent,resell,四川,电信,武汉,jarvis.B,host,true,off,0.4597
node_000046,10001,egress,vm,dhcp,public,multi,agent,resell,广东,移动,杭州,jarvis.C,host,false,on,0.5108
node_000047,77882,idc,vm,dhcp,fullcone,telecom,self,direct,北京,移动,武汉,jarvis.A,vm,true,on,0.6577
node_000048,10001,egress,vm,pppoe,public,multi,self,resell,广东,联通,广州,jarvis.A,vm,false,on,0.3865
node_000049,10001,idc,box,dhcp,symmetric,telecom,self,direct,湖北,联通,武汉,jarvis.A,vm,true,on,0.4927
node_000050,10001,egress,server,pppoe,fullcone,multi,agent,direct,湖北,联通,北京,jarvis.A,vm,true,off,0.207
node_000051,20002,idc,box,pppoe,symmetric,unicom,self,resell,广东,联通,成都,jarvis.B,host,false,on,0.1239
node_000052,30003,idc,box,staticNetSingle,public,telecom,agent,resell,四川,联通,成都,jarvis.A,vm,false,on,0.5285
node_000053,10001,pcdn,server,staticNetSingle,fullcone,unicom,self,direct,浙江,联通,北京,jarvis.A,vm,false,on,0.1898
node_000054,30003,egress,vm,staticNetSingle,symmetric,multi,self,direct,北京,联通,武汉,jarvis.C,vm,true,off,0.6263
node_000055,10001,pcdn,vm,pppoe,fullcone,unicom,self,resell,湖北,联通,武汉,jarvis.A,vm,true,on,0.1852
node_000056,77882,egress,vm,pppoe,symmetric,telecom,agent,direct,浙江,移动,杭州,jarvis.B,host,true,on,0.8669
node_000057,77882,egress,vm,dhcp,symmetric,telecom,agent,resell,浙江,移动,北京,jarvis.B,host,true,on,0.5336
node_000058,20002,pcdn,box,dhcp,fullcone,telecom,agent,resell,广东,联通,成都,jarvis.B,host,true,off,0.57
node_000059,77882,pcdn,box,staticNetSingle,public,mobile,self,resell,北京,移动,成都,jarvis.A,host,false,off,0.9127
node_000060,30003,idc,box,staticNetSingle,public,multi,self,direct,四川,移动,广州,jarvis.C,vm,false,on,0.8579
node_000061,20002,idc,box,dhcp,symmetric,unicom,self,resell,浙江,联通,广州,jarvis.A,host,true,off,0.9782
node_000062,20002,egress,vm,pppoe,fullcone,multi,agent,resell,广东,联通,广州,jarvis.A,host,true,on,0.9511
node_000063,20002,pcdn,box,pppoe,public,mobile,agent,direct,湖北,移动,广州,jarvis.B,vm,true,off,0.1601
node_000064,77882,egress,vm,pppoe,public,unicom,self,resell,四川,移动,杭州,jarvis.C,vm,true,off,0.8309
node_000065,10001,idc,box,staticNetSingle,public,mobile,self,resell,四川,移动,广州,jarvis.C,vm,true,off,0.5306
node_000066,10001,pcdn,server,staticNetSingle,public,unicom,self,direct,四川,电信,杭州,jarvis.C,host,true,on,0.2178
node_000067,10001,pcdn,vm,staticNetSingle,symmetric,telecom,agent,direct,北京,联通,北京,jarvis.B,host,false,off,0.853
node_000068,20002,idc,server,staticNetSingle,public,telecom,agent,direct,四川,移动,成都,jarvis.B,host,false,on,0.2727
node_000069,30003,egress,box,dhcp,fullcone,unicom,agent,resell,浙江,电信,成都,jarvis.A,vm,false,on,0.1348
node_000070,77882,egress,server,pppoe,fullcone,unicom,self,resell,广东,电信,杭州,jarvis.C,host,false,off,0.5214
node_000071,10001,egress,box,pppoe,public,telecom,self,direct,四川,联通,北京,jarvis.C,host,true,on,0.8659
node_000072,30003,egress,server,dhcp,public,mobile,agent,direct,北京,电信,杭州,jarvis.A,host,false,off,0.6244
node_000073,10001,pcdn,box,pppoe,public,multi,self,direct,北京,联通,成都,jarvis.C,host,true,off,0.4445
node_000074,10001,pcdn,vm,dhcp,symmetric,telecom,agent,direct,北京,移动,杭州,jarvis.A,host,false,off,0.8799
node_000075,77882,pcdn,server,staticNetSingle,public,multi,agent,resell,广东,联通,杭州,jarvis.B,host,true,on,0.9126
node_000076,10001,egress,server,pppoe,fullcone,mobile,agent,resell,北京,联通,成都,jarvis.B,host,true,on,0.8169
node_000077,30003,pcdn,server,staticNetSingle,fullcone,mobile,self,resell,北京,联通,广州,jarvis.B,vm,true,on,0.7073
node_000078,30003,pcdn,vm,pppoe,fullcone,mobile,agent,resell,广东,电信,北京,jarvis.B,vm,true,off,0.5442
node_000079,30003,idc,box,pppoe,public,unicom,self,resell,湖北,联通,武汉,jarvis.C,host,true,on,0.5502
node_000080,10001,idc,box,pppoe,symmetric,multi,self,direct,浙江,联通,武汉,jarvis.C,host,false,off,0.8186
node_000081,77882,idc,server,dhcp,symmetric,mobile,self,direct,浙江,电信,广州,jarvis.A,host,false,off,0.1585
node_000082,10001,pcdn,vm,staticNetSingle,symmetric,telecom,agent,resell,广东,移动,广州,jarvis.B,vm,false,off,0.3702
node_000083,30003,pcdn,box,pppoe,symmetric,telecom,self,direct,浙江,电信,北京,jarvis.B,host,true,on,0.842
node_000084,77882,pcdn,vm,pppoe,fullcone,unicom,agent,resell,北京,电信,成都,jarvis.C,vm,true,off,0.8641
node_000085,77882,egress,vm,staticNetSingle,fullcone,mobile,self,resell,广东,电信,广州,jarvis.C,vm,false,off,0.1796
node_000086,10001,egress,vm,pppoe,public,telecom,self,direct,广东,移动,广州,jarvis.A,vm,true,on,0.497
node_000087,30003,pcdn,server,pppoe,public,telecom,agent,resell,四川,联通,杭州,jarvis.B,vm,true,on,0.9482
node_000088,77882,idc,server,pppoe,public,multi,agent,direct,广东,联通,广州,jarvis.C,host,true,on,0.1465
node_000089,30003,pcdn,server,pppoe,symmetric,multi,self,direct,四川,电信,广州,jarvis.A,host,true,off,0.712
node_000090,20002,pcdn,box,staticNetSingle,symmetric,telecom,agent,resell,湖北,电信,武汉,jarvis.C,vm,false,on,0.7393
node_000091,10001,idc,vm,staticNetSingle,fullcone,unicom,self,direct,浙江,联通,北京,jarvis.B,vm,true,on,0.1808
node_000092,20002,egress,vm,staticNetSingle,public,multi,self,direct,浙江,移动,北京,jarvis.C,host,true,on,0.1308
node_000093,30003,egress,vm,pppoe,symmetric,unicom,agent,resell,广东,联通,北京,jarvis.A,host,false,on,0.4167
node_000094,77882,egress,vm,staticNetSingle,fullcone,mobile,self,resell,湖北,电信,武汉,jarvis.B,host,false,on,0.561
node_000095,30003,egress,vm,staticNetSingle,symmetric,telecom,agent,resell,四川,移动,武汉,jarvis.A,host,true,off,0.4745
node_000096,30003,idc,vm,pppoe,symmetric,mobile,self,direct,浙江,电信,北京,jarvis.B,vm,true,off,0.2773
node_000097,30003,egress,box,dhcp,symmetric,unicom,self,direct,北京,联通,广州,jarvis.A,vm,false,on,0.7511
node_000098,20002,egress,server,staticNetSingle,symmetric,telecom,self,resell,四川,移动,广州,jarvis.A,host,true,on,0.7374
node_000099,30003,pcdn,box,pppoe,public,mobile,agent,resell,四川,移动,杭州,jarvis.A,host,true,on,0.4169
node_000100,10001,pcdn,vm,pppoe,public,unicom,self,resell,湖北,电信,成都,jarvis.B,host,false,on,0.4326
node_000101,20002,idc,box,pppoe,symmetric,unicom,self,resell,浙江,联通,广州,jarvis.B,vm,false,on,0.8476
node_000102,77882,idc,vm,dhcp,public,mobile,agent,direct,北京,移动,杭州,jarvis.C,host,true,on,0.1078
node_000103,20002,idc,box,pppoe,fullcone,mobile,self,resell,四川,移动,北京,jarvis.C,host,false,on,0.6003
node_000104,77882,idc,vm,dhcp,symmetric,telecom,self,resell,浙江,移动,广州,jarvis.A,host,false,off,0.7816
node_000105,10001,pcdn,vm,pppoe,public,telecom,self,direct,浙江,联通,成都,jarvis.B,host,false,off,0.6774
node_000106,10001,pcdn,vm,pppoe,symmetric,multi,self,resell,湖北,联通,武汉,jarvis.B,host,true,off,0.2737
node_000107,30003,egress,box,pppoe,symmetric,mobile,agent,direct,四川,移动,成都,jarvis.B,host,true,off,0.9554
node_000108,77882,idc,vm,pppoe,symmetric,telecom,self,direct,湖北,联通,杭州,jarvis.B,vm,false,on,0.2359
node_000109,10001,pcdn,server,pppoe,fullcone,unicom,agent,direct,广东,联通,杭州,jarvis.B,host,false,on,0.3877
node_000110,77882,pcdn,vm,pppoe,public,unicom,self,direct,四川,电信,北京,jarvis.B,host,false,on,0.6018
node_000111,77882,pcdn,server,pppoe,symmetric,multi,agent,resell,四川,联通,杭州,jarvis.A,vm,true,off,0.1799
node_000112,30003,egress,box,pppoe,public,multi,self,direct,广东,联通,武汉,jarvis.A,host,false,off,0.9119
node_000113,20002,pcdn,server,pppoe,public,unicom,agent,direct,湖北,移动,武汉,jarvis.A,vm,false,off,0.6174
node_000114,10001,pcdn,box,staticNetSingle,symmetric,telecom,self,resell,四川,联通,杭州,jarvis.B,vm,true,on,0.8252
node_000115,20002,egress,box,dhcp,public,telecom,self,resell,四川,电信,成都,jarvis.C,host,true,off,0.3296
node_000116,77882,pcdn,box,dhcp,public,telecom,self,direct,北京,联通,杭州,jarvis.C,host,true,on,0.2255
node_000117,77882,pcdn,box,dhcp,symmetric,telecom,agent,direct,广东,联通,广州,jarvis.B,vm,true,off,0.2634
node_000118,77882,egress,box,dhcp,public,telecom,agent,resell,北京,移动,杭州,jarvis.C,vm,false,off,0.5726
node_000119,77882,egress,box,pppoe,fullcone,mobile,agent,resell,广东,电信,北京,jarvis.A,host,true,off,0.674
node_000120,30003,pcdn,box,dhcp,symmetric,multi,self,resell,广东,联通,成都,jarvis.A,host,false,off,0.3203
node_000121,20002,egress,box,staticNetSingle,symmetric,multi,agent,resell,浙江,移动,广州,jarvis.B,host,true,off,0.7627
node_000122,30003,idc,box,pppoe,symmetric,telecom,agent,direct,广东,移动,成都,jarvis.B,vm,true,on,0.8335
node_000123,10001,egress,server,staticNetSingle,symmetric,mobile,agent,direct,广东,电信,北京,jarvis.A,vm,true,off,0.3471
node_000124,30003,egress,box,pppoe,fullcone,mobile,agent,resell,四川,电信,武汉,jarvis.C,host,true,off,0.4781
node_000125,77882,pcdn,server,staticNetSingle,symmetric,telecom,self,resell,浙江,电信,武汉,jarvis.C,vm,false,off,0.2449
node_000126,20002,idc,vm,staticNetSingle,fullcone,telecom,self,resell,浙江,电信,广州,jarvis.C,vm,true,off,0.4764
node_000127,30003,idc,vm,pppoe,public,unicom,agent,resell,湖北,电信,杭州,jarvis.A,host,false,off,0.5222
node_000128,20002,idc,box,staticNetSingle,symmetric,mobile,agent,direct,湖北,联通,成都,jarvis.C,vm,false,on,0.5941
node_000129,10001,idc,vm,dhcp,public,unicom,self,resell,北京,移动,北京,jarvis.C,vm,true,off,0.9533
node_000130,10001,idc,box,staticNetSingle,public,multi,self,resell,四川,联通,杭州,jarvis.A,host,true,off,0.4417
node_000131,30003,idc,box,staticNetSingle,public,mobile,agent,direct,广东,电信,广州,jarvis.C,host,true,on,0.4687
node_000132,77882,idc,server,pppoe,public,multi,agent,resell,北京,电信,杭州,jarvis.A,host,true,off,0.9272
node_000133,20002,pcdn,box,staticNetSingle,public,multi,self,direct,四川,电信,武汉,jarvis.C,vm,false,on,0.6692
node_000134,77882,pcdn,server,dhcp,fullcone,telecom,agent,direct,湖北,移动,北京,jarvis.C,vm,false,off,0.7992
node_000135,30003,idc,box,staticNetSingle,fullcone,unicom,self,direct,浙江,电信,成都,jarvis.C,host,true,off,0.9679
node_000136,77882,egress,vm,pppoe,symmetric,telecom,self,resell,四川,移动,成都,jarvis.A,vm,true,off,0.1519
node_000137,20002,egress,box,dhcp,public,multi,agent,resell,四川,联通,北京,jarvis.C,vm,true,on,0.1563
node_000138,10001,egress,server,staticNetSingle,symmetric,multi,agent,resell,北京,电信,武汉,jarvis.B,host,true,on,0.2009
node_000139,10001,pcdn,server,dhcp,fullcone,multi,self,direct,广东,移动,北京,jarvis.B,host,true,off,0.1336
node_000140,10001,idc,vm,dhcp,public,mobile,self,resell,四川,移动,北京,jarvis.C,vm,false,on,0.58
node_000141,20002,pcdn,box,pppoe,public,unicom,self,resell,湖北,移动,杭州,jarvis.B,vm,true,on,0.9483
node_000142,30003,idc,server,staticNetSingle,symmetric,unicom,self,direct,浙江,联通,成都,jarvis.C,host,false,off,0.8622
node_000143,77882,pcdn,vm,dhcp,fullcone,telecom,self,direct,四川,联通,北京,jarvis.C,vm,false,on,0.7965
node_000144,30003,pcdn,server,staticNetSingle,symmetric,unicom,agent,resell,湖北,联通,武汉,jarvis.A,host,true,on,0.1327
node_000145,30003,pcdn,vm,dhcp,fullcone,unicom,self,direct,浙江,电信,武汉,jarvis.C,host,false,off,0.7664
node_000146,20002,idc,vm,pppoe,symmetric,telecom,agent,resell,北京,电信,北京,jarvis.A,vm,true,on,0.8081
node_000147,30003,egress,box,staticNetSingle,symmetric,telecom,self,resell,浙江,电信,北京,jarvis.A,host,true,off,0.3376
node_000148,20002,egress,server,dhcp,public,multi,self,direct,广东,移动,武汉,jarvis.B,host,false,on,0.3594
node_000149,77882,egress,server,pppoe,public,unicom,self,resell,广东,移动,杭州,jarvis.B,vm,false,on,0.7088
node_000150,20002,pcdn,vm,dhcp,public,mobile,agent,direct,北京,移动,成都,jarvis.C,host,true,off,0.7365
node_000151,20002,idc,vm,staticNetSingle,fullcone,multi,agent,direct,北京,电信,杭州,jarvis.A,host,true,on,0.7346
node_000152,77882,egress,box,dhcp,fullcone,mobile,self,direct,广东,联通,武汉,jarvis.A,host,false,off,0.9333
node_000153,77882,idc,vm,pppoe,public,unicom,agent,direct,广东,移动,北京,jarvis.A,vm,false,on,0.7892
node_000154,10001,egress,box,dhcp,symmetric,multi,self,resell,湖北,联通,成都,jarvis.A,host,true,on,0.298
node_000155,30003,idc,server,dhcp,fullcone,mobile,self,direct,四川,联通,广州,jarvis.C,host,false,on,0.8966
node_000156,20002,idc,server,dhcp,fullcone,telecom,self,direct,四川,移动,武汉,jarvis.B,host,true,on,0.8733
node_000157,10001,pcdn,box,staticNetSingle,fullcone,telecom,agent,direct,广东,联通,杭州,jarvis.B,vm,false,off,0.4113
node_000158,20002,pcdn,box,pppoe,symmetric,telecom,self,resell,四川,电信,成都,jarvis.B,host,false,off,0.3695
node_000159,20002,egress,vm,dhcp,symmetric,multi,self,resell,北京,移动,杭州,jarvis.C,vm,true,on,0.5634
node_000160,77882,idc,box,dhcp,symmetric,multi,agent,direct,四川,电信,北京,jarvis.A,host,false,off,0.1811
node_000161,77882,idc,server,dhcp,fullcone,unicom,self,direct,湖北,电信,杭州,jarvis.A,host,false,off,0.4033
node_000162,10001,egress,box,staticNetSingle,fullcone,mobile,agent,resell,广东,移动,北京,jarvis.A,vm,true,off,0.2994
node_000163,77882,idc,box,pppoe,symmetric,mobile,agent,resell,湖北,移动,杭州,jarvis.B,vm,true,off,0.1554
node_000164,30003,egress,box,pppoe,fullcone,unicom,self,resell,四川,联通,北京,jarvis.B,host,true,on,0.717
node_000165,30003,pcdn,box,pppoe,public,telecom,self,resell,广东,联通,成都,jarvis.C,host,true,on,0.1254
node_000166,77882,idc,server,dhcp,public,telecom,agent,direct,湖北,移动,北京,jarvis.C,host,false,off,0.977
node_000167,20002,idc,box,staticNetSingle,symmetric,multi,agent,resell,湖北,联通,广州,jarvis.B,vm,false,on,0.8931
node_000168,77882,pcdn,server,dhcp,public,telecom,self,resell,湖北,联通,成都,jarvis.C,host,true,on,0.5783
node_000169,77882,egress,server,staticNetSingle,symmetric,telecom,agent,resell,浙江,电信,广州,jarvis.B,host,false,off,0.7434
node_000170,77882,idc,box,dhcp,fullcone,telecom,agent,resell,四川,电信,北京,jarvis.A,vm,true,off,0.2255
node_000171,20002,idc,vm,staticNetSingle,public,telecom,self,direct,四川,电信,杭州,jarvis.B,vm,true,on,0.7445
node_000172,10001,pcdn,box,staticNetSingle,symmetric,unicom,agent,direct,湖北,移动,杭州,jarvis.A,vm,true,on,0.9121
node_000173,77882,egress,vm,pppoe,fullcone,multi,agent,direct,四川,移动,成都,jarvis.B,vm,true,off,0.3386
node_000174,30003,idc,box,pppoe,public,telecom,self,resell,四川,电信,成都,jarvis.C,vm,false,off,0.4536
node_000175,30003,egress,server,pppoe,public,mobile,self,direct,四川,电信,北京,jarvis.A,vm,false,off,0.2678
node_000176,20002,egress,box,pppoe,public,unicom,agent,resell,浙江,移动,成都,jarvis.B,host,false,on,0.6306
node_000177,30003,pcdn,server,pppoe,public,mobile,self,resell,湖北,电信,广州,jarvis.B,host,false,off,0.8161
node_000178,10001,egress,server,staticNetSingle,symmetric,unicom,self,direct,四川,联通,成都,jarvis.A,vm,false,on,0.6749
node_000179,20002,egress,server,dhcp,symmetric,telecom,agent,resell,湖北,联通,北京,jarvis.C,vm,false,off,0.2205
node_000180,30003,idc,server,pppoe,public,mobile,agent,resell,湖北,电信,成都,jarvis.A,vm,true,off,0.7293
node_000181,20002,egress,vm,pppoe,symmetric,telecom,agent,resell,北京,电信,成都,jarvis.C,vm,true,on,0.7957
node_000182,20002,egress,server,pppoe,public,telecom,self,direct,北京,联通,广州,jarvis.C,vm,true,off,0.5187
node_000183,77882,idc,vm,staticNetSingle,fullcone,unicom,agent,resell,浙江,电信,北京,jarvis.C,vm,true,off,0.654
node_000184,77882,pcdn,vm,pppoe,public,mobile,agent,direct,湖北,移动,广州,jarvis.C,host,true,off,0.2131
node_000185,30003,pcdn,server,pppoe,symmetric,telecom,agent,direct,浙江,联通,武汉,jarvis.A,host,false,on,0.9283
node_000186,30003,egress,box,dhcp,symmetric,mobile,self,resell,北京,电信,杭州,jarvis.A,vm,false,off,0.9032
node_000187,77882,idc,vm,staticNetSingle,fullcone,mobile,self,direct,浙江,联通,武汉,jarvis.A,host,false,off,0.9067
node_000188,77882,pcdn,server,pppoe,fullcone,unicom,agent,direct,北京,移动,武汉,jarvis.A,vm,false,off,0.7719
node_000189,30003,idc,server,staticNetSingle,symmetric,mobile,self,direct,四川,电信,北京,jarvis.B,host,true,on,0.4413
node_000190,10001,idc,server,staticNetSingle,public,multi,agent,resell,北京,电信,杭州,jarvis.B,vm,true,on,0.5992
node_000191,77882,egress,box,staticNetSingle,symmetric,telecom,agent,direct,湖北,联通,杭州,jarvis.C,vm,true,on,0.3508
node_000192,10001,egress,server,staticNetSingle,symmetric,unicom,agent,resell,浙江,联通,杭州,jarvis.C,host,false,off,0.3442
node_000193,77882,idc,vm,pppoe,symmetric,mobile,agent,resell,浙江,电信,北京,jarvis.A,host,true,off,0.3687
node_000194,20002,pcdn,vm,pppoe,fullcone,mobile,self,direct,广东,联通,北京,jarvis.C,vm,true,on,0.1438
node_000195,77882,egress,vm,dhcp,fullcone,mobile,self,direct,湖北,移动,成都,jarvis.C,vm,true,on,0.8322
node_000196,30003,pcdn,box,staticNetSingle,symmetric,mobile,agent,resell,浙江,移动,成都,jarvis.C,vm,false,off,0.5552
node_000197,10001,egress,box,dhcp,fullcone,mobile,self,resell,四川,电信,杭州,jarvis.C,vm,true,off,0.9759
node_000198,20002,idc,box,pppoe,public,multi,agent,direct,北京,电信,广州,jarvis.A,host,true,on,0.3934
node_000199,77882,idc,vm,staticNetSingle,symmetric,unicom,self,resell,北京,移动,北京,jarvis.A,vm,true,off,0.8831
node_000200,30003,idc,vm,staticNetSingle,public,mobile,agent,direct,广东,电信,北京,jarvis.A,vm,true,off,0.9497
node_000201,77882,pcdn,server,pppoe,symmetric,multi,self,resell,浙江,联通,成都,jarvis.B,vm,true,on,0.3672
node_000202,20002,idc,vm,pppoe,symmetric,telecom,agent,direct,四川,移动,武汉,jarvis.A,host,false,off,0.3848
node_000203,77882,idc,box,pppoe,fullcone,mobile,self,resell,浙江,电信,杭州,jarvis.A,host,false,on,0.5343
node_000204,20002,idc,box,dhcp,public,mobile,self,direct,四川,电信,广州,jarvis.B,vm,true,off,0.4875
node_000205,30003,idc,vm,dhcp,fullcone,unicom,self,direct,浙江,电信,北京,jarvis.B,vm,false,off,0.4932
node_000206,77882,idc,server,staticNetSingle,symmetric,mobile,agent,resell,浙江,联通,武汉,jarvis.C,host,true,on,0.7336
node_000207,30003,idc,vm,staticNetSingle,public,multi,self,direct,四川,电信,成都,jarvis.B,host,true,on,0.2241
node_000208,77882,egress,server,staticNetSingle,symmetric,multi,agent,resell,浙江,电信,北京,jarvis.A,host,true,on,0.6718
node_000209,20002,egress,server,dhcp,symmetric,telecom,self,resell,浙江,联通,成都,jarvis.C,host,true,off,0.4979
node_000210,20002,idc,server,dhcp,fullcone,telecom,agent,direct,湖北,联通,广州,jarvis.B,vm,false,off,0.8334
node_000211,20002,egress,server,staticNetSingle,fullcone,mobile,agent,direct,四川,联通,杭州,jarvis.C,vm,false,off,0.8725
node_000212,30003,idc,box,dhcp,fullcone,telecom,self,direct,四川,移动,武汉,jarvis.A,vm,true,on,0.3193
node_000213,30003,egress,server,dhcp,public,multi,agent,direct,四川,电信,成都,jarvis.A,host,true,on,0.6698
node_000214,20002,pcdn,server,dhcp,fullcone,telecom,agent,direct,四川,联通,成都,jarvis.C,vm,false,off,0.4626
node_000215,10001,pcdn,server,pppoe,symmetric,unicom,self,direct,四川,联通,北京,jarvis.A,host,true,off,0.1418
node_000216,30003,egress,vm,staticNetSingle,fullcone,multi,agent,direct,浙江,联通,北京,jarvis.B,vm,true,off,0.3472
node_000217,10001,idc,box,pppoe,public,unicom,agent,resell,北京,移动,成都,jarvis.A,host,true,on,0.415
node_000218,10001,pcdn,server,dhcp,public,mobile,self,resell,浙江,联通,成都,jarvis.C,vm,false,on,0.3651
node_000219,77882,pcdn,vm,dhcp,symmetric,telecom,self,resell,四川,联通,北京,jarvis.A,host,true,on,0.5973
node_000220,20002,pcdn,server,pppoe,fullcone,unicom,agent,resell,湖北,电信,武汉,jarvis.C,host,false,off,0.9049
node_000221,30003,pcdn,box,pppoe,public,mobile,agent,direct,湖北,移动,武汉,jarvis.A,vm,true,off,0.6631
node_000222,10001,idc,vm,pppoe,fullcone,multi,self,resell,四川,联通,武汉,jarvis.C,vm,true,on,0.8923
node_000223,20002,idc,vm,pppoe,symmetric,telecom,self,resell,四川,移动,武汉,jarvis.B,vm,true,on,0.1341
node_000224,77882,pcdn,server,pppoe,symmetric,mobile,agent,resell,四川,电信,武汉,jarvis.A,vm,true,off,0.2248
node_000225,20002,egress,vm,pppoe,fullcone,unicom,agent,direct,北京,电信,杭州,jarvis.B,host,false,on,0.8971
node_000226,20002,idc,box,dhcp,symmetric,multi,self,direct,浙江,移动,广州,jarvis.B,vm,true,off,0.8065
node_000227,77882,pcdn,vm,dhcp,fullcone,unicom,self,direct,湖北,联通,广州,jarvis.C,vm,true,off,0.3536
node_000228,20002,idc,vm,pppoe,public,multi,agent,direct,广东,联通,北京,jarvis.C,host,false,on,0.2447
node_000229,77882,pcdn,vm,staticNetSingle,fullcone,multi,self,resell,北京,联通,成都,jarvis.B,vm,false,on,0.6361
node_000230,10001,egress,vm,staticNetSingle,fullcone,mobile,self,resell,北京,移动,武汉,jarvis.A,vm,false,on,0.8461
node_000231,77882,pcdn,box,pppoe,public,unicom,self,direct,湖北,移动,广州,jarvis.A,vm,false,on,0.4458
node_000232,77882,egress,box,staticNetSingle,public,unicom,agent,direct,浙江,联通,成都,jarvis.C,host,true,off,0.6814
node_000233,77882,idc,box,dhcp,public,multi,self,resell,湖北,移动,北京,jarvis.A,host,false,on,0.5837
node_000234,30003,egress,server,staticNetSingle,public,multi,self,resell,北京,电信,杭州,jarvis.B,vm,true,on,0.1566
node_000235,30003,idc,box,pppoe,fullcone,mobile,agent,direct,浙江,联通,杭州,jarvis.A,vm,true,on,0.3255
node_000236,77882,pcdn,vm,staticNetSingle,fullcone,telecom,self,resell,四川,电信,北京,jarvis.A,host,true,off,0.4993
node_000237,10001,pcdn,vm,staticNetSingle,public,multi,agent,resell,广东,联通,北京,jarvis.B,host,false,off,0.9744
node_000238,10001,pcdn,box,staticNetSingle,public,telecom,agent,resell,四川,电信,成都,jarvis.B,vm,true,off,0.8913
node_000239,20002,egress,box,dhcp,public,mobile,self,direct,北京,联通,杭州,jarvis.B,host,true,off,0.6262
node_000240,10001,pcdn,box,pppoe,public,mobile,agent,direct,北京,移动,成都,jarvis.A,vm,false,on,0.3042
node_000241,77882,pcdn,vm,staticNetSingle,symmetric,unicom,self,direct,浙江,电信,北京,jarvis.C,vm,true,on,0.1433
node_000242,30003,idc,vm,dhcp,symmetric,multi,self,direct,四川,移动,成都,jarvis.B,vm,true,on,0.217
node_000243,10001,egress,box,pppoe,symmetric,multi,agent,direct,浙江,电信,成都,jarvis.B,vm,true,off,0.1629
node_000244,30003,idc,vm,dhcp,fullcone,mobile,self,direct,浙江,移动,北京,jarvis.C,vm,true,off,0.795
node_000245,30003,egress,vm,pppoe,symmetric,unicom,self,resell,湖北,电信,广州,jarvis.A,vm,false,on,0.9061
node_000246,10001,egress,server,dhcp,public,telecom,agent,direct,湖北,移动,武汉,jarvis.C,host,true,on,0.2286
node_000247,30003,pcdn,server,staticNetSingle,fullcone,telecom,agent,resell,四川,联通,武汉,jarvis.C,vm,true,on,0.9949
node_000248,20002,pcdn,box,dhcp,fullcone,mobile,agent,direct,浙江,联通,成都,jarvis.B,vm,false,off,0.5579
node_000249,10001,pcdn,box,dhcp,public,multi,self,resell,广东,电信,北京,jarvis.B,host,true,on,0.3234
node_000250,20002,idc,box,pppoe,public,unicom,self,resell,四川,移动,杭州,jarvis.A,vm,true,off,0.9954
node_000251,20002,idc,box,dhcp,fullcone,mobile,self,direct,湖北,电信,成都,jarvis.B,vm,true,off,0.2395
node_000252,20002,egress,vm,staticNetSingle,public,multi,agent,resell,湖北,联通,北京,jarvis.C,vm,true,off,0.2049
node_000253,20002,idc,box,pppoe,fullcone,unicom,agent,direct,北京,联通,成都,jarvis.C,vm,false,off,0.3636
node_000254,77882,pcdn,server,staticNetSingle,fullcone,unicom,agent,resell,浙江,移动,武汉,jarvis.C,vm,false,off,0.8345
node_000255,10001,egress,server,staticNetSingle,symmetric,telecom,self,direct,浙江,联通,广州,jarvis.A,vm,false,on,0.7955
node_000256,77882,pcdn,server,dhcp,fullcone,unicom,agent,resell,四川,联通,北京,jarvis.A,host,true,off,0.5349
node_000257,20002,pcdn,vm,dhcp,fullcone,multi,self,resell,湖北,移动,杭州,jarvis.C,vm,true,on,0.2084
node_000258,77882,idc,box,pppoe,public,unicom,self,direct,湖北,电信,杭州,jarvis.C,host,false,on,0.3561
node_000259,10001,idc,box,staticNetSingle,symmetric,telecom,agent,resell,湖北,移动,广州,jarvis.C,vm,false,off,0.2391
node_000260,20002,pcdn,vm,staticNetSingle,public,multi,self,direct,广东,电信,广州,jarvis.B,vm,true,off,0.8203
node_000261,20002,idc,box,dhcp,public,multi,agent,direct,浙江,移动,武汉,jarvis.C,host,true,on,0.6403
node_000262,30003,idc,server,staticNetSingle,fullcone,telecom,agent,direct,浙江,联通,广州,jarvis.A,host,true,on,0.7526
node_000263,20002,idc,vm,dhcp,symmetric,mobile,agent,resell,湖北,移动,广州,jarvis.B,vm,true,off,0.1873
node_000264,10001,pcdn,box,pppoe,symmetric,unicom,agent,direct,湖北,移动,北京,jarvis.C,vm,true,off,0.4877
node_000265,30003,idc,server,pppoe,fullcone,multi,agent,direct,浙江,联通,杭州,jarvis.C,host,false,on,0.6029
node_000266,20002,pcdn,box,pppoe,symmetric,telecom,self,resell,广东,电信,北京,jarvis.B,vm,true,off,0.3804
node_000267,10001,idc,server,dhcp,public,telecom,agent,direct,湖北,移动,成都,jarvis.C,host,false,on,0.8499
node_000268,10001,egress,server,staticNetSingle,public,multi,self,direct,广东,电信,杭州,jarvis.B,host,true,off,0.1232
node_000269,10001,egress,box,dhcp,symmetric,multi,agent,resell,浙江,移动,成都,jarvis.A,host,false,on,0.6799
node_000270,77882,egress,server,pppoe,public,mobile,self,resell,浙江,联通,成都,jarvis.B,vm,true,on,0.8787
node_000271,20002,egress,box,dhcp,symmetric,multi,self,resell,湖北,联通,北京,jarvis.A,vm,false,off,0.7543
node_000272,20002,pcdn,server,staticNetSingle,fullcone,mobile,self,resell,北京,移动,武汉,jarvis.A,host,false,on,0.3559
node_000273,10001,idc,box,staticNetSingle,fullcone,mobile,agent,direct,广东,电信,武汉,jarvis.B,host,false,on,0.24
node_000274,20002,pcdn,box,dhcp,fullcone,mobile,agent,direct,广东,联通,武汉,jarvis.A,host,false,off,0.4071
node_000275,20002,pcdn,server,pppoe,symmetric,unicom,agent,resell,湖北,联通,成都,jarvis.B,vm,false,off,0.8315
node_000276,30003,pcdn,server,dhcp,symmetric,telecom,self,resell,湖北,移动,成都,jarvis.A,host,false,on,0.3246
node_000277,30003,egress,vm,dhcp,public,multi,agent,resell,浙江,电信,广州,jarvis.B,host,true,on,0.3349
node_000278,77882,idc,vm,dhcp,public,telecom,agent,resell,浙江,联通,成都,jarvis.C,host,true,off,0.7769
node_000279,77882,idc,server,staticNetSingle,fullcone,multi,self,resell,四川,电信,北京,jarvis.B,vm,true,on,0.6284
node_000280,77882,egress,vm,staticNetSingle,symmetric,telecom,self,direct,北京,移动,成都,jarvis.A,vm,false,off,0.5073
node_000281,77882,pcdn,server,pppoe,symmetric,multi,self,resell,广东,移动,武汉,jarvis.C,vm,false,off,0.2602
node_000282,20002,idc,vm,staticNetSingle,symmetric,unicom,self,direct,浙江,移动,广州,jarvis.A,vm,false,on,0.1977
node_000283,77882,pcdn,box,staticNetSingle,public,multi,agent,resell,北京,联通,武汉,jarvis.A,host,false,off,0.1544
node_000284,77882,idc,server,staticNetSingle,symmetric,multi,self,direct,四川,联通,北京,jarvis.C,vm,false,off,0.5688
node_000285,30003,egress,server,pppoe,public,unicom,agent,resell,北京,联通,成都,jarvis.C,host,true,on,0.9025
node_000286,77882,egress,vm,dhcp,fullcone,unicom,self,direct,四川,联通,北京,jarvis.A,host,false,off,0.3107
node_000287,10001,egress,box,dhcp,fullcone,multi,agent,resell,湖北,联通,杭州,jarvis.B,host,true,on,0.2164
node_000288,77882,egress,box,staticNetSingle,public,mobile,self,direct,湖北,电信,成都,jarvis.A,vm,true,on,0.6498
node_000289,10001,pcdn,box,dhcp,symmetric,mobile,agent,direct,浙江,联通,广州,jarvis.C,host,true,on,0.4527
node_000290,20002,pcdn,server,pppoe,public,unicom,agent,resell,四川,移动,武汉,jarvis.C,host,true,off,0.7429
node_000291,77882,egress,vm,pppoe,symmetric,multi,agent,direct,四川,电信,广州,jarvis.B,host,true,off,0.273
node_000292,30003,pcdn,box,pppoe,public,unicom,agent,resell,湖北,联通,杭州,jarvis.A,host,true,on,0.985
node_000293,10001,idc,server,pppoe,symmetric,telecom,self,direct,北京,电信,武汉,jarvis.A,host,true,off,0.1767
node_000294,30003,idc,vm,dhcp,symmetric,telecom,agent,direct,浙江,联通,北京,jarvis.B,host,false,off,0.9613
node_000295,10001,pcdn,vm,pppoe,symmetric,mobile,agent,direct,广东,联通,成都,jarvis.C,host,false,off,0.9886
node_000296,77882,idc,box,staticNetSingle,fullcone,multi,self,direct,广东,移动,成都,jarvis.A,host,false,off,0.7272
node_000297,30003,egress,vm,dhcp,symmetric,mobile,agent,resell,湖北,电信,杭州,jarvis.B,host,false,on,0.3594
node_000298,20002,idc,vm,dhcp,public,mobile,agent,direct,四川,移动,杭州,jarvis.A,vm,false,on,0.9719
node_000299,77882,egress,vm,dhcp,fullcone,unicom,agent,resell,北京,移动,武汉,jarvis.C,host,false,off,0.5757
node_000300,20002,idc,server,pppoe,fullcone,multi,agent,resell,浙江,联通,杭州,jarvis.B,vm,true,on,0.6397
node_000301,77882,idc,box,staticNetSingle,fullcone,telecom,self,resell,浙江,移动,广州,jarvis.B,host,true,on,0.3625
node_000302,10001,pcdn,server,dhcp,symmetric,mobile,agent,resell,湖北,联通,广州,jarvis.C,host,false,off,0.3732
node_000303,77882,idc,server,staticNetSingle,symmetric,unicom,self,direct,四川,联通,北京,jarvis.C,host,false,off,0.3371
node_000304,30003,egress,box,pppoe,symmetric,mobile,self,resell,四川,移动,北京,jarvis.C,vm,true,on,0.3069
node_000305,30003,pcdn,server,staticNetSingle,fullcone,mobile,agent,direct,北京,电信,武汉,jarvis.C,vm,true,off,0.7416
node_000306,10001,egress,vm,dhcp,fullcone,telecom,self,direct,浙江,联通,武汉,jarvis.B,host,false,on,0.9385
node_000307,20002,idc,box,staticNetSingle,symmetric,unicom,self,resell,湖北,联通,武汉,jarvis.A,host,true,off,0.3924
node_000308,20002,egress,vm,pppoe,symmetric,unicom,agent,resell,广东,电信,杭州,jarvis.A,host,false,off,0.8084
node_000309,20002,idc,server,staticNetSingle,symmetric,telecom,agent,resell,浙江,电信,广州,jarvis.A,vm,true,off,0.6453
node_000310,30003,pcdn,box,pppoe,fullcone,mobile,self,resell,湖北,联通,成都,jarvis.B,vm,true,on,0.9172
node_000311,10001,idc,vm,staticNetSingle,symmetric,mobile,self,resell,广东,联通,武汉,jarvis.B,vm,false,on,0.7468
node_000312,20002,egress,box,dhcp,public,telecom,agent,resell,湖北,联通,武汉,jarvis.B,vm,false,on,0.5294
node_000313,77882,pcdn,vm,staticNetSingle,public,telecom,agent,direct,北京,联通,杭州,jarvis.C,vm,false,off,0.9712
node_000314,10001,idc,box,dhcp,public,telecom,self,direct,四川,联通,广州,jarvis.B,vm,true,off,0.2171
node_000315,10001,idc,server,staticNetSingle,symmetric,telecom,agent,resell,北京,移动,杭州,jarvis.C,host,true,on,0.5826
node_000316,30003,idc,box,staticNetSingle,fullcone,telecom,agent,direct,湖北,电信,广州,jarvis.A,host,false,off,0.9084
node_000317,20002,idc,server,pppoe,fullcone,mobile,self,resell,北京,电信,广州,jarvis.C,vm,true,on,0.1951
node_000318,10001,pcdn,vm,staticNetSingle,fullcone,unicom,self,direct,北京,移动,武汉,jarvis.C,vm,false,off,0.2387
node_000319,20002,pcdn,server,pppoe,symmetric,telecom,agent,resell,北京,移动,武汉,jarvis.A,vm,true,on,0.8032
node_000320,10001,idc,server,dhcp,fullcone,unicom,agent,direct,北京,电信,广州,jarvis.A,host,false,on,0.786
node_000321,20002,egress,vm,pppoe,public,mobile,self,resell,四川,联通,武汉,jarvis.A,vm,false,on,0.5612
node_000322,20002,idc,vm,staticNetSingle,public,unicom,agent,direct,湖北,联通,成都,jarvis.C,vm,false,on,0.2163
node_000323,20002,idc,box,dhcp,symmetric,multi,self,direct,北京,电信,成都,jarvis.C,host,false,off,0.3638
node_000324,20002,egress,box,staticNetSingle,symmetric,telecom,agent,direct,广东,电信,成都,jarvis.C,vm,true,off,0.599
node_000325,10001,pcdn,server,dhcp,public,multi,self,resell,北京,联通,北京,jarvis.C,host,false,off,0.1587
node_000326,10001,idc,vm,staticNetSingle,symmetric,unicom,self,direct,广东,移动,北京,jarvis.C,vm,true,on,0.558
node_000327,77882,idc,box,staticNetSingle,fullcone,unicom,agent,direct,浙江,移动,成都,jarvis.C,vm,true,on,0.1365
node_000328,10001,pcdn,box,pppoe,fullcone,multi,self,direct,四川,移动,成都,jarvis.B,host,true,on,0.3388
node_000329,20002,pcdn,vm,staticNetSingle,fullcone,telecom,self,resell,湖北,电信,成都,jarvis.C,host,true,on,0.244
node_000330,30003,idc,server,pppoe,public,multi,agent,resell,北京,联通,北京,jarvis.A,vm,false,on,0.4593
node_000331,10001,idc,server,pppoe,fullcone,mobile,agent,direct,北京,移动,成都,jarvis.C,host,false,off,0.5873
node_000332,20002,egress,vm,staticNetSingle,symmetric,unicom,self,resell,湖北,电信,杭州,jarvis.C,host,true,on,0.7223
node_000333,10001,pcdn,vm,dhcp,fullcone,mobile,agent,resell,四川,联通,杭州,jarvis.A,host,false,on,0.2592
node_000334,20002,pcdn,server,dhcp,symmetric,telecom,agent,direct,浙江,联通,成都,jarvis.C,vm,true,off,0.3865
node_000335,77882,egress,box,dhcp,fullcone,telecom,self,resell,湖北,联通,北京,jarvis.B,host,true,on,0.7672
node_000336,30003,pcdn,server,staticNetSingle,symmetric,multi,self,direct,湖北,电信,成都,jarvis.C,host,false,off,0.135
node_000337,77882,egress,box,dhcp,public,unicom,self,direct,广东,电信,成都,jarvis.C,host,true,off,0.3682
node_000338,20002,pcdn,vm,dhcp,fullcone,mobile,agent,resell,湖北,电信,武汉,jarvis.B,vm,false,on,0.426
node_000339,77882,egress,server,staticNetSingle,public,telecom,agent,direct,湖北,电信,武汉,jarvis.C,vm,true,on,0.163
node_000340,10001,egress,vm,pppoe,symmetric,mobile,self,resell,广东,电信,成都,jarvis.C,vm,false,on,0.3307
node_000341,10001,pcdn,vm,staticNetSingle,public,multi,agent,resell,浙江,移动,北京,jarvis.C,host,false,on,0.4585
node_000342,10001,pcdn,server,staticNetSingle,fullcone,multi,agent,resell,广东,移动,杭州,jarvis.A,host,true,off,0.7321
node_000343,20002,idc,box,staticNetSingle,public,multi,self,direct,北京,电信,成都,jarvis.B,vm,true,off,0.9659
node_000344,30003,pcdn,box,dhcp,symmetric,telecom,agent,resell,湖北,移动,武汉,jarvis.B,host,false,off,0.7762
node_000345,77882,idc,box,pppoe,symmetric,telecom,self,resell,广东,联通,广州,jarvis.B,vm,true,on,0.9862
node_000346,77882,idc,server,pppoe,symmetric,telecom,self,direct,浙江,移动,北京,jarvis.A,host,false,on,0.5761
node_000347,30003,egress,server,dhcp,symmetric,telecom,agent,resell,湖北,联通,成都,jarvis.B,host,true,on,0.4386
node_000348,77882,pcdn,server,pppoe,public,telecom,self,resell,湖北,电信,广州,jarvis.A,host,true,on,0.4042
node_000349,30003,idc,server,pppoe,symmetric,unicom,agent,resell,广东,电信,武汉,jarvis.A,vm,true,on,0.7193
node_000350,30003,egress,vm,pppoe,public,telecom,agent,direct,广东,移动,杭州,jarvis.B,vm,true,on,0.8215
node_000351,30003,pcdn,vm,pppoe,symmetric,unicom,agent,resell,湖北,移动,成都,jarvis.B,host,false,off,0.6464
node_000352,77882,egress,box,pppoe,public,telecom,agent,direct,四川,移动,武汉,jarvis.B,vm,false,on,0.9329
node_000353,77882,idc,vm,dhcp,fullcone,multi,self,resell,四川,电信,北京,jarvis.C,vm,true,off,0.6107
node_000354,30003,idc,box,pppoe,symmetric,unicom,agent,resell,四川,移动,成都,jarvis.A,vm,true,on,0.454
node_000355,77882,pcdn,vm,dhcp,public,unicom,agent,direct,北京,联通,成都,jarvis.C,vm,true,on,0.7006
node_000356,30003,idc,vm,dhcp,fullcone,multi,agent,direct,浙江,移动,广州,jarvis.B,vm,false,off,0.2726
node_000357,77882,pcdn,server,pppoe,symmetric,telecom,self,direct,广东,电信,成都,jarvis.C,host,false,off,0.2797
node_000358,10001,idc,server,pppoe,fullcone,mobile,self,direct,浙江,联通,武汉,jarvis.B,vm,false,on,0.8528
node_000359,10001,pcdn,server,dhcp,fullcone,telecom,self,resell,四川,联通,成都,jarvis.C,vm,false,off,0.5534
node_000360,10001,egress,box,dhcp,symmetric,multi,self,direct,广东,电信,武汉,jarvis.A,host,false,off,0.97
node_000361,10001,egress,server,staticNetSingle,symmetric,multi,agent,direct,广东,电信,北京,jarvis.B,vm,false,off,0.4905
node_000362,10001,egress,server,pppoe,fullcone,mobile,self,direct,广东,联通,成都,jarvis.B,vm,true,on,0.8217
node_000363,20002,egress,vm,staticNetSingle,public,multi,self,resell,湖北,电信,北京,jarvis.C,vm,true,on,0.6446
node_000364,20002,egress,server,staticNetSingle,public,mobile,agent,resell,湖北,移动,北京,jarvis.B,host,false,off,0.2465
node_000365,30003,egress,server,dhcp,fullcone,telecom,agent,direct,湖北,移动,成都,jarvis.A,host,true,on,0.1067
node_000366,10001,egress,vm,dhcp,fullcone,unicom,agent,resell,浙江,电信,北京,jarvis.A,vm,false,on,0.474
node_000367,77882,idc,box,pppoe,public,unicom,self,resell,湖北,电信,北京,jarvis.C,vm,true,on,0.4941
node_000368,77882,idc,box,dhcp,fullcone,mobile,agent,direct,浙江,电信,广州,jarvis.C,vm,true,off,0.2391
node_000369,30003,idc,vm,staticNetSingle,fullcone,multi,self,direct,浙江,移动,武汉,jarvis.B,host,false,on,0.6734
node_000370,10001,pcdn,server,pppoe,public,unicom,agent,resell,浙江,移动,北京,jarvis.A,host,true,on,0.2681
node_000371,77882,pcdn,box,dhcp,fullcone,telecom,self,direct,北京,移动,广州,jarvis.C,host,false,off,0.7243
node_000372,77882,egress,box,pppoe,public,telecom,self,direct,北京,电信,武汉,jarvis.A,host,true,on,0.289
node_000373,20002,idc,server,pppoe,symmetric,telecom,self,resell,湖北,联通,杭州,jarvis.C,host,false,off,0.9328
node_000374,10001,idc,vm,pppoe,symmetric,telecom,agent,resell,浙江,联通,成都,jarvis.B,vm,false,off,0.8009
node_000375,77882,pcdn,vm,pppoe,symmetric,unicom,self,resell,浙江,移动,广州,jarvis.B,vm,true,off,0.9717
node_000376,77882,pcdn,server,pppoe,fullcone,unicom,agent,resell,浙江,移动,武汉,jarvis.C,host,true,off,0.6035
node_000377,30003,egress,vm,dhcp,fullcone,multi,self,resell,广东,移动,北京,jarvis.C,host,true,off,0.8132
node_000378,20002,idc,box,pppoe,symmetric,unicom,self,direct,北京,联通,武汉,jarvis.C,vm,true,off,0.2611
node_000379,20002,idc,server,dhcp,public,multi,agent,direct,湖北,电信,北京,jarvis.A,vm,true,off,0.6364
node_000380,77882,egress,server,dhcp,symmetric,mobile,self,direct,广东,联通,成都,jarvis.A,vm,true,on,0.7992
node_000381,20002,pcdn,box,dhcp,symmetric,telecom,agent,direct,广东,移动,杭州,jarvis.B,vm,true,off,0.5506
node_000382,10001,egress,vm,dhcp,symmetric,unicom,agent,direct,浙江,联通,杭州,jarvis.A,host,true,off,0.8286
node_000383,77882,idc,server,pppoe,fullcone,unicom,self,resell,四川,联通,成都,jarvis.B,host,false,off,0.1022
node_000384,30003,idc,server,staticNetSingle,symmetric,telecom,self,direct,广东,移动,成都,jarvis.C,host,false,off,0.6126
node_000385,77882,egress,server,pppoe,public,multi,agent,resell,四川,移动,广州,jarvis.A,host,true,on,0.108
node_000386,30003,egress,box,staticNetSingle,public,multi,agent,resell,北京,联通,杭州,jarvis.C,host,false,on,0.8443
node_000387,20002,pcdn,vm,pppoe,public,unicom,self,direct,北京,电信,广州,jarvis.B,host,false,off,0.1803
node_000388,10001,pcdn,server,pppoe,public,mobile,agent,resell,广东,联通,成都,jarvis.A,host,true,off,0.7092
node_000389,77882,pcdn,vm,pppoe,symmetric,mobile,self,resell,湖北,电信,杭州,jarvis.A,host,true,off,0.5155
node_000390,77882,pcdn,vm,pppoe,symmetric,unicom,self,direct,北京,移动,广州,jarvis.A,host,false,off,0.8661
node_000391,77882,idc,box,dhcp,public,unicom,agent,resell,四川,电信,杭州,jarvis.A,vm,true,on,0.305
node_000392,77882,idc,server,staticNetSingle,public,unicom,self,direct,浙江,移动,广州,jarvis.C,vm,false,on,0.4575
node_000393,20002,idc,box,pppoe,symmetric,multi,self,resell,广东,移动,北京,jarvis.C,vm,false,on,0.6932
node_000394,77882,idc,vm,dhcp,symmetric,mobile,agent,direct,湖北,电信,武汉,jarvis.C,host,false,off,0.2214
node_000395,77882,egress,vm,dhcp,public,unicom,agent,direct,四川,移动,成都,jarvis.B,vm,false,off,0.3746
node_000396,77882,pcdn,box,dhcp,symmetric,multi,self,resell,广东,电信,武汉,jarvis.B,host,false,on,0.4869
node_000397,20002,pcdn,server,staticNetSingle,symmetric,multi,self,direct,北京,电信,杭州,jarvis.C,vm,false,on,0.5288
node_000398,20002,egress,server,pppoe,fullcone,telecom,self,resell,浙江,联通,广州,jarvis.A,vm,false,on,0.5189
node_000399,77882,egress,server,staticNetSingle,fullcone,telecom,self,resell,浙江,联通,成都,jarvis.B,host,false,off,0.1462
node_000400,20002,pcdn,server,pppoe,public,unicom,self,resell,浙江,移动,成都,jarvis.A,host,false,on,0.4123
node_000401,10001,egress,vm,dhcp,public,multi,self,resell,浙江,电信,广州,jarvis.C,host,false,off,0.2956
node_000402,10001,pcdn,box,dhcp,public,mobile,self,direct,广东,移动,武汉,jarvis.C,host,false,off,0.8058
node_000403,20002,egress,box,dhcp,symmetric,mobile,agent,direct,北京,移动,成都,jarvis.B,host,false,on,0.1309
node_000404,30003,idc,box,dhcp,public,mobile,agent,direct,广东,联通,广州,jarvis.C,vm,false,on,0.7398
node_000405,10001,egress,box,dhcp,fullcone,telecom,self,direct,广东,电信,武汉,jarvis.C,host,true,off,0.6588
node_000406,30003,egress,server,pppoe,fullcone,mobile,agent,direct,浙江,联通,广州,jarvis.B,host,false,off,0.457
node_000407,30003,pcdn,box,pppoe,symmetric,telecom,self,resell,广东,电信,广州,jarvis.B,host,true,on,0.8267
node_000408,20002,egress,server,staticNetSingle,fullcone,mobile,self,resell,北京,移动,武汉,jarvis.B,host,false,off,0.8717
node_000409,77882,idc,server,pppoe,public,telecom,agent,direct,广东,电信,成都,jarvis.B,host,false,on,0.7071
node_000410,20002,idc,server,pppoe,fullcone,telecom,self,resell,北京,电信,成都,jarvis.A,host,false,on,0.3021
node_000411,20002,egress,box,pppoe,public,mobile,agent,direct,湖北,移动,杭州,jarvis.B,vm,true,off,0.5561
node_000412,10001,egress,vm,dhcp,symmetric,multi,self,resell,浙江,电信,广州,jarvis.B,host,false,on,0.8101
node_000413,77882,pcdn,server,staticNetSingle,public,unicom,self,resell,浙江,移动,武汉,jarvis.A,vm,false,on,0.8378
node_000414,77882,egress,box,dhcp,fullcone,mobile,self,direct,北京,电信,广州,jarvis.B,host,false,on,0.4654
node_000415,30003,pcdn,box,pppoe,symmetric,unicom,self,direct,广东,电信,武汉,jarvis.A,host,true,off,0.9801
node_000416,20002,idc,box,dhcp,public,telecom,self,resell,浙江,移动,广州,jarvis.B,host,true,on,0.8242
node_000417,10001,pcdn,box,pppoe,public,mobile,agent,resell,四川,移动,广州,jarvis.C,host,false,off,0.8542
node_000418,30003,pcdn,server,pppoe,symmetric,unicom,agent,resell,湖北,移动,北京,jarvis.A,vm,true,off,0.7495
node_000419,20002,pcdn,box,staticNetSingle,symmetric,multi,agent,direct,浙江,电信,武汉,jarvis.A,vm,true,off,0.6474
node_000420,30003,idc,box,pppoe,symmetric,mobile,agent,direct,湖北,移动,武汉,jarvis.A,host,true,off,0.4596
node_000421,10001,idc,box,staticNetSingle,fullcone,unicom,self,resell,北京,移动,北京,jarvis.B,vm,true,off,0.6755
node_000422,10001,pcdn,server,pppoe,public,telecom,agent,resell,湖北,电信,北京,jarvis.C,vm,true,off,0.1005
node_000423,77882,egress,box,dhcp,symmetric,telecom,self,resell,广东,联通,成都,jarvis.B,host,true,off,0.5895
node_000424,30003,egress,box,staticNetSingle,fullcone,mobile,agent,resell,湖北,电信,杭州,jarvis.A,host,true,on,0.4716
node_000425,10001,pcdn,server,staticNetSingle,public,multi,self,direct,广东,电信,广州,jarvis.A,vm,false,on,0.9128
node_000426,20002,pcdn,server,dhcp,public,telecom,self,direct,广东,联通,武汉,jarvis.B,vm,true,off,0.9788
node_000427,77882,idc,vm,staticNetSingle,fullcone,unicom,agent,direct,湖北,移动,武汉,jarvis.B,vm,false,off,0.8488
node_000428,77882,egress,box,staticNetSingle,fullcone,telecom,agent,direct,湖北,电信,武汉,jarvis.B,host,false,on,0.387
node_000429,20002,idc,server,staticNetSingle,public,multi,self,direct,浙江,移动,武汉,jarvis.B,vm,false,on,0.7534
node_000430,77882,egress,box,staticNetSingle,fullcone,telecom,self,resell,浙江,联通,杭州,jarvis.C,host,true,off,0.4493
node_000431,10001,idc,box,dhcp,fullcone,telecom,agent,resell,湖北,联通,北京,jarvis.A,host,false,off,0.5639
node_000432,10001,pcdn,vm,staticNetSingle,symmetric,multi,agent,direct,湖北,电信,北京,jarvis.C,vm,false,on,0.826
node_000433,10001,pcdn,box,staticNetSingle,public,telecom,agent,direct,湖北,电信,广州,jarvis.A,host,true,on,0.1099
node_000434,20002,idc,vm,staticNetSingle,symmetric,mobile,self,resell,四川,电信,广州,jarvis.A,host,true,off,0.5285
node_000435,30003,egress,vm,dhcp,fullcone,multi,agent,resell,广东,电信,北京,jarvis.B,vm,true,off,0.2705
node_000436,10001,idc,box,staticNetSingle,public,multi,agent,direct,四川,电信,广州,jarvis.B,vm,true,on,0.1892
node_000437,10001,pcdn,vm,staticNetSingle,public,mobile,self,resell,湖北,联通,广州,jarvis.C,vm,true,on,0.7286
node_000438,30003,egress,vm,staticNetSingle,fullcone,multi,self,direct,北京,联通,成都,jarvis.B,vm,true,on,0.312
node_000439,77882,pcdn,box,pppoe,symmetric,multi,agent,resell,广东,移动,广州,jarvis.A,host,true,off,0.4819
node_000440,20002,egress,server,dhcp,symmetric,unicom,agent,resell,四川,电信,武汉,jarvis.A,host,false,on,0.5491
node_000441,10001,pcdn,server,pppoe,fullcone,telecom,self,resell,广东,电信,广州,jarvis.A,host,true,off,0.9991
node_000442,10001,pcdn,server,dhcp,symmetric,unicom,self,resell,四川,联通,成都,jarvis.A,host,true,off,0.6438
node_000443,10001,pcdn,server,pppoe,symmetric,mobile,self,direct,北京,移动,成都,jarvis.B,host,false,on,0.7385
node_000444,10001,egress,vm,dhcp,symmetric,mobile,self,direct,浙江,联通,北京,jarvis.A,host,false,on,0.1196
node_000445,10001,pcdn,box,dhcp,symmetric,multi,agent,resell,浙江,电信,成都,jarvis.B,vm,false,on,0.2809
node_000446,30003,idc,box,staticNetSingle,public,unicom,agent,direct,浙江,联通,北京,jarvis.B,host,true,off,0.4833
node_000447,30003,pcdn,vm,staticNetSingle,symmetric,multi,agent,direct,湖北,电信,杭州,jarvis.A,vm,true,off,0.8111
node_000448,30003,idc,server,pppoe,symmetric,unicom,agent,direct,湖北,联通,广州,jarvis.C,vm,false,on,0.1601
node_000449,30003,idc,vm,pppoe,public,multi,agent,direct,浙江,移动,成都,jarvis.C,host,true,on,0.6944
node_000450,77882,pcdn,box,dhcp,fullcone,telecom,agent,direct,湖北,联通,武汉,jarvis.B,host,false,on,0.7745
node_000451,77882,egress,server,dhcp,public,mobile,self,resell,北京,移动,武汉,jarvis.B,vm,true,off,0.3188
node_000452,77882,egress,box,pppoe,symmetric,mobile,self,resell,四川,电信,成都,jarvis.B,host,true,off,0.8483
node_000453,10001,pcdn,vm,pppoe,public,unicom,self,resell,广东,联通,广州,jarvis.C,vm,true,off,0.1569
node_000454,30003,egress,vm,dhcp,symmetric,multi,agent,direct,浙江,电信,广州,jarvis.C,host,true,off,0.4404
node_000455,20002,idc,vm,staticNetSingle,symmetric,multi,self,resell,广东,联通,北京,jarvis.A,vm,false,on,0.593
node_000456,20002,idc,box,pppoe,symmetric,unicom,agent,resell,广东,移动,成都,jarvis.B,host,true,off,0.7316
node_000457,77882,pcdn,server,dhcp,fullcone,telecom,self,direct,四川,联通,北京,jarvis.C,vm,false,off,0.7281
node_000458,30003,pcdn,server,staticNetSingle,fullcone,mobile,agent,direct,广东,联通,北京,jarvis.C,vm,false,off,0.7098
node_000459,10001,egress,box,dhcp,public,mobile,self,resell,湖北,移动,广州,jarvis.C,host,false,off,0.7385
node_000460,10001,egress,vm,pppoe,fullcone,telecom,self,direct,湖北,电信,杭州,jarvis.C,vm,true,off,0.5194
node_000461,77882,idc,box,staticNetSingle,public,unicom,agent,resell,四川,电信,广州,jarvis.B,vm,false,on,0.7697
node_000462,10001,pcdn,vm,staticNetSingle,public,unicom,self,resell,湖北,移动,广州,jarvis.A,vm,true,on,0.1552
node_000463,77882,idc,vm,pppoe,symmetric,multi,agent,direct,广东,电信,北京,jarvis.B,vm,true,on,0.7215
node_000464,10001,pcdn,server,staticNetSingle,symmetric,multi,self,direct,四川,移动,成都,jarvis.C,host,true,off,0.5558
node_000465,10001,pcdn,vm,staticNetSingle,public,telecom,self,direct,湖北,移动,成都,jarvis.C,vm,true,off,0.8363
node_000466,30003,idc,vm,staticNetSingle,public,telecom,agent,resell,广东,联通,武汉,jarvis.C,vm,false,on,0.7851
node_000467,10001,pcdn,vm,pppoe,symmetric,multi,self,resell,浙江,联通,成都,jarvis.B,vm,false,on,0.5743
node_000468,30003,idc,vm,dhcp,fullcone,mobile,agent,direct,广东,移动,广州,jarvis.B,host,false,off,0.5092
node_000469,77882,pcdn,box,dhcp,fullcone,telecom,agent,direct,浙江,移动,武汉,jarvis.C,vm,false,off,0.5619
node_000470,30003,idc,box,staticNetSingle,symmetric,telecom,self,resell,浙江,电信,武汉,jarvis.A,host,false,on,0.9064
node_000471,30003,egress,box,staticNetSingle,fullcone,multi,agent,resell,四川,联通,广州,jarvis.C,vm,false,off,0.7031
node_000472,30003,egress,box,pppoe,public,multi,self,direct,北京,电信,成都,jarvis.C,vm,false,on,0.92
node_000473,20002,idc,server,pppoe,public,multi,self,direct,北京,电信,杭州,jarvis.C,host,true,on,0.9423
node_000474,10001,idc,box,dhcp,fullcone,unicom,agent,direct,浙江,联通,广州,jarvis.A,vm,false,on,0.7178
node_000475,20002,egress,box,staticNetSingle,symmetric,unicom,agent,resell,北京,电信,杭州,jarvis.C,vm,false,off,0.2555
node_000476,77882,pcdn,server,dhcp,symmetric,telecom,self,resell,北京,电信,广州,jarvis.B,host,true,on,0.811
node_000477,20002,idc,box,dhcp,fullcone,telecom,agent,direct,湖北,电信,北京,jarvis.C,vm,true,on,0.3073
node_000478,77882,egress,server,dhcp,fullcone,multi,agent,direct,湖北,移动,杭州,jarvis.C,vm,false,off,0.5572
node_000479,20002,idc,vm,pppoe,public,mobile,self,resell,广东,联通,广州,jarvis.A,host,true,on,0.1882
node_000480,10001,idc,vm,staticNetSingle,fullcone,multi,agent,direct,北京,联通,杭州,jarvis.C,vm,true,on,0.169
node_000481,77882,egress,vm,dhcp,fullcone,telecom,self,resell,浙江,电信,北京,jarvis.B,host,false,off,0.5168
node_000482,20002,pcdn,vm,dhcp,fullcone,mobile,self,direct,四川,电信,武汉,jarvis.A,vm,false,off,0.1447
node_000483,20002,idc,vm,dhcp,symmetric,unicom,self,resell,四川,移动,杭州,jarvis.B,host,true,on,0.4252
node_000484,10001,idc,vm,dhcp,fullcone,telecom,self,direct,浙江,联通,广州,jarvis.B,vm,false,on,0.1943
node_000485,30003,egress,vm,pppoe,symmetric,multi,agent,direct,浙江,联通,广州,jarvis.A,vm,true,on,0.5303
node_000486,30003,idc,box,staticNetSingle,public,unicom,agent,direct,浙江,联通,北京,jarvis.C,host,true,off,0.8427
node_000487,30003,idc,server,dhcp,public,unicom,self,resell,广东,电信,武汉,jarvis.B,host,true,on,0.5801
node_000488,10001,idc,box,dhcp,symmetric,multi,agent,resell,四川,电信,武汉,jarvis.A,vm,false,off,0.7083
node_000489,20002,pcdn,vm,staticNetSingle,symmetric,telecom,self,resell,湖北,移动,杭州,jarvis.A,host,true,off,0.219
node_000490,10001,idc,box,dhcp,symmetric,unicom,self,resell,北京,联通,武汉,jarvis.C,vm,false,off,0.1795
node_000491,20002,pcdn,vm,staticNetSingle,public,telecom,self,direct,湖北,电信,成都,jarvis.A,vm,false,off,0.861
node_000492,10001,egress,vm,pppoe,symmetric,telecom,self,resell,湖北,联通,北京,jarvis.B,vm,false,off,0.5232
node_000493,10001,idc,box,pppoe,public,unicom,agent,direct,浙江,移动,成都,jarvis.A,vm,false,on,0.1682
node_000494,20002,egress,box,pppoe,symmetric,mobile,agent,resell,四川,联通,武汉,jarvis.A,host,false,on,0.8741
node_000495,20002,pcdn,vm,dhcp,public,unicom,agent,resell,湖北,移动,广州,jarvis.C,vm,true,on,0.8254
node_000496,30003,idc,vm,pppoe,public,telecom,self,resell,四川,移动,成都,jarvis.B,vm,true,off,0.5284
node_000497,77882,idc,vm,dhcp,public,multi,self,direct,浙江,联通,武汉,jarvis.A,vm,true,off,0.8082
node_000498,20002,pcdn,server,dhcp,fullcone,mobile,self,resell,湖北,移动,武汉,jarvis.C,vm,true,on,0.6479
node_000499,20002,idc,box,dhcp,symmetric,multi,self,direct,广东,电信,杭州,jarvis.B,host,false,off,0.7319
node_000500,77882,egress,vm,dhcp,public,multi,self,resell,浙江,电信,武汉,jarvis.A,host,false,on,0.2824
node_000501,20002,pcdn,server,pppoe,fullcone,telecom,self,direct,四川,联通,广州,jarvis.B,vm,true,off,0.4162
node_000502,10001,egress,server,staticNetSingle,fullcone,multi,agent,direct,湖北,移动,北京,jarvis.A,host,false,off,0.8404
node_000503,77882,idc,vm,pppoe,symmetric,mobile,self,resell,四川,移动,武汉,jarvis.C,host,true,on,0.6231
node_000504,10001,idc,box,staticNetSingle,symmetric,telecom,agent,direct,四川,联通,广州,jarvis.C,vm,true,on,0.62
node_000505,77882,pcdn,vm,staticNetSingle,fullcone,unicom,self,resell,浙江,联通,杭州,jarvis.C,vm,false,off,0.7062
node_000506,77882,egress,server,staticNetSingle,public,multi,self,resell,广东,移动,成都,jarvis.A,vm,true,off,0.3219
node_000507,20002,pcdn,box,pppoe,fullcone,unicom,agent,resell,湖北,联通,武汉,jarvis.A,host,true,off,0.3263
node_000508,30003,idc,vm,staticNetSingle,symmetric,telecom,self,resell,北京,移动,北京,jarvis.A,vm,false,off,0.8131
node_000509,77882,idc,box,pppoe,fullcone,multi,agent,direct,四川,电信,武汉,jarvis.B,vm,true,off,0.9567
node_000510,10001,egress,vm,dhcp,fullcone,multi,agent,resell,浙江,移动,北京,jarvis.B,vm,false,off,0.7589
node_000511,30003,egress,box,pppoe,symmetric,mobile,self,resell,四川,联通,武汉,jarvis.A,host,true,on,0.6683
node_000512,77882,egress,vm,staticNetSingle,fullcone,unicom,self,direct,浙江,移动,杭州,jarvis.A,vm,false,on,0.7972
node_000513,20002,idc,server,staticNetSingle,fullcone,telecom,agent,resell,浙江,移动,杭州,jarvis.C,vm,true,off,0.426
node_000514,77882,egress,server,pppoe,symmetric,multi,self,direct,四川,移动,北京,jarvis.A,vm,true,on,0.9991
node_000515,10001,pcdn,box,dhcp,public,telecom,self,direct,浙江,移动,北京,jarvis.B,host,false,off,0.6201
node_000516,30003,egress,vm,pppoe,public,unicom,agent,resell,浙江,联通,北京,jarvis.B,host,true,on,0.7303
node_000517,10001,egress,server,staticNetSingle,fullcone,unicom,self,resell,湖北,移动,武汉,jarvis.A,host,false,off,0.7902
node_000518,20002,idc,vm,pppoe,symmetric,unicom,self,resell,广东,联通,杭州,jarvis.B,host,false,on,0.3744
node_000519,10001,egress,server,dhcp,symmetric,unicom,self,resell,浙江,电信,成都,jarvis.C,host,false,on,0.3947
node_000520,20002,egress,vm,staticNetSingle,public,mobile,agent,direct,北京,移动,广州,jarvis.C,host,false,off,0.1935
node_000521,77882,pcdn,vm,dhcp,public,unicom,self,resell,广东,移动,杭州,jarvis.A,host,true,on,0.3992
node_000522,20002,pcdn,box,staticNetSingle,public,telecom,agent,direct,四川,电信,北京,jarvis.B,vm,false,off,0.7763
node_000523,10001,pcdn,server,dhcp,symmetric,mobile,self,resell,湖北,联通,广州,jarvis.C,host,false,off,0.3003
node_000524,10001,egress,box,staticNetSingle,public,mobile,agent,resell,湖北,移动,武汉,jarvis.B,host,false,off,0.5754
node_000525,10001,idc,box,dhcp,symmetric,telecom,self,resell,四川,电信,武汉,jarvis.A,host,true,off,0.2585
node_000526,10001,pcdn,server,dhcp,public,multi,agent,direct,湖北,移动,广州,jarvis.C,vm,true,off,0.6899
node_000527,10001,egress,vm,pppoe,public,telecom,self,direct,北京,移动,杭州,jarvis.B,host,false,off,0.521
node_000528,77882,idc,server,staticNetSingle,public,unicom,self,direct,浙江,联通,成都,jarvis.C,host,false,off,0.9513
node_000529,10001,egress,server,staticNetSingle,symmetric,multi,self,resell,湖北,电信,武汉,jarvis.B,host,true,off,0.9906
node_000530,20002,idc,server,dhcp,public,unicom,self,resell,浙江,电信,武汉,jarvis.B,vm,true,on,0.6271
node_000531,10001,pcdn,vm,dhcp,symmetric,mobile,agent,resell,浙江,电信,杭州,jarvis.B,vm,false,off,0.803
node_000532,30003,pcdn,server,dhcp,public,multi,agent,direct,广东,电信,广州,jarvis.C,host,true,on,0.7434
node_000533,30003,pcdn,box,staticNetSingle,fullcone,multi,agent,resell,北京,移动,成都,jarvis.B,vm,false,on,0.4615
node_000534,20002,idc,vm,staticNetSingle,fullcone,mobile,self,resell,湖北,联通,武汉,jarvis.B,vm,false,on,0.8741
node_000535,77882,egress,server,pppoe,fullcone,unicom,agent,direct,北京,电信,杭州,jarvis.C,host,true,on,0.8973
node_000536,10001,idc,server,staticNetSingle,symmetric,unicom,agent,resell,北京,移动,成都,jarvis.A,host,false,on,0.7424
node_000537,77882,pcdn,server,staticNetSingle,fullcone,mobile,self,direct,北京,移动,北京,jarvis.C,host,true,on,0.4515
node_000538,20002,pcdn,box,staticNetSingle,public,unicom,agent,direct,湖北,移动,杭州,jarvis.B,host,false,off,0.6662
node_000539,10001,pcdn,box,pppoe,symmetric,multi,self,resell,浙江,移动,武汉,jarvis.C,vm,true,off,0.7726
node_000540,20002,egress,vm,staticNetSingle,symmetric,telecom,agent,resell,浙江,电信,杭州,jarvis.C,host,false,off,0.348
node_000541,30003,pcdn,server,staticNetSingle,fullcone,mobile,agent,direct,四川,移动,成都,jarvis.B,host,true,off,0.5648
node_000542,77882,idc,server,dhcp,fullcone,multi,self,direct,湖北,移动,北京,jarvis.A,vm,false,on,0.2793
node_000543,20002,pcdn,vm,dhcp,symmetric,unicom,agent,direct,浙江,电信,广州,jarvis.A,host,true,off,0.3668
node_000544,10001,egress,box,pppoe,public,multi,self,direct,北京,电信,杭州,jarvis.B,host,true,on,0.3079
node_000545,10001,pcdn,vm,pppoe,public,multi,agent,direct,湖北,电信,成都,jarvis.C,host,false,off,0.3825
node_000546,77882,idc,box,pppoe,fullcone,telecom,self,resell,广东,移动,广州,jarvis.A,vm,true,off,0.4649
node_000547,30003,idc,vm,staticNetSingle,fullcone,telecom,self,direct,四川,移动,北京,jarvis.A,host,false,off,0.5541
node_000548,10001,pcdn,server,dhcp,public,mobile,agent,direct,四川,电信,北京,jarvis.B,host,true,on,0.9286
node_000549,20002,pcdn,box,pppoe,symmetric,multi,self,resell,浙江,电信,武汉,jarvis.C,vm,true,on,0.564
node_000550,20002,pcdn,box,dhcp,fullcone,telecom,agent,resell,四川,移动,广州,jarvis.C,vm,true,on,0.9392
node_000551,10001,idc,box,dhcp,public,telecom,agent,direct,浙江,移动,北京,jarvis.B,host,true,off,0.2619
node_000552,77882,idc,server,staticNetSingle,public,mobile,agent,resell,北京,电信,广州,jarvis.B,host,false,on,0.3181
node_000553,77882,pcdn,box,dhcp,symmetric,unicom,agent,resell,浙江,联通,广州,jarvis.C,vm,true,on,0.9541
node_000554,30003,pcdn,server,dhcp,public,unicom,self,resell,广东,移动,武汉,jarvis.B,vm,true,on,0.5643
node_000555,77882,egress,server,dhcp,symmetric,unicom,agent,resell,浙江,联通,武汉,jarvis.A,host,true,off,0.1557
node_000556,77882,pcdn,vm,staticNetSingle,symmetric,unicom,agent,direct,北京,联通,广州,jarvis.A,host,false,on,0.8985
node_000557,30003,egress,server,staticNetSingle,symmetric,telecom,agent,direct,浙江,移动,北京,jarvis.B,vm,true,on,0.902
node_000558,30003,egress,vm,dhcp,symmetric,mobile,agent,direct,四川,移动,武汉,jarvis.C,vm,true,on,0.7487
node_000559,30003,pcdn,server,pppoe,public,unicom,agent,resell,湖北,联通,北京,jarvis.C,vm,true,on,0.8031
node_000560,10001,pcdn,vm,staticNetSingle,symmetric,mobile,self,direct,广东,移动,北京,jarvis.B,host,true,off,0.8452
node_000561,77882,pcdn,box,dhcp,fullcone,multi,self,direct,湖北,移动,成都,jarvis.A,vm,true,on,0.1473
node_000562,30003,pcdn,server,pppoe,symmetric,telecom,agent,resell,北京,移动,广州,jarvis.B,vm,false,on,0.9376
node_000563,77882,egress,box,dhcp,fullcone,unicom,self,resell,湖北,移动,北京,jarvis.C,host,true,on,0.8982
node_000564,77882,pcdn,box,staticNetSingle,public,telecom,self,resell,浙江,联通,武汉,jarvis.A,vm,false,off,0.9359
node_000565,10001,idc,server,pppoe,symmetric,multi,self,direct,北京,联通,成都,jarvis.A,vm,true,on,0.4526
node_000566,30003,egress,box,pppoe,public,telecom,agent,resell,广东,联通,杭州,jarvis.B,vm,false,on,0.7613
node_000567,20002,idc,box,dhcp,public,multi,self,direct,北京,移动,北京,jarvis.A,host,false,off,0.466
node_000568,30003,pcdn,server,pppoe,symmetric,multi,agent,direct,北京,联通,成都,jarvis.C,vm,true,on,0.9532
node_000569,10001,idc,server,staticNetSingle,symmetric,unicom,agent,direct,湖北,电信,杭州,jarvis.B,host,false,off,0.9044
node_000570,30003,idc,vm,staticNetSingle,fullcone,multi,agent,direct,广东,电信,杭州,jarvis.A,host,false,off,0.6936
node_000571,10001,idc,server,staticNetSingle,symmetric,telecom,agent,direct,浙江,移动,成都,jarvis.C,host,false,on,0.7511
node_000572,20002,pcdn,vm,staticNetSingle,symmetric,unicom,self,direct,广东,移动,北京,jarvis.B,vm,true,off,0.1326
node_000573,30003,egress,vm,pppoe,fullcone,multi,agent,resell,广东,移动,北京,jarvis.C,vm,true,on,0.9236
node_000574,77882,egress,vm,staticNetSingle,fullcone,telecom,agent,direct,广东,移动,杭州,jarvis.B,vm,true,on,0.4471
node_000575,77882,pcdn,box,staticNetSingle,symmetric,unicom,self,direct,四川,电信,广州,jarvis.C,host,true,on,0.8514
node_000576,30003,pcdn,server,pppoe,public,telecom,self,direct,北京,联通,成都,jarvis.A,host,false,on,0.2878
node_000577,20002,idc,vm,staticNetSingle,symmetric,telecom,agent,direct,四川,移动,广州,jarvis.B,vm,true,on,0.9927
node_000578,77882,idc,server,pppoe,public,telecom,self,resell,北京,电信,武汉,jarvis.C,host,true,off,0.7755
node_000579,20002,idc,server,pppoe,symmetric,mobile,self,resell,北京,电信,武汉,jarvis.A,vm,false,on,0.5119
node_000580,30003,idc,server,dhcp,public,telecom,self,resell,浙江,移动,杭州,jarvis.A,host,false,on,0.8674
node_000581,77882,egress,box,pppoe,symmetric,multi,agent,direct,广东,移动,杭州,jarvis.C,host,true,on,0.3482
node_000582,10001,pcdn,box,pppoe,symmetric,mobile,self,direct,浙江,联通,武汉,jarvis.A,host,true,off,0.1103
node_000583,30003,egress,server,dhcp,symmetric,telecom,self,resell,浙江,移动,北京,jarvis.A,host,false,off,0.248
node_000584,77882,egress,vm,pppoe,symmetric,multi,agent,direct,浙江,联通,北京,jarvis.C,host,true,on,0.4436
node_000585,10001,pcdn,server,dhcp,fullcone,multi,self,resell,北京,电信,广州,jarvis.A,host,false,off,0.5411
node_000586,20002,egress,server,staticNetSingle,fullcone,telecom,agent,direct,广东,电信,武汉,jarvis.A,vm,true,off,0.1551
node_000587,77882,pcdn,server,staticNetSingle,public,mobile,agent,direct,湖北,联通,广州,jarvis.A,vm,false,on,0.7135
node_000588,77882,pcdn,vm,pppoe,fullcone,mobile,agent,resell,浙江,移动,杭州,jarvis.B,vm,false,on,0.498
node_000589,30003,idc,box,staticNetSingle,public,mobile,self,resell,广东,联通,广州,jarvis.B,vm,true,off,0.9561
node_000590,20002,egress,vm,pppoe,fullcone,telecom,self,direct,湖北,联通,杭州,jarvis.B,vm,false,off,0.6738
node_000591,77882,pcdn,box,dhcp,fullcone,telecom,agent,resell,浙江,移动,武汉,jarvis.C,vm,false,off,0.5516
node_000592,30003,idc,vm,pppoe,symmetric,multi,self,resell,湖北,移动,杭州,jarvis.C,vm,true,on,0.5576
node_000593,20002,idc,server,pppoe,public,multi,agent,direct,湖北,联通,武汉,jarvis.C,host,true,on,0.5018
node_000594,77882,idc,server,dhcp,symmetric,telecom,self,direct,四川,联通,北京,jarvis.B,host,false,off,0.9099
node_000595,20002,pcdn,box,pppoe,symmetric,telecom,self,resell,浙江,联通,北京,jarvis.B,vm,true,off,0.7071
node_000596,20002,idc,server,dhcp,public,mobile,agent,resell,浙江,联通,广州,jarvis.B,vm,true,off,0.4735
node_000597,77882,egress,server,dhcp,symmetric,multi,agent,resell,浙江,移动,武汉,jarvis.B,vm,true,on,0.7767
node_000598,10001,pcdn,vm,staticNetSingle,symmetric,multi,self,direct,北京,移动,成都,jarvis.C,host,false,off,0.3407
node_000599,30003,pcdn,server,staticNetSingle,fullcone,unicom,self,resell,浙江,移动,武汉,jarvis.C,vm,true,on,0.8494
node_000600,30003,egress,server,staticNetSingle,public,mobile,agent,direct,湖北,联通,杭州,jarvis.B,host,false,off,0.758
node_000601,20002,egress,vm,dhcp,fullcone,unicom,self,resell,四川,移动,成都,jarvis.B,host,true,off,0.8525
node_000602,10001,egress,box,dhcp,public,mobile,agent,resell,北京,移动,广州,jarvis.C,vm,true,on,0.5153
node_000603,30003,pcdn,box,staticNetSingle,fullcone,unicom,self,resell,广东,电信,成都,jarvis.C,vm,false,off,0.3175
node_000604,20002,egress,box,staticNetSingle,symmetric,mobile,self,direct,浙江,联通,广州,jarvis.A,host,true,on,0.6768
node_000605,30003,egress,box,pppoe,public,telecom,agent,resell,广东,移动,北京,jarvis.B,vm,false,on,0.9224
node_000606,20002,egress,vm,staticNetSingle,fullcone,unicom,agent,resell,四川,移动,武汉,jarvis.B,vm,false,on,0.3386
node_000607,10001,idc,server,pppoe,symmetric,mobile,agent,resell,湖北,电信,广州,jarvis.C,host,false,on,0.9104
node_000608,20002,pcdn,vm,staticNetSingle,symmetric,unicom,agent,direct,湖北,电信,北京,jarvis.C,host,false,off,0.1122
node_000609,10001,idc,box,pppoe,fullcone,multi,agent,resell,湖北,联通,杭州,jarvis.A,host,true,on,0.8377
node_000610,20002,egress,vm,pppoe,public,mobile,self,direct,四川,电信,北京,jarvis.C,vm,false,off,0.8602
node_000611,20002,egress,server,dhcp,symmetric,mobile,agent,direct,北京,联通,武汉,jarvis.A,host,true,on,0.8951
node_000612,77882,egress,vm,pppoe,symmetric,unicom,agent,direct,四川,电信,武汉,jarvis.C,host,true,off,0.1755
node_000613,10001,idc,server,pppoe,symmetric,telecom,agent,direct,浙江,电信,北京,jarvis.A,host,true,off,0.4078
node_000614,30003,idc,server,dhcp,fullcone,multi,agent,direct,北京,移动,广州,jarvis.A,host,true,off,0.2352
node_000615,30003,idc,server,pppoe,public,multi,self,direct,浙江,联通,杭州,jarvis.B,vm,false,off,0.1437
node_000616,10001,egress,server,staticNetSingle,symmetric,unicom,agent,resell,湖北,移动,武汉,jarvis.C,host,false,off,0.6691
node_000617,20002,pcdn,server,dhcp,symmetric,telecom,agent,direct,四川,电信,北京,jarvis.A,vm,true,on,0.405
node_000618,30003,pcdn,box,dhcp,fullcone,mobile,self,resell,广东,移动,成都,jarvis.C,host,false,on,0.6144
node_000619,20002,idc,vm,dhcp,public,unicom,agent,direct,北京,电信,北京,jarvis.A,host,true,on,0.5054
node_000620,77882,egress,box,dhcp,public,multi,agent,direct,北京,联通,武汉,jarvis.C,host,true,off,0.9191
node_000621,30003,pcdn,server,pppoe,public,mobile,self,direct,四川,电信,武汉,jarvis.B,vm,true,on,0.2741
node_000622,20002,egress,box,dhcp,symmetric,multi,agent,resell,湖北,移动,杭州,jarvis.B,vm,false,on,0.5987
node_000623,20002,pcdn,vm,dhcp,symmetric,multi,self,resell,北京,移动,广州,jarvis.B,host,false,on,0.3423
node_000624,10001,pcdn,box,dhcp,fullcone,unicom,self,resell,广东,电信,武汉,jarvis.B,host,true,off,0.9839
node_000625,30003,idc,server,pppoe,fullcone,mobile,agent,resell,四川,电信,武汉,jarvis.A,vm,true,off,0.8357
node_000626,20002,pcdn,box,staticNetSingle,symmetric,telecom,agent,resell,四川,移动,杭州,jarvis.A,vm,false,off,0.6019
node_000627,30003,pcdn,vm,pppoe,symmetric,telecom,self,direct,浙江,移动,杭州,jarvis.A,host,true,off,0.6814
node_000628,10001,idc,vm,pppoe,fullcone,mobile,agent,direct,浙江,联通,北京,jarvis.C,host,false,off,0.7485
node_000629,30003,pcdn,server,pppoe,symmetric,multi,self,resell,北京,联通,广州,jarvis.A,vm,true,off,0.4
node_000630,30003,idc,server,dhcp,symmetric,mobile,self,direct,四川,移动,杭州,jarvis.B,host,true,off,0.5428
node_000631,20002,egress,vm,dhcp,symmetric,unicom,self,direct,北京,移动,杭州,jarvis.C,vm,true,on,0.428
node_000632,30003,idc,vm,staticNetSingle,symmetric,mobile,self,direct,广东,电信,成都,jarvis.C,vm,true,on,0.3235
node_000633,30003,egress,box,pppoe,fullcone,mobile,agent,direct,北京,电信,广州,jarvis.C,vm,false,on,0.7092
node_000634,20002,egress,server,dhcp,public,mobile,self,direct,浙江,电信,北京,jarvis.B,vm,true,on,0.5321
node_000635,77882,idc,box,staticNetSingle,fullcone,unicom,agent,direct,湖北,联通,成都,jarvis.A,host,true,off,0.4964
node_000636,77882,idc,vm,staticNetSingle,fullcone,telecom,agent,direct,北京,联通,成都,jarvis.A,vm,false,on,0.5972
node_000637,10001,egress,server,pppoe,public,multi,self,resell,北京,联通,杭州,jarvis.C,host,true,off,0.8614
node_000638,30003,pcdn,vm,staticNetSingle,fullcone,unicom,self,resell,湖北,联通,北京,jarvis.A,vm,true,off,0.3237
node_000639,20002,egress,box,staticNetSingle,fullcone,multi,agent,direct,广东,联通,杭州,jarvis.A,vm,false,on,0.6093
node_000640,77882,pcdn,vm,staticNetSingle,symmetric,unicom,self,resell,四川,电信,广州,jarvis.A,host,true,off,0.979
node_000641,10001,pcdn,server,staticNetSingle,fullcone,mobile,self,resell,四川,联通,杭州,jarvis.C,vm,false,off,0.4097
node_000642,20002,pcdn,vm,staticNetSingle,symmetric,unicom,self,resell,四川,联通,武汉,jarvis.B,vm,true,on,0.8332
node_000643,20002,pcdn,server,pppoe,public,mobile,self,resell,浙江,联通,成都,jarvis.A,vm,true,off,0.1078
node_000644,10001,egress,server,dhcp,symmetric,mobile,agent,resell,广东,移动,成都,jarvis.C,host,false,on,0.8917
node_000645,30003,pcdn,server,pppoe,fullcone,mobile,self,resell,四川,移动,成都,jarvis.B,vm,true,off,0.5919
node_000646,30003,egress,vm,pppoe,fullcone,multi,self,direct,湖北,联通,武汉,jarvis.B,host,false,off,0.4849
node_000647,10001,pcdn,server,staticNetSingle,public,mobile,self,direct,湖北,移动,北京,jarvis.B,vm,false,on,0.2666
node_000648,10001,pcdn,server,staticNetSingle,public,multi,self,resell,湖北,电信,北京,jarvis.C,vm,true,on,0.8523
node_000649,10001,egress,server,pppoe,symmetric,mobile,agent,direct,北京,移动,杭州,jarvis.A,vm,false,off,0.1383
node_000650,30003,idc,vm,staticNetSingle,fullcone,mobile,agent,resell,浙江,移动,广州,jarvis.A,host,true,on,0.1883
node_000651,10001,egress,box,staticNetSingle,fullcone,mobile,agent,direct,北京,联通,成都,jarvis.C,vm,false,on,0.3836
node_000652,30003,egress,server,staticNetSingle,fullcone,multi,self,resell,广东,移动,广州,jarvis.C,vm,true,on,0.2081
node_000653,10001,pcdn,box,staticNetSingle,symmetric,telecom,self,direct,浙江,电信,北京,jarvis.C,host,true,on,0.6585
node_000654,10001,pcdn,vm,dhcp,symmetric,telecom,agent,resell,广东,联通,广州,jarvis.C,vm,true,off,0.2766
node_000655,10001,egress,server,pppoe,symmetric,mobile,self,resell,湖北,电信,成都,jarvis.B,host,true,off,0.647
node_000656,77882,pcdn,box,staticNetSingle,public,multi,agent,resell,广东,电信,广州,jarvis.C,vm,false,off,0.5655
node_000657,30003,idc,vm,dhcp,symmetric,unicom,agent,resell,广东,移动,广州,jarvis.C,host,false,off,0.6104
node_000658,20002,idc,vm,pppoe,public,telecom,self,direct,北京,联通,广州,jarvis.A,vm,true,on,0.8685
node_000659,20002,idc,server,pppoe,public,telecom,self,resell,四川,移动,广州,jarvis.C,host,false,on,0.2266
node_000660,77882,egress,vm,pppoe,symmetric,multi,agent,resell,四川,电信,广州,jarvis.B,host,true,on,0.9583
node_000661,20002,idc,vm,dhcp,symmetric,multi,self,direct,四川,联通,杭州,jarvis.B,host,false,on,0.7985
node_000662,30003,egress,box,staticNetSingle,fullcone,unicom,self,direct,湖北,电信,广州,jarvis.B,vm,true,on,0.8433
node_000663,30003,pcdn,server,dhcp,fullcone,unicom,self,resell,浙江,电信,杭州,jarvis.C,host,false,off,0.1984
node_000664,10001,pcdn,vm,dhcp,public,unicom,self,resell,湖北,联通,北京,jarvis.A,host,false,on,0.1861
node_000665,30003,pcdn,vm,dhcp,fullcone,mobile,agent,resell,四川,联通,北京,jarvis.B,vm,false,off,0.6177
node_000666,20002,idc,vm,dhcp,symmetric,unicom,agent,resell,北京,联通,北京,jarvis.A,vm,false,on,0.6239
node_000667,10001,pcdn,vm,pppoe,symmetric,telecom,agent,direct,四川,联通,广州,jarvis.C,vm,false,on,0.2945
node_000668,30003,egress,vm,staticNetSingle,public,telecom,agent,direct,湖北,移动,武汉,jarvis.B,host,true,off,0.1342
node_000669,10001,pcdn,box,pppoe,fullcone,telecom,self,resell,广东,电信,成都,jarvis.B,host,false,on,0.2524
node_000670,77882,idc,box,dhcp,public,mobile,agent,resell,湖北,电信,杭州,jarvis.A,host,false,off,0.6699
node_000671,30003,idc,vm,staticNetSingle,public,multi,agent,direct,浙江,电信,成都,jarvis.B,host,false,off,0.7801
node_000672,20002,egress,server,pppoe,fullcone,unicom,agent,resell,浙江,联通,成都,jarvis.A,host,true,on,0.535
node_000673,20002,egress,vm,dhcp,symmetric,multi,agent,direct,浙江,移动,北京,jarvis.A,host,true,off,0.5829
node_000674,30003,idc,server,staticNetSingle,public,multi,agent,direct,北京,联通,北京,jarvis.B,vm,true,on,0.8694
node_000675,77882,pcdn,box,staticNetSingle,public,unicom,agent,direct,湖北,移动,武汉,jarvis.A,vm,true,on,0.7415
node_000676,30003,egress,vm,dhcp,public,telecom,self,direct,湖北,电信,杭州,jarvis.B,host,false,off,0.9757
node_000677,10001,egress,vm,staticNetSingle,fullcone,multi,self,direct,四川,移动,杭州,jarvis.B,host,true,off,0.2177
node_000678,30003,idc,server,dhcp,fullcone,unicom,agent,resell,湖北,移动,杭州,jarvis.C,host,true,on,0.9885
node_000679,30003,egress,vm,pppoe,fullcone,multi,agent,resell,浙江,联通,杭州,jarvis.C,host,true,off,0.3594
node_000680,10001,idc,server,staticNetSingle,public,unicom,self,direct,四川,电信,成都,jarvis.C,host,false,off,0.1006
node_000681,10001,idc,box,dhcp,symmetric,telecom,self,resell,四川,联通,武汉,jarvis.C,host,false,off,0.4425
node_000682,20002,egress,vm,staticNetSingle,public,telecom,agent,direct,浙江,电信,北京,jarvis.A,host,false,on,0.26
node_000683,77882,idc,server,pppoe,fullcone,unicom,self,resell,广东,移动,杭州,jarvis.B,host,false,on,0.5217
node_000684,20002,egress,box,staticNetSingle,fullcone,mobile,agent,direct,浙江,联通,成都,jarvis.C,vm,true,on,0.5027
node_000685,20002,idc,vm,staticNetSingle,symmetric,mobile,agent,resell,湖北,移动,成都,jarvis.A,vm,false,on,0.6801
node_000686,77882,idc,server,dhcp,fullcone,unicom,agent,direct,广东,电信,武汉,jarvis.C,vm,false,off,0.3984
node_000687,20002,pcdn,box,pppoe,symmetric,unicom,self,resell,北京,电信,武汉,jarvis.C,host,true,on,0.1364
node_000688,30003,pcdn,box,staticNetSingle,symmetric,telecom,self,resell,广东,电信,成都,jarvis.A,vm,false,on,0.1292
node_000689,20002,egress,box,dhcp,public,mobile,agent,resell,北京,移动,武汉,jarvis.A,vm,true,on,0.9971
node_000690,30003,pcdn,vm,staticNetSingle,fullcone,unicom,agent,resell,广东,移动,成都,jarvis.A,host,true,on,0.5958
node_000691,77882,egress,box,staticNetSingle,public,multi,self,resell,四川,移动,成都,jarvis.A,host,true,on,0.2268
node_000692,77882,idc,server,dhcp,fullcone,multi,self,resell,北京,联通,杭州,jarvis.A,vm,true,on,0.6362
node_000693,20002,pcdn,box,staticNetSingle,fullcone,mobile,agent,resell,湖北,联通,北京,jarvis.C,host,true,off,0.1
node_000694,20002,pcdn,vm,pppoe,public,multi,self,resell,北京,电信,武汉,jarvis.C,vm,true,off,0.265
node_000695,30003,idc,box,pppoe,public,multi,agent,direct,四川,移动,成都,jarvis.B,host,true,on,0.2269
node_000696,20002,egress,server,dhcp,public,telecom,self,resell,广东,电信,武汉,jarvis.A,host,true,off,0.7153
node_000697,20002,pcdn,vm,pppoe,symmetric,telecom,agent,resell,湖北,电信,杭州,jarvis.B,vm,true,on,0.4925
node_000698,77882,pcdn,server,pppoe,symmetric,multi,self,resell,湖北,电信,杭州,jarvis.B,host,true,on,0.6251
node_000699,20002,egress,server,staticNetSingle,public,telecom,self,resell,湖北,电信,武汉,jarvis.B,host,false,off,0.4333
node_000700,30003,idc,box,staticNetSingle,symmetric,unicom,agent,resell,北京,联通,广州,jarvis.A,host,true,on,0.9022
node_000701,20002,pcdn,server,pppoe,fullcone,unicom,agent,resell,广东,移动,广州,jarvis.B,vm,false,on,0.3487
node_000702,77882,egress,vm,pppoe,fullcone,multi,self,resell,四川,联通,北京,jarvis.B,host,false,off,0.2241
node_000703,77882,egress,server,pppoe,fullcone,multi,agent,direct,北京,联通,成都,jarvis.A,vm,false,on,0.8449
node_000704,77882,egress,vm,pppoe,fullcone,unicom,self,resell,浙江,电信,广州,jarvis.A,vm,true,off,0.7248
node_000705,77882,egress,server,pppoe,symmetric,telecom,self,resell,湖北,移动,武汉,jarvis.B,vm,false,off,0.4379
node_000706,20002,pcdn,vm,dhcp,symmetric,unicom,agent,direct,浙江,联通,北京,jarvis.A,vm,true,off,0.388
node_000707,30003,idc,vm,staticNetSingle,public,telecom,agent,resell,四川,电信,杭州,jarvis.C,host,false,on,0.248
node_000708,10001,pcdn,server,dhcp,fullcone,multi,self,resell,北京,电信,成都,jarvis.A,host,false,off,0.1129
node_000709,77882,egress,box,staticNetSingle,public,telecom,agent,direct,湖北,联通,武汉,jarvis.A,host,false,on,0.112
node_000710,30003,idc,box,dhcp,fullcone,mobile,agent,direct,四川,电信,成都,jarvis.A,vm,true,off,0.1979
node_000711,77882,egress,server,pppoe,public,mobile,self,resell,湖北,电信,北京,jarvis.C,vm,true,off,0.2002
node_000712,77882,egress,server,pppoe,fullcone,unicom,agent,resell,浙江,电信,杭州,jarvis.C,vm,false,off,0.8062
node_000713,10001,egress,box,pppoe,public,unicom,agent,resell,湖北,移动,广州,jarvis.C,vm,true,on,0.5651
node_000714,20002,egress,vm,pppoe,public,telecom,agent,resell,浙江,联通,北京,jarvis.A,vm,true,off,0.9421
node_000715,30003,idc,box,staticNetSingle,symmetric,mobile,agent,direct,广东,联通,广州,jarvis.B,host,true,on,0.4545
node_000716,10001,egress,vm,dhcp,symmetric,multi,agent,resell,四川,联通,武汉,jarvis.C,vm,false,off,0.6243
node_000717,10001,egress,server,staticNetSingle,fullcone,telecom,agent,resell,广东,移动,广州,jarvis.A,vm,false,off,0.2337
node_000718,20002,pcdn,box,pppoe,fullcone,unicom,self,direct,四川,移动,武汉,jarvis.A,host,false,off,0.4878
node_000719,20002,pcdn,server,pppoe,fullcone,multi,self,resell,浙江,移动,广州,jarvis.B,host,false,off,0.8876
node_000720,10001,egress,box,dhcp,fullcone,unicom,agent,resell,广东,联通,成都,jarvis.B,host,false,on,0.4626
node_000721,77882,idc,vm,dhcp,fullcone,telecom,agent,resell,湖北,移动,成都,jarvis.C,vm,true,off,0.8855
node_000722,77882,pcdn,server,staticNetSingle,symmetric,telecom,agent,resell,湖北,电信,北京,jarvis.B,vm,true,off,0.9061
node_000723,77882,pcdn,box,dhcp,symmetric,unicom,self,direct,湖北,联通,杭州,jarvis.C,vm,true,off,0.5163
node_000724,30003,egress,box,dhcp,symmetric,unicom,agent,direct,北京,电信,成都,jarvis.C,vm,true,on,0.5773
node_000725,77882,idc,server,staticNetSingle,public,multi,self,resell,浙江,移动,北京,jarvis.C,host,false,off,0.2484
node_000726,10001,egress,server,dhcp,fullcone,telecom,self,resell,四川,电信,杭州,jarvis.A,host,false,on,0.9548
node_000727,30003,idc,vm,staticNetSingle,public,multi,agent,resell,四川,电信,北京,jarvis.B,host,false,on,0.2725
node_000728,30003,pcdn,vm,pppoe,fullcone,unicom,self,resell,四川,电信,北京,jarvis.A,host,false,off,0.1126
node_000729,30003,egress,box,staticNetSingle,fullcone,telecom,self,resell,北京,移动,杭州,jarvis.A,vm,false,on,0.1151
node_000730,77882,egress,box,staticNetSingle,fullcone,unicom,self,direct,四川,电信,武汉,jarvis.A,vm,false,off,0.1179
node_000731,77882,idc,vm,pppoe,fullcone,mobile,self,direct,北京,移动,广州,jarvis.C,vm,true,on,0.7693
node_000732,30003,pcdn,server,dhcp,fullcone,telecom,agent,resell,浙江,电信,北京,jarvis.C,vm,true,on,0.9675
node_000733,30003,idc,vm,staticNetSingle,public,multi,self,resell,广东,电信,杭州,jarvis.B,vm,true,off,0.1448
node_000734,10001,pcdn,server,dhcp,fullcone,multi,self,resell,四川,移动,广州,jarvis.B,host,true,on,0.746
node_000735,10001,idc,server,dhcp,symmetric,telecom,agent,resell,广东,联通,杭州,jarvis.A,vm,false,on,0.2228
node_000736,10001,idc,box,dhcp,public,multi,self,direct,湖北,移动,杭州,jarvis.C,host,false,off,0.5565
node_000737,77882,pcdn,box,dhcp,fullcone,multi,self,direct,湖北,移动,武汉,jarvis.C,vm,false,off,0.1628
node_000738,20002,pcdn,server,dhcp,public,multi,agent,direct,广东,移动,杭州,jarvis.B,host,true,on,0.4083
node_000739,20002,idc,box,pppoe,fullcone,multi,self,direct,浙江,联通,北京,jarvis.A,host,true,on,0.978
node_000740,10001,idc,vm,staticNetSingle,public,unicom,agent,direct,广东,联通,成都,jarvis.B,host,false,off,0.3854
node_000741,77882,egress,vm,dhcp,symmetric,telecom,agent,direct,浙江,联通,广州,jarvis.C,vm,false,off,0.2145
node_000742,77882,idc,vm,staticNetSingle,public,mobile,self,direct,北京,电信,杭州,jarvis.A,host,true,off,0.5811
node_000743,20002,idc,server,pppoe,public,unicom,agent,resell,浙江,联通,成都,jarvis.B,vm,false,off,0.8145
node_000744,20002,pcdn,vm,staticNetSingle,public,mobile,agent,resell,四川,电信,北京,jarvis.C,vm,false,on,0.8621
node_000745,77882,pcdn,server,staticNetSingle,public,multi,self,direct,四川,联通,广州,jarvis.B,host,false,off,0.1212
node_000746,10001,egress,vm,staticNetSingle,symmetric,telecom,agent,resell,浙江,移动,杭州,jarvis.C,vm,true,on,0.3597
node_000747,30003,egress,box,staticNetSingle,symmetric,mobile,agent,resell,北京,电信,成都,jarvis.B,host,false,on,0.9666
node_000748,10001,idc,server,pppoe,fullcone,unicom,agent,resell,四川,移动,北京,jarvis.C,vm,false,on,0.1653
node_000749,77882,egress,vm,staticNetSingle,symmetric,multi,self,direct,北京,联通,成都,jarvis.B,host,false,off,0.6121
node_000750,30003,idc,server,dhcp,public,mobile,agent,direct,北京,联通,广州,jarvis.C,vm,false,on,0.3739
node_000751,77882,pcdn,vm,staticNetSingle,symmetric,multi,self,resell,北京,联通,广州,jarvis.B,host,true,off,0.5493
node_000752,30003,pcdn,server,pppoe,fullcone,telecom,agent,resell,浙江,移动,杭州,jarvis.A,vm,false,on,0.7442
node_000753,20002,pcdn,server,dhcp,fullcone,telecom,self,resell,四川,联通,北京,jarvis.A,host,false,on,0.6447
node_000754,77882,egress,server,dhcp,symmetric,mobile,agent,resell,北京,电信,北京,jarvis.C,host,false,on,0.2763
node_000755,10001,egress,server,staticNetSingle,fullcone,mobile,agent,resell,北京,联通,广州,jarvis.A,host,true,off,0.2805
node_000756,10001,egress,server,pppoe,symmetric,mobile,self,resell,广东,移动,武汉,jarvis.B,vm,true,on,0.6444
node_000757,20002,idc,server,dhcp,symmetric,unicom,agent,resell,广东,电信,武汉,jarvis.C,host,false,on,0.5277
node_000758,10001,idc,server,dhcp,fullcone,multi,self,direct,北京,联通,武汉,jarvis.A,host,false,on,0.9397
node_000759,10001,pcdn,vm,pppoe,fullcone,multi,self,direct,北京,联通,武汉,jarvis.C,host,true,on,0.3188
node_000760,30003,idc,vm,dhcp,public,unicom,self,resell,湖北,电信,广州,jarvis.A,host,true,off,0.9034
node_000761,77882,egress,server,pppoe,symmetric,telecom,self,resell,湖北,联通,北京,jarvis.C,vm,true,off,0.254
node_000762,30003,idc,box,pppoe,fullcone,multi,self,resell,湖北,移动,武汉,jarvis.A,host,true,on,0.4605
node_000763,30003,egress,vm,pppoe,public,multi,agent,direct,北京,电信,杭州,jarvis.B,vm,true,on,0.3062
node_000764,77882,idc,server,dhcp,fullcone,multi,self,resell,四川,移动,成都,jarvis.B,vm,false,on,0.185
node_000765,20002,idc,box,pppoe,symmetric,multi,self,direct,四川,电信,北京,jarvis.C,vm,false,on,0.7925
node_000766,77882,pcdn,vm,pppoe,public,unicom,self,resell,广东,联通,广州,jarvis.A,host,false,off,0.5466
node_000767,20002,egress,vm,pppoe,public,telecom,self,direct,北京,电信,武汉,jarvis.C,host,false,on,0.5823
node_000768,10001,pcdn,box,dhcp,symmetric,unicom,agent,resell,浙江,移动,武汉,jarvis.B,host,true,on,0.8283
node_000769,10001,idc,vm,staticNetSingle,symmetric,mobile,agent,resell,浙江,电信,杭州,jarvis.A,vm,false,on,0.2275
node_000770,20002,idc,server,dhcp,public,multi,self,direct,广东,电信,成都,jarvis.A,vm,false,on,0.4596
node_000771,10001,idc,vm,dhcp,fullcone,unicom,agent,direct,湖北,联通,成都,jarvis.B,host,false,off,0.1847
node_000772,30003,pcdn,box,dhcp,symmetric,multi,self,resell,浙江,电信,杭州,jarvis.C,vm,true,on,0.7542
node_000773,30003,egress,vm,pppoe,symmetric,multi,agent,resell,广东,移动,成都,jarvis.A,host,true,on,0.4779
node_000774,10001,pcdn,box,staticNetSingle,symmetric,mobile,self,direct,北京,联通,成都,jarvis.B,vm,false,off,0.9486
node_000775,20002,idc,server,staticNetSingle,symmetric,multi,self,resell,北京,联通,武汉,jarvis.A,host,true,on,0.9694
node_000776,10001,egress,vm,dhcp,symmetric,telecom,agent,direct,四川,联通,杭州,jarvis.B,vm,true,on,0.7502
node_000777,20002,egress,vm,dhcp,public,unicom,self,direct,广东,电信,成都,jarvis.B,vm,false,on,0.464
node_000778,77882,pcdn,server,staticNetSingle,fullcone,telecom,agent,resell,浙江,电信,北京,jarvis.C,vm,true,off,0.1907
node_000779,30003,egress,vm,dhcp,symmetric,telecom,agent,resell,广东,联通,广州,jarvis.C,vm,true,off,0.1133
node_000780,30003,pcdn,box,staticNetSingle,symmetric,multi,self,resell,广东,联通,成都,jarvis.C,host,true,off,0.2651
node_000781,30003,pcdn,vm,pppoe,fullcone,telecom,self,resell,湖北,电信,武汉,jarvis.C,host,true,on,0.314
node_000782,30003,egress,box,pppoe,public,unicom,self,resell,广东,联通,北京,jarvis.C,vm,false,on,0.4065
node_000783,77882,pcdn,server,staticNetSingle,symmetric,telecom,self,resell,北京,电信,广州,jarvis.C,vm,true,off,0.8961
node_000784,20002,pcdn,server,staticNetSingle,public,mobile,agent,resell,湖北,联通,广州,jarvis.B,host,false,off,0.6395
node_000785,10001,pcdn,box,pppoe,symmetric,telecom,self,resell,北京,电信,武汉,jarvis.B,vm,false,on,0.1308
node_000786,77882,pcdn,box,pppoe,fullcone,unicom,agent,resell,湖北,电信,北京,jarvis.C,vm,false,on,0.3093
node_000787,30003,pcdn,vm,pppoe,symmetric,telecom,self,resell,四川,移动,武汉,jarvis.B,vm,false,on,0.1141
node_000788,10001,pcdn,vm,pppoe,public,mobile,self,resell,北京,联通,杭州,jarvis.C,vm,false,on,0.9225
node_000789,10001,pcdn,vm,dhcp,symmetric,multi,agent,resell,浙江,移动,北京,jarvis.A,vm,false,off,0.3445
node_000790,10001,idc,vm,dhcp,public,mobile,agent,resell,湖北,电信,北京,jarvis.B,host,true,off,0.7139
node_000791,20002,egress,server,pppoe,public,unicom,self,resell,四川,移动,广州,jarvis.A,vm,false,on,0.7767
node_000792,20002,idc,server,dhcp,symmetric,telecom,self,resell,广东,联通,武汉,jarvis.A,host,true,on,0.1281
node_000793,77882,egress,server,pppoe,symmetric,telecom,agent,resell,四川,电信,武汉,jarvis.C,host,false,on,0.2455
node_000794,30003,idc,server,dhcp,fullcone,unicom,agent,resell,湖北,联通,武汉,jarvis.B,vm,false,on,0.5596
node_000795,10001,idc,server,staticNetSingle,symmetric,unicom,agent,direct,北京,电信,武汉,jarvis.A,host,true,on,0.2332
node_000796,20002,egress,server,pppoe,symmetric,unicom,self,direct,湖北,联通,杭州,jarvis.B,host,false,on,0.8339
node_000797,20002,egress,box,dhcp,public,mobile,agent,resell,湖北,电信,成都,jarvis.A,vm,false,off,0.6474
node_000798,77882,pcdn,server,pppoe,symmetric,telecom,self,resell,广东,联通,成都,jarvis.B,host,false,off,0.8835
node_000799,30003,idc,server,pppoe,symmetric,multi,agent,direct,浙江,电信,广州,jarvis.C,vm,false,on,0.3519
node_000800,20002,pcdn,server,pppoe,symmetric,telecom,self,resell,四川,移动,北京,jarvis.B,host,true,on,0.5832
node_000801,10001,pcdn,server,pppoe,public,multi,self,direct,广东,移动,杭州,jarvis.C,vm,false,on,0.2989
node_000802,77882,egress,box,dhcp,public,telecom,agent,direct,广东,联通,武汉,jarvis.B,host,true,on,0.3022
node_000803,20002,pcdn,server,pppoe,symmetric,telecom,agent,direct,湖北,电信,成都,jarvis.A,host,false,off,0.2601
node_000804,30003,pcdn,server,dhcp,symmetric,unicom,self,direct,北京,电信,武汉,jarvis.A,vm,true,on,0.5882
node_000805,77882,idc,box,pppoe,public,multi,self,resell,浙江,电信,成都,jarvis.B,vm,false,off,0.7117
node_000806,77882,idc,server,staticNetSingle,fullcone,unicom,self,resell,广东,移动,武汉,jarvis.C,host,true,on,0.5166
node_000807,10001,idc,box,dhcp,public,telecom,self,direct,浙江,联通,北京,jarvis.A,vm,false,off,0.1704
node_000808,20002,pcdn,box,dhcp,fullcone,telecom,self,resell,湖北,联通,武汉,jarvis.C,vm,false,off,0.6255
node_000809,77882,egress,server,staticNetSingle,public,unicom,agent,resell,四川,电信,杭州,jarvis.B,host,false,off,0.9156
node_000810,10001,egress,server,staticNetSingle,fullcone,multi,self,direct,四川,电信,武汉,jarvis.A,host,false,on,0.8458
node_000811,20002,idc,server,staticNetSingle,public,multi,agent,direct,北京,联通,广州,jarvis.C,vm,false,off,0.5754
node_000812,10001,egress,vm,pppoe,public,telecom,agent,direct,浙江,联通,杭州,jarvis.A,vm,false,on,0.6426
node_000813,30003,pcdn,box,staticNetSingle,symmetric,mobile,agent,direct,广东,移动,北京,jarvis.B,host,false,off,0.5442
node_000814,10001,pcdn,box,dhcp,symmetric,mobile,self,resell,广东,移动,杭州,jarvis.B,vm,true,on,0.6308
node_000815,77882,egress,box,staticNetSingle,symmetric,mobile,agent,resell,广东,电信,成都,jarvis.B,vm,true,on,0.8307
node_000816,20002,pcdn,box,dhcp,symmetric,telecom,agent,direct,四川,联通,北京,jarvis.A,host,false,on,0.8566
node_000817,30003,idc,server,staticNetSingle,public,unicom,self,resell,广东,联通,成都,jarvis.A,vm,true,on,0.5781
node_000818,10001,egress,box,staticNetSingle,symmetric,telecom,self,resell,湖北,电信,杭州,jarvis.A,vm,true,off,0.4701
node_000819,10001,egress,server,dhcp,fullcone,multi,agent,direct,广东,电信,成都,jarvis.B,host,false,off,0.6742
node_000820,10001,egress,server,dhcp,symmetric,unicom,agent,direct,浙江,移动,武汉,jarvis.A,host,false,off,0.7796
node_000821,77882,egress,box,dhcp,public,unicom,agent,direct,浙江,联通,广州,jarvis.C,vm,true,off,0.5779
node_000822,30003,egress,vm,dhcp,public,unicom,agent,direct,浙江,电信,杭州,jarvis.B,host,false,on,0.6217
node_000823,30003,egress,box,dhcp,public,mobile,agent,resell,湖北,联通,武汉,jarvis.A,vm,true,on,0.744
node_000824,20002,idc,server,staticNetSingle,fullcone,multi,self,resell,浙江,联通,武汉,jarvis.B,vm,true,on,0.169
node_000825,10001,egress,box,pppoe,symmetric,unicom,self,direct,湖北,电信,杭州,jarvis.C,host,false,on,0.2427
node_000826,10001,egress,vm,staticNetSingle,fullcone,multi,self,resell,北京,联通,广州,jarvis.B,host,true,off,0.2433
node_000827,77882,egress,server,pppoe,public,multi,agent,direct,北京,移动,杭州,jarvis.C,host,false,off,0.6862
node_000828,77882,idc,box,staticNetSingle,symmetric,telecom,agent,resell,湖北,联通,成都,jarvis.C,vm,false,on,0.3086
node_000829,20002,pcdn,server,dhcp,fullcone,telecom,agent,resell,广东,联通,成都,jarvis.C,host,true,off,0.6939
node_000830,77882,egress,server,dhcp,symmetric,mobile,self,resell,湖北,移动,成都,jarvis.C,vm,true,on,0.8791
node_000831,30003,egress,vm,pppoe,fullcone,unicom,agent,resell,湖北,联通,广州,jarvis.C,vm,false,on,0.8743
node_000832,77882,egress,server,dhcp,fullcone,telecom,agent,resell,浙江,电信,成都,jarvis.B,host,false,on,0.936
node_000833,20002,pcdn,box,staticNetSingle,fullcone,telecom,self,resell,四川,移动,武汉,jarvis.B,host,true,off,0.81
node_000834,20002,pcdn,server,staticNetSingle,public,multi,agent,direct,北京,移动,成都,jarvis.C,host,true,off,0.9834
node_000835,20002,egress,vm,pppoe,symmetric,telecom,agent,resell,湖北,电信,北京,jarvis.B,vm,false,on,0.2703
node_000836,10001,egress,server,dhcp,fullcone,mobile,self,direct,浙江,移动,北京,jarvis.B,vm,false,off,0.1746
node_000837,77882,idc,server,pppoe,public,multi,self,direct,广东,移动,北京,jarvis.C,vm,false,off,0.8713
node_000838,77882,idc,vm,staticNetSingle,fullcone,unicom,self,direct,北京,移动,杭州,jarvis.A,vm,true,off,0.8686
node_000839,30003,idc,box,dhcp,public,unicom,agent,direct,四川,电信,武汉,jarvis.A,vm,false,on,0.3196
node_000840,77882,idc,box,dhcp,public,multi,agent,resell,湖北,移动,武汉,jarvis.B,vm,false,on,0.5018
node_000841,10001,idc,server,pppoe,symmetric,multi,agent,direct,浙江,联通,北京,jarvis.A,vm,true,on,0.3727
node_000842,10001,pcdn,server,staticNetSingle,symmetric,unicom,agent,direct,广东,联通,成都,jarvis.B,vm,true,off,0.6756
node_000843,77882,pcdn,vm,dhcp,public,multi,agent,direct,北京,移动,广州,jarvis.B,host,true,on,0.3175
node_000844,30003,idc,server,dhcp,fullcone,mobile,self,direct,北京,电信,北京,jarvis.C,vm,false,on,0.6757
node_000845,30003,egress,server,staticNetSingle,public,multi,agent,direct,广东,联通,武汉,jarvis.A,host,true,on,0.5953
node_000846,77882,idc,box,staticNetSingle,symmetric,unicom,self,direct,北京,电信,杭州,jarvis.A,host,false,on,0.3665
node_000847,77882,idc,box,pppoe,symmetric,telecom,self,resell,北京,联通,武汉,jarvis.B,vm,false,off,0.733
node_000848,77882,egress,box,staticNetSingle,fullcone,telecom,self,resell,浙江,电信,广州,jarvis.B,host,false,on,0.4374
node_000849,77882,pcdn,server,dhcp,symmetric,unicom,agent,resell,湖北,联通,武汉,jarvis.C,vm,false,off,0.8671
node_000850,30003,egress,server,staticNetSingle,public,multi,self,resell,湖北,联通,北京,jarvis.B,host,false,on,0.1917
node_000851,77882,idc,server,pppoe,fullcone,multi,agent,resell,湖北,联通,杭州,jarvis.C,host,false,on,0.5745
node_000852,20002,idc,server,dhcp,fullcone,telecom,self,resell,广东,电信,武汉,jarvis.C,vm,true,off,0.1663
node_000853,30003,egress,server,pppoe,fullcone,telecom,self,direct,浙江,联通,武汉,jarvis.C,host,false,off,0.4034
node_000854,77882,idc,vm,dhcp,fullcone,mobile,self,direct,广东,移动,成都,jarvis.C,vm,true,off,0.7013
node_000855,30003,pcdn,vm,dhcp,fullcone,mobile,agent,resell,四川,联通,北京,jarvis.C,vm,false,on,0.4918
node_000856,20002,pcdn,box,pppoe,public,mobile,self,resell,广东,电信,北京,jarvis.B,vm,false,off,0.5534
node_000857,30003,egress,vm,staticNetSingle,symmetric,telecom,agent,resell,湖北,移动,北京,jarvis.A,vm,false,off,0.4634
node_000858,30003,pcdn,server,dhcp,symmetric,telecom,self,resell,湖北,电信,成都,jarvis.C,vm,false,on,0.9858
node_000859,20002,pcdn,box,staticNetSingle,symmetric,telecom,self,resell,浙江,联通,广州,jarvis.C,host,true,on,0.6025
node_000860,10001,idc,vm,dhcp,public,unicom,agent,resell,湖北,移动,广州,jarvis.B,vm,true,off,0.7176
node_000861,30003,egress,vm,dhcp,public,telecom,self,resell,北京,电信,北京,jarvis.A,host,true,off,0.8485
node_000862,30003,pcdn,box,staticNetSingle,symmetric,multi,self,direct,湖北,联通,武汉,jarvis.C,vm,false,off,0.8464
node_000863,20002,egress,vm,dhcp,public,mobile,self,direct,四川,联通,杭州,jarvis.C,vm,false,off,0.3714
node_000864,77882,egress,box,pppoe,public,telecom,self,resell,浙江,移动,北京,jarvis.A,host,true,on,0.8774
node_000865,10001,egress,box,dhcp,fullcone,telecom,agent,resell,四川,联通,广州,jarvis.C,vm,false,off,0.8013
node_000866,20002,idc,box,staticNetSingle,symmetric,mobile,self,resell,四川,电信,广州,jarvis.A,host,false,off,0.4816
node_000867,30003,egress,server,dhcp,symmetric,telecom,self,resell,广东,电信,成都,jarvis.B,host,false,off,0.1019
node_000868,30003,egress,vm,dhcp,fullcone,unicom,self,resell,湖北,联通,北京,jarvis.B,host,true,off,0.3263
node_000869,20002,pcdn,box,pppoe,fullcone,multi,agent,direct,浙江,移动,成都,jarvis.B,host,false,on,0.3439
node_000870,77882,pcdn,vm,pppoe,symmetric,telecom,agent,resell,四川,电信,成都,jarvis.B,vm,false,off,0.3207
node_000871,77882,idc,vm,dhcp,symmetric,telecom,agent,direct,北京,移动,杭州,jarvis.A,host,true,off,0.2093
node_000872,20002,egress,vm,staticNetSingle,fullcone,multi,self,direct,四川,移动,武汉,jarvis.C,vm,true,off,0.5736
node_000873,77882,egress,vm,dhcp,public,unicom,agent,direct,湖北,电信,成都,jarvis.B,host,false,off,0.7285
node_000874,20002,idc,vm,dhcp,fullcone,mobile,self,resell,四川,联通,广州,jarvis.B,vm,false,on,0.4398
node_000875,20002,pcdn,box,staticNetSingle,public,mobile,agent,resell,湖北,移动,广州,jarvis.C,vm,false,on,0.6117
node_000876,30003,egress,server,pppoe,fullcone,unicom,self,resell,浙江,联通,成都,jarvis.A,vm,true,off,0.8229
node_000877,20002,idc,vm,dhcp,public,telecom,self,direct,广东,移动,北京,jarvis.C,vm,false,off,0.54
node_000878,20002,pcdn,vm,staticNetSingle,symmetric,unicom,agent,resell,湖北,移动,广州,jarvis.A,vm,true,on,0.6304
node_000879,30003,pcdn,box,pppoe,public,unicom,agent,resell,北京,移动,杭州,jarvis.A,host,false,off,0.6061
node_000880,20002,pcdn,server,dhcp,public,unicom,agent,direct,北京,联通,成都,jarvis.C,vm,true,on,0.3729
node_000881,10001,pcdn,server,pppoe,fullcone,multi,agent,direct,四川,联通,北京,jarvis.C,vm,true,off,0.5938
node_000882,20002,pcdn,box,staticNetSingle,fullcone,unicom,self,resell,浙江,移动,广州,jarvis.B,vm,true,on,0.651
node_000883,77882,idc,vm,staticNetSingle,symmetric,mobile,self,resell,广东,移动,广州,jarvis.B,host,false,off,0.1574
node_000884,30003,idc,box,staticNetSingle,public,unicom,agent,direct,广东,移动,杭州,jarvis.C,vm,false,off,0.383
node_000885,30003,pcdn,server,dhcp,public,unicom,self,resell,浙江,联通,杭州,jarvis.C,vm,true,on,0.8761
node_000886,10001,egress,box,pppoe,fullcone,multi,agent,direct,广东,联通,北京,jarvis.C,vm,false,on,0.4666
node_000887,30003,idc,box,dhcp,symmetric,multi,agent,direct,湖北,联通,武汉,jarvis.C,vm,true,on,0.3762
node_000888,10001,idc,vm,dhcp,public,mobile,self,direct,北京,电信,北京,jarvis.A,host,false,on,0.9163
node_000889,20002,pcdn,vm,dhcp,public,mobile,self,resell,广东,移动,成都,jarvis.B,vm,false,on,0.3345
node_000890,20002,egress,vm,dhcp,fullcone,mobile,self,direct,四川,移动,杭州,jarvis.B,host,false,on,0.2561
node_000891,30003,egress,vm,dhcp,fullcone,unicom,agent,resell,湖北,联通,北京,jarvis.A,host,true,off,0.1719
node_000892,30003,idc,box,pppoe,symmetric,multi,self,resell,北京,联通,杭州,jarvis.C,host,false,off,0.281
node_000893,20002,idc,server,pppoe,public,unicom,agent,resell,北京,移动,武汉,jarvis.C,vm,true,off,0.3749
node_000894,10001,pcdn,vm,pppoe,symmetric,mobile,self,direct,广东,联通,北京,jarvis.B,vm,true,off,0.3123
node_000895,20002,pcdn,box,pppoe,fullcone,telecom,agent,resell,北京,联通,广州,jarvis.B,host,false,off,0.5991
node_000896,10001,egress,vm,dhcp,fullcone,multi,self,resell,浙江,联通,武汉,jarvis.C,host,true,on,0.9853
node_000897,10001,pcdn,server,pppoe,symmetric,unicom,agent,direct,湖北,电信,北京,jarvis.C,host,true,off,0.4382
node_000898,77882,pcdn,vm,staticNetSingle,fullcone,telecom,agent,resell,广东,电信,广州,jarvis.C,vm,true,on,0.9193
node_000899,10001,egress,server,dhcp,symmetric,unicom,agent,resell,北京,电信,广州,jarvis.B,host,false,off,0.3617
node_000900,77882,egress,box,staticNetSingle,symmetric,unicom,agent,resell,四川,联通,杭州,jarvis.C,host,true,on,0.8003
node_000901,20002,egress,vm,pppoe,symmetric,unicom,agent,resell,浙江,联通,杭州,jarvis.C,vm,true,off,0.2699
node_000902,10001,egress,server,pppoe,public,unicom,agent,resell,浙江,电信,成都,jarvis.C,vm,true,off,0.9802
node_000903,20002,egress,box,pppoe,public,unicom,agent,direct,四川,电信,成都,jarvis.B,host,true,on,0.6002
node_000904,77882,idc,box,dhcp,fullcone,unicom,agent,direct,北京,联通,杭州,jarvis.C,vm,false,off,0.9295
node_000905,77882,egress,server,staticNetSingle,fullcone,mobile,agent,direct,湖北,电信,北京,jarvis.C,host,false,on,0.2909
node_000906,20002,egress,server,staticNetSingle,public,multi,agent,direct,北京,移动,广州,jarvis.B,host,true,on,0.1914
node_000907,10001,pcdn,vm,pppoe,symmetric,telecom,self,direct,湖北,移动,杭州,jarvis.B,host,false,off,0.2932
node_000908,10001,idc,box,staticNetSingle,public,multi,self,resell,北京,电信,北京,jarvis.B,host,true,off,0.3901
node_000909,30003,pcdn,vm,dhcp,fullcone,multi,agent,direct,浙江,电信,武汉,jarvis.C,vm,true,off,0.862
node_000910,10001,egress,vm,staticNetSingle,fullcone,unicom,agent,resell,浙江,移动,武汉,jarvis.A,vm,true,on,0.1775
node_000911,77882,pcdn,server,staticNetSingle,fullcone,telecom,self,resell,湖北,移动,武汉,jarvis.B,vm,true,off,0.3737
node_000912,10001,egress,box,dhcp,public,unicom,agent,direct,四川,联通,广州,jarvis.C,vm,false,on,0.6809
node_000913,20002,egress,server,staticNetSingle,symmetric,multi,agent,direct,浙江,移动,武汉,jarvis.B,host,false,off,0.6476
node_000914,30003,egress,box,dhcp,public,mobile,self,resell,湖北,移动,杭州,jarvis.B,host,true,on,0.9907
node_000915,10001,pcdn,vm,staticNetSingle,public,multi,self,resell,浙江,移动,武汉,jarvis.A,vm,true,off,0.2472
node_000916,20002,egress,vm,pppoe,symmetric,unicom,agent,resell,湖北,移动,成都,jarvis.C,host,false,on,0.6231
node_000917,10001,egress,server,dhcp,public,telecom,agent,direct,四川,联通,武汉,jarvis.C,host,true,on,0.3307
node_000918,30003,pcdn,vm,dhcp,fullcone,multi,agent,resell,湖北,移动,广州,jarvis.C,vm,true,off,0.8343
node_000919,20002,egress,vm,staticNetSingle,fullcone,multi,agent,direct,浙江,移动,北京,jarvis.C,vm,true,off,0.6365
node_000920,20002,pcdn,server,staticNetSingle,fullcone,unicom,self,resell,北京,移动,北京,jarvis.B,host,true,off,0.6674
node_000921,30003,pcdn,vm,dhcp,symmetric,multi,agent,resell,浙江,联通,北京,jarvis.C,host,false,on,0.9974
node_000922,30003,idc,server,dhcp,fullcone,mobile,self,direct,北京,联通,北京,jarvis.A,vm,false,on,0.2176
node_000923,77882,egress,vm,pppoe,public,unicom,self,resell,四川,电信,杭州,jarvis.C,vm,true,on,0.7653
node_000924,20002,pcdn,box,pppoe,public,unicom,self,resell,北京,联通,北京,jarvis.B,host,false,off,0.4581
node_000925,20002,idc,server,pppoe,public,mobile,agent,direct,湖北,移动,武汉,jarvis.A,host,true,off,0.9295
node_000926,10001,pcdn,vm,dhcp,public,unicom,self,resell,浙江,联通,北京,jarvis.A,vm,true,off,0.1466
node_000927,20002,idc,vm,staticNetSingle,symmetric,mobile,self,resell,四川,电信,武汉,jarvis.B,host,true,on,0.2999
node_000928,77882,egress,box,dhcp,fullcone,unicom,agent,direct,四川,联通,广州,jarvis.C,host,false,on,0.7591
node_000929,30003,egress,vm,dhcp,public,mobile,agent,direct,浙江,移动,北京,jarvis.B,vm,true,on,0.5119
node_000930,10001,idc,box,dhcp,symmetric,mobile,agent,direct,四川,电信,成都,jarvis.A,vm,false,on,0.7441
node_000931,77882,egress,vm,pppoe,fullcone,unicom,agent,resell,广东,联通,广州,jarvis.C,host,true,on,0.7947
node_000932,77882,pcdn,box,pppoe,public,unicom,agent,resell,四川,移动,广州,jarvis.C,vm,false,off,0.5121
node_000933,77882,egress,box,staticNetSingle,fullcone,telecom,agent,resell,四川,电信,武汉,jarvis.B,vm,false,off,0.8167
node_000934,20002,idc,vm,staticNetSingle,public,telecom,agent,resell,广东,联通,武汉,jarvis.A,host,false,off,0.3378
node_000935,10001,idc,vm,dhcp,symmetric,mobile,self,direct,北京,联通,武汉,jarvis.A,host,false,on,0.2479
node_000936,30003,pcdn,server,dhcp,fullcone,telecom,self,resell,四川,移动,北京,jarvis.A,vm,false,off,0.7681
node_000937,77882,egress,server,staticNetSingle,fullcone,multi,agent,resell,浙江,移动,武汉,jarvis.A,vm,true,off,0.9224
node_000938,77882,idc,server,dhcp,symmetric,unicom,self,direct,浙江,移动,成都,jarvis.C,host,false,off,0.4199
node_000939,10001,pcdn,box,pppoe,symmetric,mobile,agent,direct,四川,移动,成都,jarvis.C,host,false,on,0.8126
node_000940,10001,pcdn,server,staticNetSingle,symmetric,mobile,self,direct,广东,联通,北京,jarvis.A,vm,true,on,0.4042
node_000941,30003,idc,server,pppoe,public,telecom,agent,direct,北京,电信,广州,jarvis.C,host,true,off,0.4427
node_000942,20002,pcdn,server,pppoe,fullcone,mobile,agent,direct,浙江,电信,武汉,jarvis.B,host,true,off,0.8141
node_000943,77882,pcdn,vm,pppoe,symmetric,unicom,agent,resell,湖北,移动,北京,jarvis.B,vm,false,off,0.3921
node_000944,10001,egress,vm,dhcp,symmetric,mobile,agent,resell,四川,联通,成都,jarvis.A,vm,true,on,0.7717
node_000945,20002,egress,server,dhcp,public,telecom,self,resell,浙江,电信,广州,jarvis.B,host,true,off,0.1976
node_000946,77882,egress,server,pppoe,symmetric,telecom,self,resell,浙江,联通,武汉,jarvis.A,vm,false,off,0.5339
node_000947,10001,idc,server,staticNetSingle,public,unicom,self,resell,浙江,移动,北京,jarvis.C,vm,true,on,0.2379
node_000948,10001,pcdn,server,dhcp,symmetric,multi,agent,resell,湖北,电信,武汉,jarvis.C,vm,true,off,0.1013
node_000949,30003,pcdn,server,dhcp,fullcone,telecom,agent,direct,湖北,电信,北京,jarvis.C,host,true,off,0.6269
node_000950,77882,idc,server,dhcp,public,mobile,self,direct,湖北,电信,武汉,jarvis.C,vm,false,off,0.2433
node_000951,77882,pcdn,server,staticNetSingle,fullcone,unicom,agent,direct,北京,联通,广州,jarvis.A,host,true,on,0.3493
node_000952,20002,pcdn,server,pppoe,fullcone,telecom,agent,direct,北京,移动,杭州,jarvis.A,host,true,off,0.9416
node_000953,10001,egress,server,pppoe,public,multi,agent,resell,广东,电信,成都,jarvis.B,vm,true,off,0.3001
node_000954,77882,egress,box,staticNetSingle,public,telecom,agent,resell,湖北,电信,杭州,jarvis.C,vm,true,off,0.3642
node_000955,10001,egress,box,pppoe,fullcone,multi,self,direct,北京,电信,杭州,jarvis.C,host,false,off,0.6609
node_000956,10001,pcdn,server,staticNetSingle,symmetric,telecom,agent,direct,四川,电信,武汉,jarvis.C,vm,true,off,0.3171
node_000957,20002,pcdn,vm,pppoe,public,multi,self,direct,浙江,移动,北京,jarvis.C,host,true,on,0.1621
node_000958,30003,pcdn,box,dhcp,fullcone,multi,self,direct,北京,联通,杭州,jarvis.B,vm,true,off,0.3484
node_000959,77882,egress,server,staticNetSingle,public,unicom,self,direct,广东,移动,武汉,jarvis.C,host,false,off,0.7736
node_000960,77882,pcdn,box,dhcp,public,multi,self,resell,北京,联通,武汉,jarvis.A,vm,true,off,0.1424
node_000961,77882,pcdn,vm,staticNetSingle,public,multi,self,direct,浙江,电信,武汉,jarvis.A,host,false,off,0.6792
node_000962,20002,pcdn,box,pppoe,fullcone,unicom,agent,resell,北京,联通,成都,jarvis.B,host,false,off,0.3035
node_000963,30003,pcdn,vm,staticNetSingle,public,telecom,agent,resell,湖北,联通,北京,jarvis.C,host,true,on,0.7656
node_000964,20002,idc,vm,dhcp,symmetric,mobile,agent,resell,四川,联通,成都,jarvis.A,vm,true,on,0.7789
node_000965,30003,idc,server,staticNetSingle,symmetric,multi,agent,resell,湖北,移动,北京,jarvis.B,host,false,off,0.1289
node_000966,77882,pcdn,server,pppoe,symmetric,unicom,agent,direct,北京,联通,杭州,jarvis.C,host,false,on,0.8385
node_000967,10001,pcdn,box,pppoe,fullcone,telecom,agent,direct,广东,移动,北京,jarvis.B,host,false,off,0.6639
node_000968,77882,pcdn,box,pppoe,fullcone,telecom,self,resell,北京,联通,武汉,jarvis.A,vm,true,off,0.3279
node_000969,10001,egress,server,dhcp,public,unicom,self,direct,四川,移动,成都,jarvis.B,vm,false,off,0.3378
node_000970,10001,egress,vm,pppoe,symmetric,telecom,self,resell,四川,联通,武汉,jarvis.C,vm,true,off,0.398
node_000971,20002,egress,box,pppoe,fullcone,multi,self,direct,广东,移动,广州,jarvis.C,vm,false,on,0.1201
node_000972,77882,pcdn,server,dhcp,public,telecom,self,direct,四川,移动,北京,jarvis.B,vm,false,on,0.3403
node_000973,10001,pcdn,box,dhcp,symmetric,mobile,self,direct,广东,电信,武汉,jarvis.A,vm,true,off,0.5364
node_000974,77882,pcdn,vm,dhcp,symmetric,mobile,agent,direct,湖北,移动,广州,jarvis.C,host,false,on,0.4208
node_000975,20002,egress,server,staticNetSingle,symmetric,telecom,self,resell,北京,电信,杭州,jarvis.B,vm,false,on,0.4431
node_000976,30003,pcdn,vm,dhcp,fullcone,telecom,agent,direct,北京,移动,武汉,jarvis.C,host,true,on,0.8953
node_000977,10001,egress,box,pppoe,public,telecom,agent,direct,浙江,电信,广州,jarvis.C,vm,false,on,0.5497
node_000978,10001,egress,vm,pppoe,fullcone,unicom,agent,direct,广东,联通,杭州,jarvis.A,vm,true,on,0.2
node_000979,30003,pcdn,server,dhcp,fullcone,multi,self,direct,湖北,移动,北京,jarvis.A,vm,true,on,0.4858
node_000980,20002,pcdn,box,pppoe,public,unicom,self,direct,湖北,电信,北京,jarvis.B,host,true,off,0.2483
node_000981,77882,idc,vm,staticNetSingle,symmetric,telecom,agent,resell,湖北,电信,广州,jarvis.C,host,false,off,0.429
node_000982,30003,idc,box,staticNetSingle,symmetric,telecom,self,resell,湖北,移动,北京,jarvis.B,host,true,on,0.6371
node_000983,10001,idc,vm,pppoe,fullcone,mobile,agent,resell,湖北,联通,北京,jarvis.A,vm,true,on,0.4644
node_000984,77882,idc,server,staticNetSingle,symmetric,unicom,self,direct,浙江,联通,成都,jarvis.A,vm,false,off,0.8124
node_000985,10001,egress,vm,staticNetSingle,public,telecom,agent,resell,北京,移动,杭州,jarvis.A,vm,true,on,0.6424
node_000986,20002,idc,vm,staticNetSingle,public,mobile,self,direct,四川,移动,广州,jarvis.B,vm,true,on,0.2998
node_000987,20002,pcdn,server,pppoe,fullcone,telecom,agent,resell,湖北,联通,广州,jarvis.B,host,false,off,0.2784
node_000988,20002,pcdn,vm,pppoe,public,telecom,agent,direct,浙江,联通,广州,jarvis.C,vm,false,off,0.3109
node_000989,10001,idc,box,pppoe,fullcone,telecom,self,direct,浙江,电信,杭州,jarvis.A,vm,true,on,0.7281
node_000990,20002,idc,vm,staticNetSingle,fullcone,multi,agent,resell,四川,移动,北京,jarvis.C,vm,false,on,0.7485
node_000991,77882,egress,box,dhcp,public,multi,agent,direct,北京,联通,成都,jarvis.A,host,true,off,0.4504
node_000992,77882,idc,box,pppoe,fullcone,multi,self,resell,广东,联通,广州,jarvis.A,host,true,on,0.7284
node_000993,20002,egress,server,staticNetSingle,fullcone,mobile,agent,resell,广东,联通,北京,jarvis.B,host,false,on,0.8389
node_000994,20002,idc,server,staticNetSingle,symmetric,unicom,agent,direct,浙江,移动,成都,jarvis.A,host,true,off,0.9571
node_000995,77882,egress,server,pppoe,symmetric,multi,self,direct,浙江,移动,北京,jarvis.A,vm,false,off,0.7469
node_000996,30003,idc,vm,dhcp,symmetric,multi,self,resell,浙江,联通,广州,jarvis.A,host,false,on,0.8495
node_000997,10001,pcdn,box,staticNetSingle,fullcone,multi,self,direct,广东,电信,广州,jarvis.B,host,false,off,0.9635
node_000998,30003,idc,box,pppoe,public,telecom,self,direct,广东,联通,杭州,jarvis.A,host,true,on,0.4611
node_000999,20002,egress,vm,dhcp,fullcone,telecom,self,resell,湖北,移动,武汉,jarvis.A,vm,false,on,0.9647
node_001000,10001,egress,server,dhcp,symmetric,mobile,agent,resell,北京,移动,成都,jarvis.B,host,false,on,0.1971
node_001001,30003,idc,box,dhcp,fullcone,unicom,agent,direct,浙江,移动,杭州,jarvis.B,vm,true,off,0.1182
node_001002,77882,pcdn,box,dhcp,public,multi,agent,resell,浙江,移动,广州,jarvis.B,vm,false,on,0.1411
node_001003,20002,egress,server,pppoe,fullcone,mobile,agent,direct,广东,电信,武汉,jarvis.B,vm,false,off,0.3968
node_001004,77882,idc,vm,pppoe,symmetric,mobile,self,direct,浙江,移动,广州,jarvis.A,vm,false,off,0.7531
node_001005,77882,idc,server,dhcp,fullcone,multi,agent,direct,四川,联通,北京,jarvis.B,vm,true,on,0.622
node_001006,30003,pcdn,vm,dhcp,public,multi,self,resell,广东,电信,北京,jarvis.B,host,false,on,0.7395
node_001007,10001,egress,server,pppoe,fullcone,mobile,agent,direct,湖北,移动,武汉,jarvis.C,vm,true,on,0.8943
node_001008,30003,pcdn,box,staticNetSingle,fullcone,multi,agent,direct,四川,联通,广州,jarvis.B,host,false,off,0.3744
node_001009,77882,egress,vm,dhcp,symmetric,telecom,agent,resell,湖北,联通,北京,jarvis.A,host,true,on,0.1123
node_001010,30003,idc,vm,pppoe,public,unicom,self,resell,湖北,联通,广州,jarvis.C,host,false,on,0.3627
node_001011,77882,egress,server,staticNetSingle,public,telecom,self,direct,湖北,联通,北京,jarvis.B,host,false,on,0.172
node_001012,30003,egress,vm,staticNetSingle,public,unicom,agent,direct,湖北,电信,成都,jarvis.C,vm,true,on,0.1074
node_001013,77882,egress,box,pppoe,fullcone,unicom,agent,direct,四川,电信,广州,jarvis.C,host,false,on,0.7059
node_001014,10001,egress,box,pppoe,symmetric,telecom,agent,resell,北京,联通,北京,jarvis.B,host,false,on,0.4296
node_001015,30003,idc,server,staticNetSingle,fullcone,telecom,agent,resell,浙江,电信,成都,jarvis.B,host,false,on,0.3713
node_001016,77882,idc,server,staticNetSingle,public,telecom,agent,resell,北京,移动,武汉,jarvis.B,vm,true,on,0.7016
node_001017,10001,pcdn,vm,staticNetSingle,symmetric,mobile,agent,direct,四川,电信,成都,jarvis.C,host,true,off,0.4683
node_001018,10001,egress,server,pppoe,fullcone,mobile,agent,resell,湖北,移动,武汉,jarvis.A,host,true,on,0.1037
node_001019,20002,egress,vm,pppoe,public,telecom,agent,resell,广东,电信,武汉,jarvis.C,host,true,on,0.5637
node_001020,30003,idc,server,staticNetSingle,public,unicom,agent,direct,湖北,电信,成都,jarvis.B,host,true,on,0.8058
node_001021,10001,pcdn,server,staticNetSingle,fullcone,unicom,agent,direct,北京,联通,北京,jarvis.C,vm,false,on,0.4564
node_001022,10001,egress,box,dhcp,symmetric,mobile,self,resell,四川,联通,武汉,jarvis.A,host,true,off,0.8245
node_001023,10001,idc,box,staticNetSingle,fullcone,telecom,self,direct,广东,移动,杭州,jarvis.C,vm,true,off,0.8522
node_001024,10001,pcdn,server,pppoe,symmetric,unicom,self,resell,北京,移动,广州,jarvis.C,vm,false,on,0.8506
node_001025,10001,idc,server,staticNetSingle,fullcone,mobile,agent,direct,广东,联通,杭州,jarvis.A,host,true,on,0.9683
node_001026,77882,pcdn,box,staticNetSingle,fullcone,multi,agent,direct,北京,联通,广州,jarvis.B,host,false,off,0.8958
node_001027,77882,pcdn,box,dhcp,symmetric,mobile,agent,resell,湖北,电信,北京,jarvis.B,vm,false,off,0.4987
node_001028,77882,pcdn,server,dhcp,symmetric,multi,agent,direct,浙江,电信,广州,jarvis.A,vm,false,off,0.5587
node_001029,77882,egress,server,dhcp,symmetric,telecom,self,direct,湖北,联通,武汉,jarvis.C,host,true,on,0.1557
node_001030,10001,idc,server,dhcp,fullcone,unicom,self,direct,北京,移动,成都,jarvis.C,host,false,off,0.1057
node_001031,77882,idc,vm,pppoe,fullcone,mobile,self,direct,广东,移动,北京,jarvis.A,vm,true,off,0.8885
node_001032,10001,idc,server,pppoe,symmetric,mobile,agent,direct,广东,联通,杭州,jarvis.A,vm,false,on,0.1695
node_001033,77882,idc,vm,dhcp,symmetric,telecom,self,resell,北京,电信,武汉,jarvis.C,vm,true,on,0.8191
node_001034,20002,egress,server,dhcp,fullcone,unicom,agent,direct,湖北,移动,杭州,jarvis.A,vm,false,on,0.3452
node_001035,10001,idc,vm,staticNetSingle,public,mobile,self,resell,北京,联通,杭州,jarvis.C,vm,false,off,0.8851
node_001036,30003,idc,vm,staticNetSingle,fullcone,multi,self,resell,四川,联通,广州,jarvis.A,vm,true,on,0.5265
node_001037,20002,egress,box,dhcp,symmetric,multi,self,resell,广东,联通,广州,jarvis.A,vm,true,off,0.7364
node_001038,20002,pcdn,server,pppoe,public,mobile,agent,resell,四川,联通,广州,jarvis.A,vm,false,off,0.5527
node_001039,20002,pcdn,box,pppoe,fullcone,mobile,agent,resell,广东,电信,成都,jarvis.A,vm,true,on,0.7419
node_001040,77882,pcdn,box,staticNetSingle,fullcone,telecom,agent,direct,浙江,联通,杭州,jarvis.B,host,false,on,0.2685
node_001041,30003,pcdn,box,dhcp,symmetric,multi,agent,direct,浙江,移动,广州,jarvis.A,host,true,off,0.7267
node_001042,20002,pcdn,vm,dhcp,symmetric,mobile,agent,resell,浙江,电信,北京,jarvis.C,host,false,off,0.4879
node_001043,30003,pcdn,server,dhcp,fullcone,multi,self,direct,北京,联通,杭州,jarvis.A,vm,true,off,0.9609
node_001044,77882,egress,server,staticNetSingle,fullcone,unicom,agent,resell,湖北,电信,武汉,jarvis.A,host,true,off,0.1356
node_001045,10001,idc,server,dhcp,public,multi,self,resell,广东,联通,杭州,jarvis.C,vm,false,off,0.5598
node_001046,20002,pcdn,vm,staticNetSingle,symmetric,unicom,agent,direct,四川,电信,武汉,jarvis.C,vm,true,on,0.745
node_001047,20002,idc,vm,dhcp,public,multi,self,resell,浙江,联通,成都,jarvis.C,vm,false,on,0.1419
node_001048,20002,pcdn,vm,dhcp,symmetric,multi,agent,direct,北京,移动,杭州,jarvis.B,host,true,on,0.4227
node_001049,20002,idc,server,dhcp,symmetric,mobile,agent,resell,广东,移动,北京,jarvis.B,vm,false,off,0.2342
node_001050,77882,egress,box,dhcp,fullcone,multi,agent,direct,北京,电信,成都,jarvis.B,host,true,on,0.6105
node_001051,77882,egress,vm,staticNetSingle,fullcone,unicom,self,resell,北京,移动,北京,jarvis.A,vm,true,on,0.2331
node_001052,10001,idc,box,dhcp,fullcone,mobile,self,direct,四川,移动,武汉,jarvis.B,vm,true,off,0.437
node_001053,20002,egress,vm,dhcp,fullcone,mobile,agent,resell,北京,移动,杭州,jarvis.B,host,true,on,0.1897
node_001054,10001,pcdn,vm,pppoe,public,telecom,agent,direct,北京,联通,北京,jarvis.A,host,true,off,0.1976
node_001055,10001,pcdn,vm,staticNetSingle,fullcone,multi,self,direct,浙江,联通,成都,jarvis.A,vm,false,on,0.7515
node_001056,30003,pcdn,box,staticNetSingle,public,mobile,agent,direct,浙江,联通,武汉,jarvis.B,host,false,on,0.773
node_001057,30003,pcdn,server,dhcp,fullcone,telecom,agent,resell,北京,移动,武汉,jarvis.C,vm,true,off,0.1656
node_001058,30003,pcdn,server,staticNetSingle,fullcone,multi,agent,resell,广东,联通,成都,jarvis.C,host,false,on,0.8371
node_001059,10001,egress,vm,staticNetSingle,symmetric,mobile,agent,direct,湖北,联通,广州,jarvis.C,vm,true,on,0.3626
node_001060,20002,idc,box,dhcp,public,telecom,agent,direct,湖北,移动,广州,jarvis.A,vm,false,off,0.8642
node_001061,10001,pcdn,server,staticNetSingle,fullcone,mobile,agent,direct,四川,联通,成都,jarvis.B,host,false,on,0.4137
node_001062,10001,pcdn,box,dhcp,symmetric,unicom,self,direct,四川,移动,广州,jarvis.B,host,true,off,0.2117
node_001063,30003,egress,box,pppoe,fullcone,telecom,self,direct,湖北,电信,广州,jarvis.C,vm,true,off,0.8316
node_001064,77882,idc,box,dhcp,fullcone,telecom,self,resell,四川,联通,杭州,jarvis.A,vm,true,on,0.8512
node_001065,10001,idc,box,dhcp,symmetric,mobile,agent,direct,湖北,移动,成都,jarvis.C,vm,true,on,0.9176
node_001066,77882,egress,vm,staticNetSingle,fullcone,mobile,agent,direct,浙江,移动,北京,jarvis.B,host,false,off,0.1738
node_001067,30003,pcdn,vm,staticNetSingle,fullcone,unicom,self,direct,广东,电信,北京,jarvis.A,vm,false,off,0.8817
node_001068,20002,pcdn,box,dhcp,public,mobile,agent,direct,湖北,电信,武汉,jarvis.B,vm,true,off,0.5223
node_001069,30003,egress,box,pppoe,symmetric,mobile,agent,resell,四川,电信,武汉,jarvis.C,host,false,off,0.5361
node_001070,77882,pcdn,vm,pppoe,fullcone,multi,self,direct,湖北,电信,成都,jarvis.C,host,false,off,0.1159
node_001071,10001,idc,server,staticNetSingle,fullcone,multi,agent,direct,北京,电信,广州,jarvis.B,host,false,on,0.2862
node_001072,10001,pcdn,server,staticNetSingle,fullcone,mobile,agent,direct,四川,移动,北京,jarvis.A,vm,true,on,0.3426
node_001073,77882,idc,box,dhcp,fullcone,telecom,agent,direct,四川,移动,广州,jarvis.C,vm,true,on,0.7506
node_001074,10001,pcdn,vm,staticNetSingle,symmetric,telecom,self,resell,湖北,移动,广州,jarvis.B,vm,false,on,0.9745
node_001075,77882,idc,box,staticNetSingle,fullcone,unicom,self,resell,北京,移动,北京,jarvis.C,vm,true,off,0.7895
node_001076,20002,idc,server,staticNetSingle,fullcone,unicom,agent,resell,湖北,移动,杭州,jarvis.A,host,false,off,0.62
node_001077,30003,idc,vm,staticNetSingle,fullcone,telecom,agent,direct,湖北,电信,杭州,jarvis.C,host,true,on,0.1557
node_001078,20002,pcdn,vm,dhcp,public,telecom,self,resell,四川,联通,北京,jarvis.A,vm,true,on,0.5448
node_001079,30003,pcdn,box,pppoe,symmetric,multi,agent,direct,四川,电信,北京,jarvis.A,vm,false,off,0.6621
node_001080,20002,idc,server,staticNetSingle,public,mobile,agent,direct,四川,电信,广州,jarvis.A,host,false,on,0.42
node_001081,10001,pcdn,box,staticNetSingle,symmetric,unicom,self,direct,浙江,移动,成都,jarvis.C,vm,false,on,0.9682
node_001082,10001,pcdn,vm,dhcp,fullcone,multi,agent,resell,浙江,移动,北京,jarvis.B,vm,false,off,0.8047
node_001083,77882,egress,server,staticNetSingle,fullcone,multi,agent,resell,广东,移动,广州,jarvis.B,vm,false,off,0.5648
node_001084,77882,egress,box,pppoe,public,unicom,agent,direct,广东,联通,杭州,jarvis.B,host,true,off,0.9429
node_001085,10001,pcdn,box,dhcp,symmetric,multi,self,direct,浙江,移动,成都,jarvis.C,host,true,on,0.3022
node_001086,30003,idc,server,pppoe,symmetric,mobile,self,direct,湖北,移动,成都,jarvis.B,host,true,off,0.5146
node_001087,77882,idc,server,dhcp,public,mobile,agent,direct,湖北,电信,广州,jarvis.C,vm,true,on,0.8647
node_001088,10001,pcdn,server,dhcp,public,mobile,self,direct,湖北,移动,北京,jarvis.C,vm,false,on,0.4927
node_001089,10001,idc,vm,pppoe,symmetric,unicom,self,direct,浙江,电信,成都,jarvis.B,host,true,off,0.7344
node_001090,10001,idc,box,pppoe,fullcone,telecom,agent,direct,北京,联通,武汉,jarvis.A,vm,true,off,0.8345
node_001091,20002,pcdn,vm,staticNetSingle,fullcone,unicom,self,resell,四川,电信,广州,jarvis.A,vm,true,off,0.5698
node_001092,77882,idc,vm,staticNetSingle,public,telecom,self,resell,广东,联通,成都,jarvis.C,vm,false,off,0.4669
node_001093,77882,egress,box,staticNetSingle,public,telecom,self,direct,广东,移动,北京,jarvis.B,host,false,on,0.173
node_001094,30003,idc,vm,dhcp,symmetric,unicom,agent,direct,北京,电信,成都,jarvis.C,host,true,on,0.2194
node_001095,10001,pcdn,server,pppoe,public,mobile,self,direct,北京,电信,杭州,jarvis.A,host,true,off,0.3262
node_001096,20002,idc,vm,dhcp,public,mobile,self,direct,湖北,移动,武汉,jarvis.B,vm,true,off,0.2326
node_001097,77882,pcdn,vm,dhcp,symmetric,unicom,self,resell,湖北,联通,广州,jarvis.C,host,false,off,0.9814
node_001098,20002,pcdn,box,dhcp,public,mobile,self,resell,广东,联通,北京,jarvis.B,host,true,off,0.5698
node_001099,10001,egress,vm,staticNetSingle,fullcone,unicom,agent,direct,湖北,移动,杭州,jarvis.A,vm,false,on,0.8586
node_001100,10001,pcdn,vm,staticNetSingle,symmetric,unicom,self,direct,湖北,联通,成都,jarvis.B,host,true,off,0.9468
node_001101,20002,egress,box,staticNetSingle,fullcone,telecom,agent,resell,北京,电信,武汉,jarvis.A,host,true,off,0.9801
node_001102,77882,idc,box,staticNetSingle,fullcone,mobile,agent,resell,广东,移动,成都,jarvis.B,host,false,on,0.1742
node_001103,20002,idc,box,staticNetSingle,symmetric,mobile,self,direct,浙江,移动,武汉,jarvis.C,vm,true,off,0.1382
node_001104,77882,idc,box,pppoe,fullcone,mobile,agent,resell,北京,电信,北京,jarvis.C,vm,false,off,0.1068
node_001105,10001,egress,server,staticNetSingle,symmetric,unicom,agent,resell,广东,移动,广州,jarvis.C,host,false,off,0.3403
node_001106,10001,egress,server,pppoe,fullcone,mobile,self,resell,湖北,电信,成都,jarvis.A,vm,true,on,0.9105
node_001107,20002,idc,box,dhcp,public,unicom,self,direct,湖北,移动,杭州,jarvis.C,host,false,on,0.3596
node_001108,77882,pcdn,vm,dhcp,symmetric,unicom,agent,resell,浙江,移动,武汉,jarvis.A,host,true,on,0.4798
node_001109,77882,egress,box,dhcp,public,unicom,self,resell,广东,移动,广州,jarvis.C,host,false,on,0.9241
node_001110,10001,pcdn,vm,pppoe,symmetric,unicom,self,direct,湖北,联通,广州,jarvis.A,vm,false,off,0.6156
node_001111,77882,idc,box,pppoe,fullcone,mobile,self,resell,湖北,联通,武汉,jarvis.B,vm,false,on,0.2068
node_001112,30003,idc,box,staticNetSingle,fullcone,unicom,self,resell,湖北,移动,北京,jarvis.A,host,false,off,0.891
node_001113,10001,pcdn,vm,dhcp,public,mobile,agent,direct,北京,移动,广州,jarvis.B,vm,false,on,0.4022
node_001114,77882,pcdn,box,staticNetSingle,symmetric,multi,agent,direct,北京,联通,杭州,jarvis.C,vm,false,off,0.8553
node_001115,20002,idc,vm,staticNetSingle,fullcone,telecom,agent,resell,广东,电信,成都,jarvis.C,host,false,off,0.1196
node_001116,20002,idc,vm,pppoe,public,mobile,self,direct,北京,联通,武汉,jarvis.A,host,false,off,0.913
node_001117,30003,pcdn,server,dhcp,public,unicom,agent,direct,广东,电信,成都,jarvis.B,vm,true,on,0.6822
node_001118,30003,egress,box,staticNetSingle,fullcone,mobile,agent,direct,北京,电信,杭州,jarvis.C,vm,true,off,0.3086
node_001119,77882,pcdn,vm,dhcp,symmetric,unicom,self,resell,北京,联通,杭州,jarvis.C,host,true,on,0.3791
node_001120,10001,idc,server,pppoe,fullcone,telecom,agent,direct,湖北,电信,成都,jarvis.A,host,false,off,0.275
node_001121,30003,egress,box,dhcp,symmetric,mobile,self,resell,湖北,移动,成都,jarvis.B,vm,false,off,0.7876
node_001122,20002,pcdn,box,dhcp,fullcone,unicom,agent,resell,四川,联通,武汉,jarvis.A,host,false,off,0.9698
node_001123,77882,idc,vm,dhcp,symmetric,unicom,self,resell,四川,电信,北京,jarvis.B,host,false,on,0.9448
node_001124,77882,idc,vm,pppoe,symmetric,telecom,agent,resell,广东,电信,武汉,jarvis.B,host,true,on,0.703
node_001125,30003,idc,vm,dhcp,public,mobile,self,direct,四川,联通,北京,jarvis.B,host,true,on,0.98
node_001126,10001,egress,box,staticNetSingle,public,multi,self,resell,浙江,电信,北京,jarvis.A,vm,true,off,0.8806
node_001127,77882,pcdn,server,staticNetSingle,fullcone,mobile,agent,resell,浙江,移动,北京,jarvis.B,host,false,off,0.188
node_001128,30003,idc,vm,pppoe,fullcone,mobile,agent,direct,广东,移动,广州,jarvis.C,host,false,off,0.8302
node_001129,77882,idc,server,staticNetSingle,public,unicom,agent,direct,四川,移动,杭州,jarvis.B,host,true,off,0.3712
node_001130,20002,egress,box,dhcp,public,multi,self,direct,湖北,联通,广州,jarvis.B,host,false,off,0.5437
node_001131,20002,egress,server,dhcp,fullcone,multi,agent,direct,北京,移动,成都,jarvis.C,vm,false,on,0.8679
node_001132,20002,idc,vm,staticNetSingle,fullcone,multi,self,resell,浙江,电信,广州,jarvis.B,vm,false,on,0.4134
node_001133,10001,pcdn,box,staticNetSingle,public,multi,agent,resell,北京,联通,成都,jarvis.C,host,false,off,0.3149
node_001134,10001,pcdn,box,staticNetSingle,symmetric,mobile,agent,direct,四川,移动,杭州,jarvis.A,host,true,on,0.5524
node_001135,20002,idc,box,pppoe,fullcone,telecom,self,resell,湖北,移动,北京,jarvis.C,host,false,on,0.7667
node_001136,30003,pcdn,vm,dhcp,fullcone,telecom,agent,resell,北京,电信,北京,jarvis.C,vm,true,on,0.7564
node_001137,77882,egress,vm,dhcp,public,mobile,self,direct,湖北,移动,杭州,jarvis.C,host,false,off,0.4425
node_001138,10001,egress,box,dhcp,public,unicom,agent,direct,四川,电信,武汉,jarvis.C,vm,true,off,0.9799
node_001139,30003,idc,vm,staticNetSingle,symmetric,telecom,agent,resell,浙江,联通,杭州,jarvis.A,host,true,off,0.568
node_001140,77882,egress,box,pppoe,fullcone,unicom,agent,direct,浙江,移动,广州,jarvis.A,vm,true,off,0.2073
node_001141,20002,idc,server,staticNetSingle,fullcone,multi,agent,resell,四川,电信,武汉,jarvis.A,host,false,off,0.6847
node_001142,10001,idc,box,dhcp,fullcone,mobile,agent,resell,广东,移动,杭州,jarvis.C,host,false,on,0.3441
node_001143,77882,idc,server,dhcp,symmetric,telecom,self,resell,广东,移动,广州,jarvis.A,host,false,on,0.3691
node_001144,30003,egress,server,staticNetSingle,symmetric,telecom,self,resell,广东,联通,杭州,jarvis.C,vm,false,off,0.5797
node_001145,10001,pcdn,server,staticNetSingle,public,unicom,agent,direct,湖北,联通,北京,jarvis.B,host,false,off,0.4769
node_001146,77882,idc,server,pppoe,public,multi,self,direct,广东,电信,北京,jarvis.C,vm,false,off,0.4746
node_001147,10001,idc,box,dhcp,fullcone,mobile,agent,direct,浙江,电信,武汉,jarvis.A,host,true,on,0.5657
node_001148,77882,egress,server,pppoe,symmetric,unicom,self,direct,四川,移动,北京,jarvis.A,vm,true,on,0.9978
node_001149,77882,egress,server,staticNetSingle,fullcone,unicom,agent,direct,浙江,电信,武汉,jarvis.B,vm,true,on,0.4306
node_001150,10001,egress,server,pppoe,fullcone,unicom,agent,direct,广东,联通,广州,jarvis.C,vm,false,off,0.4572
node_001151,30003,egress,vm,dhcp,fullcone,mobile,agent,resell,广东,联通,武汉,jarvis.C,vm,false,off,0.504
node_001152,20002,egress,vm,staticNetSingle,fullcone,multi,self,direct,北京,移动,广州,jarvis.B,host,false,on,0.1635
node_001153,20002,egress,server,staticNetSingle,symmetric,multi,agent,resell,浙江,联通,北京,jarvis.C,vm,false,on,0.9586
node_001154,10001,egress,server,pppoe,public,mobile,self,resell,广东,电信,北京,jarvis.A,host,false,off,0.7115
node_001155,77882,egress,box,staticNetSingle,symmetric,unicom,self,resell,四川,移动,武汉,jarvis.B,host,false,on,0.6558
node_001156,30003,egress,box,dhcp,public,mobile,self,direct,北京,联通,广州,jarvis.A,host,true,off,0.4721
node_001157,30003,idc,server,dhcp,fullcone,mobile,self,direct,湖北,联通,广州,jarvis.A,vm,true,off,0.338
node_001158,20002,egress,server,dhcp,fullcone,multi,self,resell,北京,移动,北京,jarvis.C,vm,true,on,0.6544
node_001159,77882,egress,vm,staticNetSingle,public,mobile,agent,resell,湖北,电信,北京,jarvis.C,vm,true,on,0.1224
node_001160,30003,egress,vm,dhcp,fullcone,multi,agent,direct,湖北,移动,广州,jarvis.B,host,false,off,0.3965
node_001161,77882,egress,vm,pppoe,symmetric,mobile,self,resell,北京,联通,成都,jarvis.A,host,true,on,0.8713
node_001162,20002,egress,vm,dhcp,public,unicom,self,resell,浙江,移动,北京,jarvis.A,host,true,on,0.7652
node_001163,20002,egress,vm,pppoe,public,multi,self,direct,北京,移动,武汉,jarvis.B,vm,false,off,0.4117
node_001164,20002,idc,box,pppoe,fullcone,multi,self,resell,湖北,联通,武汉,jarvis.C,host,true,on,0.26
node_001165,30003,idc,vm,pppoe,public,telecom,agent,resell,四川,移动,武汉,jarvis.A,vm,true,off,0.5245
node_001166,20002,pcdn,vm,pppoe,symmetric,mobile,agent,resell,浙江,电信,武汉,jarvis.C,host,false,on,0.6177
node_001167,77882,egress,box,pppoe,fullcone,telecom,agent,resell,北京,电信,广州,jarvis.B,vm,true,on,0.2743
node_001168,20002,egress,vm,dhcp,symmetric,multi,agent,direct,浙江,联通,杭州,jarvis.A,host,false,off,0.3053
node_001169,30003,egress,server,pppoe,symmetric,telecom,self,direct,四川,联通,北京,jarvis.B,host,false,off,0.1412
node_001170,20002,idc,vm,pppoe,symmetric,mobile,agent,direct,浙江,电信,杭州,jarvis.A,host,false,off,0.8582
node_001171,20002,pcdn,box,pppoe,symmetric,mobile,self,direct,北京,联通,武汉,jarvis.B,host,false,off,0.4543
node_001172,30003,pcdn,server,staticNetSingle,symmetric,telecom,self,direct,四川,移动,武汉,jarvis.B,vm,false,off,0.2832
node_001173,30003,egress,box,staticNetSingle,fullcone,unicom,self,resell,北京,移动,广州,jarvis.C,vm,true,on,0.6978
node_001174,30003,pcdn,vm,pppoe,symmetric,multi,agent,direct,四川,电信,北京,jarvis.C,host,false,on,0.5909
node_001175,20002,idc,box,pppoe,public,unicom,agent,resell,湖北,电信,成都,jarvis.B,host,true,on,0.8047
node_001176,30003,egress,box,staticNetSingle,public,multi,agent,direct,浙江,电信,北京,jarvis.A,vm,false,off,0.7061
node_001177,20002,idc,box,staticNetSingle,symmetric,unicom,agent,resell,湖北,电信,广州,jarvis.A,host,false,on,0.4944
node_001178,10001,egress,box,dhcp,fullcone,telecom,self,direct,浙江,联通,成都,jarvis.B,host,true,off,0.7003
node_001179,77882,egress,server,pppoe,public,unicom,self,direct,湖北,联通,杭州,jarvis.B,host,false,off,0.5618
node_001180,77882,idc,vm,staticNetSingle,public,mobile,self,direct,北京,电信,成都,jarvis.C,vm,true,on,0.6484
node_001181,30003,egress,vm,pppoe,symmetric,unicom,self,direct,北京,联通,广州,jarvis.B,vm,true,off,0.6785
node_001182,20002,pcdn,vm,pppoe,public,telecom,agent,resell,广东,移动,成都,jarvis.A,vm,true,on,0.2952
node_001183,20002,egress,box,staticNetSingle,fullcone,telecom,agent,direct,浙江,电信,杭州,jarvis.A,vm,true,on,0.2196
node_001184,20002,egress,vm,pppoe,fullcone,unicom,self,direct,广东,联通,武汉,jarvis.B,vm,false,off,0.9477
node_001185,10001,pcdn,box,dhcp,fullcone,mobile,self,resell,北京,移动,武汉,jarvis.B,host,true,on,0.8695
node_001186,20002,idc,vm,pppoe,symmetric,multi,agent,resell,广东,电信,广州,jarvis.A,host,true,on,0.8521
node_001187,20002,pcdn,vm,dhcp,symmetric,multi,agent,resell,浙江,电信,北京,jarvis.B,vm,true,on,0.5681
node_001188,77882,egress,server,pppoe,fullcone,telecom,self,direct,浙江,移动,杭州,jarvis.B,host,false,on,0.8395
node_001189,30003,pcdn,server,staticNetSingle,fullcone,unicom,self,direct,湖北,移动,北京,jarvis.C,host,true,off,0.2255
node_001190,30003,idc,box,staticNetSingle,symmetric,mobile,self,direct,四川,电信,广州,jarvis.A,host,true,off,0.9527
node_001191,20002,idc,box,pppoe,public,telecom,self,resell,北京,移动,成都,jarvis.A,vm,false,off,0.3265
node_001192,30003,idc,server,pppoe,symmetric,telecom,agent,direct,广东,联通,成都,jarvis.B,vm,false,on,0.9776
node_001193,30003,pcdn,server,staticNetSingle,symmetric,multi,self,resell,浙江,联通,北京,jarvis.C,vm,true,on,0.6672
node_001194,77882,pcdn,vm,staticNetSingle,fullcone,unicom,agent,direct,浙江,移动,广州,jarvis.C,host,true,on,0.6408
node_001195,20002,pcdn,box,staticNetSingle,public,telecom,agent,direct,湖北,联通,杭州,jarvis.B,host,false,off,0.6721
node_001196,20002,idc,server,pppoe,fullcone,mobile,self,resell,四川,移动,杭州,jarvis.B,vm,false,off,0.1523
node_001197,77882,idc,vm,staticNetSingle,symmetric,multi,agent,direct,广东,电信,杭州,jarvis.B,host,true,on,0.8416
node_001198,10001,idc,box,staticNetSingle,fullcone,telecom,self,direct,北京,电信,武汉,jarvis.C,vm,true,off,0.1898
node_001199,77882,egress,vm,staticNetSingle,symmetric,unicom,agent,resell,广东,移动,成都,jarvis.B,vm,false,off,0.7293
node_001200,20002,egress,box,pppoe,fullcone,multi,self,resell,湖北,移动,武汉,jarvis.B,vm,false,on,0.2397
node_001201,77882,pcdn,vm,pppoe,fullcone,telecom,agent,resell,北京,移动,武汉,jarvis.B,vm,true,off,0.9364
node_001202,77882,pcdn,server,dhcp,public,unicom,agent,direct,四川,电信,杭州,jarvis.C,host,false,on,0.2973
node_001203,10001,pcdn,server,pppoe,public,telecom,self,resell,广东,联通,广州,jarvis.B,host,true,off,0.9704
node_001204,77882,pcdn,server,pppoe,fullcone,mobile,agent,direct,广东,移动,广州,jarvis.C,vm,false,on,0.9375
node_001205,20002,egress,server,staticNetSingle,fullcone,mobile,self,resell,湖北,联通,杭州,jarvis.A,vm,false,on,0.8354
node_001206,10001,idc,vm,staticNetSingle,fullcone,mobile,self,direct,浙江,电信,武汉,jarvis.C,host,false,on,0.324
node_001207,20002,egress,server,pppoe,fullcone,telecom,agent,direct,四川,联通,北京,jarvis.A,host,true,off,0.4347
node_001208,20002,pcdn,server,staticNetSingle,public,multi,agent,resell,四川,移动,杭州,jarvis.B,host,false,off,0.891
node_001209,30003,egress,server,staticNetSingle,fullcone,telecom,agent,direct,广东,电信,武汉,jarvis.B,vm,true,off,0.4366
node_001210,77882,idc,server,dhcp,symmetric,multi,self,direct,北京,移动,成都,jarvis.C,vm,false,on,0.2366
node_001211,20002,egress,box,dhcp,symmetric,telecom,agent,direct,广东,电信,广州,jarvis.A,host,false,on,0.772
node_001212,77882,egress,server,dhcp,symmetric,unicom,self,direct,湖北,电信,成都,jarvis.A,vm,true,off,0.7018
node_001213,77882,idc,vm,pppoe,public,telecom,agent,resell,北京,联通,北京,jarvis.C,vm,false,off,0.8499
node_001214,10001,pcdn,box,staticNetSingle,public,multi,agent,resell,广东,移动,成都,jarvis.B,host,true,on,0.9537
node_001215,20002,pcdn,box,pppoe,symmetric,unicom,agent,direct,广东,联通,武汉,jarvis.B,host,false,off,0.4156
node_001216,20002,egress,vm,dhcp,public,unicom,self,resell,浙江,联通,武汉,jarvis.A,vm,false,on,0.3947
node_001217,30003,pcdn,server,dhcp,symmetric,mobile,self,direct,湖北,移动,广州,jarvis.B,vm,true,off,0.3348
node_001218,30003,egress,box,staticNetSingle,public,mobile,self,direct,浙江,移动,北京,jarvis.A,host,true,on,0.5142
node_001219,77882,pcdn,server,dhcp,public,unicom,agent,resell,湖北,移动,广州,jarvis.A,host,false,on,0.3492
node_001220,30003,idc,server,pppoe,fullcone,unicom,agent,direct,四川,联通,北京,jarvis.C,host,true,off,0.3509
node_001221,77882,idc,server,staticNetSingle,public,mobile,self,resell,四川,移动,广州,jarvis.B,host,true,off,0.815
node_001222,10001,pcdn,server,staticNetSingle,public,mobile,self,resell,四川,联通,成都,jarvis.B,host,false,off,0.9627
node_001223,20002,egress,box,dhcp,public,unicom,agent,direct,湖北,移动,成都,jarvis.B,host,true,off,0.2115
node_001224,30003,egress,box,pppoe,fullcone,multi,self,resell,广东,联通,成都,jarvis.C,host,false,off,0.483
node_001225,30003,pcdn,vm,dhcp,public,unicom,self,direct,湖北,联通,武汉,jarvis.C,host,true,off,0.3158
node_001226,77882,pcdn,box,staticNetSingle,fullcone,unicom,agent,resell,广东,联通,广州,jarvis.C,host,true,off,0.1697
node_001227,30003,idc,server,pppoe,public,multi,agent,direct,湖北,联通,杭州,jarvis.A,host,false,off,0.7134
node_001228,77882,pcdn,box,staticNetSingle,symmetric,multi,agent,resell,四川,电信,武汉,jarvis.A,vm,false,off,0.8924
node_001229,30003,pcdn,server,pppoe,symmetric,multi,agent,resell,浙江,移动,成都,jarvis.C,vm,true,on,0.3693
node_001230,30003,egress,box,pppoe,symmetric,multi,agent,direct,四川,电信,武汉,jarvis.A,host,false,off,0.6783
node_001231,10001,pcdn,box,staticNetSingle,symmetric,unicom,agent,resell,广东,电信,广州,jarvis.B,host,true,off,0.785
node_001232,10001,idc,box,dhcp,fullcone,telecom,self,resell,湖北,联通,成都,jarvis.C,host,true,on,0.7543
node_001233,20002,idc,vm,staticNetSingle,public,mobile,agent,direct,湖北,联通,杭州,jarvis.C,host,false,off,0.5127
node_001234,77882,idc,box,dhcp,symmetric,multi,self,direct,浙江,移动,北京,jarvis.B,host,true,off,0.3813
node_001235,10001,pcdn,vm,pppoe,fullcone,unicom,agent,resell,四川,移动,武汉,jarvis.C,vm,true,on,0.9759
node_001236,10001,idc,box,staticNetSingle,symmetric,mobile,agent,resell,浙江,联通,广州,jarvis.A,host,true,off,0.9417
node_001237,10001,idc,server,pppoe,fullcone,unicom,self,resell,四川,移动,杭州,jarvis.B,host,false,on,0.1792
node_001238,30003,egress,server,staticNetSingle,fullcone,mobile,self,direct,广东,电信,北京,jarvis.B,host,true,on,0.5859
node_001239,77882,idc,vm,dhcp,fullcone,telecom,self,direct,广东,电信,杭州,jarvis.A,vm,true,off,0.1767
node_001240,20002,egress,vm,dhcp,public,mobile,self,resell,广东,联通,北京,jarvis.A,host,false,off,0.6996
node_001241,10001,idc,box,staticNetSingle,fullcone,multi,self,direct,浙江,电信,成都,jarvis.B,host,true,off,0.7052
node_001242,20002,idc,vm,pppoe,symmetric,multi,agent,resell,湖北,联通,北京,jarvis.B,host,false,off,0.1963
node_001243,20002,egress,server,dhcp,symmetric,multi,self,resell,北京,联通,武汉,jarvis.B,vm,false,on,0.8047
node_001244,77882,pcdn,box,pppoe,symmetric,unicom,self,direct,四川,联通,武汉,jarvis.C,host,true,on,0.4982
node_001245,10001,idc,server,staticNetSingle,symmetric,telecom,agent,resell,浙江,移动,武汉,jarvis.B,host,false,off,0.1378
node_001246,20002,idc,box,dhcp,fullcone,mobile,self,direct,浙江,移动,武汉,jarvis.A,vm,false,on,0.5431
node_001247,77882,idc,server,pppoe,public,multi,self,direct,北京,移动,武汉,jarvis.A,host,false,on,0.9138
node_001248,30003,egress,server,staticNetSingle,symmetric,multi,agent,resell,四川,电信,北京,jarvis.B,vm,true,on,0.9001
node_001249,30003,egress,vm,staticNetSingle,symmetric,mobile,self,resell,四川,联通,杭州,jarvis.A,host,true,off,0.9551
node_001250,10001,idc,box,staticNetSingle,symmetric,multi,agent,resell,广东,移动,广州,jarvis.B,vm,true,on,0.2006
node_001251,10001,idc,vm,pppoe,public,unicom,agent,direct,广东,移动,杭州,jarvis.C,host,false,on,0.5467
node_001252,20002,egress,server,staticNetSingle,fullcone,unicom,agent,direct,广东,移动,成都,jarvis.C,host,true,off,0.9082
node_001253,10001,idc,vm,staticNetSingle,fullcone,telecom,agent,resell,广东,联通,杭州,jarvis.B,vm,true,on,0.1092
node_001254,10001,idc,box,staticNetSingle,public,multi,self,resell,北京,联通,杭州,jarvis.B,host,false,off,0.9926
node_001255,30003,pcdn,vm,dhcp,symmetric,mobile,self,resell,广东,移动,武汉,jarvis.C,vm,true,on,0.5199
node_001256,10001,egress,vm,pppoe,fullcone,telecom,agent,direct,四川,电信,杭州,jarvis.C,host,true,on,0.3142
node_001257,77882,idc,server,staticNetSingle,public,unicom,agent,resell,北京,联通,广州,jarvis.C,vm,false,off,0.1935
node_001258,20002,idc,vm,pppoe,symmetric,multi,agent,direct,湖北,电信,北京,jarvis.C,vm,false,on,0.9002
node_001259,10001,idc,vm,staticNetSingle,public,unicom,self,resell,四川,移动,成都,jarvis.B,vm,false,off,0.746
node_001260,10001,egress,box,dhcp,symmetric,telecom,self,direct,湖北,电信,北京,jarvis.B,vm,false,off,0.8671
node_001261,77882,pcdn,box,pppoe,symmetric,multi,self,resell,北京,电信,杭州,jarvis.C,host,false,off,0.3411
node_001262,10001,egress,server,pppoe,fullcone,multi,self,resell,四川,移动,北京,jarvis.B,host,true,off,0.3412
node_001263,77882,egress,vm,staticNetSingle,fullcone,telecom,agent,resell,浙江,联通,广州,jarvis.B,vm,true,on,0.2742
node_001264,30003,egress,server,dhcp,fullcone,telecom,agent,direct,广东,联通,武汉,jarvis.A,host,false,on,0.6923
node_001265,30003,pcdn,vm,staticNetSingle,fullcone,telecom,agent,resell,广东,联通,北京,jarvis.C,host,false,on,0.5922
node_001266,10001,idc,server,dhcp,symmetric,unicom,self,resell,浙江,移动,北京,jarvis.C,vm,false,on,0.6414
node_001267,30003,egress,box,staticNetSingle,symmetric,telecom,self,resell,浙江,联通,武汉,jarvis.C,vm,false,off,0.5242
node_001268,30003,pcdn,box,pppoe,symmetric,unicom,agent,resell,广东,电信,广州,jarvis.C,host,true,on,0.8854
node_001269,77882,egress,vm,staticNetSingle,symmetric,unicom,self,direct,浙江,联通,成都,jarvis.B,host,false,off,0.2314
node_001270,30003,pcdn,server,dhcp,fullcone,unicom,agent,direct,四川,联通,北京,jarvis.B,vm,true,on,0.3844
node_001271,77882,egress,server,dhcp,fullcone,unicom,agent,direct,北京,移动,北京,jarvis.A,vm,false,on,0.3292
node_001272,77882,egress,box,pppoe,public,telecom,agent,direct,广东,联通,成都,jarvis.A,host,true,off,0.2316
node_001273,30003,pcdn,vm,pppoe,symmetric,mobile,agent,resell,浙江,联通,杭州,jarvis.C,vm,true,on,0.873
node_001274,10001,pcdn,box,pppoe,public,telecom,agent,direct,浙江,联通,成都,jarvis.A,vm,false,off,0.4324
node_001275,30003,egress,box,dhcp,symmetric,multi,agent,direct,广东,联通,成都,jarvis.C,vm,true,off,0.3308
node_001276,30003,idc,server,staticNetSingle,symmetric,mobile,agent,direct,广东,联通,杭州,jarvis.C,host,true,on,0.1164
node_001277,20002,pcdn,vm,dhcp,fullcone,mobile,self,direct,北京,联通,杭州,jarvis.B,host,true,off,0.5689
node_001278,30003,pcdn,vm,staticNetSingle,public,multi,self,direct,浙江,联通,杭州,jarvis.C,host,false,on,0.107
node_001279,20002,idc,server,pppoe,symmetric,multi,self,resell,北京,联通,武汉,jarvis.C,host,true,on,0.1218
node_001280,10001,pcdn,box,dhcp,symmetric,mobile,agent,direct,广东,电信,北京,jarvis.C,host,false,off,0.7914
node_001281,30003,egress,box,dhcp,public,mobile,agent,resell,四川,移动,武汉,jarvis.C,host,true,on,0.5157
node_001282,20002,pcdn,vm,staticNetSingle,symmetric,telecom,self,resell,北京,联通,成都,jarvis.B,host,true,off,0.4791
node_001283,10001,idc,server,dhcp,public,mobile,agent,resell,湖北,移动,广州,jarvis.A,host,true,off,0.9236
node_001284,77882,egress,box,staticNetSingle,public,multi,self,direct,湖北,电信,杭州,jarvis.A,host,true,off,0.7433
node_001285,10001,idc,box,pppoe,fullcone,mobile,agent,direct,四川,电信,广州,jarvis.B,host,false,on,0.4034
node_001286,30003,idc,server,dhcp,symmetric,unicom,agent,resell,四川,移动,北京,jarvis.B,vm,false,on,0.623
node_001287,10001,egress,box,dhcp,symmetric,unicom,self,direct,浙江,移动,成都,jarvis.A,vm,true,on,0.7985
node_001288,20002,egress,box,staticNetSingle,fullcone,multi,agent,resell,湖北,电信,武汉,jarvis.A,vm,false,on,0.8171
node_001289,10001,egress,server,dhcp,fullcone,telecom,self,direct,广东,电信,北京,jarvis.C,vm,false,on,0.1489
node_001290,30003,pcdn,server,dhcp,symmetric,mobile,agent,resell,四川,移动,武汉,jarvis.A,host,true,off,0.7417
node_001291,20002,egress,server,dhcp,public,telecom,agent,direct,广东,移动,北京,jarvis.B,host,false,on,0.3751
node_001292,77882,egress,box,pppoe,public,mobile,self,resell,北京,电信,北京,jarvis.A,host,true,on,0.2124
node_001293,30003,idc,server,dhcp,fullcone,mobile,self,direct,四川,联通,广州,jarvis.A,host,false,on,0.2218
node_001294,10001,egress,server,staticNetSingle,symmetric,multi,self,resell,广东,移动,杭州,jarvis.B,host,true,off,0.5297
node_001295,77882,pcdn,server,staticNetSingle,symmetric,telecom,self,direct,北京,联通,武汉,jarvis.C,host,false,off,0.756
node_001296,20002,idc,server,pppoe,fullcone,multi,agent,resell,四川,电信,成都,jarvis.B,vm,false,off,0.586
node_001297,30003,pcdn,box,staticNetSingle,fullcone,unicom,self,resell,广东,移动,成都,jarvis.B,vm,true,on,0.3683
node_001298,10001,pcdn,box,staticNetSingle,public,telecom,self,direct,广东,联通,杭州,jarvis.C,host,true,off,0.2795
node_001299,10001,idc,vm,dhcp,public,mobile,agent,resell,广东,电信,北京,jarvis.C,host,true,on,0.9524
node_001300,77882,egress,server,pppoe,fullcone,multi,self,resell,四川,移动,成都,jarvis.C,host,false,on,0.6309
node_001301,77882,idc,box,staticNetSingle,public,telecom,agent,resell,广东,电信,广州,jarvis.A,vm,true,off,0.7772
node_001302,77882,egress,vm,staticNetSingle,fullcone,multi,agent,resell,北京,移动,广州,jarvis.C,host,false,on,0.5618
node_001303,30003,pcdn,box,dhcp,symmetric,mobile,agent,direct,湖北,电信,武汉,jarvis.C,host,false,on,0.712
node_001304,20002,idc,server,dhcp,public,mobile,agent,resell,湖北,联通,北京,jarvis.B,host,false,on,0.5231
node_001305,30003,pcdn,server,pppoe,public,telecom,self,direct,湖北,联通,广州,jarvis.B,vm,false,off,0.8902
node_001306,77882,egress,server,pppoe,fullcone,telecom,self,resell,四川,联通,北京,jarvis.B,vm,true,on,0.7457
node_001307,30003,pcdn,box,pppoe,public,unicom,self,resell,湖北,联通,武汉,jarvis.B,host,false,on,0.7246
node_001308,20002,egress,vm,staticNetSingle,symmetric,mobile,self,direct,四川,移动,成都,jarvis.B,vm,false,off,0.5591
node_001309,30003,pcdn,vm,pppoe,symmetric,multi,agent,resell,四川,联通,杭州,jarvis.B,host,false,on,0.8224
node_001310,30003,pcdn,vm,pppoe,fullcone,unicom,self,resell,北京,移动,武汉,jarvis.C,host,true,on,0.8372
node_001311,77882,idc,server,dhcp,public,multi,self,direct,浙江,联通,成都,jarvis.A,vm,false,off,0.5466
node_001312,20002,egress,vm,dhcp,public,unicom,self,direct,北京,电信,北京,jarvis.C,host,true,on,0.2654
node_001313,77882,pcdn,vm,pppoe,symmetric,unicom,agent,direct,四川,电信,北京,jarvis.C,host,false,off,0.9816
node_001314,10001,idc,box,pppoe,symmetric,telecom,agent,resell,广东,电信,广州,jarvis.C,vm,false,off,0.7583
node_001315,20002,idc,box,staticNetSingle,fullcone,multi,self,resell,北京,联通,成都,jarvis.A,vm,true,on,0.4711
node_001316,20002,pcdn,box,staticNetSingle,public,multi,agent,direct,四川,移动,广州,jarvis.C,vm,true,on,0.4026
node_001317,20002,pcdn,box,pppoe,symmetric,unicom,self,direct,湖北,联通,杭州,jarvis.A,host,true,on,0.6419
node_001318,10001,idc,box,pppoe,symmetric,unicom,self,direct,浙江,电信,杭州,jarvis.A,host,true,on,0.6227
node_001319,10001,egress,vm,staticNetSingle,public,mobile,agent,direct,浙江,移动,武汉,jarvis.C,vm,true,on,0.5197
node_001320,77882,egress,server,dhcp,symmetric,mobile,agent,resell,浙江,移动,杭州,jarvis.C,vm,true,on,0.5376
node_001321,30003,egress,vm,dhcp,public,multi,agent,resell,广东,移动,成都,jarvis.A,host,false,on,0.8782
node_001322,10001,egress,server,staticNetSingle,symmetric,telecom,self,direct,湖北,移动,广州,jarvis.B,vm,false,on,0.8916
node_001323,30003,pcdn,box,staticNetSingle,symmetric,mobile,self,direct,北京,联通,杭州,jarvis.B,vm,true,off,0.6906
node_001324,20002,egress,box,pppoe,public,unicom,agent,direct,广东,移动,成都,jarvis.A,host,true,on,0.8827
node_001325,10001,idc,vm,dhcp,public,multi,self,direct,广东,联通,成都,jarvis.C,vm,false,off,0.1537
node_001326,77882,idc,server,staticNetSingle,symmetric,mobile,agent,direct,四川,联通,成都,jarvis.B,vm,true,off,0.5459
node_001327,30003,idc,server,staticNetSingle,symmetric,mobile,agent,resell,北京,移动,广州,jarvis.C,vm,true,off,0.4519
node_001328,20002,egress,vm,staticNetSingle,fullcone,mobile,self,resell,北京,联通,成都,jarvis.C,vm,true,off,0.5378
node_001329,30003,egress,server,dhcp,symmetric,unicom,self,resell,北京,联通,成都,jarvis.A,vm,true,on,0.1131
node_001330,77882,egress,box,dhcp,public,multi,self,resell,四川,电信,广州,jarvis.A,host,true,off,0.1553
node_001331,30003,pcdn,server,pppoe,symmetric,telecom,self,resell,四川,电信,武汉,jarvis.C,host,false,on,0.7402
node_001332,10001,egress,box,dhcp,fullcone,unicom,agent,resell,北京,联通,成都,jarvis.C,vm,true,on,0.4552
node_001333,20002,egress,vm,staticNetSingle,public,unicom,self,direct,北京,移动,成都,jarvis.B,host,false,off,0.2624
node_001334,30003,idc,box,pppoe,fullcone,unicom,agent,direct,广东,移动,广州,jarvis.A,vm,false,on,0.1505
node_001335,10001,egress,server,staticNetSingle,symmetric,unicom,self,direct,北京,电信,武汉,jarvis.A,vm,true,off,0.4588
node_001336,77882,pcdn,vm,staticNetSingle,symmetric,unicom,self,direct,浙江,移动,杭州,jarvis.B,vm,false,on,0.9862
node_001337,30003,egress,vm,staticNetSingle,fullcone,multi,agent,resell,四川,联通,杭州,jarvis.B,vm,false,off,0.2099
node_001338,30003,idc,vm,dhcp,symmetric,multi,agent,resell,湖北,联通,广州,jarvis.C,host,false,on,0.3259
node_001339,20002,pcdn,server,dhcp,public,telecom,agent,direct,四川,联通,成都,jarvis.A,vm,false,off,0.4237
node_001340,10001,pcdn,box,staticNetSingle,fullcone,unicom,self,resell,浙江,联通,北京,jarvis.C,host,true,on,0.6415
node_001341,77882,egress,vm,staticNetSingle,symmetric,unicom,self,resell,广东,移动,武汉,jarvis.B,vm,false,off,0.4556
node_001342,20002,idc,box,dhcp,fullcone,mobile,self,resell,四川,联通,武汉,jarvis.B,vm,false,off,0.8423
node_001343,77882,egress,box,pppoe,fullcone,mobile,self,direct,北京,电信,北京,jarvis.A,host,false,on,0.6987
node_001344,77882,pcdn,box,pppoe,public,unicom,agent,direct,广东,电信,武汉,jarvis.A,host,false,off,0.7086
node_001345,10001,idc,vm,dhcp,public,telecom,self,resell,浙江,电信,北京,jarvis.C,host,false,off,0.4858
node_001346,10001,egress,server,staticNetSingle,fullcone,unicom,self,direct,广东,移动,广州,jarvis.A,vm,false,on,0.4164
node_001347,77882,pcdn,vm,dhcp,symmetric,mobile,self,direct,浙江,联通,武汉,jarvis.C,host,true,off,0.6585
node_001348,10001,pcdn,vm,pppoe,symmetric,mobile,self,resell,北京,移动,武汉,jarvis.C,vm,false,on,0.1857
node_001349,30003,egress,box,staticNetSingle,fullcone,telecom,self,direct,四川,移动,广州,jarvis.C,vm,false,off,0.3608
node_001350,20002,idc,vm,dhcp,public,unicom,agent,resell,北京,联通,广州,jarvis.C,vm,false,off,0.263
node_001351,20002,pcdn,server,pppoe,public,unicom,agent,resell,浙江,联通,武汉,jarvis.C,host,false,on,0.7648
node_001352,77882,pcdn,box,dhcp,public,telecom,self,direct,广东,电信,成都,jarvis.B,vm,true,off,0.8346
node_001353,20002,egress,box,staticNetSingle,fullcone,unicom,self,direct,北京,移动,武汉,jarvis.B,host,true,off,0.5504
node_001354,20002,pcdn,server,staticNetSingle,public,multi,self,direct,四川,电信,杭州,jarvis.C,host,true,on,0.6204
node_001355,77882,egress,server,pppoe,symmetric,unicom,agent,direct,浙江,联通,武汉,jarvis.A,host,false,on,0.7447
node_001356,77882,pcdn,vm,pppoe,public,telecom,agent,resell,浙江,联通,北京,jarvis.C,vm,true,off,0.8787
node_001357,20002,egress,vm,staticNetSingle,symmetric,telecom,agent,direct,北京,移动,武汉,jarvis.A,host,true,on,0.4075
node_001358,10001,egress,box,staticNetSingle,public,telecom,agent,direct,广东,联通,武汉,jarvis.B,host,false,off,0.7435
node_001359,77882,idc,vm,pppoe,symmetric,telecom,self,resell,湖北,联通,广州,jarvis.A,vm,true,on,0.5363
node_001360,10001,idc,vm,dhcp,public,telecom,agent,direct,广东,联通,武汉,jarvis.C,vm,true,on,0.103
node_001361,10001,idc,vm,staticNetSingle,symmetric,mobile,agent,direct,广东,移动,武汉,jarvis.B,host,true,off,0.8966
node_001362,10001,idc,vm,dhcp,public,telecom,self,resell,广东,移动,广州,jarvis.C,host,false,off,0.512
node_001363,20002,idc,server,dhcp,public,mobile,self,direct,四川,联通,广州,jarvis.C,vm,true,on,0.1187
node_001364,77882,pcdn,server,staticNetSingle,public,unicom,agent,direct,四川,联通,杭州,jarvis.B,host,true,on,0.9548
node_001365,20002,egress,vm,staticNetSingle,fullcone,telecom,agent,direct,湖北,移动,杭州,jarvis.C,host,false,off,0.3005
node_001366,20002,idc,server,dhcp,fullcone,mobile,agent,resell,北京,联通,成都,jarvis.B,host,true,off,0.2331
node_001367,77882,egress,box,pppoe,fullcone,unicom,agent,direct,湖北,联通,广州,jarvis.A,host,true,on,0.5235
node_001368,20002,egress,box,dhcp,fullcone,multi,agent,direct,浙江,电信,杭州,jarvis.C,vm,true,on,0.6504
node_001369,10001,pcdn,box,dhcp,symmetric,multi,self,resell,北京,移动,北京,jarvis.A,vm,false,on,0.2226
node_001370,77882,idc,box,pppoe,fullcone,multi,self,resell,北京,联通,广州,jarvis.C,vm,false,off,0.7452
node_001371,20002,egress,vm,pppoe,public,mobile,agent,direct,浙江,电信,广州,jarvis.A,vm,true,off,0.3326
node_001372,77882,egress,server,dhcp,fullcone,telecom,self,resell,四川,联通,武汉,jarvis.B,vm,true,on,0.2505
node_001373,77882,idc,server,staticNetSingle,fullcone,mobile,self,direct,浙江,电信,杭州,jarvis.B,vm,true,off,0.3218
node_001374,10001,pcdn,vm,dhcp,symmetric,telecom,self,direct,湖北,电信,武汉,jarvis.A,host,true,off,0.6253
node_001375,30003,egress,box,staticNetSingle,public,mobile,self,resell,北京,联通,成都,jarvis.C,vm,true,on,0.8123
node_001376,30003,idc,server,staticNetSingle,symmetric,mobile,self,resell,广东,移动,广州,jarvis.B,host,true,off,0.6632
node_001377,20002,egress,server,dhcp,symmetric,multi,self,resell,湖北,联通,杭州,jarvis.B,vm,true,on,0.3752
node_001378,20002,egress,box,staticNetSingle,symmetric,mobile,self,resell,广东,移动,杭州,jarvis.B,vm,false,off,0.7294
node_001379,30003,egress,box,dhcp,symmetric,telecom,agent,direct,浙江,移动,北京,jarvis.B,vm,true,off,0.4174
node_001380,77882,egress,box,dhcp,fullcone,telecom,agent,direct,浙江,联通,北京,jarvis.A,host,true,off,0.2772
node_001381,77882,egress,server,staticNetSingle,fullcone,telecom,self,resell,广东,联通,北京,jarvis.A,vm,true,off,0.2502
node_001382,30003,idc,vm,staticNetSingle,fullcone,multi,agent,resell,四川,电信,北京,jarvis.B,host,true,on,0.7537
node_001383,20002,egress,server,dhcp,fullcone,multi,self,resell,北京,联通,广州,jarvis.B,host,false,off,0.8467
node_001384,30003,idc,vm,staticNetSingle,public,mobile,agent,direct,湖北,联通,广州,jarvis.A,host,true,on,0.2014
node_001385,77882,pcdn,box,staticNetSingle,public,telecom,agent,resell,北京,电信,北京,jarvis.A,host,false,on,0.2681
node_001386,10001,egress,vm,staticNetSingle,fullcone,unicom,self,direct,湖北,联通,北京,jarvis.C,vm,true,off,0.4962
node_001387,20002,egress,server,staticNetSingle,fullcone,multi,agent,direct,浙江,电信,武汉,jarvis.B,vm,true,off,0.1974
node_001388,30003,idc,server,pppoe,fullcone,mobile,self,resell,广东,联通,北京,jarvis.C,vm,false,on,0.1271
node_001389,10001,egress,box,pppoe,fullcone,multi,agent,resell,浙江,电信,成都,jarvis.C,host,false,on,0.3653
node_001390,77882,egress,box,staticNetSingle,fullcone,multi,self,direct,湖北,移动,广州,jarvis.C,vm,false,off,0.2872
node_001391,20002,pcdn,vm,pppoe,fullcone,multi,agent,resell,北京,联通,广州,jarvis.B,vm,false,on,0.7181
node_001392,77882,egress,server,dhcp,fullcone,telecom,agent,direct,湖北,移动,成都,jarvis.C,vm,false,on,0.3221
node_001393,30003,pcdn,box,dhcp,fullcone,multi,agent,resell,北京,电信,成都,jarvis.A,vm,false,on,0.2893
node_001394,77882,idc,server,staticNetSingle,public,unicom,agent,resell,湖北,电信,北京,jarvis.A,vm,true,off,0.7085
node_001395,77882,pcdn,vm,staticNetSingle,public,unicom,agent,direct,四川,电信,成都,jarvis.C,host,true,off,0.4281
node_001396,30003,egress,box,staticNetSingle,fullcone,mobile,self,direct,浙江,电信,北京,jarvis.A,host,false,on,0.5563
node_001397,10001,pcdn,box,pppoe,public,telecom,agent,resell,湖北,联通,武汉,jarvis.A,vm,false,on,0.9971
node_001398,10001,pcdn,server,pppoe,symmetric,telecom,agent,direct,广东,电信,北京,jarvis.C,host,true,on,0.654
node_001399,20002,egress,vm,staticNetSingle,public,telecom,agent,resell,浙江,电信,杭州,jarvis.C,vm,true,on,0.685
node_001400,30003,egress,box,dhcp,fullcone,unicom,agent,direct,浙江,电信,北京,jarvis.B,host,true,on,0.566
node_001401,77882,egress,server,dhcp,public,telecom,agent,resell,四川,电信,北京,jarvis.B,vm,false,off,0.8371
node_001402,77882,egress,vm,staticNetSingle,symmetric,unicom,agent,resell,湖北,联通,武汉,jarvis.C,vm,false,off,0.9648
node_001403,20002,pcdn,box,pppoe,public,multi,self,direct,北京,移动,北京,jarvis.C,host,true,off,0.3005
node_001404,10001,pcdn,server,pppoe,symmetric,multi,self,direct,浙江,联通,成都,jarvis.B,vm,true,on,0.7856
node_001405,77882,pcdn,server,staticNetSingle,public,multi,agent,resell,四川,联通,广州,jarvis.C,vm,true,off,0.8183
node_001406,20002,pcdn,vm,pppoe,symmetric,unicom,agent,resell,北京,移动,北京,jarvis.A,vm,false,on,0.4881
node_001407,30003,egress,server,pppoe,symmetric,unicom,self,resell,浙江,移动,成都,jarvis.B,host,false,on,0.9393
node_001408,20002,pcdn,server,pppoe,symmetric,mobile,self,direct,湖北,电信,广州,jarvis.C,vm,false,off,0.1198
node_001409,20002,idc,vm,staticNetSingle,fullcone,unicom,agent,resell,四川,移动,成都,jarvis.C,vm,false,off,0.3867
node_001410,30003,idc,box,pppoe,fullcone,multi,agent,direct,湖北,电信,成都,jarvis.C,host,false,on,0.1545
node_001411,77882,egress,box,pppoe,symmetric,multi,self,resell,广东,移动,广州,jarvis.C,host,false,off,0.2653
node_001412,77882,idc,server,pppoe,public,mobile,self,direct,广东,移动,广州,jarvis.C,vm,false,on,0.2602
node_001413,10001,idc,box,pppoe,symmetric,mobile,self,direct,湖北,移动,广州,jarvis.C,vm,false,on,0.5645
node_001414,10001,egress,server,pppoe,fullcone,telecom,self,direct,广东,移动,成都,jarvis.C,host,true,off,0.5051
node_001415,20002,idc,server,pppoe,public,telecom,agent,resell,四川,移动,北京,jarvis.C,host,true,on,0.5967
node_001416,10001,pcdn,vm,dhcp,public,telecom,self,direct,四川,联通,成都,jarvis.B,vm,false,on,0.8013
node_001417,77882,idc,vm,dhcp,fullcone,telecom,self,resell,北京,电信,广州,jarvis.B,vm,false,off,0.7121
node_001418,77882,idc,box,dhcp,fullcone,unicom,agent,direct,湖北,移动,北京,jarvis.A,host,false,off,0.6479
node_001419,20002,idc,server,dhcp,symmetric,telecom,agent,direct,浙江,联通,成都,jarvis.A,host,false,on,0.6826
node_001420,20002,idc,vm,pppoe,symmetric,unicom,agent,resell,北京,电信,成都,jarvis.C,vm,false,on,0.4647
node_001421,30003,idc,vm,dhcp,symmetric,telecom,self,direct,浙江,电信,北京,jarvis.B,vm,true,off,0.6092
node_001422,30003,pcdn,vm,dhcp,public,mobile,self,direct,四川,电信,北京,jarvis.A,vm,true,on,0.6605
node_001423,77882,pcdn,box,staticNetSingle,fullcone,unicom,self,direct,广东,联通,武汉,jarvis.C,vm,true,on,0.435
node_001424,20002,egress,server,staticNetSingle,public,multi,agent,resell,广东,联通,武汉,jarvis.C,host,false,on,0.1517
node_001425,77882,pcdn,vm,dhcp,symmetric,mobile,agent,resell,四川,电信,武汉,jarvis.C,host,false,off,0.1684
node_001426,20002,egress,box,staticNetSingle,public,telecom,agent,resell,湖北,移动,广州,jarvis.B,host,false,off,0.5682
node_001427,20002,egress,server,dhcp,symmetric,telecom,self,direct,四川,联通,北京,jarvis.A,host,false,off,0.7734
node_001428,10001,egress,box,pppoe,symmetric,unicom,agent,resell,四川,电信,杭州,jarvis.B,host,true,on,0.2014
node_001429,20002,egress,server,staticNetSingle,fullcone,telecom,agent,resell,北京,移动,广州,jarvis.A,host,true,on,0.501
node_001430,77882,idc,box,staticNetSingle,public,unicom,self,resell,北京,移动,武汉,jarvis.B,host,true,off,0.4222
node_001431,77882,idc,box,dhcp,symmetric,mobile,self,resell,广东,电信,北京,jarvis.B,vm,true,off,0.143
node_001432,20002,egress,server,pppoe,fullcone,unicom,agent,resell,浙江,电信,北京,jarvis.C,host,false,off,0.649
node_001433,77882,pcdn,box,pppoe,symmetric,unicom,agent,resell,四川,移动,武汉,jarvis.A,vm,false,on,0.587
node_001434,30003,pcdn,vm,staticNetSingle,symmetric,unicom,agent,direct,四川,移动,杭州,jarvis.C,vm,true,on,0.3256
node_001435,20002,pcdn,box,dhcp,public,unicom,agent,resell,浙江,电信,武汉,jarvis.C,vm,true,off,0.2477
node_001436,10001,egress,server,pppoe,public,mobile,self,direct,湖北,移动,武汉,jarvis.C,host,false,off,0.3899
node_001437,77882,egress,server,staticNetSingle,fullcone,mobile,agent,direct,广东,移动,北京,jarvis.B,host,true,on,0.4916
node_001438,77882,egress,vm,staticNetSingle,fullcone,multi,self,resell,浙江,移动,武汉,jarvis.C,vm,true,off,0.7486
node_001439,20002,egress,server,staticNetSingle,fullcone,unicom,agent,direct,广东,电信,杭州,jarvis.B,vm,true,on,0.2229
node_001440,20002,pcdn,server,pppoe,symmetric,multi,agent,resell,广东,联通,武汉,jarvis.A,vm,false,on,0.8941
node_001441,20002,egress,vm,dhcp,public,telecom,agent,direct,湖北,联通,广州,jarvis.B,vm,false,on,0.1757
node_001442,30003,pcdn,box,dhcp,fullcone,mobile,self,resell,浙江,移动,广州,jarvis.A,vm,true,off,0.2421
node_001443,10001,pcdn,box,dhcp,symmetric,telecom,self,resell,湖北,电信,广州,jarvis.B,vm,false,off,0.8541
node_001444,20002,pcdn,vm,staticNetSingle,fullcone,multi,self,direct,广东,联通,成都,jarvis.C,vm,false,on,0.8852
node_001445,77882,egress,server,pppoe,symmetric,mobile,self,direct,湖北,移动,北京,jarvis.A,host,false,on,0.8653
node_001446,77882,idc,vm,staticNetSingle,fullcone,multi,self,direct,四川,移动,广州,jarvis.C,host,true,off,0.8671
node_001447,20002,egress,box,dhcp,symmetric,telecom,agent,resell,北京,电信,广州,jarvis.A,host,false,off,0.9835
node_001448,10001,pcdn,box,dhcp,public,unicom,self,resell,浙江,移动,广州,jarvis.A,vm,true,on,0.6385
node_001449,20002,egress,vm,staticNetSingle,symmetric,multi,agent,resell,广东,移动,杭州,jarvis.B,vm,true,off,0.596
node_001450,20002,pcdn,box,staticNetSingle,fullcone,telecom,agent,direct,浙江,电信,北京,jarvis.C,host,false,off,0.6077
node_001451,10001,idc,box,pppoe,public,telecom,self,direct,广东,电信,杭州,jarvis.C,vm,false,on,0.2717
node_001452,20002,egress,box,pppoe,fullcone,unicom,agent,direct,湖北,移动,杭州,jarvis.C,vm,true,off,0.1184
node_001453,20002,idc,box,dhcp,public,mobile,agent,direct,四川,联通,杭州,jarvis.B,vm,true,on,0.6733
node_001454,30003,pcdn,box,pppoe,public,telecom,agent,resell,广东,联通,成都,jarvis.C,host,true,on,0.1664
node_001455,30003,idc,server,pppoe,public,multi,agent,resell,湖北,电信,杭州,jarvis.C,vm,true,on,0.6155
node_001456,20002,egress,box,dhcp,public,mobile,self,resell,湖北,移动,杭州,jarvis.A,host,true,off,0.8657
node_001457,20002,egress,box,staticNetSingle,fullcone,mobile,agent,resell,浙江,电信,广州,jarvis.B,host,true,off,0.1289
node_001458,77882,egress,server,pppoe,public,mobile,self,direct,湖北,电信,武汉,jarvis.A,vm,true,on,0.4633
node_001459,30003,egress,box,staticNetSingle,symmetric,telecom,agent,resell,浙江,电信,武汉,jarvis.A,host,false,on,0.2028
node_001460,20002,pcdn,vm,pppoe,public,multi,self,resell,浙江,联通,北京,jarvis.A,vm,false,off,0.4198
node_001461,30003,egress,box,dhcp,fullcone,mobile,agent,direct,四川,联通,广州,jarvis.A,host,true,on,0.1376
node_001462,30003,egress,vm,staticNetSingle,public,telecom,self,direct,北京,电信,广州,jarvis.B,vm,true,on,0.3907
node_001463,30003,idc,server,pppoe,symmetric,telecom,agent,direct,广东,电信,北京,jarvis.B,host,false,off,0.5697
node_001464,10001,pcdn,server,dhcp,fullcone,unicom,agent,direct,四川,移动,杭州,jarvis.B,vm,false,off,0.1226
node_001465,10001,egress,server,pppoe,public,mobile,self,direct,四川,电信,杭州,jarvis.C,host,false,on,0.833
node_001466,77882,pcdn,server,pppoe,symmetric,unicom,agent,direct,北京,电信,广州,jarvis.A,host,false,on,0.436
node_001467,77882,egress,box,pppoe,fullcone,mobile,agent,resell,湖北,联通,武汉,jarvis.A,vm,true,on,0.344
node_001468,30003,idc,box,staticNetSingle,symmetric,telecom,self,resell,浙江,电信,杭州,jarvis.A,host,false,on,0.9085
node_001469,20002,pcdn,box,pppoe,public,mobile,self,direct,四川,联通,广州,jarvis.C,vm,true,on,0.7082
node_001470,20002,idc,vm,staticNetSingle,symmetric,telecom,self,resell,广东,移动,武汉,jarvis.B,vm,false,on,0.1898
node_001471,30003,egress,box,pppoe,fullcone,mobile,agent,resell,广东,移动,武汉,jarvis.C,vm,true,off,0.8133
node_001472,10001,idc,server,pppoe,fullcone,mobile,agent,resell,四川,电信,成都,jarvis.A,host,false,off,0.5047
node_001473,20002,idc,vm,dhcp,symmetric,multi,agent,resell,广东,电信,广州,jarvis.A,vm,false,off,0.5669
node_001474,20002,pcdn,vm,staticNetSingle,fullcone,multi,self,resell,广东,移动,成都,jarvis.C,host,false,off,0.7404
node_001475,77882,egress,box,dhcp,fullcone,multi,self,direct,北京,电信,广州,jarvis.B,host,false,off,0.1607
node_001476,10001,idc,server,pppoe,public,unicom,agent,direct,湖北,联通,杭州,jarvis.C,vm,true,on,0.6595
node_001477,20002,egress,server,pppoe,symmetric,multi,self,resell,北京,移动,武汉,jarvis.C,vm,true,off,0.9545
node_001478,20002,pcdn,box,dhcp,public,unicom,self,direct,浙江,联通,广州,jarvis.B,host,true,off,0.3315
node_001479,30003,pcdn,vm,pppoe,public,unicom,self,direct,广东,电信,成都,jarvis.C,vm,false,off,0.9523
node_001480,20002,egress,server,pppoe,public,mobile,self,direct,北京,电信,广州,jarvis.C,host,false,on,0.719
node_001481,20002,pcdn,server,pppoe,fullcone,telecom,agent,direct,四川,电信,武汉,jarvis.C,vm,true,off,0.9956
node_001482,77882,pcdn,server,pppoe,public,unicom,self,direct,广东,电信,广州,jarvis.B,host,true,off,0.3535
node_001483,20002,idc,server,staticNetSingle,public,telecom,self,direct,浙江,移动,杭州,jarvis.A,vm,true,off,0.2826
node_001484,20002,pcdn,vm,pppoe,public,unicom,self,direct,浙江,联通,武汉,jarvis.B,host,false,off,0.3522
node_001485,20002,egress,box,dhcp,public,multi,agent,direct,广东,联通,成都,jarvis.C,host,true,off,0.3879
node_001486,77882,idc,vm,pppoe,symmetric,telecom,agent,resell,北京,联通,武汉,jarvis.C,host,true,off,0.1531
node_001487,30003,egress,box,dhcp,symmetric,unicom,agent,direct,广东,联通,成都,jarvis.B,host,false,off,0.8773
node_001488,20002,egress,server,staticNetSingle,symmetric,mobile,self,resell,广东,移动,广州,jarvis.B,host,true,on,0.7108
node_001489,30003,pcdn,vm,pppoe,symmetric,mobile,agent,direct,北京,移动,武汉,jarvis.B,host,false,on,0.8449
node_001490,20002,pcdn,server,dhcp,public,mobile,self,direct,广东,联通,广州,jarvis.A,vm,false,off,0.9825
node_001491,20002,egress,server,dhcp,symmetric,unicom,self,resell,广东,联通,武汉,jarvis.B,vm,true,on,0.3687
node_001492,10001,egress,server,dhcp,symmetric,mobile,self,direct,广东,电信,武汉,jarvis.A,vm,false,off,0.3764
node_001493,77882,idc,box,staticNetSingle,symmetric,telecom,self,direct,四川,移动,广州,jarvis.B,host,false,off,0.1499
node_001494,30003,idc,vm,dhcp,symmetric,multi,self,direct,浙江,电信,武汉,jarvis.B,vm,true,off,0.9106
node_001495,77882,egress,box,pppoe,symmetric,mobile,self,resell,湖北,移动,武汉,jarvis.B,vm,true,on,0.8374
node_001496,77882,pcdn,server,pppoe,symmetric,telecom,self,direct,北京,电信,武汉,jarvis.C,vm,false,on,0.4864
node_001497,20002,pcdn,vm,dhcp,symmetric,telecom,self,resell,四川,移动,北京,jarvis.B,vm,true,on,0.8067
node_001498,77882,pcdn,server,staticNetSingle,fullcone,telecom,self,resell,广东,联通,北京,jarvis.C,vm,true,off,0.3023
node_001499,20002,idc,vm,dhcp,public,multi,self,direct,湖北,联通,北京,jarvis.B,host,false,off,0.2104
node_001500,20002,idc,box,staticNetSingle,fullcone,unicom,self,resell,湖北,移动,杭州,jarvis.B,vm,true,on,0.224
node_001501,30003,pcdn,box,pppoe,symmetric,multi,self,resell,广东,移动,武汉,jarvis.C,vm,true,off,0.5415
node_001502,77882,idc,vm,pppoe,public,unicom,agent,resell,浙江,移动,杭州,jarvis.A,host,true,off,0.4131
node_001503,20002,idc,box,staticNetSingle,public,multi,self,resell,湖北,联通,成都,jarvis.C,vm,true,off,0.55
node_001504,20002,idc,box,dhcp,symmetric,mobile,agent,resell,湖北,移动,成都,jarvis.C,vm,true,on,0.4306
node_001505,10001,pcdn,box,dhcp,symmetric,mobile,self,resell,北京,联通,武汉,jarvis.A,host,false,on,0.9963
node_001506,10001,pcdn,vm,dhcp,symmetric,telecom,self,resell,浙江,联通,成都,jarvis.A,host,false,off,0.8708
node_001507,77882,pcdn,box,staticNetSingle,fullcone,mobile,self,direct,北京,电信,武汉,jarvis.B,host,false,off,0.8766
node_001508,20002,idc,vm,dhcp,public,telecom,agent,direct,北京,电信,成都,jarvis.C,vm,false,off,0.927
node_001509,20002,egress,box,pppoe,fullcone,mobile,agent,resell,湖北,移动,成都,jarvis.A,vm,true,on,0.1286
node_001510,30003,egress,vm,staticNetSingle,fullcone,telecom,self,resell,湖北,电信,北京,jarvis.A,vm,false,off,0.4603
node_001511,30003,idc,box,staticNetSingle,symmetric,multi,agent,direct,广东,移动,广州,jarvis.A,vm,false,off,0.3111
node_001512,10001,pcdn,server,staticNetSingle,symmetric,telecom,agent,resell,四川,联通,武汉,jarvis.A,host,false,off,0.1722
node_001513,20002,egress,box,pppoe,public,multi,agent,direct,四川,移动,成都,jarvis.A,host,false,on,0.786
node_001514,77882,idc,server,dhcp,symmetric,unicom,agent,resell,四川,电信,成都,jarvis.B,vm,false,on,0.5358
node_001515,10001,idc,server,dhcp,public,telecom,agent,resell,湖北,移动,杭州,jarvis.B,host,false,on,0.7778
node_001516,30003,pcdn,vm,pppoe,fullcone,mobile,self,direct,北京,联通,成都,jarvis.C,vm,true,off,0.3118
node_001517,10001,pcdn,vm,pppoe,fullcone,unicom,agent,direct,湖北,联通,杭州,jarvis.A,vm,true,off,0.8187
node_001518,20002,pcdn,server,dhcp,fullcone,mobile,agent,direct,湖北,移动,北京,jarvis.B,vm,true,on,0.1349
node_001519,30003,pcdn,vm,staticNetSingle,fullcone,unicom,self,resell,浙江,联通,广州,jarvis.B,host,true,on,0.7426
node_001520,77882,idc,server,dhcp,symmetric,unicom,self,direct,北京,联通,成都,jarvis.C,host,false,on,0.2116
node_001521,10001,pcdn,box,staticNetSingle,fullcone,multi,agent,resell,北京,联通,广州,jarvis.C,host,false,on,0.4494
node_001522,77882,egress,vm,staticNetSingle,fullcone,multi,agent,direct,北京,电信,武汉,jarvis.A,host,true,off,0.5306
node_001523,77882,egress,box,staticNetSingle,public,mobile,self,direct,北京,移动,武汉,jarvis.C,host,false,off,0.8989
node_001524,77882,egress,box,pppoe,fullcone,telecom,agent,direct,四川,移动,杭州,jarvis.C,vm,true,on,0.349
node_001525,30003,egress,vm,dhcp,public,multi,self,direct,四川,移动,杭州,jarvis.A,vm,true,off,0.1924
node_001526,10001,idc,server,pppoe,symmetric,telecom,agent,resell,广东,移动,成都,jarvis.C,vm,false,on,0.2725
node_001527,10001,egress,server,staticNetSingle,fullcone,telecom,self,direct,四川,电信,北京,jarvis.C,host,false,on,0.2224
node_001528,10001,idc,server,dhcp,symmetric,multi,agent,resell,北京,电信,成都,jarvis.B,host,true,on,0.4855
node_001529,10001,egress,box,dhcp,symmetric,telecom,self,resell,广东,联通,北京,jarvis.B,host,false,off,0.4095
node_001530,10001,pcdn,box,staticNetSingle,public,mobile,agent,direct,浙江,移动,成都,jarvis.B,host,false,on,0.5605
node_001531,30003,idc,server,pppoe,symmetric,multi,agent,direct,浙江,电信,成都,jarvis.A,vm,true,off,0.9174
node_001532,10001,egress,vm,pppoe,symmetric,telecom,self,resell,广东,移动,杭州,jarvis.A,vm,true,off,0.7025
node_001533,10001,egress,box,dhcp,public,multi,self,direct,北京,联通,广州,jarvis.B,vm,true,off,0.3925
node_001534,10001,pcdn,box,staticNetSingle,fullcone,multi,agent,resell,四川,移动,杭州,jarvis.B,host,false,on,0.7636
node_001535,77882,pcdn,box,dhcp,symmetric,telecom,agent,direct,四川,移动,武汉,jarvis.A,host,true,off,0.106
node_001536,20002,egress,box,pppoe,public,unicom,self,direct,浙江,移动,武汉,jarvis.B,host,false,off,0.9188
node_001537,30003,egress,vm,pppoe,symmetric,mobile,self,resell,湖北,移动,杭州,jarvis.B,host,true,off,0.6856
node_001538,30003,idc,vm,staticNetSingle,public,mobile,self,direct,湖北,电信,广州,jarvis.B,host,false,on,0.6027
node_001539,30003,idc,server,dhcp,public,multi,self,direct,浙江,电信,北京,jarvis.C,host,true,off,0.7311
node_001540,20002,pcdn,server,dhcp,fullcone,telecom,self,resell,湖北,移动,成都,jarvis.A,host,true,on,0.714
node_001541,30003,pcdn,box,dhcp,fullcone,telecom,agent,direct,湖北,电信,广州,jarvis.A,host,false,off,0.7193
node_001542,30003,pcdn,box,staticNetSingle,public,unicom,agent,resell,北京,移动,武汉,jarvis.C,host,false,off,0.1672
node_001543,10001,idc,server,staticNetSingle,symmetric,unicom,agent,direct,湖北,电信,广州,jarvis.A,vm,true,off,0.1774
node_001544,10001,pcdn,server,pppoe,public,unicom,self,resell,广东,电信,武汉,jarvis.B,host,true,on,0.3916
node_001545,77882,idc,box,dhcp,fullcone,mobile,agent,direct,浙江,移动,北京,jarvis.A,host,false,on,0.8498
node_001546,20002,pcdn,box,dhcp,public,multi,agent,resell,广东,电信,武汉,jarvis.B,vm,true,on,0.9902
node_001547,10001,idc,vm,staticNetSingle,symmetric,mobile,self,direct,湖北,联通,成都,jarvis.B,host,true,on,0.9953
node_001548,30003,pcdn,box,dhcp,public,unicom,agent,resell,湖北,联通,北京,jarvis.C,host,false,off,0.6968
node_001549,10001,pcdn,vm,dhcp,symmetric,mobile,agent,direct,湖北,联通,杭州,jarvis.B,host,true,on,0.1921
node_001550,77882,pcdn,box,staticNetSingle,symmetric,telecom,agent,resell,四川,联通,成都,jarvis.A,vm,false,off,0.8958
node_001551,30003,egress,server,staticNetSingle,symmetric,unicom,agent,resell,浙江,移动,成都,jarvis.A,vm,true,on,0.7662
node_001552,30003,egress,vm,staticNetSingle,symmetric,mobile,agent,direct,北京,移动,北京,jarvis.A,vm,false,off,0.5104
node_001553,77882,egress,box,pppoe,symmetric,unicom,self,direct,北京,移动,杭州,jarvis.B,host,true,on,0.9404
node_001554,77882,egress,box,staticNetSingle,public,multi,self,resell,四川,移动,广州,jarvis.B,vm,true,on,0.8133
node_001555,20002,egress,server,dhcp,fullcone,mobile,self,resell,广东,电信,武汉,jarvis.B,host,false,on,0.3772
node_001556,30003,egress,server,pppoe,fullcone,telecom,self,resell,四川,联通,广州,jarvis.B,host,true,off,0.2865
node_001557,10001,egress,server,pppoe,public,unicom,agent,direct,浙江,电信,杭州,jarvis.C,vm,true,off,0.1879
node_001558,30003,pcdn,server,staticNetSingle,public,mobile,agent,resell,北京,联通,杭州,jarvis.B,vm,true,on,0.8206
node_001559,20002,egress,server,dhcp,public,unicom,agent,resell,北京,移动,武汉,jarvis.C,host,false,on,0.8535
node_001560,77882,pcdn,server,dhcp,public,telecom,self,direct,广东,联通,广州,jarvis.C,host,true,off,0.5698
node_001561,20002,pcdn,vm,staticNetSingle,public,unicom,self,resell,四川,移动,武汉,jarvis.B,host,false,on,0.2774
node_001562,10001,idc,vm,staticNetSingle,symmetric,telecom,self,resell,湖北,电信,广州,jarvis.B,host,false,on,0.5827
node_001563,20002,egress,box,staticNetSingle,fullcone,telecom,self,resell,广东,电信,北京,jarvis.A,host,false,on,0.2749
node_001564,77882,idc,server,dhcp,fullcone,multi,agent,direct,广东,联通,武汉,jarvis.C,vm,false,on,0.3141
node_001565,77882,idc,box,staticNetSingle,public,unicom,agent,resell,四川,联通,成都,jarvis.A,host,false,on,0.5935
node_001566,77882,idc,box,pppoe,symmetric,mobile,self,resell,北京,电信,成都,jarvis.B,host,true,on,0.3477
node_001567,20002,egress,server,pppoe,public,telecom,self,direct,湖北,联通,武汉,jarvis.A,vm,false,off,0.4095
node_001568,30003,pcdn,box,staticNetSingle,symmetric,telecom,self,direct,北京,电信,杭州,jarvis.B,host,true,on,0.6573
node_001569,30003,egress,box,staticNetSingle,public,unicom,self,resell,广东,电信,广州,jarvis.C,vm,true,off,0.3612
node_001570,20002,idc,server,dhcp,symmetric,mobile,self,direct,北京,电信,广州,jarvis.B,vm,false,on,0.95
node_001571,20002,pcdn,box,staticNetSingle,symmetric,unicom,agent,resell,北京,联通,杭州,jarvis.B,host,false,on,0.3953
node_001572,20002,egress,server,pppoe,fullcone,mobile,agent,resell,北京,电信,杭州,jarvis.C,host,true,off,0.2964
node_001573,20002,egress,vm,pppoe,public,multi,agent,direct,广东,联通,杭州,jarvis.B,host,true,off,0.7252
node_001574,30003,pcdn,vm,pppoe,public,multi,agent,direct,四川,电信,武汉,jarvis.B,host,false,on,0.9029
node_001575,30003,egress,box,dhcp,fullcone,telecom,self,resell,广东,联通,北京,jarvis.B,vm,true,on,0.1752
node_001576,20002,idc,box,pppoe,fullcone,mobile,self,resell,四川,电信,杭州,jarvis.C,host,true,off,0.5191
node_001577,20002,idc,server,dhcp,fullcone,multi,self,resell,北京,移动,杭州,jarvis.B,vm,false,on,0.7745
node_001578,30003,pcdn,vm,dhcp,symmetric,mobile,agent,direct,湖北,移动,杭州,jarvis.A,host,true,off,0.9403
node_001579,77882,egress,vm,staticNetSingle,public,multi,agent,resell,北京,电信,成都,jarvis.A,host,false,on,0.2029
node_001580,30003,pcdn,vm,dhcp,public,multi,agent,direct,湖北,移动,武汉,jarvis.A,vm,false,on,0.2143
node_001581,77882,pcdn,server,staticNetSingle,fullcone,telecom,agent,resell,广东,电信,武汉,jarvis.A,host,false,off,0.8601
node_001582,77882,idc,vm,dhcp,symmetric,telecom,agent,direct,北京,联通,成都,jarvis.C,host,true,on,0.1721
node_001583,10001,pcdn,box,pppoe,fullcone,telecom,self,direct,北京,联通,北京,jarvis.C,vm,false,off,0.8808
node_001584,77882,idc,vm,staticNetSingle,symmetric,unicom,agent,direct,北京,移动,广州,jarvis.B,host,true,off,0.6657
node_001585,20002,pcdn,server,dhcp,fullcone,mobile,self,resell,浙江,移动,杭州,jarvis.B,vm,true,off,0.2849
node_001586,20002,egress,box,staticNetSingle,fullcone,telecom,self,resell,四川,联通,北京,jarvis.A,host,true,off,0.8613
node_001587,10001,idc,vm,dhcp,public,telecom,self,direct,广东,电信,广州,jarvis.A,host,true,off,0.615
node_001588,20002,egress,vm,staticNetSingle,symmetric,unicom,agent,resell,湖北,联通,武汉,jarvis.A,vm,true,on,0.2787
node_001589,77882,egress,vm,staticNetSingle,symmetric,mobile,agent,resell,北京,联通,杭州,jarvis.C,vm,false,off,0.7232
node_001590,20002,pcdn,server,dhcp,public,telecom,self,direct,湖北,移动,成都,jarvis.A,host,false,off,0.1389
node_001591,77882,egress,vm,pppoe,fullcone,multi,agent,direct,广东,联通,武汉,jarvis.A,host,false,on,0.658
node_001592,77882,idc,vm,staticNetSingle,fullcone,mobile,self,direct,北京,电信,武汉,jarvis.B,vm,false,off,0.1206
node_001593,77882,pcdn,server,pppoe,public,unicom,self,resell,湖北,电信,成都,jarvis.C,host,true,on,0.7339
node_001594,20002,pcdn,vm,staticNetSingle,symmetric,unicom,self,direct,浙江,联通,广州,jarvis.A,vm,true,on,0.7211
node_001595,10001,idc,vm,pppoe,public,unicom,agent,direct,浙江,电信,武汉,jarvis.A,vm,false,on,0.6407
node_001596,77882,pcdn,box,pppoe,symmetric,multi,self,resell,四川,移动,广州,jarvis.B,vm,true,off,0.9592
node_001597,20002,idc,box,staticNetSingle,symmetric,telecom,agent,direct,浙江,移动,杭州,jarvis.C,host,true,off,0.3103
node_001598,77882,idc,vm,dhcp,symmetric,telecom,self,direct,北京,移动,北京,jarvis.C,vm,false,on,0.5743
node_001599,20002,egress,box,pppoe,public,mobile,self,resell,广东,电信,成都,jarvis.C,vm,false,on,0.2849
node_001600,30003,egress,server,dhcp,public,telecom,self,resell,广东,联通,北京,jarvis.C,host,true,off,0.6374
node_001601,77882,egress,server,pppoe,public,unicom,agent,resell,四川,联通,杭州,jarvis.C,host,false,on,0.4734
node_001602,30003,egress,server,dhcp,public,unicom,self,resell,四川,联通,广州,jarvis.B,host,false,off,0.8874
node_001603,20002,pcdn,box,pppoe,symmetric,unicom,self,resell,广东,电信,广州,jarvis.B,host,true,on,0.8295
node_001604,77882,pcdn,server,dhcp,public,mobile,agent,direct,四川,联通,北京,jarvis.B,host,false,off,0.8449
node_001605,77882,idc,vm,staticNetSingle,public,unicom,self,direct,北京,联通,北京,jarvis.B,vm,true,on,0.6803
node_001606,10001,idc,server,dhcp,fullcone,unicom,self,direct,浙江,移动,北京,jarvis.A,vm,true,off,0.4938
node_001607,77882,pcdn,vm,pppoe,fullcone,unicom,agent,resell,湖北,移动,成都,jarvis.C,vm,false,off,0.5795
node_001608,30003,pcdn,server,staticNetSingle,symmetric,unicom,agent,resell,北京,电信,广州,jarvis.C,host,true,on,0.7225
node_001609,30003,idc,box,pppoe,public,mobile,self,resell,北京,联通,杭州,jarvis.A,host,true,off,0.561
node_001610,20002,pcdn,server,staticNetSingle,fullcone,mobile,self,direct,浙江,电信,成都,jarvis.A,host,false,off,0.9463
node_001611,30003,idc,server,staticNetSingle,symmetric,unicom,agent,resell,湖北,电信,杭州,jarvis.B,host,false,on,0.9364
node_001612,20002,idc,box,staticNetSingle,fullcone,mobile,agent,direct,四川,电信,北京,jarvis.C,host,true,on,0.1283
node_001613,10001,pcdn,server,pppoe,symmetric,multi,agent,resell,湖北,电信,广州,jarvis.C,host,false,on,0.9132
node_001614,77882,pcdn,box,pppoe,public,unicom,agent,resell,广东,移动,杭州,jarvis.C,host,true,on,0.4893
node_001615,30003,pcdn,server,pppoe,fullcone,multi,agent,direct,湖北,移动,杭州,jarvis.B,vm,false,on,0.1116
node_001616,77882,egress,box,staticNetSingle,fullcone,unicom,agent,resell,广东,联通,广州,jarvis.A,host,false,on,0.3483
node_001617,10001,egress,vm,dhcp,public,multi,agent,direct,浙江,移动,成都,jarvis.B,vm,true,off,0.8196
node_001618,77882,egress,server,staticNetSingle,fullcone,unicom,self,resell,广东,联通,武汉,jarvis.B,host,false,on,0.845
node_001619,30003,egress,box,staticNetSingle,public,mobile,agent,resell,广东,移动,杭州,jarvis.A,host,false,off,0.4319
node_001620,10001,egress,vm,dhcp,fullcone,telecom,self,direct,四川,电信,北京,jarvis.B,host,false,on,0.9323
node_001621,20002,idc,vm,pppoe,symmetric,mobile,self,resell,浙江,移动,成都,jarvis.B,vm,true,off,0.5592
node_001622,77882,idc,server,staticNetSingle,fullcone,multi,agent,direct,广东,联通,成都,jarvis.C,vm,true,on,0.1678
node_001623,10001,egress,box,staticNetSingle,fullcone,multi,agent,direct,湖北,移动,北京,jarvis.C,vm,true,on,0.7806
node_001624,10001,idc,box,staticNetSingle,symmetric,mobile,agent,resell,湖北,电信,广州,jarvis.B,host,true,on,0.1711
node_001625,20002,egress,server,staticNetSingle,public,unicom,agent,direct,北京,联通,广州,jarvis.A,host,true,off,0.6999
node_001626,20002,idc,server,staticNetSingle,public,telecom,self,resell,湖北,移动,北京,jarvis.C,vm,true,on,0.5824
node_001627,20002,egress,box,dhcp,fullcone,mobile,agent,resell,四川,联通,北京,jarvis.C,host,true,off,0.9106
node_001628,77882,idc,vm,staticNetSingle,public,unicom,self,resell,湖北,联通,广州,jarvis.B,host,true,on,0.5653
node_001629,20002,pcdn,vm,dhcp,public,multi,self,direct,广东,移动,武汉,jarvis.A,vm,false,on,0.6963
node_001630,20002,idc,server,staticNetSingle,public,mobile,agent,direct,浙江,移动,北京,jarvis.A,host,false,on,0.661
node_001631,20002,egress,box,staticNetSingle,fullcone,mobile,agent,direct,北京,联通,武汉,jarvis.A,vm,true,off,0.4399
node_001632,77882,pcdn,box,dhcp,public,telecom,self,resell,浙江,联通,杭州,jarvis.C,vm,true,on,0.7481
node_001633,10001,egress,box,staticNetSingle,fullcone,unicom,agent,direct,湖北,电信,北京,jarvis.C,host,true,off,0.8638
node_001634,30003,pcdn,box,dhcp,fullcone,telecom,self,direct,湖北,移动,杭州,jarvis.C,host,true,off,0.8611
node_001635,20002,idc,box,dhcp,symmetric,multi,self,direct,四川,电信,杭州,jarvis.B,host,false,on,0.6502
node_001636,10001,pcdn,vm,pppoe,symmetric,multi,self,resell,浙江,电信,北京,jarvis.C,vm,false,off,0.5725
node_001637,20002,egress,server,staticNetSingle,fullcone,telecom,agent,direct,四川,联通,杭州,jarvis.C,vm,true,off,0.8785
node_001638,10001,idc,vm,staticNetSingle,public,telecom,agent,direct,北京,移动,武汉,jarvis.A,host,false,off,0.6339
node_001639,10001,egress,box,pppoe,symmetric,telecom,self,resell,北京,移动,成都,jarvis.C,host,true,on,0.9987
node_001640,30003,egress,server,pppoe,fullcone,telecom,self,resell,广东,联通,武汉,jarvis.B,vm,true,off,0.6574
node_001641,30003,idc,server,dhcp,fullcone,unicom,self,resell,北京,电信,北京,jarvis.C,host,true,off,0.6862
node_001642,10001,idc,vm,staticNetSingle,symmetric,telecom,agent,direct,四川,移动,北京,jarvis.B,host,false,off,0.2119
node_001643,30003,pcdn,server,staticNetSingle,fullcone,mobile,agent,direct,四川,电信,武汉,jarvis.B,host,true,off,0.7998
node_001644,30003,egress,server,pppoe,fullcone,telecom,agent,resell,北京,移动,广州,jarvis.C,vm,false,off,0.9557
node_001645,77882,pcdn,server,pppoe,fullcone,unicom,self,resell,北京,移动,杭州,jarvis.B,vm,true,off,0.9065
node_001646,10001,egress,server,pppoe,fullcone,mobile,self,resell,北京,电信,成都,jarvis.B,host,true,on,0.4338
node_001647,10001,pcdn,box,staticNetSingle,symmetric,unicom,agent,direct,广东,移动,杭州,jarvis.C,vm,true,off,0.9079
node_001648,20002,pcdn,server,pppoe,fullcone,telecom,self,resell,浙江,联通,成都,jarvis.B,vm,false,on,0.8957
node_001649,20002,pcdn,server,staticNetSingle,public,telecom,agent,resell,四川,移动,杭州,jarvis.B,host,true,off,0.5446
node_001650,30003,egress,vm,pppoe,fullcone,telecom,self,resell,浙江,移动,成都,jarvis.B,host,true,on,0.5937
node_001651,20002,idc,box,pppoe,fullcone,mobile,self,direct,四川,电信,杭州,jarvis.C,host,false,off,0.9525
node_001652,77882,pcdn,vm,dhcp,public,mobile,self,resell,浙江,移动,广州,jarvis.C,vm,false,on,0.4397
node_001653,20002,idc,server,dhcp,fullcone,multi,agent,direct,广东,联通,成都,jarvis.A,host,false,on,0.4167
node_001654,77882,idc,box,dhcp,fullcone,multi,agent,direct,四川,联通,广州,jarvis.C,host,true,on,0.9539
node_001655,77882,idc,box,pppoe,fullcone,unicom,agent,resell,北京,联通,杭州,jarvis.C,host,true,on,0.8323
node_001656,30003,idc,server,staticNetSingle,symmetric,unicom,agent,direct,广东,联通,北京,jarvis.A,host,false,on,0.7827
node_001657,20002,egress,vm,dhcp,symmetric,unicom,self,resell,四川,电信,广州,jarvis.C,host,false,on,0.5917
node_001658,77882,idc,vm,pppoe,public,unicom,agent,resell,浙江,联通,成都,jarvis.A,vm,false,on,0.3237
node_001659,77882,egress,server,dhcp,symmetric,telecom,self,direct,浙江,联通,杭州,jarvis.B,vm,false,on,0.9831
node_001660,20002,idc,server,staticNetSingle,symmetric,unicom,agent,direct,湖北,联通,成都,jarvis.A,host,true,on,0.1429
node_001661,30003,egress,vm,staticNetSingle,public,multi,agent,resell,北京,联通,成都,jarvis.C,vm,true,on,0.9703
node_001662,10001,idc,vm,dhcp,symmetric,unicom,self,resell,北京,移动,广州,jarvis.C,host,false,on,0.9575
node_001663,20002,egress,vm,staticNetSingle,public,telecom,self,resell,浙江,联通,杭州,jarvis.C,host,false,on,0.8909
node_001664,30003,egress,box,pppoe,fullcone,unicom,agent,direct,四川,联通,广州,jarvis.A,host,false,off,0.9569
node_001665,30003,egress,server,dhcp,fullcone,unicom,agent,resell,湖北,联通,武汉,jarvis.B,host,true,off,0.2757
node_001666,77882,pcdn,box,pppoe,symmetric,mobile,self,resell,浙江,电信,杭州,jarvis.C,vm,false,on,0.1119
node_001667,10001,pcdn,box,dhcp,fullcone,mobile,agent,resell,浙江,电信,广州,jarvis.B,host,false,on,0.4148
node_001668,20002,pcdn,server,pppoe,symmetric,unicom,self,direct,浙江,电信,杭州,jarvis.C,host,false,off,0.7048
node_001669,20002,egress,box,staticNetSingle,public,unicom,self,resell,浙江,电信,北京,jarvis.B,host,true,off,0.6428
node_001670,20002,idc,vm,pppoe,public,mobile,agent,direct,四川,移动,北京,jarvis.B,vm,false,on,0.9602
node_001671,77882,egress,server,dhcp,fullcone,unicom,self,direct,浙江,联通,北京,jarvis.A,host,true,on,0.7914
node_001672,77882,idc,box,pppoe,symmetric,multi,self,direct,四川,电信,北京,jarvis.A,vm,true,off,0.175
node_001673,30003,idc,server,pppoe,fullcone,multi,self,direct,湖北,联通,武汉,jarvis.C,host,true,off,0.4994
node_001674,30003,egress,box,staticNetSingle,symmetric,telecom,agent,direct,浙江,电信,成都,jarvis.C,vm,false,off,0.177
node_001675,77882,idc,server,staticNetSingle,fullcone,telecom,self,direct,四川,电信,北京,jarvis.C,host,false,on,0.4208
node_001676,10001,egress,server,staticNetSingle,public,unicom,agent,direct,浙江,联通,成都,jarvis.C,host,true,on,0.6889
node_001677,10001,pcdn,box,staticNetSingle,fullcone,telecom,agent,resell,湖北,电信,北京,jarvis.A,host,false,on,0.7387
node_001678,20002,pcdn,vm,dhcp,public,unicom,self,resell,北京,电信,武汉,jarvis.B,host,false,off,0.6912
node_001679,30003,pcdn,box,pppoe,fullcone,multi,self,direct,浙江,联通,武汉,jarvis.C,host,false,on,0.8139
node_001680,77882,pcdn,box,pppoe,public,multi,self,direct,北京,电信,北京,jarvis.B,vm,true,off,0.4339
node_001681,77882,idc,server,dhcp,public,multi,self,direct,湖北,联通,北京,jarvis.A,vm,false,off,0.4136
node_001682,30003,pcdn,server,pppoe,public,telecom,self,direct,广东,移动,杭州,jarvis.C,vm,false,off,0.8458
node_001683,30003,pcdn,server,pppoe,public,mobile,self,resell,北京,电信,广州,jarvis.A,host,true,off,0.4716
node_001684,30003,pcdn,box,staticNetSingle,fullcone,mobile,agent,resell,四川,移动,北京,jarvis.C,vm,false,off,0.9241
node_001685,10001,pcdn,server,pppoe,symmetric,unicom,agent,resell,广东,联通,成都,jarvis.A,host,true,off,0.9695
node_001686,20002,idc,server,dhcp,fullcone,telecom,self,resell,浙江,移动,杭州,jarvis.A,host,false,off,0.6777
node_001687,20002,idc,box,dhcp,fullcone,unicom,agent,resell,广东,移动,广州,jarvis.A,vm,true,on,0.6054
node_001688,30003,pcdn,vm,dhcp,public,telecom,self,resell,广东,电信,杭州,jarvis.B,vm,false,off,0.1707
node_001689,77882,idc,box,pppoe,symmetric,mobile,agent,direct,广东,电信,武汉,jarvis.A,vm,false,on,0.1279
node_001690,77882,pcdn,vm,staticNetSingle,symmetric,telecom,self,resell,四川,联通,杭州,jarvis.B,vm,true,off,0.3431
node_001691,20002,pcdn,box,pppoe,symmetric,telecom,self,direct,四川,电信,广州,jarvis.A,host,true,off,0.9805
node_001692,20002,pcdn,server,staticNetSingle,fullcone,multi,self,resell,北京,移动,广州,jarvis.C,host,true,on,0.4166
node_001693,30003,pcdn,box,pppoe,symmetric,telecom,agent,resell,湖北,联通,北京,jarvis.C,vm,true,on,0.5663
node_001694,20002,pcdn,vm,pppoe,fullcone,mobile,agent,resell,北京,电信,武汉,jarvis.A,vm,false,on,0.9106
node_001695,77882,idc,box,staticNetSingle,public,mobile,agent,resell,广东,移动,成都,jarvis.C,host,false,on,0.6739
node_001696,10001,pcdn,box,dhcp,symmetric,telecom,agent,direct,北京,联通,杭州,jarvis.B,vm,true,off,0.5497
node_001697,30003,egress,vm,pppoe,public,telecom,agent,resell,四川,移动,武汉,jarvis.B,host,false,off,0.5645
node_001698,20002,egress,vm,dhcp,public,telecom,agent,direct,四川,移动,北京,jarvis.C,vm,true,on,0.9093
node_001699,10001,pcdn,vm,dhcp,fullcone,telecom,agent,direct,四川,移动,成都,jarvis.A,host,false,off,0.946
node_001700,30003,idc,vm,pppoe,public,telecom,agent,direct,广东,移动,杭州,jarvis.B,host,false,on,0.5715
node_001701,20002,egress,box,staticNetSingle,public,telecom,agent,resell,四川,联通,广州,jarvis.A,host,false,on,0.986
node_001702,30003,egress,server,pppoe,symmetric,multi,self,direct,湖北,联通,成都,jarvis.A,host,true,on,0.8231
node_001703,20002,egress,box,pppoe,public,mobile,self,resell,广东,移动,武汉,jarvis.A,vm,true,off,0.2375
node_001704,10001,idc,box,dhcp,public,unicom,agent,direct,广东,移动,广州,jarvis.A,host,true,on,0.532
node_001705,30003,egress,server,staticNetSingle,symmetric,multi,self,resell,北京,联通,北京,jarvis.B,vm,true,on,0.2408
node_001706,10001,pcdn,vm,pppoe,symmetric,multi,agent,resell,四川,移动,成都,jarvis.A,host,false,off,0.3165
node_001707,10001,idc,server,dhcp,public,telecom,self,direct,湖北,移动,北京,jarvis.B,vm,false,on,0.232
node_001708,10001,idc,box,staticNetSingle,symmetric,telecom,agent,resell,四川,电信,成都,jarvis.C,vm,false,off,0.9751
node_001709,20002,idc,vm,pppoe,symmetric,mobile,agent,direct,四川,移动,杭州,jarvis.C,host,false,off,0.6833
node_001710,30003,egress,vm,pppoe,fullcone,multi,self,resell,浙江,移动,广州,jarvis.A,vm,true,off,0.4557
node_001711,10001,egress,server,pppoe,public,mobile,agent,resell,湖北,移动,广州,jarvis.C,host,true,off,0.4513
node_001712,30003,egress,box,staticNetSingle,fullcone,unicom,self,resell,北京,移动,广州,jarvis.C,vm,false,off,0.443
node_001713,10001,egress,box,dhcp,public,unicom,self,direct,浙江,移动,北京,jarvis.A,host,true,off,0.7775
node_001714,30003,egress,server,staticNetSingle,symmetric,multi,agent,resell,湖北,移动,成都,jarvis.B,host,false,on,0.2088
node_001715,10001,pcdn,server,staticNetSingle,symmetric,mobile,self,direct,四川,电信,武汉,jarvis.C,host,true,on,0.3719
node_001716,10001,egress,vm,staticNetSingle,fullcone,unicom,agent,direct,四川,电信,成都,jarvis.B,vm,true,on,0.3431
node_001717,20002,pcdn,box,pppoe,public,multi,self,direct,北京,联通,杭州,jarvis.A,host,true,off,0.7584
node_001718,20002,idc,server,dhcp,public,mobile,self,direct,四川,联通,武汉,jarvis.A,host,true,off,0.2231
node_001719,77882,pcdn,server,dhcp,fullcone,mobile,agent,direct,四川,移动,武汉,jarvis.A,vm,false,on,0.6739
node_001720,77882,egress,vm,dhcp,fullcone,mobile,agent,direct,北京,联通,武汉,jarvis.B,host,true,on,0.8694
node_001721,30003,egress,vm,pppoe,fullcone,telecom,agent,resell,浙江,移动,杭州,jarvis.C,host,false,on,0.6507
node_001722,77882,egress,vm,dhcp,fullcone,mobile,self,direct,四川,移动,武汉,jarvis.B,vm,true,off,0.9024
node_001723,20002,pcdn,server,staticNetSingle,fullcone,unicom,self,resell,四川,电信,广州,jarvis.C,host,true,on,0.3731
node_001724,10001,idc,server,dhcp,public,mobile,self,resell,浙江,联通,成都,jarvis.C,vm,false,off,0.7504
node_001725,77882,idc,box,staticNetSingle,public,mobile,agent,resell,广东,移动,北京,jarvis.A,host,false,on,0.9341
node_001726,77882,egress,server,staticNetSingle,fullcone,multi,agent,resell,湖北,移动,广州,jarvis.B,host,false,off,0.7777
node_001727,77882,pcdn,box,staticNetSingle,public,telecom,agent,direct,四川,电信,成都,jarvis.C,host,false,off,0.8663
node_001728,10001,idc,vm,staticNetSingle,fullcone,mobile,self,resell,北京,联通,广州,jarvis.C,host,true,on,0.7732
node_001729,77882,pcdn,vm,staticNetSingle,symmetric,telecom,self,resell,湖北,电信,杭州,jarvis.C,host,false,on,0.3589
node_001730,20002,idc,vm,pppoe,public,mobile,agent,resell,四川,移动,杭州,jarvis.A,vm,false,on,0.6825
node_001731,10001,egress,vm,pppoe,public,telecom,self,direct,浙江,联通,武汉,jarvis.B,vm,true,off,0.5522
node_001732,10001,egress,box,dhcp,symmetric,unicom,agent,direct,北京,电信,广州,jarvis.B,vm,false,on,0.3623
node_001733,10001,pcdn,vm,dhcp,symmetric,unicom,agent,direct,湖北,移动,广州,jarvis.A,host,false,off,0.8744
node_001734,77882,egress,server,staticNetSingle,public,mobile,agent,resell,四川,联通,武汉,jarvis.B,host,false,on,0.5239
node_001735,10001,pcdn,vm,dhcp,public,unicom,self,direct,浙江,移动,北京,jarvis.C,vm,true,on,0.1766
node_001736,20002,idc,server,staticNetSingle,public,multi,agent,resell,浙江,电信,广州,jarvis.A,host,true,off,0.585
node_001737,77882,pcdn,vm,staticNetSingle,symmetric,multi,agent,resell,湖北,联通,北京,jarvis.B,vm,false,off,0.3586
node_001738,77882,pcdn,vm,staticNetSingle,public,telecom,agent,direct,四川,移动,杭州,jarvis.A,host,false,on,0.4179
node_001739,30003,pcdn,box,staticNetSingle,public,mobile,self,resell,湖北,移动,广州,jarvis.B,vm,false,on,0.3591
node_001740,10001,egress,server,staticNetSingle,public,mobile,agent,direct,浙江,联通,武汉,jarvis.B,vm,false,on,0.8077
node_001741,77882,idc,vm,pppoe,symmetric,unicom,self,resell,湖北,电信,北京,jarvis.B,host,false,on,0.5459
node_001742,77882,idc,box,dhcp,fullcone,unicom,agent,direct,湖北,电信,武汉,jarvis.A,host,false,on,0.5584
node_001743,77882,pcdn,vm,dhcp,public,multi,self,direct,浙江,电信,广州,jarvis.C,vm,true,on,0.3835
node_001744,30003,egress,server,staticNetSingle,fullcone,mobile,self,direct,四川,联通,武汉,jarvis.C,vm,false,off,0.7592
node_001745,77882,pcdn,server,pppoe,public,telecom,agent,resell,湖北,联通,杭州,jarvis.B,vm,true,on,0.5939
node_001746,77882,pcdn,server,staticNetSingle,public,mobile,agent,resell,四川,电信,广州,jarvis.A,host,true,off,0.6407
node_001747,10001,idc,vm,pppoe,public,mobile,self,resell,湖北,移动,武汉,jarvis.A,host,false,off,0.3485
node_001748,30003,pcdn,box,dhcp,symmetric,telecom,self,direct,广东,移动,杭州,jarvis.B,vm,true,off,0.8998
node_001749,20002,egress,box,pppoe,fullcone,telecom,self,direct,北京,电信,成都,jarvis.B,host,true,off,0.2868
node_001750,10001,idc,vm,pppoe,public,unicom,self,direct,湖北,移动,成都,jarvis.A,host,false,off,0.6746
node_001751,30003,egress,box,dhcp,fullcone,telecom,self,direct,四川,联通,杭州,jarvis.A,vm,false,on,0.8883
node_001752,20002,pcdn,box,dhcp,public,telecom,self,resell,浙江,联通,广州,jarvis.A,host,false,on,0.7532
node_001753,30003,egress,box,staticNetSingle,symmetric,mobile,agent,direct,广东,移动,杭州,jarvis.C,vm,false,on,0.5262
node_001754,10001,pcdn,server,pppoe,fullcone,mobile,self,direct,浙江,联通,成都,jarvis.C,host,false,on,0.8564
node_001755,10001,idc,box,dhcp,public,unicom,self,resell,湖北,电信,武汉,jarvis.C,host,true,on,0.6398
node_001756,77882,pcdn,vm,pppoe,fullcone,unicom,agent,resell,四川,移动,北京,jarvis.C,vm,true,on,0.961
node_001757,20002,idc,box,staticNetSingle,symmetric,multi,agent,direct,广东,电信,武汉,jarvis.C,host,false,on,0.4068
node_001758,30003,idc,server,staticNetSingle,fullcone,mobile,self,direct,浙江,移动,成都,jarvis.B,vm,true,off,0.4123
node_001759,30003,egress,vm,pppoe,public,telecom,self,direct,四川,电信,北京,jarvis.B,vm,false,off,0.7847
node_001760,20002,egress,vm,staticNetSingle,symmetric,telecom,agent,resell,北京,电信,杭州,jarvis.B,vm,true,on,0.7403
node_001761,20002,pcdn,server,pppoe,fullcone,multi,agent,resell,四川,联通,成都,jarvis.A,vm,true,off,0.7408
node_001762,20002,idc,box,staticNetSingle,public,unicom,self,resell,北京,电信,武汉,jarvis.B,vm,false,off,0.6374
node_001763,10001,egress,vm,staticNetSingle,public,mobile,self,resell,广东,移动,北京,jarvis.C,host,false,off,0.8385
node_001764,20002,pcdn,box,staticNetSingle,public,telecom,self,resell,广东,联通,武汉,jarvis.C,host,true,off,0.7326
node_001765,77882,idc,server,dhcp,fullcone,multi,agent,direct,浙江,电信,广州,jarvis.A,vm,false,off,0.3148
node_001766,77882,idc,server,dhcp,symmetric,multi,agent,direct,浙江,电信,杭州,jarvis.B,host,true,on,0.1386
node_001767,30003,egress,box,staticNetSingle,fullcone,mobile,agent,direct,浙江,移动,广州,jarvis.B,host,true,off,0.1023
node_001768,20002,egress,server,staticNetSingle,symmetric,telecom,agent,resell,湖北,移动,北京,jarvis.B,vm,false,off,0.5202
node_001769,10001,idc,vm,pppoe,public,mobile,self,resell,湖北,电信,杭州,jarvis.A,vm,false,on,0.2785
node_001770,20002,egress,server,dhcp,fullcone,multi,self,direct,湖北,联通,北京,jarvis.C,vm,false,off,0.3921
node_001771,30003,egress,server,staticNetSingle,symmetric,multi,self,direct,浙江,电信,成都,jarvis.B,vm,true,on,0.1989
node_001772,20002,idc,box,staticNetSingle,fullcone,unicom,agent,resell,北京,电信,广州,jarvis.C,vm,true,off,0.9152
node_001773,20002,idc,server,dhcp,symmetric,multi,agent,resell,四川,移动,杭州,jarvis.B,host,false,off,0.1914
node_001774,30003,idc,box,pppoe,fullcone,unicom,agent,resell,北京,电信,成都,jarvis.C,vm,true,on,0.3749
node_001775,77882,pcdn,server,pppoe,public,unicom,self,direct,浙江,联通,广州,jarvis.B,vm,true,on,0.8451
node_001776,77882,egress,box,dhcp,public,telecom,self,resell,广东,电信,北京,jarvis.C,host,false,on,0.9288
node_001777,10001,pcdn,box,dhcp,public,multi,agent,direct,湖北,移动,广州,jarvis.C,vm,true,off,0.7814
node_001778,10001,pcdn,server,staticNetSingle,symmetric,mobile,agent,resell,浙江,电信,北京,jarvis.A,vm,true,on,0.1988
node_001779,77882,pcdn,vm,dhcp,symmetric,telecom,agent,resell,北京,电信,杭州,jarvis.B,host,false,off,0.8179
node_001780,30003,egress,box,pppoe,fullcone,mobile,self,resell,浙江,电信,杭州,jarvis.C,host,false,on,0.1529
node_001781,10001,egress,server,dhcp,fullcone,multi,agent,direct,四川,移动,成都,jarvis.C,vm,true,off,0.8199
node_001782,10001,egress,vm,staticNetSingle,symmetric,unicom,agent,direct,四川,电信,杭州,jarvis.A,host,false,on,0.3341
node_001783,30003,idc,box,staticNetSingle,fullcone,telecom,self,direct,四川,电信,武汉,jarvis.B,vm,true,off,0.5915
node_001784,20002,idc,server,pppoe,public,telecom,self,direct,浙江,联通,成都,jarvis.C,host,false,on,0.5346
node_001785,30003,egress,vm,pppoe,symmetric,unicom,self,direct,浙江,移动,广州,jarvis.B,vm,false,on,0.2406
node_001786,30003,egress,vm,pppoe,symmetric,mobile,self,direct,湖北,移动,武汉,jarvis.C,host,false,on,0.9481
node_001787,20002,egress,box,staticNetSingle,symmetric,mobile,agent,direct,北京,移动,武汉,jarvis.C,host,false,off,0.6919
node_001788,77882,idc,box,dhcp,public,unicom,self,direct,湖北,电信,武汉,jarvis.B,vm,false,off,0.1659
node_001789,20002,egress,vm,dhcp,public,multi,self,resell,浙江,联通,武汉,jarvis.A,host,false,off,0.7375
node_001790,20002,idc,vm,staticNetSingle,public,mobile,agent,direct,北京,移动,武汉,jarvis.B,vm,false,on,0.504
node_001791,77882,egress,vm,pppoe,symmetric,unicom,self,resell,四川,联通,广州,jarvis.A,vm,true,off,0.6544
node_001792,10001,idc,server,dhcp,fullcone,unicom,agent,direct,广东,电信,广州,jarvis.C,vm,true,on,0.2622
node_001793,20002,egress,vm,staticNetSingle,public,unicom,agent,resell,浙江,联通,武汉,jarvis.A,vm,false,off,0.8644
node_001794,77882,pcdn,server,dhcp,fullcone,mobile,self,direct,浙江,电信,武汉,jarvis.B,host,false,off,0.764
node_001795,30003,idc,server,staticNetSingle,public,mobile,agent,direct,四川,移动,北京,jarvis.C,host,false,on,0.8175
node_001796,30003,egress,vm,pppoe,symmetric,multi,agent,resell,浙江,联通,北京,jarvis.A,host,false,on,0.2186
node_001797,30003,idc,vm,dhcp,fullcone,mobile,self,resell,广东,移动,成都,jarvis.A,vm,true,off,0.4665
node_001798,10001,idc,server,dhcp,fullcone,telecom,self,direct,湖北,移动,成都,jarvis.C,host,false,on,0.8456
node_001799,20002,idc,server,staticNetSingle,fullcone,multi,agent,direct,广东,电信,广州,jarvis.A,host,false,off,0.9113
node_001800,20002,egress,box,staticNetSingle,public,mobile,self,resell,湖北,联通,北京,jarvis.C,host,false,on,0.2389
node_001801,30003,egress,box,dhcp,public,telecom,self,direct,湖北,联通,成都,jarvis.C,vm,true,on,0.8424
node_001802,20002,idc,box,dhcp,symmetric,mobile,self,direct,浙江,联通,武汉,jarvis.C,host,false,on,0.258
node_001803,10001,idc,box,dhcp,symmetric,mobile,self,direct,四川,移动,杭州,jarvis.C,vm,true,on,0.6405
node_001804,30003,pcdn,server,dhcp,fullcone,mobile,self,resell,北京,联通,北京,jarvis.C,vm,true,off,0.4209
node_001805,30003,egress,server,dhcp,symmetric,unicom,agent,direct,四川,移动,武汉,jarvis.B,host,true,on,0.2344
node_001806,20002,idc,box,dhcp,symmetric,multi,agent,direct,广东,联通,成都,jarvis.B,host,true,off,0.8405
node_001807,10001,pcdn,box,pppoe,fullcone,multi,agent,direct,广东,联通,杭州,jarvis.C,vm,false,on,0.9177
node_001808,77882,idc,box,dhcp,fullcone,mobile,agent,direct,四川,电信,北京,jarvis.B,vm,true,off,0.3771
node_001809,77882,idc,vm,pppoe,fullcone,telecom,self,resell,浙江,移动,武汉,jarvis.C,host,true,on,0.9063
node_001810,10001,idc,box,pppoe,fullcone,unicom,self,resell,浙江,联通,成都,jarvis.B,host,false,off,0.9304
node_001811,30003,idc,box,staticNetSingle,symmetric,mobile,agent,resell,广东,电信,杭州,jarvis.B,host,false,on,0.1059
node_001812,20002,idc,server,dhcp,public,mobile,agent,direct,广东,电信,成都,jarvis.B,vm,true,on,0.2703
node_001813,20002,egress,server,pppoe,fullcone,telecom,self,resell,浙江,电信,成都,jarvis.C,vm,false,off,0.3097
node_001814,30003,idc,vm,staticNetSingle,symmetric,unicom,self,resell,湖北,移动,广州,jarvis.A,host,true,off,0.6182
node_001815,30003,idc,server,dhcp,public,unicom,self,direct,湖北,电信,成都,jarvis.A,host,true,on,0.496
node_001816,30003,idc,vm,pppoe,symmetric,mobile,self,resell,湖北,移动,杭州,jarvis.A,vm,false,off,0.8341
node_001817,20002,egress,server,pppoe,public,multi,agent,direct,湖北,电信,杭州,jarvis.A,host,true,on,0.3923
node_001818,30003,egress,vm,dhcp,symmetric,unicom,self,direct,广东,移动,北京,jarvis.B,vm,false,on,0.8114
node_001819,77882,pcdn,server,pppoe,public,telecom,self,direct,广东,联通,北京,jarvis.C,vm,false,on,0.2653
node_001820,20002,pcdn,vm,staticNetSingle,public,mobile,agent,resell,湖北,电信,广州,jarvis.C,host,true,on,0.9785
node_001821,30003,idc,box,dhcp,symmetric,mobile,self,direct,湖北,电信,杭州,jarvis.C,host,true,off,0.3381
node_001822,20002,pcdn,server,staticNetSingle,symmetric,unicom,agent,resell,广东,移动,广州,jarvis.B,host,true,on,0.3274
node_001823,77882,egress,box,staticNetSingle,public,multi,self,resell,湖北,联通,北京,jarvis.B,host,false,off,0.2593
node_001824,77882,pcdn,server,dhcp,fullcone,unicom,self,resell,北京,移动,广州,jarvis.C,vm,false,off,0.17
node_001825,77882,egress,server,dhcp,fullcone,mobile,agent,resell,广东,移动,北京,jarvis.B,vm,false,off,0.4532
node_001826,10001,pcdn,server,staticNetSingle,public,unicom,self,direct,广东,移动,北京,jarvis.B,vm,false,on,0.3412
node_001827,10001,idc,server,pppoe,fullcone,telecom,agent,direct,湖北,移动,武汉,jarvis.C,host,false,off,0.5408
node_001828,77882,idc,vm,staticNetSingle,fullcone,multi,self,resell,广东,移动,成都,jarvis.C,host,false,off,0.1986
node_001829,10001,pcdn,vm,pppoe,symmetric,multi,self,resell,广东,联通,北京,jarvis.A,vm,false,on,0.1961
node_001830,77882,pcdn,box,dhcp,symmetric,unicom,self,resell,北京,移动,成都,jarvis.A,host,true,off,0.8176
node_001831,30003,pcdn,box,pppoe,public,multi,self,direct,北京,移动,北京,jarvis.A,host,false,off,0.544
node_001832,77882,idc,server,staticNetSingle,symmetric,mobile,agent,direct,浙江,联通,北京,jarvis.A,vm,false,off,0.9535
node_001833,10001,idc,box,dhcp,symmetric,unicom,agent,direct,北京,移动,北京,jarvis.C,vm,false,on,0.9757
node_001834,10001,pcdn,vm,pppoe,symmetric,multi,agent,direct,广东,电信,杭州,jarvis.B,vm,true,on,0.4611
node_001835,20002,pcdn,server,staticNetSingle,fullcone,multi,self,resell,北京,移动,武汉,jarvis.A,vm,true,on,0.9226
node_001836,20002,idc,box,dhcp,public,telecom,self,direct,广东,移动,成都,jarvis.C,vm,false,off,0.1578
node_001837,20002,pcdn,vm,staticNetSingle,fullcone,mobile,self,resell,广东,移动,杭州,jarvis.A,vm,true,off,0.3147
node_001838,10001,pcdn,server,dhcp,fullcone,multi,agent,direct,四川,联通,北京,jarvis.B,vm,true,off,0.6666
node_001839,77882,idc,server,pppoe,symmetric,telecom,agent,resell,北京,联通,北京,jarvis.A,host,true,on,0.2093
node_001840,20002,egress,box,pppoe,public,mobile,agent,direct,北京,移动,武汉,jarvis.B,vm,true,off,0.3863
node_001841,20002,pcdn,box,pppoe,symmetric,telecom,self,resell,北京,移动,广州,jarvis.B,host,false,on,0.1883
node_001842,10001,idc,server,staticNetSingle,symmetric,mobile,self,resell,湖北,电信,杭州,jarvis.B,vm,false,on,0.4025
node_001843,30003,egress,server,dhcp,fullcone,multi,agent,resell,四川,联通,成都,jarvis.C,host,false,off,0.1271
node_001844,10001,idc,server,staticNetSingle,fullcone,multi,agent,resell,四川,联通,杭州,jarvis.A,host,false,on,0.7496
node_001845,77882,pcdn,server,staticNetSingle,symmetric,mobile,agent,resell,广东,联通,武汉,jarvis.A,vm,true,on,0.3733
node_001846,77882,pcdn,vm,staticNetSingle,fullcone,unicom,self,direct,四川,移动,广州,jarvis.A,host,false,on,0.3993
node_001847,20002,egress,box,dhcp,public,unicom,agent,resell,广东,电信,武汉,jarvis.C,vm,false,off,0.5861
node_001848,20002,pcdn,vm,staticNetSingle,symmetric,telecom,agent,direct,四川,电信,成都,jarvis.C,host,false,off,0.6169
node_001849,77882,pcdn,box,pppoe,public,mobile,self,resell,广东,移动,杭州,jarvis.B,vm,false,off,0.7948
node_001850,10001,pcdn,vm,pppoe,fullcone,unicom,self,direct,北京,电信,广州,jarvis.C,host,true,on,0.5647
node_001851,10001,egress,box,staticNetSingle,symmetric,mobile,agent,direct,四川,联通,广州,jarvis.B,host,true,on,0.2311
node_001852,30003,idc,server,staticNetSingle,fullcone,mobile,agent,resell,四川,移动,广州,jarvis.C,vm,true,on,0.5792
node_001853,30003,idc,vm,staticNetSingle,fullcone,mobile,self,direct,湖北,电信,成都,jarvis.A,host,true,on,0.6236
node_001854,30003,idc,server,pppoe,public,unicom,agent,direct,北京,移动,广州,jarvis.C,host,false,off,0.8232
node_001855,20002,idc,box,staticNetSingle,public,mobile,self,resell,广东,移动,成都,jarvis.A,vm,true,on,0.5772
node_001856,10001,idc,server,pppoe,public,multi,agent,direct,湖北,电信,北京,jarvis.B,host,false,on,0.7882
node_001857,30003,pcdn,box,staticNetSingle,symmetric,telecom,agent,direct,北京,电信,广州,jarvis.C,vm,true,on,0.777
node_001858,10001,idc,server,dhcp,public,unicom,agent,resell,北京,移动,北京,jarvis.A,host,false,off,0.2698
node_001859,77882,pcdn,box,staticNetSingle,symmetric,unicom,agent,direct,湖北,电信,武汉,jarvis.C,vm,true,off,0.1746
node_001860,20002,idc,vm,pppoe,fullcone,telecom,agent,resell,北京,联通,杭州,jarvis.A,host,false,off,0.4583
node_001861,30003,egress,server,dhcp,fullcone,unicom,self,resell,浙江,电信,武汉,jarvis.A,host,true,on,0.5911
node_001862,10001,pcdn,vm,staticNetSingle,symmetric,unicom,self,direct,四川,联通,成都,jarvis.A,host,true,on,0.5821
node_001863,77882,idc,server,staticNetSingle,fullcone,mobile,self,direct,广东,电信,杭州,jarvis.C,vm,false,on,0.6594
node_001864,77882,egress,vm,pppoe,symmetric,unicom,agent,resell,北京,联通,杭州,jarvis.A,host,false,on,0.7392
node_001865,20002,egress,server,pppoe,public,multi,self,direct,四川,电信,武汉,jarvis.B,vm,true,off,0.568
node_001866,30003,egress,server,pppoe,fullcone,mobile,agent,resell,四川,联通,杭州,jarvis.C,host,true,on,0.9906
node_001867,10001,pcdn,server,dhcp,fullcone,unicom,agent,direct,四川,联通,成都,jarvis.B,vm,false,on,0.7877
node_001868,10001,egress,server,staticNetSingle,public,unicom,agent,resell,广东,电信,广州,jarvis.B,vm,true,on,0.4885
node_001869,10001,egress,server,staticNetSingle,fullcone,mobile,agent,resell,四川,电信,杭州,jarvis.A,vm,false,off,0.156
node_001870,77882,idc,vm,dhcp,symmetric,telecom,agent,resell,湖北,联通,武汉,jarvis.C,host,true,off,0.6645
node_001871,30003,pcdn,server,pppoe,public,multi,agent,direct,湖北,电信,杭州,jarvis.C,host,false,off,0.7155
node_001872,10001,idc,vm,dhcp,fullcone,mobile,agent,direct,四川,移动,杭州,jarvis.A,vm,true,on,0.9655
node_001873,20002,idc,box,staticNetSingle,symmetric,unicom,agent,resell,湖北,联通,杭州,jarvis.C,vm,false,on,0.1808
node_001874,77882,pcdn,box,dhcp,fullcone,unicom,self,resell,四川,联通,成都,jarvis.C,vm,false,off,0.7903
node_001875,30003,pcdn,server,dhcp,public,telecom,agent,resell,四川,电信,广州,jarvis.B,vm,true,off,0.2005
node_001876,77882,idc,server,staticNetSingle,symmetric,multi,self,resell,北京,移动,武汉,jarvis.C,vm,false,on,0.6579
node_001877,10001,egress,vm,pppoe,public,telecom,agent,direct,浙江,联通,杭州,jarvis.A,host,true,on,0.3646
node_001878,30003,idc,box,pppoe,symmetric,telecom,agent,resell,浙江,联通,广州,jarvis.B,vm,true,off,0.3847
node_001879,30003,pcdn,box,staticNetSingle,public,telecom,self,resell,北京,联通,成都,jarvis.A,vm,true,off,0.2518
node_001880,30003,egress,box,dhcp,public,multi,agent,direct,四川,电信,杭州,jarvis.B,host,true,off,0.7042
node_001881,30003,idc,box,staticNetSingle,public,mobile,self,direct,广东,电信,武汉,jarvis.B,vm,false,off,0.3648
node_001882,30003,egress,server,staticNetSingle,public,telecom,agent,direct,湖北,移动,杭州,jarvis.B,vm,true,on,0.5765
node_001883,30003,idc,box,pppoe,symmetric,multi,agent,resell,浙江,联通,北京,jarvis.B,host,true,off,0.3501
node_001884,20002,idc,vm,dhcp,symmetric,telecom,self,direct,北京,电信,成都,jarvis.B,host,true,on,0.6662
node_001885,77882,pcdn,box,staticNetSingle,fullcone,mobile,self,resell,湖北,移动,成都,jarvis.C,vm,true,on,0.9087
node_001886,20002,egress,box,staticNetSingle,symmetric,telecom,agent,resell,四川,电信,武汉,jarvis.A,host,false,on,0.3285
node_001887,10001,egress,box,pppoe,symmetric,unicom,agent,resell,四川,联通,杭州,jarvis.C,vm,true,on,0.8821
node_001888,20002,idc,vm,dhcp,fullcone,mobile,agent,direct,广东,联通,北京,jarvis.C,host,false,off,0.186
node_001889,30003,egress,box,dhcp,fullcone,multi,agent,resell,湖北,联通,广州,jarvis.A,host,true,off,0.8356
node_001890,10001,pcdn,server,pppoe,public,unicom,agent,direct,四川,电信,杭州,jarvis.C,vm,false,on,0.8141
node_001891,30003,egress,vm,staticNetSingle,fullcone,telecom,self,direct,广东,移动,成都,jarvis.B,host,false,off,0.4354
node_001892,77882,idc,vm,dhcp,public,unicom,self,direct,四川,移动,北京,jarvis.A,host,true,off,0.6211
node_001893,20002,idc,server,pppoe,symmetric,unicom,agent,direct,湖北,联通,武汉,jarvis.C,vm,true,on,0.6493
node_001894,10001,idc,box,staticNetSingle,public,multi,self,resell,广东,移动,北京,jarvis.C,host,true,on,0.2819
node_001895,10001,idc,server,staticNetSingle,symmetric,unicom,agent,resell,湖北,移动,北京,jarvis.B,vm,false,on,0.2895
node_001896,10001,pcdn,vm,dhcp,symmetric,mobile,agent,direct,北京,移动,成都,jarvis.C,vm,false,off,0.5423
node_001897,10001,pcdn,server,pppoe,symmetric,multi,agent,direct,广东,联通,武汉,jarvis.A,host,true,on,0.7027
node_001898,20002,idc,vm,pppoe,symmetric,mobile,self,direct,广东,联通,广州,jarvis.C,host,false,on,0.469
node_001899,30003,idc,vm,pppoe,fullcone,multi,self,resell,广东,联通,北京,jarvis.C,host,false,off,0.5384
node_001900,30003,pcdn,server,staticNetSingle,public,unicom,self,direct,北京,移动,杭州,jarvis.B,vm,false,off,0.446
node_001901,10001,egress,vm,dhcp,fullcone,multi,agent,resell,广东,电信,北京,jarvis.B,host,false,on,0.3055
node_001902,20002,egress,server,staticNetSingle,fullcone,telecom,self,direct,北京,联通,广州,jarvis.A,vm,true,on,0.3195
node_001903,30003,egress,box,staticNetSingle,fullcone,unicom,self,direct,四川,移动,北京,jarvis.A,vm,false,on,0.6415
node_001904,30003,egress,box,staticNetSingle,symmetric,telecom,self,direct,广东,电信,北京,jarvis.B,host,false,on,0.7343
node_001905,30003,idc,vm,pppoe,fullcone,unicom,self,resell,浙江,电信,广州,jarvis.C,vm,false,on,0.6032
node_001906,30003,pcdn,box,dhcp,symmetric,unicom,agent,direct,湖北,移动,武汉,jarvis.B,vm,true,on,0.649
node_001907,77882,pcdn,box,staticNetSingle,public,unicom,agent,resell,北京,联通,北京,jarvis.C,host,true,on,0.978
node_001908,10001,idc,server,pppoe,symmetric,unicom,self,resell,广东,电信,成都,jarvis.A,vm,true,off,0.8008
node_001909,20002,egress,server,staticNetSingle,symmetric,mobile,agent,direct,四川,联通,成都,jarvis.B,host,false,off,0.1201
node_001910,20002,pcdn,vm,dhcp,public,telecom,agent,resell,湖北,电信,武汉,jarvis.B,host,true,on,0.998
node_001911,10001,egress,vm,pppoe,symmetric,multi,agent,direct,湖北,电信,武汉,jarvis.A,vm,false,on,0.9281
node_001912,30003,pcdn,vm,pppoe,fullcone,mobile,agent,resell,湖北,电信,武汉,jarvis.B,host,true,on,0.2685
node_001913,10001,egress,server,pppoe,public,telecom,agent,resell,浙江,移动,北京,jarvis.C,host,false,on,0.4242
node_001914,20002,pcdn,box,dhcp,fullcone,mobile,agent,resell,浙江,电信,杭州,jarvis.B,host,true,on,0.2969
node_001915,20002,idc,server,dhcp,symmetric,mobile,self,direct,浙江,电信,武汉,jarvis.B,host,true,off,0.6136
node_001916,10001,egress,box,dhcp,symmetric,mobile,agent,direct,湖北,联通,广州,jarvis.A,host,true,on,0.9149
node_001917,77882,idc,vm,staticNetSingle,fullcone,unicom,self,direct,广东,电信,成都,jarvis.A,host,false,off,0.9729
node_001918,20002,pcdn,server,staticNetSingle,fullcone,mobile,self,resell,四川,电信,武汉,jarvis.B,vm,true,off,0.6401
node_001919,10001,pcdn,vm,staticNetSingle,public,unicom,self,direct,四川,移动,杭州,jarvis.B,vm,true,off,0.2528
node_001920,77882,pcdn,server,pppoe,fullcone,telecom,agent,direct,湖北,移动,广州,jarvis.A,vm,true,off,0.6176
node_001921,77882,egress,box,dhcp,symmetric,telecom,self,direct,湖北,移动,广州,jarvis.C,host,false,off,0.9128
node_001922,10001,pcdn,vm,pppoe,fullcone,telecom,self,resell,四川,移动,成都,jarvis.A,host,true,off,0.7378
node_001923,20002,idc,box,staticNetSingle,fullcone,unicom,agent,resell,北京,移动,武汉,jarvis.B,host,false,off,0.5253
node_001924,30003,egress,vm,dhcp,public,multi,self,resell,浙江,移动,广州,jarvis.C,vm,true,off,0.6004
node_001925,20002,egress,vm,pppoe,symmetric,multi,self,resell,广东,电信,武汉,jarvis.B,host,false,on,0.165
node_001926,77882,pcdn,server,pppoe,fullcone,unicom,self,resell,湖北,电信,广州,jarvis.B,vm,false,on,0.8221
node_001927,20002,pcdn,box,staticNetSingle,symmetric,mobile,agent,direct,广东,联通,武汉,jarvis.B,vm,true,on,0.7847
node_001928,10001,pcdn,vm,pppoe,public,telecom,agent,resell,北京,移动,武汉,jarvis.A,host,false,off,0.4997
node_001929,10001,idc,vm,staticNetSingle,public,mobile,self,resell,广东,电信,武汉,jarvis.A,vm,true,on,0.6687
node_001930,20002,pcdn,vm,pppoe,fullcone,mobile,self,direct,北京,联通,广州,jarvis.A,vm,false,on,0.6779
node_001931,30003,pcdn,vm,pppoe,symmetric,multi,agent,resell,广东,联通,广州,jarvis.C,host,false,off,0.145
node_001932,10001,idc,server,dhcp,public,unicom,agent,direct,北京,移动,杭州,jarvis.A,host,false,on,0.4773
node_001933,10001,idc,box,pppoe,symmetric,unicom,agent,direct,湖北,联通,广州,jarvis.B,host,true,on,0.245
node_001934,20002,egress,box,staticNetSingle,public,mobile,agent,direct,四川,联通,杭州,jarvis.C,vm,true,on,0.6472
node_001935,30003,egress,vm,pppoe,symmetric,telecom,agent,direct,湖北,联通,杭州,jarvis.A,host,false,off,0.7863
node_001936,20002,pcdn,vm,pppoe,fullcone,unicom,self,direct,四川,电信,成都,jarvis.B,vm,false,on,0.31
node_001937,20002,idc,vm,staticNetSingle,public,mobile,self,direct,浙江,联通,武汉,jarvis.C,host,true,on,0.317
node_001938,20002,egress,server,staticNetSingle,fullcone,telecom,self,direct,北京,移动,杭州,jarvis.C,host,false,on,0.4126
node_001939,10001,idc,box,pppoe,public,mobile,self,resell,广东,移动,武汉,jarvis.B,host,true,on,0.359
node_001940,10001,egress,box,dhcp,public,mobile,agent,direct,湖北,联通,成都,jarvis.C,vm,true,off,0.9597
node_001941,10001,idc,server,dhcp,public,unicom,self,direct,浙江,联通,广州,jarvis.C,host,true,on,0.5757
node_001942,30003,egress,box,staticNetSingle,symmetric,mobile,agent,resell,湖北,移动,北京,jarvis.C,host,false,off,0.4537
node_001943,77882,egress,server,staticNetSingle,symmetric,unicom,agent,direct,广东,联通,成都,jarvis.A,vm,false,on,0.5809
node_001944,77882,idc,box,dhcp,fullcone,unicom,agent,resell,广东,联通,成都,jarvis.B,vm,false,on,0.1159
node_001945,77882,idc,vm,pppoe,public,telecom,self,resell,北京,移动,北京,jarvis.A,vm,true,on,0.4876
node_001946,20002,pcdn,box,pppoe,public,unicom,self,resell,四川,移动,武汉,jarvis.A,host,true,on,0.7564
node_001947,77882,idc,vm,pppoe,public,telecom,self,resell,北京,移动,北京,jarvis.C,host,true,on,0.702
node_001948,10001,pcdn,vm,staticNetSingle,symmetric,unicom,agent,direct,广东,联通,成都,jarvis.A,host,true,on,0.7931
node_001949,30003,pcdn,server,dhcp,fullcone,mobile,agent,resell,北京,电信,广州,jarvis.B,host,false,off,0.2913
node_001950,77882,egress,server,staticNetSingle,public,mobile,agent,resell,广东,移动,武汉,jarvis.B,host,true,on,0.7461
node_001951,10001,pcdn,box,staticNetSingle,fullcone,telecom,self,direct,浙江,联通,北京,jarvis.A,host,false,on,0.5215
node_001952,20002,idc,vm,dhcp,fullcone,mobile,self,resell,广东,移动,北京,jarvis.C,host,true,on,0.6266
node_001953,30003,egress,vm,pppoe,fullcone,telecom,self,resell,浙江,电信,广州,jarvis.A,host,true,off,0.4498
node_001954,77882,pcdn,server,dhcp,fullcone,mobile,self,direct,湖北,移动,杭州,jarvis.C,host,false,on,0.8953
node_001955,20002,egress,server,pppoe,fullcone,mobile,agent,resell,广东,移动,成都,jarvis.B,host,false,on,0.2474
node_001956,77882,egress,vm,dhcp,fullcone,mobile,self,resell,四川,电信,杭州,jarvis.B,vm,true,on,0.9931
node_001957,20002,idc,box,pppoe,public,mobile,self,resell,北京,移动,武汉,jarvis.B,vm,true,off,0.7807
node_001958,30003,pcdn,vm,dhcp,public,mobile,agent,direct,四川,联通,成都,jarvis.C,host,true,off,0.1516
node_001959,30003,egress,server,dhcp,symmetric,multi,self,resell,浙江,电信,武汉,jarvis.C,vm,false,off,0.748
node_001960,77882,egress,server,staticNetSingle,symmetric,multi,self,resell,浙江,电信,广州,jarvis.A,host,true,off,0.4011
node_001961,20002,idc,server,dhcp,fullcone,multi,agent,direct,浙江,联通,杭州,jarvis.C,host,true,off,0.2621
node_001962,77882,idc,vm,pppoe,public,multi,agent,resell,四川,联通,成都,jarvis.A,host,false,on,0.3361
node_001963,30003,pcdn,vm,dhcp,symmetric,mobile,agent,resell,广东,电信,杭州,jarvis.A,host,false,on,0.5294
node_001964,77882,idc,vm,dhcp,public,telecom,agent,resell,四川,移动,杭州,jarvis.B,host,false,on,0.4362
node_001965,10001,pcdn,server,staticNetSingle,public,unicom,agent,direct,四川,联通,广州,jarvis.A,vm,true,off,0.6403
node_001966,10001,pcdn,server,pppoe,fullcone,mobile,self,direct,湖北,电信,杭州,jarvis.B,vm,true,off,0.4955
node_001967,30003,pcdn,server,pppoe,public,multi,agent,resell,四川,移动,武汉,jarvis.A,vm,true,on,0.311
node_001968,30003,pcdn,vm,staticNetSingle,fullcone,multi,self,direct,北京,移动,成都,jarvis.B,vm,false,off,0.1832
node_001969,10001,egress,server,dhcp,fullcone,multi,agent,resell,湖北,电信,武汉,jarvis.B,host,true,on,0.3243
node_001970,77882,egress,vm,pppoe,fullcone,telecom,self,resell,广东,联通,杭州,jarvis.C,host,true,off,0.7681
node_001971,30003,egress,server,dhcp,symmetric,multi,self,direct,四川,移动,杭州,jarvis.A,vm,true,off,0.1508
node_001972,30003,idc,server,staticNetSingle,public,multi,agent,direct,北京,电信,成都,jarvis.C,host,true,off,0.1115
node_001973,30003,egress,box,dhcp,fullcone,multi,agent,resell,四川,移动,北京,jarvis.C,vm,true,on,0.7567
node_001974,77882,idc,server,pppoe,symmetric,multi,agent,resell,四川,移动,北京,jarvis.A,vm,true,on,0.437
node_001975,10001,pcdn,vm,pppoe,public,multi,self,direct,四川,移动,广州,jarvis.C,vm,true,off,0.109
node_001976,20002,pcdn,server,pppoe,public,unicom,agent,resell,浙江,电信,北京,jarvis.C,host,true,off,0.7748
node_001977,20002,idc,server,dhcp,public,mobile,agent,direct,广东,移动,杭州,jarvis.A,host,true,off,0.3911
node_001978,10001,idc,vm,dhcp,fullcone,multi,agent,resell,湖北,电信,武汉,jarvis.B,vm,true,off,0.9864
node_001979,10001,idc,vm,staticNetSingle,symmetric,telecom,agent,direct,浙江,联通,北京,jarvis.A,vm,true,off,0.1362
node_001980,77882,pcdn,box,pppoe,fullcone,unicom,agent,resell,四川,联通,成都,jarvis.B,vm,true,off,0.6472
node_001981,30003,egress,box,pppoe,symmetric,telecom,self,direct,北京,移动,武汉,jarvis.C,vm,true,off,0.2499
node_001982,77882,pcdn,box,pppoe,public,multi,agent,resell,湖北,联通,北京,jarvis.B,host,false,off,0.4641
node_001983,30003,pcdn,vm,dhcp,public,unicom,agent,resell,广东,电信,武汉,jarvis.B,host,true,off,0.5792
node_001984,30003,idc,vm,staticNetSingle,public,unicom,agent,resell,北京,电信,北京,jarvis.B,host,true,off,0.4162
node_001985,77882,pcdn,vm,pppoe,public,multi,self,resell,广东,电信,武汉,jarvis.A,host,true,on,0.452
node_001986,10001,egress,box,pppoe,fullcone,unicom,self,direct,四川,电信,武汉,jarvis.C,vm,true,off,0.3486
node_001987,20002,idc,server,staticNetSingle,fullcone,unicom,self,resell,浙江,移动,广州,jarvis.B,host,true,off,0.8568
node_001988,20002,pcdn,box,dhcp,public,unicom,self,direct,浙江,移动,成都,jarvis.C,vm,true,off,0.6938
node_001989,77882,egress,box,pppoe,symmetric,telecom,self,resell,四川,移动,杭州,jarvis.B,host,false,on,0.4532
node_001990,20002,idc,box,staticNetSingle,fullcone,unicom,self,direct,广东,联通,武汉,jarvis.A,vm,true,on,0.9632
node_001991,30003,idc,vm,dhcp,fullcone,unicom,self,direct,湖北,移动,武汉,jarvis.B,vm,false,on,0.7461
node_001992,30003,egress,vm,staticNetSingle,public,unicom,self,direct,湖北,电信,北京,jarvis.C,vm,true,off,0.8791
node_001993,10001,pcdn,server,pppoe,symmetric,unicom,self,resell,湖北,电信,成都,jarvis.A,host,true,off,0.5549
node_001994,20002,idc,vm,pppoe,fullcone,unicom,self,resell,广东,电信,成都,jarvis.B,host,false,on,0.3874
node_001995,77882,pcdn,server,pppoe,fullcone,unicom,self,resell,四川,移动,武汉,jarvis.B,vm,true,off,0.6876
node_001996,77882,idc,box,dhcp,symmetric,telecom,agent,direct,北京,移动,北京,jarvis.C,vm,true,off,0.4584
node_001997,30003,egress,box,dhcp,fullcone,multi,agent,resell,北京,电信,武汉,jarvis.C,vm,false,on,0.7592
node_001998,30003,egress,box,dhcp,public,telecom,agent,resell,北京,电信,武汉,jarvis.B,host,false,on,0.3776
node_001999,20002,pcdn,server,dhcp,public,telecom,self,direct,浙江,联通,杭州,jarvis.A,host,true,on,0.9115
