node_id,business,online_time,cum_cost_7d,cum_revenue_7d
node_000000,kuaishou,2037478,936.55,952.2
node_000000,douyin,2037478,931.63,1052.38
node_000000,tencent_video,2037478,748.85,1166.77
node_000000,iqiyi,2037478,610.59,1021.81
node_000000,bilibili,2037478,708.65,952.16
node_000000,netease,2037478,565.7,768.12
node_000000,default,2037478,479.33,580.71
node_000001,kuaishou,1930423,1278.3,1353.33
node_000001,douyin,1930423,1239.62,1713.92
node_000001,tencent_video,1930423,945.24,2027.2
node_000001,iqiyi,1930423,820.32,1922.74
node_000001,bilibili,1930423,1035.28,1449.04
node_000001,netease,1930423,735.22,1213.04
node_000001,default,1930423,669.34,855.69
node_000002,kuaishou,2023649,934.17,1093.33
node_000002,douyin,2023649,950.7,1219.68
node_000002,tencent_video,2023649,843.09,1269.13
node_000002,iqiyi,2023649,711.63,1229.36
node_000002,bilibili,2023649,869.12,1148.0
node_000002,netease,2023649,668.85,925.86
node_000002,default,2023649,549.9,693.68
node_000003,kuaishou,1443827,958.25,1048.5
node_000003,douyin,1443827,871.2,1184.18
node_000003,tencent_video,1443827,661.1,1305.8
node_000003,iqiyi,1443827,569.75,1199.99
node_000003,bilibili,1443827,690.39,1065.64
node_000003,netease,1443827,551.6,925.44
node_000003,default,1443827,487.0,635.84
node_000004,kuaishou,1813640,1375.18,1331.23
node_000004,douyin,1813640,1227.34,1485.92
node_000004,tencent_video,1813640,926.11,1613.74
node_000004,iqiyi,1813640,827.87,1553.55
node_000004,bilibili,1813640,897.65,1384.81
node_000004,netease,1813640,757.47,1117.84
node_000004,default,1813640,607.65,816.15
node_000005,kuaishou,107863,1017.93,1149.59
node_000005,douyin,107863,961.23,1221.65
node_000005,tencent_video,107863,788.23,1615.67
node_000005,iqiyi,107863,718.56,1388.23
node_000005,bilibili,107863,882.14,1116.89
node_000005,netease,107863,603.51,911.27
node_000005,default,107863,578.93,706.06
node_000006,kuaishou,1349582,713.5,945.13
node_000006,douyin,1349582,663.85,1023.71
node_000006,tencent_video,1349582,567.79,1233.25
node_000006,iqiyi,1349582,525.82,1181.25
node_000006,bilibili,1349582,684.32,903.14
node_000006,netease,1349582,502.58,743.66
node_000006,default,1349582,394.33,512.4
node_000007,kuaishou,1335028,746.56,826.45
node_000007,douyin,1335028,691.41,872.71
node_000007,tencent_video,1335028,523.56,1019.24
node_000007,iqiyi,1335028,543.11,896.37
node_000007,bilibili,1335028,583.78,819.97
node_000007,netease,1335028,476.65,694.69
node_000007,default,1335028,383.46,511.88
node_000008,kuaishou,397312,1339.45,1214.03
node_000008,douyin,397312,1093.03,1525.49
node_000008,tencent_video,397312,886.67,1606.05
node_000008,iqiyi,397312,807.42,1437.55
node_000008,bilibili,397312,1016.58,1290.99
node_000008,netease,397312,746.91,980.41
node_000008,default,397312,631.62,738.59
node_000009,kuaishou,2404242,696.25,921.19
node_000009,douyin,2404242,666.32,1076.25
node_000009,tencent_video,2404242,585.32,1270.03
node_000009,iqiyi,2404242,524.94,1171.96
node_000009,bilibili,2404242,624.83,829.65
node_000009,netease,2404242,474.03,754.14
node_000009,default,2404242,464.88,575.72
node_000010,kuaishou,2065349,1011.54,922.45
node_000010,douyin,2065349,910.1,1071.22
node_000010,tencent_video,2065349,735.52,1110.73
node_000010,iqiyi,2065349,616.32,1185.71
node_000010,bilibili,2065349,726.01,920.78
node_000010,netease,2065349,645.51,948.35
node_000010,default,2065349,487.0,573.76
node_000011,kuaishou,398165,1045.27,1217.08
node_000011,douyin,398165,980.97,1379.15
node_000011,tencent_video,398165,902.34,1619.96
node_000011,iqiyi,398165,799.57,1380.73
node_000011,bilibili,398165,928.1,1233.52
node_000011,netease,398165,679.8,1065.08
node_000011,default,398165,614.09,817.56
node_000012,kuaishou,134685,770.86,1186.06
node_000012,douyin,134685,791.74,1231.15
node_000012,tencent_video,134685,687.18,1435.55
node_000012,iqiyi,134685,635.06,1228.63
node_000012,bilibili,134685,735.14,1119.22
node_000012,netease,134685,567.32,1034.36
node_000012,default,134685,429.42,672.04
node_000013,kuaishou,949689,687.56,798.75
node_000013,douyin,949689,621.63,1032.64
node_000013,tencent_video,949689,591.47,1374.25
node_000013,iqiyi,949689,547.71,1137.38
node_000013,bilibili,949689,656.08,861.64
node_000013,netease,949689,478.82,706.04
node_000013,default,949689,403.65,488.24
node_000014,kuaishou,1881054,885.39,883.19
node_000014,douyin,1881054,829.23,992.68
node_000014,tencent_video,1881054,748.93,1143.01
node_000014,iqiyi,1881054,604.79,925.37
node_000014,bilibili,1881054,732.33,832.26
node_000014,netease,1881054,538.36,764.99
node_000014,default,1881054,515.58,547.88
node_000015,kuaishou,310349,682.03,754.56
node_000015,douyin,310349,606.87,827.73
node_000015,tencent_video,310349,550.83,1170.75
node_000015,iqiyi,310349,481.91,989.47
node_000015,bilibili,310349,563.27,708.93
node_000015,netease,310349,420.31,624.98
node_000015,default,310349,377.61,466.77
node_000016,kuaishou,975523,897.41,1212.49
node_000016,douyin,975523,810.69,1493.77
node_000016,tencent_video,975523,709.76,1308.7
node_000016,iqiyi,975523,697.18,1250.58
node_000016,bilibili,975523,757.04,1239.7
node_000016,netease,975523,527.74,927.1
node_000016,default,975523,461.79,670.39
node_000017,kuaishou,2169235,1061.27,1272.82
node_000017,douyin,2169235,977.22,1447.53
node_000017,tencent_video,2169235,847.37,1519.01
node_000017,iqiyi,2169235,798.27,1404.18
node_000017,bilibili,2169235,904.08,1258.17
node_000017,netease,2169235,693.32,1036.16
node_000017,default,2169235,640.32,662.41
node_000018,kuaishou,1809529,1092.22,1424.04
node_000018,douyin,1809529,1009.31,1469.62
node_000018,tencent_video,1809529,886.2,1543.8
node_000018,iqiyi,1809529,785.51,1440.89
node_000018,bilibili,1809529,997.54,1448.53
node_000018,netease,1809529,680.18,1155.97
node_000018,default,1809529,606.08,819.26
node_000019,kuaishou,2032337,1199.7,1236.02
node_000019,douyin,2032337,1153.39,1372.23
node_000019,tencent_video,2032337,792.14,1598.54
node_000019,iqiyi,2032337,757.01,1409.88
node_000019,bilibili,2032337,915.28,1206.09
node_000019,netease,2032337,696.17,1132.61
node_000019,default,2032337,660.88,730.96
node_000020,kuaishou,564093,1191.64,1579.48
node_000020,douyin,564093,1140.02,2039.1
node_000020,tencent_video,564093,1109.96,2308.18
node_000020,iqiyi,564093,963.08,2090.41
node_000020,bilibili,564093,1088.69,1631.53
node_000020,netease,564093,867.49,1350.76
node_000020,default,564093,775.42,914.55
node_000021,kuaishou,1348553,829.6,1027.07
node_000021,douyin,1348553,769.23,1300.6
node_000021,tencent_video,1348553,689.18,1586.09
node_000021,iqiyi,1348553,622.92,1394.17
node_000021,bilibili,1348553,743.86,974.51
node_000021,netease,1348553,532.34,821.07
node_000021,default,1348553,438.33,687.54
node_000022,kuaishou,806012,1203.21,1671.78
node_000022,douyin,806012,1202.27,1943.16
node_000022,tencent_video,806012,1130.56,2589.38
node_000022,iqiyi,806012,1011.51,2162.95
node_000022,bilibili,806012,1193.2,1835.23
node_000022,netease,806012,827.84,1378.44
node_000022,default,806012,812.14,1008.46
node_000023,kuaishou,468961,858.92,1036.79
node_000023,douyin,468961,794.47,1258.74
node_000023,tencent_video,468961,740.11,1485.29
node_000023,iqiyi,468961,605.17,1359.61
node_000023,bilibili,468961,704.57,1138.79
node_000023,netease,468961,554.93,944.01
node_000023,default,468961,486.06,681.78
node_000024,kuaishou,1308419,808.89,1067.93
node_000024,douyin,1308419,722.57,1237.4
node_000024,tencent_video,1308419,697.99,1431.08
node_000024,iqiyi,1308419,632.03,1191.24
node_000024,bilibili,1308419,768.59,1167.67
node_000024,netease,1308419,555.9,925.89
node_000024,default,1308419,503.77,681.98
node_000025,kuaishou,1237695,816.74,927.05
node_000025,douyin,1237695,692.8,1194.37
node_000025,tencent_video,1237695,632.64,1637.57
node_000025,iqiyi,1237695,661.71,1309.51
node_000025,bilibili,1237695,672.51,1066.47
node_000025,netease,1237695,577.86,841.19
node_000025,default,1237695,473.76,690.03
node_000026,kuaishou,1205211,1173.85,1375.95
node_000026,douyin,1205211,1115.84,1578.27
node_000026,tencent_video,1205211,923.28,2182.8
node_000026,iqiyi,1205211,891.01,1912.17
node_000026,bilibili,1205211,916.92,1454.98
node_000026,netease,1205211,723.45,1218.5
node_000026,default,1205211,620.02,869.09
node_000027,kuaishou,11664,1096.84,1168.61
node_000027,douyin,11664,1009.91,1285.95
node_000027,tencent_video,11664,876.11,1352.89
node_000027,iqiyi,11664,649.15,1357.04
node_000027,bilibili,11664,971.01,1118.58
node_000027,netease,11664,592.63,955.39
node_000027,default,11664,565.94,678.52
node_000028,kuaishou,1057385,1099.91,1142.55
node_000028,douyin,1057385,986.2,1410.33
node_000028,tencent_video,1057385,971.4,1859.85
node_000028,iqiyi,1057385,867.06,1559.93
node_000028,bilibili,1057385,961.12,1270.77
node_000028,netease,1057385,680.48,1072.6
node_000028,default,1057385,660.21,738.32
node_000029,kuaishou,2356295,862.53,1195.71
node_000029,douyin,2356295,919.31,1275.91
node_000029,tencent_video,2356295,770.22,1498.3
node_000029,iqiyi,2356295,755.02,1416.38
node_000029,bilibili,2356295,883.93,1172.86
node_000029,netease,2356295,654.1,1017.91
node_000029,default,2356295,595.2,733.54
node_000030,kuaishou,1692374,1327.57,1386.22
node_000030,douyin,1692374,1255.16,1432.27
node_000030,tencent_video,1692374,907.99,2022.84
node_000030,iqiyi,1692374,753.53,1763.32
node_000030,bilibili,1692374,948.99,1389.36
node_000030,netease,1692374,799.87,1178.33
node_000030,default,1692374,628.82,839.68
node_000031,kuaishou,290486,1379.89,1819.48
node_000031,douyin,290486,1188.71,1949.36
node_000031,tencent_video,290486,1190.05,2709.87
node_000031,iqiyi,290486,982.61,2415.61
node_000031,bilibili,290486,1276.27,1629.15
node_000031,netease,290486,851.6,1490.9
node_000031,default,290486,864.26,1118.9
node_000032,kuaishou,2381589,967.23,875.43
node_000032,douyin,2381589,784.32,858.97
node_000032,tencent_video,2381589,708.45,1337.18
node_000032,iqiyi,2381589,576.2,1007.46
node_000032,bilibili,2381589,711.9,880.64
node_000032,netease,2381589,588.24,733.72
node_000032,default,2381589,463.48,482.34
node_000033,kuaishou,825290,1383.21,1899.05
node_000033,douyin,825290,1279.9,2131.53
node_000033,tencent_video,825290,1163.63,2272.28
node_000033,iqiyi,825290,924.43,1974.33
node_000033,bilibili,825290,1151.18,1672.99
node_000033,netease,825290,978.04,1650.6
node_000033,default,825290,843.05,1086.11
node_000034,kuaishou,10387,763.41,722.99
node_000034,douyin,10387,642.45,805.75
node_000034,tencent_video,10387,508.7,1027.54
node_000034,iqiyi,10387,432.09,906.6
node_000034,bilibili,10387,513.07,648.78
node_000034,netease,10387,416.44,599.75
node_000034,default,10387,323.56,412.68
node_000035,kuaishou,1756393,836.53,1029.87
node_000035,douyin,1756393,681.63,1173.21
node_000035,tencent_video,1756393,667.94,1282.82
node_000035,iqiyi,1756393,577.51,1154.82
node_000035,bilibili,1756393,676.32,1004.17
node_000035,netease,1756393,536.85,863.51
node_000035,default,1756393,468.18,630.53
node_000036,kuaishou,1901218,1111.67,1349.75
node_000036,douyin,1901218,1079.23,1352.72
node_000036,tencent_video,1901218,943.27,1829.66
node_000036,iqiyi,1901218,785.52,1465.14
node_000036,bilibili,1901218,934.65,1297.02
node_000036,netease,1901218,727.9,1236.44
node_000036,default,1901218,706.95,800.95
node_000037,kuaishou,1505924,993.71,1059.49
node_000037,douyin,1505924,847.53,1297.24
node_000037,tencent_video,1505924,791.05,1367.55
node_000037,iqiyi,1505924,711.34,1206.89
node_000037,bilibili,1505924,846.94,974.51
node_000037,netease,1505924,652.92,872.13
node_000037,default,1505924,513.01,645.52
node_000038,kuaishou,117088,1008.02,1125.51
node_000038,douyin,117088,807.37,1163.92
node_000038,tencent_video,117088,810.16,1664.37
node_000038,iqiyi,117088,725.82,1478.94
node_000038,bilibili,117088,860.79,1175.14
node_000038,netease,117088,612.5,897.8
node_000038,default,117088,536.44,682.91
node_000039,kuaishou,656438,1133.78,1226.95
node_000039,douyin,656438,944.92,1495.32
node_000039,tencent_video,656438,828.79,1618.27
node_000039,iqiyi,656438,812.09,1386.56
node_000039,bilibili,656438,1017.46,1230.36
node_000039,netease,656438,792.16,1067.22
node_000039,default,656438,588.28,764.59
node_000040,kuaishou,2266898,1090.34,1108.3
node_000040,douyin,2266898,882.14,1174.23
node_000040,tencent_video,2266898,736.36,1565.62
node_000040,iqiyi,2266898,672.96,1358.21
node_000040,bilibili,2266898,884.27,1028.76
node_000040,netease,2266898,628.52,871.69
node_000040,default,2266898,540.85,622.73
node_000041,kuaishou,77901,856.49,946.87
node_000041,douyin,77901,795.96,1105.27
node_000041,tencent_video,77901,716.49,1113.2
node_000041,iqiyi,77901,646.32,851.21
node_000041,bilibili,77901,755.78,741.29
node_000041,netease,77901,516.33,788.09
node_000041,default,77901,506.19,512.39
node_000042,kuaishou,2394446,1190.65,1492.12
node_000042,douyin,2394446,1022.56,1697.01
node_000042,tencent_video,2394446,960.66,2345.8
node_000042,iqiyi,2394446,899.47,1945.21
node_000042,bilibili,2394446,1042.0,1511.46
node_000042,netease,2394446,822.76,1207.05
node_000042,default,2394446,662.01,946.41
node_000043,kuaishou,2192851,572.03,715.19
node_000043,douyin,2192851,555.42,789.55
node_000043,tencent_video,2192851,535.0,1133.38
node_000043,iqiyi,2192851,502.82,989.74
node_000043,bilibili,2192851,535.37,715.96
node_000043,netease,2192851,425.88,601.64
node_000043,default,2192851,361.23,439.52
node_000044,kuaishou,1699101,910.03,944.04
node_000044,douyin,1699101,877.73,1128.12
node_000044,tencent_video,1699101,593.63,1191.99
node_000044,iqiyi,1699101,552.73,1109.67
node_000044,bilibili,1699101,670.24,989.22
node_000044,netease,1699101,533.79,869.77
node_000044,default,1699101,460.19,616.07
node_000045,kuaishou,2530124,794.27,899.54
node_000045,douyin,2530124,727.05,1009.9
node_000045,tencent_video,2530124,619.44,1067.18
node_000045,iqiyi,2530124,552.7,998.78
node_000045,bilibili,2530124,590.25,921.0
node_000045,netease,2530124,488.76,750.31
node_000045,default,2530124,397.48,504.31
node_000046,kuaishou,1245734,1035.11,1115.42
node_000046,douyin,1245734,901.97,1280.73
node_000046,tencent_video,1245734,821.32,1647.93
node_000046,iqiyi,1245734,775.68,1428.05
node_000046,bilibili,1245734,891.39,1071.46
node_000046,netease,1245734,640.83,890.62
node_000046,default,1245734,575.21,712.27
node_000047,kuaishou,1095898,1238.28,1759.76
node_000047,douyin,1095898,1183.64,1873.94
node_000047,tencent_video,1095898,1086.07,2470.52
node_000047,iqiyi,1095898,962.05,2123.1
node_000047,bilibili,1095898,1038.2,1515.2
node_000047,netease,1095898,878.24,1376.33
node_000047,default,1095898,721.98,985.58
node_000048,kuaishou,2531513,968.2,1056.57
node_000048,douyin,2531513,865.18,1209.48
node_000048,tencent_video,2531513,721.78,1591.51
node_000048,iqiyi,2531513,640.72,1299.36
node_000048,bilibili,2531513,854.13,1068.16
node_000048,netease,2531513,656.38,859.49
node_000048,default,2531513,503.78,607.66
node_000049,kuaishou,1344,1182.39,1479.68
node_000049,douyin,1344,1081.97,1869.55
node_000049,tencent_video,1344,992.17,1844.02
node_000049,iqiyi,1344,803.26,1569.32
node_000049,bilibili,1344,1033.16,1442.22
node_000049,netease,1344,852.77,1258.95
node_000049,default,1344,742.92,898.82
node_000050,kuaishou,1947864,867.53,889.2
node_000050,douyin,1947864,816.45,1096.32
node_000050,tencent_video,1947864,712.74,1187.82
node_000050,iqiyi,1947864,644.28,969.28
node_000050,bilibili,1947864,767.43,911.63
node_000050,netease,1947864,565.03,827.38
node_000050,default,1947864,433.79,505.41
node_000051,kuaishou,1841700,1000.94,1094.77
node_000051,douyin,1841700,845.36,1327.93
node_000051,tencent_video,1841700,807.17,1734.87
node_000051,iqiyi,1841700,703.43,1474.78
node_000051,bilibili,1841700,898.67,1182.78
node_000051,netease,1841700,693.83,922.1
node_000051,default,1841700,620.11,669.02
node_000052,kuaishou,1218125,1198.11,1582.87
node_000052,douyin,1218125,1220.11,1926.48
node_000052,tencent_video,1218125,949.3,1818.71
node_000052,iqiyi,1218125,977.84,1589.41
node_000052,bilibili,1218125,991.75,1488.56
node_000052,netease,1218125,826.12,1290.16
node_000052,default,1218125,684.95,884.53
node_000053,kuaishou,2409695,587.21,666.18
node_000053,douyin,2409695,513.08,792.02
node_000053,tencent_video,2409695,560.37,913.58
node_000053,iqiyi,2409695,503.52,822.3
node_000053,bilibili,2409695,573.42,699.5
node_000053,netease,2409695,431.46,645.3
node_000053,default,2409695,357.28,451.79
node_000054,kuaishou,1030384,1009.84,1217.12
node_000054,douyin,1030384,953.03,1466.46
node_000054,tencent_video,1030384,894.08,1686.17
node_000054,iqiyi,1030384,820.05,1520.56
node_000054,bilibili,1030384,928.54,1187.38
node_000054,netease,1030384,658.48,914.94
node_000054,default,1030384,583.24,654.66
node_000055,kuaishou,981312,614.16,766.48
node_000055,douyin,981312,579.7,872.91
node_000055,tencent_video,981312,512.72,910.25
node_000055,iqiyi,981312,469.28,769.44
node_000055,bilibili,981312,568.9,753.74
node_000055,netease,981312,432.01,668.19
node_000055,default,981312,393.72,429.79
node_000056,kuaishou,1927048,990.02,1395.56
node_000056,douyin,1927048,1012.2,1562.81
node_000056,tencent_video,1927048,856.57,1675.74
node_000056,iqiyi,1927048,908.38,1537.21
node_000056,bilibili,1927048,971.45,1312.69
node_000056,netease,1927048,719.45,1019.38
node_000056,default,1927048,650.46,839.34
node_000057,kuaishou,2102015,960.69,982.99
node_000057,douyin,2102015,847.4,1370.06
node_000057,tencent_video,2102015,698.14,1378.35
node_000057,iqiyi,2102015,686.63,1284.05
node_000057,bilibili,2102015,822.55,1144.84
node_000057,netease,2102015,666.94,1041.42
node_000057,default,2102015,561.77,685.97
node_000058,kuaishou,1196796,681.36,931.99
node_000058,douyin,1196796,703.65,977.2
node_000058,tencent_video,1196796,583.65,1468.35
node_000058,iqiyi,1196796,562.62,1263.39
node_000058,bilibili,1196796,707.85,959.77
node_000058,netease,1196796,509.67,905.17
node_000058,default,1196796,427.14,540.23
node_000059,kuaishou,782174,828.25,1154.43
node_000059,douyin,782174,719.28,1314.05
node_000059,tencent_video,782174,765.91,1723.55
node_000059,iqiyi,782174,617.31,1444.59
node_000059,bilibili,782174,718.94,1108.6
node_000059,netease,782174,548.67,998.16
node_000059,default,782174,446.93,702.75
node_000060,kuaishou,2529526,1261.69,1819.9
node_000060,douyin,2529526,1280.4,2153.69
node_000060,tencent_video,2529526,1153.29,2310.8
node_000060,iqiyi,2529526,1104.65,2127.19
node_000060,bilibili,2529526,1028.25,1793.19
node_000060,netease,2529526,907.0,1413.11
node_000060,default,2529526,803.98,1161.53
node_000061,kuaishou,533484,1472.61,1912.77
node_000061,douyin,533484,1348.12,2063.45
node_000061,tencent_video,533484,1261.72,2373.89
node_000061,iqiyi,533484,1061.21,2071.22
node_000061,bilibili,533484,1214.53,1997.43
node_000061,netease,533484,965.22,1694.29
node_000061,default,533484,833.53,1187.95
node_000062,kuaishou,1134885,1134.81,1382.54
node_000062,douyin,1134885,1027.91,1638.77
node_000062,tencent_video,1134885,1010.51,2115.6
node_000062,iqiyi,1134885,811.18,1921.05
node_000062,bilibili,1134885,1037.24,1443.48
node_000062,netease,1134885,783.64,1171.97
node_000062,default,1134885,630.34,802.23
node_000063,kuaishou,1093217,578.85,767.99
node_000063,douyin,1093217,566.16,835.87
node_000063,tencent_video,1093217,578.71,963.47
node_000063,iqiyi,1093217,459.43,764.72
node_000063,bilibili,1093217,535.48,734.72
node_000063,netease,1093217,412.56,596.95
node_000063,default,1093217,389.52,427.42
node_000064,kuaishou,1101811,1089.25,1233.6
node_000064,douyin,1101811,928.7,1407.97
node_000064,tencent_video,1101811,825.82,1657.01
node_000064,iqiyi,1101811,861.16,1449.26
node_000064,bilibili,1101811,843.68,1305.82
node_000064,netease,1101811,718.81,1238.08
node_000064,default,1101811,587.92,775.58
node_000065,kuaishou,927113,1234.63,1541.19
node_000065,douyin,927113,1079.15,1754.68
node_000065,tencent_video,927113,980.73,1807.11
node_000065,iqiyi,927113,894.91,1587.54
node_000065,bilibili,927113,1080.01,1439.7
node_000065,netease,927113,838.62,1221.71
node_000065,default,927113,688.51,887.9
node_000066,kuaishou,707108,754.67,781.09
node_000066,douyin,707108,606.08,787.43
node_000066,tencent_video,707108,537.87,901.11
node_000066,iqiyi,707108,510.47,809.41
node_000066,bilibili,707108,504.83,700.21
node_000066,netease,707108,367.27,628.03
node_000066,default,707108,369.08,439.05
node_000067,kuaishou,1431205,904.19,1038.3
node_000067,douyin,1431205,781.41,1148.4
node_000067,tencent_video,1431205,652.87,1759.96
node_000067,iqiyi,1431205,608.21,1500.08
node_000067,bilibili,1431205,727.47,1084.9
node_000067,netease,1431205,585.13,916.06
node_000067,default,1431205,436.63,628.09
node_000068,kuaishou,1766005,1132.98,1347.84
node_000068,douyin,1766005,992.7,1460.54
node_000068,tencent_video,1766005,915.44,1553.17
node_000068,iqiyi,1766005,771.26,1357.98
node_000068,bilibili,1766005,924.24,1220.07
node_000068,netease,1766005,733.16,1141.29
node_000068,default,1766005,585.86,778.23
node_000069,kuaishou,2576649,998.8,852.4
node_000069,douyin,2576649,887.94,953.09
node_000069,tencent_video,2576649,679.06,986.69
node_000069,iqiyi,2576649,542.75,989.4
node_000069,bilibili,2576649,681.97,839.4
node_000069,netease,2576649,508.62,678.65
node_000069,default,2576649,474.04,496.58
node_000070,kuaishou,253466,1034.3,1096.72
node_000070,douyin,253466,1089.97,1313.79
node_000070,tencent_video,253466,814.73,1653.0
node_000070,iqiyi,253466,712.23,1491.84
node_000070,bilibili,253466,836.5,1111.75
node_000070,netease,253466,648.02,914.9
node_000070,default,253466,579.82,765.88
node_000071,kuaishou,2377889,971.51,1448.17
node_000071,douyin,2377889,1027.71,1625.86
node_000071,tencent_video,2377889,861.15,1607.21
node_000071,iqiyi,2377889,831.4,1474.39
node_000071,bilibili,2377889,976.57,1414.24
node_000071,netease,2377889,668.92,1195.79
node_000071,default,2377889,642.23,796.7
node_000072,kuaishou,1309677,1148.58,1141.08
node_000072,douyin,1309677,1035.45,1445.94
node_000072,tencent_video,1309677,862.33,1738.97
node_000072,iqiyi,1309677,746.89,1438.11
node_000072,bilibili,1309677,898.93,1078.09
node_000072,netease,1309677,697.1,1011.25
node_000072,default,1309677,658.03,670.25
node_000073,kuaishou,2041959,647.76,875.91
node_000073,douyin,2041959,659.87,989.16
node_000073,tencent_video,2041959,539.3,1369.55
node_000073,iqiyi,2041959,537.64,1106.75
node_000073,bilibili,2041959,607.37,804.75
node_000073,netease,2041959,445.28,719.64
node_000073,default,2041959,435.9,505.33
node_000074,kuaishou,667731,807.35,1036.13
node_000074,douyin,667731,775.89,1241.32
node_000074,tencent_video,667731,773.24,1513.69
node_000074,iqiyi,667731,628.39,1376.52
node_000074,bilibili,667731,707.83,1112.96
node_000074,netease,667731,488.65,950.5
node_000074,default,667731,529.86,648.05
node_000075,kuaishou,2520321,814.35,1093.14
node_000075,douyin,2520321,792.24,1204.82
node_000075,tencent_video,2520321,735.63,1566.51
node_000075,iqiyi,2520321,608.28,1624.6
node_000075,bilibili,2520321,775.35,1128.28
node_000075,netease,2520321,532.92,929.13
node_000075,default,2520321,491.11,674.95
node_000076,kuaishou,439898,1087.71,1283.71
node_000076,douyin,439898,1064.79,1543.66
node_000076,tencent_video,439898,842.28,2029.64
node_000076,iqiyi,439898,779.84,1678.23
node_000076,bilibili,439898,961.33,1276.97
node_000076,netease,439898,753.32,1069.69
node_000076,default,439898,611.46,759.71
node_000077,kuaishou,1797656,755.14,958.45
node_000077,douyin,1797656,677.14,1155.34
node_000077,tencent_video,1797656,610.22,1581.83
node_000077,iqiyi,1797656,557.94,1523.41
node_000077,bilibili,1797656,666.84,1015.59
node_000077,netease,1797656,486.14,933.53
node_000077,default,1797656,480.29,616.18
node_000078,kuaishou,2389007,893.74,975.1
node_000078,douyin,2389007,710.93,1078.47
node_000078,tencent_video,2389007,641.61,1270.9
node_000078,iqiyi,2389007,549.33,1236.2
node_000078,bilibili,2389007,631.5,838.31
node_000078,netease,2389007,480.53,772.44
node_000078,default,2389007,424.26,538.7
node_000079,kuaishou,2347812,1226.53,1619.41
node_000079,douyin,2347812,1012.53,1601.59
node_000079,tencent_video,2347812,1034.05,1930.79
node_000079,iqiyi,2347812,925.88,1660.42
node_000079,bilibili,2347812,1106.66,1617.23
node_000079,netease,2347812,835.81,1296.27
node_000079,default,2347812,638.81,962.77
node_000080,kuaishou,2348628,1356.81,1686.92
node_000080,douyin,2348628,1265.89,2114.2
node_000080,tencent_video,2348628,1132.4,2257.95
node_000080,iqiyi,2348628,1001.57,2110.69
node_000080,bilibili,2348628,1130.5,1734.27
node_000080,netease,2348628,902.45,1585.47
node_000080,default,2348628,730.12,1001.81
node_000081,kuaishou,712880,1219.8,1151.39
node_000081,douyin,712880,1082.99,1443.12
node_000081,tencent_video,712880,880.38,1386.68
node_000081,iqiyi,712880,802.53,1240.77
node_000081,bilibili,712880,970.6,1253.72
node_000081,netease,712880,700.73,1021.72
node_000081,default,712880,598.06,739.87
node_000082,kuaishou,1280612,744.36,889.05
node_000082,douyin,1280612,574.86,988.98
node_000082,tencent_video,1280612,609.3,1216.43
node_000082,iqiyi,1280612,514.56,985.5
node_000082,bilibili,1280612,605.26,785.78
node_000082,netease,1280612,459.62,650.36
node_000082,default,1280612,409.0,523.45
node_000083,kuaishou,457920,915.17,1142.78
node_000083,douyin,457920,888.84,1239.27
node_000083,tencent_video,457920,703.19,1277.15
node_000083,iqiyi,457920,614.87,1201.94
node_000083,bilibili,457920,699.36,1108.3
node_000083,netease,457920,524.37,945.48
node_000083,default,457920,490.63,555.88
node_000084,kuaishou,1891591,1002.14,1093.59
node_000084,douyin,1891591,817.7,1224.34
node_000084,tencent_video,1891591,652.42,1716.16
node_000084,iqiyi,1891591,641.3,1323.1
node_000084,bilibili,1891591,707.19,1049.28
node_000084,netease,1891591,585.47,869.2
node_000084,default,1891591,519.76,656.87
node_000085,kuaishou,390350,926.31,848.15
node_000085,douyin,390350,843.87,1124.05
node_000085,tencent_video,390350,699.44,1349.16
node_000085,iqiyi,390350,571.97,1134.52
node_000085,bilibili,390350,740.23,843.02
node_000085,netease,390350,583.31,709.84
node_000085,default,390350,481.24,517.5
node_000086,kuaishou,362329,997.04,1085.07
node_000086,douyin,362329,865.47,1269.33
node_000086,tencent_video,362329,866.82,1536.65
node_000086,iqiyi,362329,746.82,1312.19
node_000086,bilibili,362329,848.11,1184.49
node_000086,netease,362329,654.85,941.28
node_000086,default,362329,543.65,659.83
node_000087,kuaishou,2029070,858.92,1197.14
node_000087,douyin,2029070,781.74,1339.07
node_000087,tencent_video,2029070,718.32,1421.0
node_000087,iqiyi,2029070,619.91,1395.31
node_000087,bilibili,2029070,726.16,1104.01
node_000087,netease,2029070,578.34,982.95
node_000087,default,2029070,460.51,723.68
node_000088,kuaishou,339348,1112.24,1191.26
node_000088,douyin,339348,943.13,1314.26
node_000088,tencent_video,339348,883.58,1815.02
node_000088,iqiyi,339348,773.31,1498.42
node_000088,bilibili,339348,907.39,1177.73
node_000088,netease,339348,641.08,930.65
node_000088,default,339348,618.0,616.86
node_000089,kuaishou,518875,942.97,964.08
node_000089,douyin,518875,835.49,1220.47
node_000089,tencent_video,518875,672.36,1389.61
node_000089,iqiyi,518875,563.43,1038.98
node_000089,bilibili,518875,649.45,1047.98
node_000089,netease,518875,533.67,866.72
node_000089,default,518875,430.03,632.03
node_000090,kuaishou,1572131,857.68,954.76
node_000090,douyin,1572131,903.27,1199.75
node_000090,tencent_video,1572131,669.91,1266.65
node_000090,iqiyi,1572131,586.57,1186.74
node_000090,bilibili,1572131,689.19,1056.53
node_000090,netease,1572131,520.79,859.87
node_000090,default,1572131,427.83,556.47
node_000091,kuaishou,849978,1067.04,1142.77
node_000091,douyin,849978,967.15,1465.92
node_000091,tencent_video,849978,906.21,1508.68
node_000091,iqiyi,849978,766.72,1292.01
node_000091,bilibili,849978,937.36,1224.55
node_000091,netease,849978,719.82,1037.61
node_000091,default,849978,635.62,731.07
node_000092,kuaishou,1700947,806.79,834.4
node_000092,douyin,1700947,802.58,933.21
node_000092,tencent_video,1700947,654.64,1081.72
node_000092,iqiyi,1700947,625.65,965.34
node_000092,bilibili,1700947,748.57,864.83
node_000092,netease,1700947,558.83,718.45
node_000092,default,1700947,478.8,516.56
node_000093,kuaishou,393470,903.71,1067.09
node_000093,douyin,393470,896.12,1207.66
node_000093,tencent_video,393470,863.74,1537.9
node_000093,iqiyi,393470,707.29,1324.33
node_000093,bilibili,393470,797.74,1058.03
node_000093,netease,393470,644.85,902.44
node_000093,default,393470,575.42,624.04
node_000094,kuaishou,175030,1127.35,1181.96
node_000094,douyin,175030,992.8,1240.78
node_000094,tencent_video,175030,828.71,1468.15
node_000094,iqiyi,175030,749.83,1203.52
node_000094,bilibili,175030,889.64,1097.85
node_000094,netease,175030,638.52,923.48
node_000094,default,175030,610.99,705.82
node_000095,kuaishou,1172751,892.41,1101.32
node_000095,douyin,1172751,873.28,1275.61
node_000095,tencent_video,1172751,811.94,1394.78
node_000095,iqiyi,1172751,699.35,1317.85
node_000095,bilibili,1172751,841.18,982.3
node_000095,netease,1172751,601.72,840.57
node_000095,default,1172751,554.77,645.94
node_000096,kuaishou,1000307,1245.74,1300.48
node_000096,douyin,1000307,1139.92,1433.72
node_000096,tencent_video,1000307,886.35,1610.1
node_000096,iqiyi,1000307,823.55,1472.76
node_000096,bilibili,1000307,1008.16,1280.44
node_000096,netease,1000307,712.12,1128.81
node_000096,default,1000307,657.12,762.81
node_000097,kuaishou,1315898,977.95,1271.59
node_000097,douyin,1315898,931.18,1461.84
node_000097,tencent_video,1315898,845.4,1794.2
node_000097,iqiyi,1315898,801.6,1683.37
node_000097,bilibili,1315898,951.14,1404.06
node_000097,netease,1315898,714.05,1101.96
node_000097,default,1315898,583.04,710.57
node_000098,kuaishou,2519605,977.91,1315.91
node_000098,douyin,2519605,987.28,1400.35
node_000098,tencent_video,2519605,806.67,1512.37
node_000098,iqiyi,2519605,786.21,1462.92
node_000098,bilibili,2519605,872.1,1251.37
node_000098,netease,2519605,724.43,941.0
node_000098,default,2519605,644.87,709.43
node_000099,kuaishou,468390,723.54,881.14
node_000099,douyin,468390,631.23,892.61
node_000099,tencent_video,468390,566.85,1091.16
node_000099,iqiyi,468390,493.59,970.33
node_000099,bilibili,468390,636.72,860.55
node_000099,netease,468390,392.96,680.41
node_000099,default,468390,444.33,499.05
node_000100,kuaishou,2250468,844.79,795.36
node_000100,douyin,2250468,755.03,1049.83
node_000100,tencent_video,2250468,618.93,1056.48
node_000100,iqiyi,2250468,556.05,994.03
node_000100,bilibili,2250468,691.86,831.22
node_000100,netease,2250468,455.21,722.83
node_000100,default,2250468,398.66,495.1
node_000101,kuaishou,389135,1385.93,1936.91
node_000101,douyin,389135,1256.45,2136.48
node_000101,tencent_video,389135,1159.9,2233.39
node_000101,iqiyi,389135,1045.89,2216.91
node_000101,bilibili,389135,1179.82,1850.86
node_000101,netease,389135,968.54,1628.77
node_000101,default,389135,797.8,958.08
node_000102,kuaishou,390356,986.88,1151.88
node_000102,douyin,390356,1055.76,1374.11
node_000102,tencent_video,390356,887.36,1793.13
node_000102,iqiyi,390356,814.94,1499.68
node_000102,bilibili,390356,794.32,1136.2
node_000102,netease,390356,701.87,927.69
node_000102,default,390356,584.98,664.41
node_000103,kuaishou,640916,1268.36,1686.42
node_000103,douyin,640916,1234.02,1972.37
node_000103,tencent_video,640916,988.22,1952.83
node_000103,iqiyi,640916,958.59,1970.75
node_000103,bilibili,640916,1172.95,1679.28
node_000103,netease,640916,815.96,1292.04
node_000103,default,640916,756.8,901.65
node_000104,kuaishou,1637181,1316.9,1822.73
node_000104,douyin,1637181,1130.1,1964.33
node_000104,tencent_video,1637181,1150.69,2124.5
node_000104,iqiyi,1637181,920.82,1993.26
node_000104,bilibili,1637181,1233.88,1749.5
node_000104,netease,1637181,802.84,1543.03
node_000104,default,1637181,714.21,1068.31
node_000105,kuaishou,1866799,744.2,952.68
node_000105,douyin,1866799,648.61,1161.81
node_000105,tencent_video,1866799,631.18,1097.11
node_000105,iqiyi,1866799,562.83,1046.03
node_000105,bilibili,1866799,727.86,911.01
node_000105,netease,1866799,477.01,893.4
node_000105,default,1866799,480.32,575.22
node_000106,kuaishou,370675,723.81,755.36
node_000106,douyin,370675,599.75,975.96
node_000106,tencent_video,370675,504.16,1022.2
node_000106,iqiyi,370675,466.11,859.96
node_000106,bilibili,370675,566.02,740.54
node_000106,netease,370675,415.09,670.27
node_000106,default,370675,401.0,463.65
node_000107,kuaishou,1770374,1181.35,1363.09
node_000107,douyin,1770374,1019.33,1654.23
node_000107,tencent_video,1770374,906.59,1714.77
node_000107,iqiyi,1770374,854.97,1617.34
node_000107,bilibili,1770374,963.0,1271.55
node_000107,netease,1770374,684.08,1115.51
node_000107,default,1770374,618.54,833.84
node_000108,kuaishou,2364436,1090.82,1299.18
node_000108,douyin,2364436,939.15,1454.3
node_000108,tencent_video,2364436,803.51,1594.59
node_000108,iqiyi,2364436,835.6,1369.1
node_000108,bilibili,2364436,1024.37,1206.69
node_000108,netease,2364436,723.27,1071.04
node_000108,default,2364436,622.91,753.06
node_000109,kuaishou,448227,661.46,885.13
node_000109,douyin,448227,700.03,959.37
node_000109,tencent_video,448227,510.23,1224.53
node_000109,iqiyi,448227,547.51,1138.59
node_000109,bilibili,448227,609.19,881.69
node_000109,netease,448227,469.54,756.89
node_000109,default,448227,419.57,541.93
node_000110,kuaishou,40961,862.19,1023.54
node_000110,douyin,40961,811.84,1004.24
node_000110,tencent_video,40961,617.71,1300.09
node_000110,iqiyi,40961,555.98,955.9
node_000110,bilibili,40961,717.71,987.56
node_000110,netease,40961,497.8,796.65
node_000110,default,40961,460.76,557.46
node_000111,kuaishou,2367321,647.1,750.1
node_000111,douyin,2367321,589.31,853.27
node_000111,tencent_video,2367321,514.79,944.72
node_000111,iqiyi,2367321,469.79,780.38
node_000111,bilibili,2367321,540.77,800.61
node_000111,netease,2367321,382.23,633.52
node_000111,default,2367321,335.48,433.93
node_000112,kuaishou,2133391,1120.74,1462.96
node_000112,douyin,2133391,1111.21,1667.05
node_000112,tencent_video,2133391,887.94,2078.5
node_000112,iqiyi,2133391,857.06,1647.0
node_000112,bilibili,2133391,1001.36,1527.76
node_000112,netease,2133391,769.3,1251.98
node_000112,default,2133391,658.23,820.1
node_000113,kuaishou,1969881,771.16,1011.29
node_000113,douyin,1969881,693.85,1186.02
node_000113,tencent_video,1969881,637.89,1241.83
node_000113,iqiyi,1969881,541.8,1174.12
node_000113,bilibili,1969881,675.08,997.74
node_000113,netease,1969881,462.13,785.2
node_000113,default,1969881,466.94,586.33
node_000114,kuaishou,1274253,805.66,1120.09
node_000114,douyin,1274253,696.22,1133.79
node_000114,tencent_video,1274253,705.97,1303.97
node_000114,iqiyi,1274253,598.28,1073.32
node_000114,bilibili,1274253,687.78,1075.2
node_000114,netease,1274253,567.67,879.01
node_000114,default,1274253,513.97,623.28
node_000115,kuaishou,1740277,1033.39,938.84
node_000115,douyin,1740277,940.4,1135.97
node_000115,tencent_video,1740277,787.97,1308.94
node_000115,iqiyi,1740277,659.88,1074.67
node_000115,bilibili,1740277,808.74,958.64
node_000115,netease,1740277,613.93,835.72
node_000115,default,1740277,496.54,564.17
node_000116,kuaishou,647145,682.18,720.69
node_000116,douyin,647145,586.92,839.21
node_000116,tencent_video,647145,541.28,1074.06
node_000116,iqiyi,647145,476.38,1014.65
node_000116,bilibili,647145,532.55,725.45
node_000116,netease,647145,419.87,593.35
node_000116,default,647145,365.98,453.74
node_000117,kuaishou,1192417,663.77,832.69
node_000117,douyin,1192417,612.73,809.33
node_000117,tencent_video,1192417,555.55,1229.76
node_000117,iqiyi,1192417,483.48,1070.1
node_000117,bilibili,1192417,550.7,714.88
node_000117,netease,1192417,437.64,598.75
node_000117,default,1192417,375.69,493.15
node_000118,kuaishou,1747404,1007.3,1098.44
node_000118,douyin,1747404,944.37,1246.7
node_000118,tencent_video,1747404,857.62,1823.99
node_000118,iqiyi,1747404,748.72,1501.9
node_000118,bilibili,1747404,881.69,983.68
node_000118,netease,1747404,668.54,970.2
node_000118,default,1747404,574.8,713.08
node_000119,kuaishou,267812,1257.0,1109.48
node_000119,douyin,267812,1092.16,1356.18
node_000119,tencent_video,267812,839.82,1739.82
node_000119,iqiyi,267812,763.58,1751.22
node_000119,bilibili,267812,841.66,1143.8
node_000119,netease,267812,639.98,1121.8
node_000119,default,267812,585.13,727.97
node_000120,kuaishou,308510,702.31,849.54
node_000120,douyin,308510,644.6,901.71
node_000120,tencent_video,308510,552.23,1249.6
node_000120,iqiyi,308510,511.0,1039.05
node_000120,bilibili,308510,537.38,807.53
node_000120,netease,308510,469.53,641.65
node_000120,default,308510,402.26,489.76
node_000121,kuaishou,2106042,1153.84,1325.95
node_000121,douyin,2106042,1009.91,1535.25
node_000121,tencent_video,2106042,909.56,1572.28
node_000121,iqiyi,2106042,789.14,1370.78
node_000121,bilibili,2106042,1050.55,1308.78
node_000121,netease,2106042,690.85,1107.57
node_000121,default,2106042,587.57,821.5
node_000122,kuaishou,1117976,1460.7,1790.38
node_000122,douyin,1117976,1197.76,2016.73
node_000122,tencent_video,1117976,1195.76,2791.44
node_000122,iqiyi,1117976,1048.64,2345.6
node_000122,bilibili,1117976,1224.19,1742.22
node_000122,netease,1117976,894.95,1604.32
node_000122,default,1117976,828.06,1027.06
node_000123,kuaishou,561930,1014.69,972.42
node_000123,douyin,561930,950.45,1118.2
node_000123,tencent_video,561930,696.15,1557.07
node_000123,iqiyi,561930,701.41,1374.39
node_000123,bilibili,561930,727.87,1014.02
node_000123,netease,561930,621.17,805.44
node_000123,default,561930,525.99,595.97
node_000124,kuaishou,1615001,1088.45,1115.63
node_000124,douyin,1615001,1014.7,1323.05
node_000124,tencent_video,1615001,795.98,1345.54
node_000124,iqiyi,1615001,752.81,1228.75
node_000124,bilibili,1615001,863.11,1049.47
node_000124,netease,1615001,601.24,896.52
node_000124,default,1615001,537.86,676.93
node_000125,kuaishou,19395,730.89,728.33
node_000125,douyin,19395,631.5,904.32
node_000125,tencent_video,19395,517.67,1098.56
node_000125,iqiyi,19395,458.57,785.76
node_000125,bilibili,19395,580.14,820.53
node_000125,netease,19395,432.41,666.45
node_000125,default,19395,342.38,441.85
node_000126,kuaishou,735094,1428.06,1534.39
node_000126,douyin,735094,1324.53,1700.41
node_000126,tencent_video,735094,1005.59,1895.73
node_000126,iqiyi,735094,897.82,1594.33
node_000126,bilibili,735094,1022.8,1418.31
node_000126,netease,735094,809.15,1251.04
node_000126,default,735094,670.4,857.88
node_000127,kuaishou,475160,1363.79,1523.11
node_000127,douyin,475160,1349.14,1749.73
node_000127,tencent_video,475160,948.39,1951.64
node_000127,iqiyi,475160,885.97,1829.81
node_000127,bilibili,475160,1059.26,1350.12
node_000127,netease,475160,821.53,1417.6
node_000127,default,475160,761.86,995.48
node_000128,kuaishou,802336,1262.4,1477.69
node_000128,douyin,802336,1123.62,1754.41
node_000128,tencent_video,802336,1082.76,2097.55
node_000128,iqiyi,802336,983.2,1677.34
node_000128,bilibili,802336,940.28,1444.69
node_000128,netease,802336,889.12,1319.96
node_000128,default,802336,699.08,1028.91
node_000129,kuaishou,1837584,1334.68,1979.98
node_000129,douyin,1837584,1280.31,1918.13
node_000129,tencent_video,1837584,1055.62,2716.26
node_000129,iqiyi,1837584,1091.43,2532.85
node_000129,bilibili,1837584,1251.82,2094.09
node_000129,netease,1837584,885.09,1619.55
node_000129,default,1837584,839.51,1102.64
node_000130,kuaishou,1647323,1137.79,1456.15
node_000130,douyin,1647323,1091.43,1599.38
node_000130,tencent_video,1647323,970.57,1754.22
node_000130,iqiyi,1647323,980.08,1585.14
node_000130,bilibili,1647323,1104.75,1433.37
node_000130,netease,1647323,791.47,1149.11
node_000130,default,1647323,668.39,877.66
node_000131,kuaishou,1156114,1280.27,1643.37
node_000131,douyin,1156114,1300.34,1664.33
node_000131,tencent_video,1156114,1049.15,2283.66
node_000131,iqiyi,1156114,976.1,1792.46
node_000131,bilibili,1156114,1023.1,1437.79
node_000131,netease,1156114,712.03,1317.38
node_000131,default,1156114,681.89,915.76
node_000132,kuaishou,1417340,1450.62,1769.02
node_000132,douyin,1417340,1592.34,2210.7
node_000132,tencent_video,1417340,1126.26,2802.63
node_000132,iqiyi,1417340,1054.49,2579.02
node_000132,bilibili,1417340,1145.93,1805.24
node_000132,netease,1417340,949.49,1593.81
node_000132,default,1417340,843.05,1061.18
node_000133,kuaishou,1169766,844.71,966.97
node_000133,douyin,1169766,818.51,1118.78
node_000133,tencent_video,1169766,656.15,1271.61
node_000133,iqiyi,1169766,602.17,1168.12
node_000133,bilibili,1169766,706.13,945.06
node_000133,netease,1169766,489.33,839.47
node_000133,default,1169766,438.31,560.97
node_000134,kuaishou,147271,806.34,1075.18
node_000134,douyin,147271,755.07,1347.57
node_000134,tencent_video,147271,643.41,1383.96
node_000134,iqiyi,147271,610.91,1075.99
node_000134,bilibili,147271,732.58,1128.85
node_000134,netease,147271,514.41,901.93
node_000134,default,147271,429.7,596.85
node_000135,kuaishou,2545941,1650.9,2014.23
node_000135,douyin,2545941,1594.73,2135.81
node_000135,tencent_video,2545941,1242.8,2307.24
node_000135,iqiyi,2545941,1166.0,1993.43
node_000135,bilibili,2545941,1329.32,1858.05
node_000135,netease,2545941,1045.33,1681.22
node_000135,default,2545941,788.8,1122.57
node_000136,kuaishou,450429,876.55,940.57
node_000136,douyin,450429,786.99,1015.17
node_000136,tencent_video,450429,714.39,1051.55
node_000136,iqiyi,450429,615.0,917.83
node_000136,bilibili,450429,677.89,884.77
node_000136,netease,450429,556.0,765.15
node_000136,default,450429,495.19,528.49
node_000137,kuaishou,9373,806.22,824.05
node_000137,douyin,9373,807.05,1057.64
node_000137,tencent_video,9373,708.56,1199.07
node_000137,iqiyi,9373,615.14,1106.07
node_000137,bilibili,9373,716.27,884.3
node_000137,netease,9373,541.03,756.0
node_000137,default,9373,503.19,520.91
node_000138,kuaishou,1138795,959.11,836.84
node_000138,douyin,1138795,859.82,1035.31
node_000138,tencent_video,1138795,723.54,1391.45
node_000138,iqiyi,1138795,655.3,1153.01
node_000138,bilibili,1138795,752.09,863.06
node_000138,netease,1138795,545.97,732.0
node_000138,default,1138795,463.71,570.37
node_000139,kuaishou,1267424,584.15,649.55
node_000139,douyin,1267424,543.22,830.27
node_000139,tencent_video,1267424,529.73,981.18
node_000139,iqiyi,1267424,438.25,893.31
node_000139,bilibili,1267424,528.06,654.33
node_000139,netease,1267424,380.52,572.3
node_000139,default,1267424,359.99,396.42
node_000140,kuaishou,1253150,1306.79,1605.72
node_000140,douyin,1253150,1115.74,1851.16
node_000140,tencent_video,1253150,1048.54,2065.3
node_000140,iqiyi,1253150,903.33,1732.76
node_000140,bilibili,1253150,1080.27,1627.35
node_000140,netease,1253150,783.28,1404.14
node_000140,default,1253150,739.24,881.09
node_000141,kuaishou,68633,810.28,1138.5
node_000141,douyin,68633,802.31,1217.99
node_000141,tencent_video,68633,691.71,1535.38
node_000141,iqiyi,68633,602.59,1310.92
node_000141,bilibili,68633,724.96,1173.25
node_000141,netease,68633,597.13,1006.75
node_000141,default,68633,517.83,645.79
node_000142,kuaishou,1566364,1386.62,1930.92
node_000142,douyin,1566364,1256.55,1952.34
node_000142,tencent_video,1566364,1200.19,2240.21
node_000142,iqiyi,1566364,1048.01,1943.55
node_000142,bilibili,1566364,1300.96,1745.95
node_000142,netease,1566364,900.45,1560.42
node_000142,default,1566364,757.65,1113.69
node_000143,kuaishou,1528307,798.25,1040.12
node_000143,douyin,1528307,667.52,1150.12
node_000143,tencent_video,1528307,703.41,1185.34
node_000143,iqiyi,1528307,580.9,1142.81
node_000143,bilibili,1528307,766.16,1100.85
node_000143,netease,1528307,521.97,959.87
node_000143,default,1528307,452.42,668.16
node_000144,kuaishou,2313894,633.27,717.17
node_000144,douyin,2313894,561.32,789.1
node_000144,tencent_video,2313894,515.73,901.2
node_000144,iqiyi,2313894,508.15,808.08
node_000144,bilibili,2313894,563.67,810.01
node_000144,netease,2313894,420.04,610.86
node_000144,default,2313894,370.91,399.76
node_000145,kuaishou,73467,968.24,1084.25
node_000145,douyin,73467,772.43,1181.64
node_000145,tencent_video,73467,669.43,1355.63
node_000145,iqiyi,73467,624.73,1164.54
node_000145,bilibili,73467,717.53,1047.2
node_000145,netease,73467,513.25,875.69
node_000145,default,73467,465.2,625.23
node_000146,kuaishou,1607121,1609.29,1927.25
node_000146,douyin,1607121,1476.46,1893.84
node_000146,tencent_video,1607121,1110.19,2700.14
node_000146,iqiyi,1607121,1019.89,2409.28
node_000146,bilibili,1607121,1125.32,1783.06
node_000146,netease,1607121,917.48,1573.06
node_000146,default,1607121,754.59,1047.97
node_000147,kuaishou,1545452,984.37,1016.93
node_000147,douyin,1545452,885.61,1143.45
node_000147,tencent_video,1545452,737.44,1259.83
node_000147,iqiyi,1545452,677.43,1078.16
node_000147,bilibili,1545452,725.1,919.49
node_000147,netease,1545452,580.95,843.54
node_000147,default,1545452,507.7,614.31
node_000148,kuaishou,17407,904.95,981.99
node_000148,douyin,17407,766.18,1128.7
node_000148,tencent_video,17407,714.48,1380.38
node_000148,iqiyi,17407,652.47,1259.9
node_000148,bilibili,17407,815.9,1037.48
node_000148,netease,17407,576.71,844.98
node_000148,default,17407,479.4,589.39
node_000149,kuaishou,1943298,1127.09,1268.35
node_000149,douyin,1943298,951.57,1267.24
node_000149,tencent_video,1943298,779.16,1868.73
node_000149,iqiyi,1943298,766.17,1543.56
node_000149,bilibili,1943298,913.14,1244.93
node_000149,netease,1943298,726.2,1059.32
node_000149,default,1943298,644.04,742.98
node_000150,kuaishou,2485918,724.86,1099.83
node_000150,douyin,2485918,710.12,1188.2
node_000150,tencent_video,2485918,614.75,1582.12
node_000150,iqiyi,2485918,571.83,1363.37
node_000150,bilibili,2485918,679.8,1126.63
node_000150,netease,2485918,577.48,875.59
node_000150,default,2485918,461.2,605.11
node_000151,kuaishou,426069,1563.93,1836.21
node_000151,douyin,426069,1325.17,1991.06
node_000151,tencent_video,426069,1042.26,2537.48
node_000151,iqiyi,426069,1022.47,2270.2
node_000151,bilibili,426069,1067.41,1598.63
node_000151,netease,426069,814.64,1490.21
node_000151,default,426069,844.7,1096.62
node_000152,kuaishou,1291539,1006.0,1370.54
node_000152,douyin,1291539,1091.27,1595.34
node_000152,tencent_video,1291539,915.24,2171.41
node_000152,iqiyi,1291539,885.96,1949.33
node_000152,bilibili,1291539,1028.68,1460.92
node_000152,netease,1291539,778.44,1193.72
node_000152,default,1291539,660.0,821.72
node_000153,kuaishou,191061,1378.63,1738.85
node_000153,douyin,191061,1308.38,2088.68
node_000153,tencent_video,191061,1049.27,2661.74
node_000153,iqiyi,191061,1086.86,2302.51
node_000153,bilibili,191061,1197.69,1808.32
node_000153,netease,191061,846.28,1534.45
node_000153,default,191061,726.55,1023.13
node_000154,kuaishou,1299134,850.34,968.63
node_000154,douyin,1299134,796.27,1023.55
node_000154,tencent_video,1299134,701.52,1303.1
node_000154,iqiyi,1299134,674.55,992.98
node_000154,bilibili,1299134,712.66,961.26
node_000154,netease,1299134,634.21,814.01
node_000154,default,1299134,548.39,590.21
node_000155,kuaishou,1453212,1418.49,1832.21
node_000155,douyin,1453212,1233.14,2306.9
node_000155,tencent_video,1453212,1219.41,2232.87
node_000155,iqiyi,1453212,1072.41,1966.78
node_000155,bilibili,1453212,1144.51,1952.93
node_000155,netease,1453212,847.93,1651.55
node_000155,default,1453212,800.8,1102.38
node_000156,kuaishou,640399,1428.65,1726.7
node_000156,douyin,640399,1295.26,2201.19
node_000156,tencent_video,640399,1191.02,2385.03
node_000156,iqiyi,640399,1053.18,2012.25
node_000156,bilibili,640399,1170.08,1661.74
node_000156,netease,640399,935.07,1575.09
node_000156,default,640399,826.95,1027.91
node_000157,kuaishou,767892,675.46,849.99
node_000157,douyin,767892,679.47,1068.16
node_000157,tencent_video,767892,591.68,1254.09
node_000157,iqiyi,767892,585.76,1100.73
node_000157,bilibili,767892,590.3,776.48
node_000157,netease,767892,495.29,759.35
node_000157,default,767892,454.07,475.74
node_000158,kuaishou,1097933,762.04,810.31
node_000158,douyin,1097933,652.74,995.06
node_000158,tencent_video,1097933,602.56,1000.55
node_000158,iqiyi,1097933,520.72,900.37
node_000158,bilibili,1097933,606.91,803.5
node_000158,netease,1097933,434.85,742.19
node_000158,default,1097933,396.8,548.04
node_000159,kuaishou,1654439,920.82,1126.8
node_000159,douyin,1654439,962.61,1328.7
node_000159,tencent_video,1654439,765.08,1579.53
node_000159,iqiyi,1654439,799.71,1500.43
node_000159,bilibili,1654439,833.42,1126.2
node_000159,netease,1654439,607.76,1039.63
node_000159,default,1654439,562.92,731.95
node_000160,kuaishou,1323880,1149.37,1213.25
node_000160,douyin,1323880,1104.46,1423.01
node_000160,tencent_video,1323880,853.71,1540.1
node_000160,iqiyi,1323880,778.57,1228.75
node_000160,bilibili,1323880,916.5,1146.24
node_000160,netease,1323880,637.43,1038.1
node_000160,default,1323880,625.61,746.96
node_000161,kuaishou,1328537,1363.87,1422.63
node_000161,douyin,1328537,1188.81,1539.59
node_000161,tencent_video,1328537,974.19,1659.12
node_000161,iqiyi,1328537,883.68,1758.38
node_000161,bilibili,1328537,1077.53,1463.72
node_000161,netease,1328537,765.76,1084.6
node_000161,default,1328537,628.43,902.16
node_000162,kuaishou,1809590,906.03,956.37
node_000162,douyin,1809590,802.16,1145.96
node_000162,tencent_video,1809590,730.58,1431.21
node_000162,iqiyi,1809590,677.8,1319.91
node_000162,bilibili,1809590,766.92,971.5
node_000162,netease,1809590,565.64,787.07
node_000162,default,1809590,534.87,593.48
node_000163,kuaishou,1462074,1067.3,1206.64
node_000163,douyin,1462074,960.09,1318.0
node_000163,tencent_video,1462074,892.39,1698.92
node_000163,iqiyi,1462074,761.4,1313.49
node_000163,bilibili,1462074,885.07,1160.83
node_000163,netease,1462074,742.99,977.35
node_000163,default,1462074,589.21,657.25
node_000164,kuaishou,1140099,1028.62,1203.95
node_000164,douyin,1140099,947.87,1483.87
node_000164,tencent_video,1140099,859.55,1515.43
node_000164,iqiyi,1140099,774.72,1280.58
node_000164,bilibili,1140099,931.03,1132.16
node_000164,netease,1140099,680.11,1096.86
node_000164,default,1140099,617.83,767.95
node_000165,kuaishou,1218150,628.83,735.76
node_000165,douyin,1218150,534.84,766.01
node_000165,tencent_video,1218150,521.83,1042.85
node_000165,iqiyi,1218150,415.8,938.26
node_000165,bilibili,1218150,485.99,664.74
node_000165,netease,1218150,435.66,647.17
node_000165,default,1218150,335.36,411.73
node_000166,kuaishou,1201717,1473.26,1769.21
node_000166,douyin,1201717,1240.76,2311.79
node_000166,tencent_video,1201717,1187.83,2373.15
node_000166,iqiyi,1201717,1031.6,2098.82
node_000166,bilibili,1201717,1269.16,2024.12
node_000166,netease,1201717,827.6,1571.7
node_000166,default,1201717,840.19,1151.86
node_000167,kuaishou,2107050,1401.42,1998.42
node_000167,douyin,2107050,1253.85,2234.06
node_000167,tencent_video,2107050,1228.52,2309.85
node_000167,iqiyi,2107050,1030.54,2005.62
node_000167,bilibili,2107050,1199.56,1932.97
node_000167,netease,2107050,936.49,1594.26
node_000167,default,2107050,764.49,1058.47
node_000168,kuaishou,2358557,691.21,938.14
node_000168,douyin,2358557,690.75,1183.88
node_000168,tencent_video,2358557,621.45,1040.39
node_000168,iqiyi,2358557,554.3,1178.49
node_000168,bilibili,2358557,677.88,904.08
node_000168,netease,2358557,509.66,771.22
node_000168,default,2358557,403.83,555.52
node_000169,kuaishou,2447805,1310.99,1152.5
node_000169,douyin,2447805,1049.86,1479.99
node_000169,tencent_video,2447805,950.94,1600.63
node_000169,iqiyi,2447805,812.33,1387.92
node_000169,bilibili,2447805,874.48,1229.75
node_000169,netease,2447805,659.75,1003.04
node_000169,default,2447805,626.87,713.91
node_000170,kuaishou,141974,1168.21,1227.04
node_000170,douyin,141974,1111.35,1388.6
node_000170,tencent_video,141974,836.1,1455.5
node_000170,iqiyi,141974,707.45,1305.45
node_000170,bilibili,141974,964.04,1152.81
node_000170,netease,141974,663.44,1160.37
node_000170,default,141974,603.31,763.84
node_000171,kuaishou,467476,1401.59,1836.38
node_000171,douyin,467476,1556.92,1931.0
node_000171,tencent_video,467476,1025.32,1909.59
node_000171,iqiyi,467476,975.96,1862.13
node_000171,bilibili,467476,1115.15,1739.09
node_000171,netease,467476,895.59,1485.66
node_000171,default,467476,756.31,975.18
node_000172,kuaishou,816165,853.42,1184.23
node_000172,douyin,816165,784.04,1304.38
node_000172,tencent_video,816165,740.83,1436.12
node_000172,iqiyi,816165,631.16,1326.19
node_000172,bilibili,816165,738.08,1105.45
node_000172,netease,816165,535.7,987.69
node_000172,default,816165,519.49,671.82
node_000173,kuaishou,625941,942.4,893.99
node_000173,douyin,625941,791.91,1198.66
node_000173,tencent_video,625941,724.82,1190.38
node_000173,iqiyi,625941,717.62,1166.06
node_000173,bilibili,625941,806.08,970.87
node_000173,netease,625941,591.51,810.5
node_000173,default,625941,497.79,564.96
node_000174,kuaishou,469177,1337.2,1512.51
node_000174,douyin,469177,1289.64,1704.43
node_000174,tencent_video,469177,968.9,1790.21
node_000174,iqiyi,469177,822.89,1539.43
node_000174,bilibili,469177,998.46,1376.29
node_000174,netease,469177,802.42,1313.67
node_000174,default,469177,655.82,887.34
node_000175,kuaishou,2166707,1014.14,989.13
node_000175,douyin,2166707,930.55,1210.64
node_000175,tencent_video,2166707,777.58,1165.24
node_000175,iqiyi,2166707,642.74,1065.88
node_000175,bilibili,2166707,730.05,1001.96
node_000175,netease,2166707,591.05,815.05
node_000175,default,2166707,525.44,616.98
node_000176,kuaishou,694333,932.24,1133.57
node_000176,douyin,694333,881.31,1320.21
node_000176,tencent_video,694333,868.51,1470.22
node_000176,iqiyi,694333,765.05,1224.94
node_000176,bilibili,694333,863.48,1221.03
node_000176,netease,694333,693.47,971.74
node_000176,default,694333,594.02,789.97
node_000177,kuaishou,1838438,924.99,1040.38
node_000177,douyin,1838438,847.4,1235.05
node_000177,tencent_video,1838438,705.92,1331.73
node_000177,iqiyi,1838438,620.42,1145.87
node_000177,bilibili,1838438,729.96,1090.81
node_000177,netease,1838438,564.1,942.56
node_000177,default,1838438,487.03,639.26
node_000178,kuaishou,1027364,913.39,1202.09
node_000178,douyin,1027364,934.16,1386.55
node_000178,tencent_video,1027364,916.57,1426.93
node_000178,iqiyi,1027364,738.61,1162.36
node_000178,bilibili,1027364,877.15,1191.39
node_000178,netease,1027364,667.31,1090.34
node_000178,default,1027364,624.96,732.1
node_000179,kuaishou,269917,820.04,861.29
node_000179,douyin,269917,803.19,959.96
node_000179,tencent_video,269917,730.11,1191.2
node_000179,iqiyi,269917,653.45,996.02
node_000179,bilibili,269917,767.16,923.35
node_000179,netease,269917,546.33,850.2
node_000179,default,269917,488.65,570.62
node_000180,kuaishou,524842,1460.72,1802.52
node_000180,douyin,524842,1448.33,1893.02
node_000180,tencent_video,524842,1051.68,2064.11
node_000180,iqiyi,524842,1018.54,1783.16
node_000180,bilibili,524842,1166.75,1770.09
node_000180,netease,524842,869.52,1523.67
node_000180,default,524842,752.58,1012.87
node_000181,kuaishou,1898169,1172.29,1314.93
node_000181,douyin,1898169,1123.43,1746.67
node_000181,tencent_video,1898169,907.38,1905.77
node_000181,iqiyi,1898169,862.33,1552.24
node_000181,bilibili,1898169,943.79,1424.32
node_000181,netease,1898169,711.54,1005.48
node_000181,default,1898169,613.84,833.61
node_000182,kuaishou,79006,902.96,1142.0
node_000182,douyin,79006,826.94,1264.77
node_000182,tencent_video,79006,818.24,1573.61
node_000182,iqiyi,79006,688.24,1461.38
node_000182,bilibili,79006,867.59,1171.38
node_000182,netease,79006,664.36,948.97
node_000182,default,79006,543.14,631.67
node_000183,kuaishou,921104,1462.89,1670.09
node_000183,douyin,921104,1369.75,1849.76
node_000183,tencent_video,921104,1022.98,2265.54
node_000183,iqiyi,921104,1003.37,1876.54
node_000183,bilibili,921104,1146.8,1556.4
node_000183,netease,921104,903.53,1334.09
node_000183,default,921104,753.65,902.57
node_000184,kuaishou,31662,665.66,786.88
node_000184,douyin,31662,574.22,858.3
node_000184,tencent_video,31662,539.13,957.13
node_000184,iqiyi,31662,474.85,814.66
node_000184,bilibili,31662,596.18,790.13
node_000184,netease,31662,435.06,687.75
node_000184,default,31662,364.62,483.32
node_000185,kuaishou,2177427,892.37,1171.14
node_000185,douyin,2177427,735.93,1392.55
node_000185,tencent_video,2177427,745.99,1456.5
node_000185,iqiyi,2177427,638.98,1258.48
node_000185,bilibili,2177427,735.03,1167.53
node_000185,netease,2177427,563.11,920.79
node_000185,default,2177427,466.16,653.25
node_000186,kuaishou,134660,1164.33,1312.11
node_000186,douyin,134660,1232.86,1434.55
node_000186,tencent_video,134660,980.94,2204.0
node_000186,iqiyi,134660,820.68,1829.58
node_000186,bilibili,134660,1030.06,1334.23
node_000186,netease,134660,775.47,1122.23
node_000186,default,134660,634.79,786.91
node_000187,kuaishou,506066,1448.67,1843.68
node_000187,douyin,506066,1254.76,2043.09
node_000187,tencent_video,506066,1244.56,2036.4
node_000187,iqiyi,506066,1088.16,2005.04
node_000187,bilibili,506066,1195.77,2023.93
node_000187,netease,506066,896.93,1532.19
node_000187,default,506066,808.57,1142.79
node_000188,kuaishou,2068436,790.8,1023.62
node_000188,douyin,2068436,771.89,1160.37
node_000188,tencent_video,2068436,645.47,1571.04
node_000188,iqiyi,2068436,598.74,1399.75
node_000188,bilibili,2068436,771.57,1064.43
node_000188,netease,2068436,468.92,904.32
node_000188,default,2068436,466.56,629.46
node_000189,kuaishou,1535000,1246.82,1455.6
node_000189,douyin,1535000,1177.66,1627.43
node_000189,tencent_video,1535000,1027.55,1851.65
node_000189,iqiyi,1535000,903.85,1450.91
node_000189,bilibili,1535000,1119.52,1360.93
node_000189,netease,1535000,840.92,1292.92
node_000189,default,1535000,703.3,831.18
node_000190,kuaishou,1268419,1460.47,1518.26
node_000190,douyin,1268419,1166.9,1864.88
node_000190,tencent_video,1268419,1066.67,2360.12
node_000190,iqiyi,1268419,882.01,2107.18
node_000190,bilibili,1268419,1011.73,1507.65
node_000190,netease,1268419,800.52,1407.89
node_000190,default,1268419,714.58,932.21
node_000191,kuaishou,2347360,896.51,1038.39
node_000191,douyin,2347360,763.16,1117.79
node_000191,tencent_video,2347360,709.52,1362.8
node_000191,iqiyi,2347360,706.67,980.35
node_000191,bilibili,2347360,730.09,994.9
node_000191,netease,2347360,587.59,794.93
node_000191,default,2347360,577.78,610.31
node_000192,kuaishou,277890,957.83,943.55
node_000192,douyin,277890,787.07,1080.13
node_000192,tencent_video,277890,759.53,1250.58
node_000192,iqiyi,277890,659.45,1041.27
node_000192,bilibili,277890,737.77,994.75
node_000192,netease,277890,586.14,818.54
node_000192,default,277890,565.72,595.84
node_000193,kuaishou,1117709,1296.75,1321.94
node_000193,douyin,1117709,1272.63,1613.85
node_000193,tencent_video,1117709,964.87,1844.59
node_000193,iqiyi,1117709,902.03,1578.18
node_000193,bilibili,1117709,924.13,1333.76
node_000193,netease,1117709,719.94,1217.28
node_000193,default,1117709,668.9,771.45
node_000194,kuaishou,948945,604.36,736.6
node_000194,douyin,948945,526.41,774.64
node_000194,tencent_video,948945,523.08,946.93
node_000194,iqiyi,948945,462.2,886.45
node_000194,bilibili,948945,542.97,669.52
node_000194,netease,948945,420.34,602.09
node_000194,default,948945,385.38,424.73
node_000195,kuaishou,710826,1099.1,1344.43
node_000195,douyin,710826,994.27,1599.55
node_000195,tencent_video,710826,878.35,1730.38
node_000195,iqiyi,710826,837.64,1450.3
node_000195,bilibili,710826,936.63,1479.32
node_000195,netease,710826,695.42,1138.07
node_000195,default,710826,610.62,862.22
node_000196,kuaishou,1993408,751.76,940.47
node_000196,douyin,1993408,676.57,1035.01
node_000196,tencent_video,1993408,665.18,1101.22
node_000196,iqiyi,1993408,563.72,1006.41
node_000196,bilibili,1993408,700.56,887.8
node_000196,netease,1993408,472.56,752.01
node_000196,default,1993408,436.22,519.58
node_000197,kuaishou,275738,1419.39,1467.09
node_000197,douyin,275738,1143.93,1551.64
node_000197,tencent_video,275738,981.12,1744.43
node_000197,iqiyi,275738,849.8,1654.45
node_000197,bilibili,275738,962.47,1420.55
node_000197,netease,275738,798.19,1250.61
node_000197,default,275738,661.28,836.2
node_000198,kuaishou,1159139,1305.56,1417.31
node_000198,douyin,1159139,1168.42,1730.24
node_000198,tencent_video,1159139,1000.85,2136.64
node_000198,iqiyi,1159139,938.92,1714.46
node_000198,bilibili,1159139,1004.84,1429.78
node_000198,netease,1159139,730.87,1211.4
node_000198,default,1159139,633.07,871.52
node_000199,kuaishou,1080170,1393.34,1769.24
node_000199,douyin,1080170,1331.67,2049.64
node_000199,tencent_video,1080170,1113.54,2816.77
node_000199,iqiyi,1080170,1130.34,2632.8
node_000199,bilibili,1080170,1232.68,1887.44
node_000199,netease,1080170,959.1,1469.52
node_000199,default,1080170,833.27,1066.25
node_000200,kuaishou,2267054,1664.54,1894.96
node_000200,douyin,2267054,1615.1,2224.54
node_000200,tencent_video,2267054,1205.7,3006.31
node_000200,iqiyi,2267054,1081.14,2401.35
node_000200,bilibili,2267054,1087.83,1859.29
node_000200,netease,2267054,979.82,1590.44
node_000200,default,2267054,859.0,1151.34
node_000201,kuaishou,347040,734.45,838.23
node_000201,douyin,347040,615.79,988.59
node_000201,tencent_video,347040,592.8,1016.74
node_000201,iqiyi,347040,519.76,964.9
node_000201,bilibili,347040,652.92,859.04
node_000201,netease,347040,455.51,702.14
node_000201,default,347040,408.77,494.1
node_000202,kuaishou,1062797,1113.18,1512.14
node_000202,douyin,1062797,901.76,1525.26
node_000202,tencent_video,1062797,1084.19,1796.97
node_000202,iqiyi,1062797,811.05,1532.73
node_000202,bilibili,1062797,1004.99,1455.39
node_000202,netease,1062797,833.33,1209.93
node_000202,default,1062797,649.72,870.76
node_000203,kuaishou,943768,1325.92,1494.75
node_000203,douyin,943768,1243.54,1894.26
node_000203,tencent_video,943768,982.62,1997.87
node_000203,iqiyi,943768,911.48,1680.4
node_000203,bilibili,943768,1019.95,1526.37
node_000203,netease,943768,779.95,1312.3
node_000203,default,943768,701.22,875.14
node_000204,kuaishou,194396,1261.69,1462.06
node_000204,douyin,194396,1294.36,1652.6
node_000204,tencent_video,194396,1120.41,1943.35
node_000204,iqiyi,194396,953.9,1702.74
node_000204,bilibili,194396,1141.54,1430.17
node_000204,netease,194396,694.08,1237.21
node_000204,default,194396,715.94,900.02
node_000205,kuaishou,1964740,1333.49,1445.39
node_000205,douyin,1964740,1216.84,1607.74
node_000205,tencent_video,1964740,922.46,1849.14
node_000205,iqiyi,1964740,870.94,1734.24
node_000205,bilibili,1964740,1062.49,1513.7
node_000205,netease,1964740,768.18,1262.11
node_000205,default,1964740,710.7,928.43
node_000206,kuaishou,1723430,1339.83,1680.43
node_000206,douyin,1723430,1154.27,2021.03
node_000206,tencent_video,1723430,1116.75,2077.85
node_000206,iqiyi,1723430,1038.68,1798.22
node_000206,bilibili,1723430,1114.61,1850.17
node_000206,netease,1723430,912.74,1427.68
node_000206,default,1723430,776.41,1034.09
node_000207,kuaishou,781388,1207.65,1241.92
node_000207,douyin,781388,1108.98,1600.79
node_000207,tencent_video,781388,789.97,1534.23
node_000207,iqiyi,781388,800.53,1323.08
node_000207,bilibili,781388,976.15,1302.59
node_000207,netease,781388,710.01,1049.54
node_000207,default,781388,619.26,747.08
node_000208,kuaishou,1147031,1209.67,1126.66
node_000208,douyin,1147031,1178.07,1352.92
node_000208,tencent_video,1147031,862.17,1581.53
node_000208,iqiyi,1147031,731.51,1298.27
node_000208,bilibili,1147031,905.77,1386.75
node_000208,netease,1147031,694.28,1114.22
node_000208,default,1147031,634.56,741.43
node_000209,kuaishou,727118,947.83,1137.89
node_000209,douyin,727118,841.89,1180.91
node_000209,tencent_video,727118,796.47,1375.43
node_000209,iqiyi,727118,706.86,1282.63
node_000209,bilibili,727118,803.62,1115.82
node_000209,netease,727118,641.64,861.14
node_000209,default,727118,522.63,659.56
node_000210,kuaishou,839754,1417.57,1759.79
node_000210,douyin,839754,1220.14,2072.68
node_000210,tencent_video,839754,1164.11,2248.46
node_000210,iqiyi,839754,1069.7,1934.33
node_000210,bilibili,839754,1110.99,1977.99
node_000210,netease,839754,879.28,1486.56
node_000210,default,839754,790.74,1083.66
node_000211,kuaishou,486934,1077.06,1300.61
node_000211,douyin,486934,1085.42,1502.39
node_000211,tencent_video,486934,954.04,1627.6
node_000211,iqiyi,486934,808.56,1462.26
node_000211,bilibili,486934,1027.12,1218.68
node_000211,netease,486934,686.99,1032.59
node_000211,default,486934,608.45,774.74
node_000212,kuaishou,1260641,1049.85,1334.48
node_000212,douyin,1260641,1064.79,1607.37
node_000212,tencent_video,1260641,956.97,1610.06
node_000212,iqiyi,1260641,835.97,1447.47
node_000212,bilibili,1260641,964.31,1473.59
node_000212,netease,1260641,676.79,1123.43
node_000212,default,1260641,688.75,743.61
node_000213,kuaishou,862631,1125.96,1191.91
node_000213,douyin,862631,1197.1,1400.55
node_000213,tencent_video,862631,803.61,1528.75
node_000213,iqiyi,862631,716.93,1253.34
node_000213,bilibili,862631,850.36,1185.14
node_000213,netease,862631,715.49,1060.05
node_000213,default,862631,613.67,687.28
node_000214,kuaishou,1819277,751.05,904.41
node_000214,douyin,1819277,602.43,956.02
node_000214,tencent_video,1819277,566.39,1052.75
node_000214,iqiyi,1819277,529.52,997.53
node_000214,bilibili,1819277,659.52,893.36
node_000214,netease,1819277,462.28,669.97
node_000214,default,1819277,415.18,528.56
node_000215,kuaishou,2207455,627.85,668.12
node_000215,douyin,2207455,599.27,816.71
node_000215,tencent_video,2207455,469.59,880.95
node_000215,iqiyi,2207455,469.13,815.03
node_000215,bilibili,2207455,530.63,735.82
node_000215,netease,2207455,415.07,561.1
node_000215,default,2207455,334.36,447.74
node_000216,kuaishou,2117197,871.21,1011.98
node_000216,douyin,2117197,757.18,1189.22
node_000216,tencent_video,2117197,715.29,1272.08
node_000216,iqiyi,2117197,658.36,1084.54
node_000216,bilibili,2117197,758.81,991.1
node_000216,netease,2117197,657.65,908.09
node_000216,default,2117197,535.09,598.73
node_000217,kuaishou,387534,1194.49,1359.15
node_000217,douyin,387534,1027.36,1688.31
node_000217,tencent_video,387534,978.29,2083.14
node_000217,iqiyi,387534,841.16,1890.84
node_000217,bilibili,387534,993.53,1344.55
node_000217,netease,387534,759.95,1230.52
node_000217,default,387534,670.18,793.74
node_000218,kuaishou,1459959,687.82,756.37
node_000218,douyin,1459959,683.72,882.8
node_000218,tencent_video,1459959,579.53,1054.1
node_000218,iqiyi,1459959,517.9,887.37
node_000218,bilibili,1459959,620.66,762.62
node_000218,netease,1459959,452.6,683.26
node_000218,default,1459959,383.88,506.93
node_000219,kuaishou,1436740,756.8,876.78
node_000219,douyin,1436740,629.07,1118.68
node_000219,tencent_video,1436740,597.94,1208.66
node_000219,iqiyi,1436740,582.92,981.21
node_000219,bilibili,1436740,608.33,1032.29
node_000219,netease,1436740,507.45,792.69
node_000219,default,1436740,415.97,556.94
node_000220,kuaishou,1252804,953.92,1164.78
node_000220,douyin,1252804,798.75,1361.18
node_000220,tencent_video,1252804,725.78,1485.84
node_000220,iqiyi,1252804,625.8,1292.89
node_000220,bilibili,1252804,678.18,1158.53
node_000220,netease,1252804,536.24,872.34
node_000220,default,1252804,460.59,671.37
node_000221,kuaishou,1856994,806.07,1008.78
node_000221,douyin,1856994,708.27,1198.51
node_000221,tencent_video,1856994,615.79,1237.02
node_000221,iqiyi,1856994,574.72,1072.06
node_000221,bilibili,1856994,658.02,991.67
node_000221,netease,1856994,512.19,795.84
node_000221,default,1856994,465.34,563.9
node_000222,kuaishou,1749411,1521.15,1827.37
node_000222,douyin,1749411,1351.44,2135.19
node_000222,tencent_video,1749411,1180.95,2324.44
node_000222,iqiyi,1749411,1085.37,1968.51
node_000222,bilibili,1749411,1155.0,1793.9
node_000222,netease,1749411,930.15,1557.72
node_000222,default,1749411,838.6,1184.37
node_000223,kuaishou,972294,1011.42,1233.66
node_000223,douyin,972294,1047.54,1282.54
node_000223,tencent_video,972294,810.02,1399.14
node_000223,iqiyi,972294,829.98,1354.87
node_000223,bilibili,972294,890.25,1172.83
node_000223,netease,972294,655.03,1039.37
node_000223,default,972294,586.2,693.28
node_000224,kuaishou,1464035,710.78,775.96
node_000224,douyin,1464035,681.23,802.64
node_000224,tencent_video,1464035,525.19,935.35
node_000224,iqiyi,1464035,468.29,887.77
node_000224,bilibili,1464035,574.1,802.98
node_000224,netease,1464035,432.79,641.28
node_000224,default,1464035,356.26,451.1
node_000225,kuaishou,401408,1095.8,1329.08
node_000225,douyin,401408,1236.02,1434.68
node_000225,tencent_video,401408,932.3,2205.07
node_000225,iqiyi,401408,802.63,1798.15
node_000225,bilibili,401408,909.96,1472.91
node_000225,netease,401408,738.57,1160.47
node_000225,default,401408,692.89,844.28
node_000226,kuaishou,291045,1286.15,1713.82
node_000226,douyin,291045,1118.2,1929.96
node_000226,tencent_video,291045,1179.65,2467.52
node_000226,iqiyi,291045,1047.04,1944.45
node_000226,bilibili,291045,1153.27,1690.92
node_000226,netease,291045,990.57,1495.23
node_000226,default,291045,868.95,1139.75
node_000227,kuaishou,476758,698.73,820.88
node_000227,douyin,476758,624.77,894.77
node_000227,tencent_video,476758,567.87,1052.42
node_000227,iqiyi,476758,516.7,928.78
node_000227,bilibili,476758,635.0,859.4
node_000227,netease,476758,453.5,656.92
node_000227,default,476758,383.54,487.16
node_000228,kuaishou,639591,1005.49,1294.35
node_000228,douyin,639591,1024.22,1420.64
node_000228,tencent_video,639591,878.26,1956.54
node_000228,iqiyi,639591,779.24,1611.08
node_000228,bilibili,639591,999.18,1326.39
node_000228,netease,639591,739.91,1129.67
node_000228,default,639591,566.38,813.73
node_000229,kuaishou,2406172,738.64,1073.03
node_000229,douyin,2406172,674.14,1106.16
node_000229,tencent_video,2406172,604.75,1484.76
node_000229,iqiyi,2406172,548.44,1273.09
node_000229,bilibili,2406172,692.49,939.48
node_000229,netease,2406172,526.09,861.49
node_000229,default,2406172,466.22,588.2
node_000230,kuaishou,560907,1135.81,1245.02
node_000230,douyin,560907,1026.23,1432.87
node_000230,tencent_video,560907,843.02,2016.47
node_000230,iqiyi,560907,841.12,1832.73
node_000230,bilibili,560907,980.06,1363.73
node_000230,netease,560907,692.73,1123.24
node_000230,default,560907,589.49,717.22
node_000231,kuaishou,521522,687.81,851.57
node_000231,douyin,521522,709.46,924.95
node_000231,tencent_video,521522,598.23,1034.28
node_000231,iqiyi,521522,552.28,972.1
node_000231,bilibili,521522,628.03,829.59
node_000231,netease,521522,451.62,774.44
node_000231,default,521522,447.27,534.99
node_000232,kuaishou,2416967,990.2,1170.35
node_000232,douyin,2416967,990.49,1486.25
node_000232,tencent_video,2416967,922.92,1662.17
node_000232,iqiyi,2416967,777.44,1320.82
node_000232,bilibili,2416967,961.81,1263.21
node_000232,netease,2416967,652.72,983.18
node_000232,default,2416967,615.41,725.35
node_000233,kuaishou,912489,1188.06,1577.04
node_000233,douyin,912489,1229.36,1994.84
node_000233,tencent_video,912489,991.4,2021.01
node_000233,iqiyi,912489,956.12,1766.45
node_000233,bilibili,912489,1106.8,1599.25
node_000233,netease,912489,896.55,1412.84
node_000233,default,912489,685.09,982.8
node_000234,kuaishou,1639624,895.86,935.98
node_000234,douyin,1639624,895.0,1002.86
node_000234,tencent_video,1639624,670.62,1329.43
node_000234,iqiyi,1639624,651.89,1105.16
node_000234,bilibili,1639624,724.44,911.26
node_000234,netease,1639624,498.65,740.22
node_000234,default,1639624,472.71,520.51
node_000235,kuaishou,2230233,1215.69,1393.32
node_000235,douyin,2230233,1038.93,1539.32
node_000235,tencent_video,2230233,901.18,1685.05
node_000235,iqiyi,2230233,874.74,1476.28
node_000235,bilibili,2230233,961.25,1326.11
node_000235,netease,2230233,781.09,1211.43
node_000235,default,2230233,629.42,778.83
node_000236,kuaishou,1477940,760.77,862.35
node_000236,douyin,1477940,769.69,1066.68
node_000236,tencent_video,1477940,612.95,1190.63
node_000236,iqiyi,1477940,492.26,1048.38
node_000236,bilibili,1477940,620.0,932.53
node_000236,netease,1477940,448.11,764.87
node_000236,default,1477940,424.84,570.97
node_000237,kuaishou,751804,786.24,1191.57
node_000237,douyin,751804,822.87,1312.4
node_000237,tencent_video,751804,670.64,1816.03
node_000237,iqiyi,751804,603.94,1512.54
node_000237,bilibili,751804,748.05,1197.54
node_000237,netease,751804,553.19,949.11
node_000237,default,751804,502.17,728.61
node_000238,kuaishou,503111,973.07,1138.18
node_000238,douyin,503111,877.55,1193.02
node_000238,tencent_video,503111,719.16,1385.45
node_000238,iqiyi,503111,660.8,1179.17
node_000238,bilibili,503111,670.24,1109.41
node_000238,netease,503111,591.1,952.21
node_000238,default,503111,480.89,637.76
node_000239,kuaishou,2050617,1000.34,1120.39
node_000239,douyin,2050617,917.95,1294.43
node_000239,tencent_video,2050617,860.81,1846.54
node_000239,iqiyi,2050617,812.19,1590.98
node_000239,bilibili,2050617,923.2,1165.71
node_000239,netease,2050617,656.23,1029.62
node_000239,default,2050617,576.9,719.53
node_000240,kuaishou,1625510,690.4,825.87
node_000240,douyin,1625510,666.37,881.26
node_000240,tencent_video,1625510,525.75,1148.39
node_000240,iqiyi,1625510,491.37,925.0
node_000240,bilibili,1625510,574.64,772.64
node_000240,netease,1625510,459.74,687.02
node_000240,default,1625510,375.48,490.62
node_000241,kuaishou,1843963,666.37,713.43
node_000241,douyin,1843963,664.56,829.86
node_000241,tencent_video,1843963,514.71,816.09
node_000241,iqiyi,1843963,448.6,762.27
node_000241,bilibili,1843963,529.22,710.03
node_000241,netease,1843963,440.85,625.69
node_000241,default,1843963,342.3,438.83
node_000242,kuaishou,1369528,1025.9,1283.29
node_000242,douyin,1369528,973.36,1444.01
node_000242,tencent_video,1369528,902.64,1466.76
node_000242,iqiyi,1369528,762.43,1218.47
node_000242,bilibili,1369528,957.43,1169.82
node_000242,netease,1369528,714.14,1078.14
node_000242,default,1369528,639.46,702.2
node_000243,kuaishou,39372,924.91,869.93
node_000243,douyin,39372,882.73,1021.57
node_000243,tencent_video,39372,709.21,1065.13
node_000243,iqiyi,39372,581.08,1043.68
node_000243,bilibili,39372,817.19,897.14
node_000243,netease,39372,517.05,717.05
node_000243,default,39372,496.82,561.81
node_000244,kuaishou,1596898,1368.78,1723.61
node_000244,douyin,1596898,1177.79,2134.52
node_000244,tencent_video,1596898,1139.66,2260.98
node_000244,iqiyi,1596898,1081.77,1839.62
node_000244,bilibili,1596898,1141.5,1779.44
node_000244,netease,1596898,869.16,1559.44
node_000244,default,1596898,775.27,1006.73
node_000245,kuaishou,1764692,1261.96,1483.61
node_000245,douyin,1764692,1255.34,1623.01
node_000245,tencent_video,1764692,947.55,1702.51
node_000245,iqiyi,1764692,784.18,1488.56
node_000245,bilibili,1764692,981.4,1383.72
node_000245,netease,1764692,761.43,1216.39
node_000245,default,1764692,628.44,792.78
node_000246,kuaishou,1579795,884.13,843.22
node_000246,douyin,1579795,765.45,1124.07
node_000246,tencent_video,1579795,727.5,898.48
node_000246,iqiyi,1579795,663.47,1110.12
node_000246,bilibili,1579795,674.08,990.83
node_000246,netease,1579795,491.45,819.46
node_000246,default,1579795,498.99,487.6
node_000247,kuaishou,2580403,776.8,1078.83
node_000247,douyin,2580403,757.21,1235.42
node_000247,tencent_video,2580403,720.36,1487.76
node_000247,iqiyi,2580403,600.64,1333.86
node_000247,bilibili,2580403,777.4,1135.25
node_000247,netease,2580403,570.06,895.43
node_000247,default,2580403,494.78,700.61
node_000248,kuaishou,1462803,712.85,955.61
node_000248,douyin,1462803,656.54,1091.63
node_000248,tencent_video,1462803,614.76,1146.39
node_000248,iqiyi,1462803,543.44,998.37
node_000248,bilibili,1462803,591.55,949.09
node_000248,netease,1462803,496.8,825.21
node_000248,default,1462803,418.31,611.71
node_000249,kuaishou,1779989,755.98,793.81
node_000249,douyin,1779989,756.08,955.82
node_000249,tencent_video,1779989,618.98,1221.96
node_000249,iqiyi,1779989,491.89,1029.63
node_000249,bilibili,1779989,531.43,793.43
node_000249,netease,1779989,471.62,704.42
node_000249,default,1779989,390.73,458.76
node_000250,kuaishou,2035594,1329.36,1922.38
node_000250,douyin,2035594,1317.45,2185.98
node_000250,tencent_video,2035594,1260.25,2489.78
node_000250,iqiyi,2035594,1086.56,2225.77
node_000250,bilibili,2035594,1259.12,2255.24
node_000250,netease,2035594,965.78,1670.13
node_000250,default,2035594,766.98,1135.79
node_000251,kuaishou,309570,1277.08,1152.81
node_000251,douyin,309570,1197.47,1511.1
node_000251,tencent_video,309570,946.52,1628.09
node_000251,iqiyi,309570,832.57,1428.35
node_000251,bilibili,309570,981.43,1150.46
node_000251,netease,309570,662.85,1036.13
node_000251,default,309570,622.99,774.07
node_000252,kuaishou,2014379,948.76,930.87
node_000252,douyin,2014379,753.01,1141.34
node_000252,tencent_video,2014379,693.31,1139.04
node_000252,iqiyi,2014379,619.55,1078.01
node_000252,bilibili,2014379,736.96,912.0
node_000252,netease,2014379,598.43,791.96
node_000252,default,2014379,492.56,573.3
node_000253,kuaishou,2251933,1105.16,1373.39
node_000253,douyin,2251933,1131.97,1626.27
node_000253,tencent_video,2251933,902.32,1990.66
node_000253,iqiyi,2251933,909.38,1920.36
node_000253,bilibili,2251933,994.11,1346.77
node_000253,netease,2251933,798.89,1112.51
node_000253,default,2251933,674.78,920.24
node_000254,kuaishou,382912,777.09,1072.53
node_000254,douyin,382912,727.27,1179.9
node_000254,tencent_video,382912,744.64,1382.29
node_000254,iqiyi,382912,629.77,1241.2
node_000254,bilibili,382912,741.83,1058.31
node_000254,netease,382912,551.64,906.18
node_000254,default,382912,486.64,659.46
node_000255,kuaishou,623773,1044.56,1223.19
node_000255,douyin,623773,994.28,1504.35
node_000255,tencent_video,623773,858.27,1604.63
node_000255,iqiyi,623773,725.45,1490.52
node_000255,bilibili,623773,903.09,1292.79
node_000255,netease,623773,664.6,1068.72
node_000255,default,623773,617.44,776.58
node_000256,kuaishou,2462489,753.73,852.02
node_000256,douyin,2462489,641.06,1042.15
node_000256,tencent_video,2462489,632.09,1147.33
node_000256,iqiyi,2462489,578.66,1077.2
node_000256,bilibili,2462489,677.1,974.23
node_000256,netease,2462489,461.47,799.87
node_000256,default,2462489,412.93,505.85
node_000257,kuaishou,1622857,671.34,723.89
node_000257,douyin,1622857,564.16,908.62
node_000257,tencent_video,1622857,560.71,980.71
node_000257,iqiyi,1622857,468.38,814.71
node_000257,bilibili,1622857,554.85,771.59
node_000257,netease,1622857,456.95,642.77
node_000257,default,1622857,407.65,465.51
node_000258,kuaishou,2364779,1409.42,1400.21
node_000258,douyin,2364779,1219.28,1580.11
node_000258,tencent_video,2364779,926.99,1699.22
node_000258,iqiyi,2364779,853.94,1637.04
node_000258,bilibili,2364779,977.7,1374.1
node_000258,netease,2364779,721.33,1206.66
node_000258,default,2364779,704.79,889.08
node_000259,kuaishou,1044947,1061.74,1373.2
node_000259,douyin,1044947,1118.73,1367.35
node_000259,tencent_video,1044947,839.24,1505.8
node_000259,iqiyi,1044947,801.91,1454.04
node_000259,bilibili,1044947,968.22,1276.07
node_000259,netease,1044947,735.46,1038.2
node_000259,default,1044947,619.3,758.35
node_000260,kuaishou,248214,804.31,1138.66
node_000260,douyin,248214,778.18,1285.94
node_000260,tencent_video,248214,646.8,1693.85
node_000260,iqiyi,248214,706.9,1255.33
node_000260,bilibili,248214,735.43,975.96
node_000260,netease,248214,553.05,902.59
node_000260,default,248214,476.89,614.43
node_000261,kuaishou,953114,1216.77,1619.36
node_000261,douyin,953114,1168.76,2012.94
node_000261,tencent_video,953114,1079.22,2050.76
node_000261,iqiyi,953114,941.01,1784.37
node_000261,bilibili,953114,1181.26,1626.57
node_000261,netease,953114,828.21,1343.31
node_000261,default,953114,718.81,907.36
node_000262,kuaishou,1661964,1333.2,1684.52
node_000262,douyin,1661964,1082.53,2078.04
node_000262,tencent_video,1661964,1114.42,2125.28
node_000262,iqiyi,1661964,943.06,1760.43
node_000262,bilibili,1661964,1169.03,1866.69
node_000262,netease,1661964,889.78,1366.73
node_000262,default,1661964,779.4,1033.64
node_000263,kuaishou,1095164,1086.89,1265.08
node_000263,douyin,1095164,964.67,1340.56
node_000263,tencent_video,1095164,832.08,1601.35
node_000263,iqiyi,1095164,727.93,1411.77
node_000263,bilibili,1095164,911.08,1212.73
node_000263,netease,1095164,640.16,1028.19
node_000263,default,1095164,631.23,682.29
node_000264,kuaishou,962934,705.65,864.96
node_000264,douyin,962934,646.81,1055.3
node_000264,tencent_video,962934,572.95,1158.99
node_000264,iqiyi,962934,594.66,979.65
node_000264,bilibili,962934,584.76,833.29
node_000264,netease,962934,496.18,757.09
node_000264,default,962934,436.26,521.71
node_000265,kuaishou,1291655,1289.65,1549.86
node_000265,douyin,1291655,1085.04,1810.08
node_000265,tencent_video,1291655,1098.49,1938.93
node_000265,iqiyi,1291655,896.26,1765.49
node_000265,bilibili,1291655,1120.5,1723.43
node_000265,netease,1291655,847.66,1397.31
node_000265,default,1291655,755.02,900.48
node_000266,kuaishou,1258525,869.27,774.88
node_000266,douyin,1258525,693.33,854.91
node_000266,tencent_video,1258525,581.64,1184.12
node_000266,iqiyi,1258525,486.58,1027.07
node_000266,bilibili,1258525,623.18,865.13
node_000266,netease,1258525,498.45,685.76
node_000266,default,1258525,404.28,468.94
node_000267,kuaishou,981427,1319.49,1764.1
node_000267,douyin,981427,1363.2,2119.23
node_000267,tencent_video,981427,1149.91,2238.89
node_000267,iqiyi,981427,1151.44,2126.67
node_000267,bilibili,981427,1153.8,1790.08
node_000267,netease,981427,902.2,1553.93
node_000267,default,981427,769.99,1112.84
node_000268,kuaishou,1538918,924.18,789.52
node_000268,douyin,1538918,893.07,1003.05
node_000268,tencent_video,1538918,723.11,1263.51
node_000268,iqiyi,1538918,607.15,1133.29
node_000268,bilibili,1538918,745.21,788.73
node_000268,netease,1538918,563.54,722.87
node_000268,default,1538918,450.42,457.55
node_000269,kuaishou,2085249,994.22,1093.17
node_000269,douyin,2085249,1004.03,1356.58
node_000269,tencent_video,2085249,823.2,1433.54
node_000269,iqiyi,2085249,763.92,1458.81
node_000269,bilibili,2085249,994.71,1117.53
node_000269,netease,2085249,673.9,982.35
node_000269,default,2085249,629.96,741.72
node_000270,kuaishou,981089,1178.72,1225.27
node_000270,douyin,981089,997.42,1459.17
node_000270,tencent_video,981089,1000.0,1708.04
node_000270,iqiyi,981089,797.24,1487.47
node_000270,bilibili,981089,841.15,1276.71
node_000270,netease,981089,738.29,1195.97
node_000270,default,981089,582.24,794.53
node_000271,kuaishou,2474595,1045.97,1238.95
node_000271,douyin,2474595,962.78,1519.86
node_000271,tencent_video,2474595,905.8,1525.47
node_000271,iqiyi,2474595,798.66,1498.55
node_000271,bilibili,2474595,886.98,1277.04
node_000271,netease,2474595,698.29,1074.27
node_000271,default,2474595,566.66,814.36
node_000272,kuaishou,1824295,704.32,810.32
node_000272,douyin,1824295,621.7,914.24
node_000272,tencent_video,1824295,590.97,1190.52
node_000272,iqiyi,1824295,546.66,1068.15
node_000272,bilibili,1824295,594.3,853.38
node_000272,netease,1824295,452.87,688.45
node_000272,default,1824295,395.2,515.36
node_000273,kuaishou,2055970,1155.08,1200.38
node_000273,douyin,2055970,1103.37,1538.58
node_000273,tencent_video,2055970,894.52,1852.98
node_000273,iqiyi,2055970,855.85,1800.73
node_000273,bilibili,2055970,999.85,1212.0
node_000273,netease,2055970,699.05,1173.69
node_000273,default,2055970,634.76,749.44
node_000274,kuaishou,1790821,673.73,870.11
node_000274,douyin,1790821,625.24,945.62
node_000274,tencent_video,1790821,579.19,1201.65
node_000274,iqiyi,1790821,531.08,1185.24
node_000274,bilibili,1790821,604.19,841.22
node_000274,netease,1790821,470.79,649.09
node_000274,default,1790821,415.25,588.98
node_000275,kuaishou,2172043,768.39,1094.21
node_000275,douyin,2172043,699.65,1317.35
node_000275,tencent_video,2172043,647.08,1353.77
node_000275,iqiyi,2172043,585.37,1154.48
node_000275,bilibili,2172043,766.56,1084.59
node_000275,netease,2172043,528.45,864.64
node_000275,default,2172043,431.17,606.9
node_000276,kuaishou,2216967,615.32,889.74
node_000276,douyin,2216967,559.63,910.05
node_000276,tencent_video,2216967,593.19,933.78
node_000276,iqiyi,2216967,516.34,939.91
node_000276,bilibili,2216967,588.09,827.44
node_000276,netease,2216967,485.62,751.18
node_000276,default,2216967,389.32,470.31
node_000277,kuaishou,2568948,1008.64,1041.35
node_000277,douyin,2568948,956.49,1221.71
node_000277,tencent_video,2568948,753.32,1223.41
node_000277,iqiyi,2568948,612.48,1001.85
node_000277,bilibili,2568948,712.52,1009.83
node_000277,netease,2568948,557.02,895.26
node_000277,default,2568948,523.81,587.36
node_000278,kuaishou,464928,1358.44,1677.77
node_000278,douyin,464928,1348.32,1953.29
node_000278,tencent_video,464928,1197.18,2165.86
node_000278,iqiyi,464928,1040.03,1994.77
node_000278,bilibili,464928,1233.18,1675.69
node_000278,netease,464928,936.4,1624.1
node_000278,default,464928,767.47,1051.35
node_000279,kuaishou,318672,1460.04,1562.19
node_000279,douyin,318672,1339.5,1693.09
node_000279,tencent_video,318672,1087.37,2052.11
node_000279,iqiyi,318672,943.5,1742.43
node_000279,bilibili,318672,1054.54,1674.34
node_000279,netease,318672,791.84,1408.37
node_000279,default,318672,812.29,1041.33
node_000280,kuaishou,595464,1019.03,1034.82
node_000280,douyin,595464,837.21,1316.39
node_000280,tencent_video,595464,845.81,1577.9
node_000280,iqiyi,595464,722.97,1357.62
node_000280,bilibili,595464,834.82,1151.05
node_000280,netease,595464,627.91,927.4
node_000280,default,595464,529.91,641.4
node_000281,kuaishou,1942268,712.47,766.83
node_000281,douyin,1942268,595.62,914.48
node_000281,tencent_video,1942268,469.96,1167.61
node_000281,iqiyi,1942268,487.01,1092.64
node_000281,bilibili,1942268,597.04,726.83
node_000281,netease,1942268,460.91,646.34
node_000281,default,1942268,362.54,466.86
node_000282,kuaishou,573128,1063.74,1304.01
node_000282,douyin,573128,962.59,1414.47
node_000282,tencent_video,573128,954.75,1659.39
node_000282,iqiyi,573128,790.85,1320.09
node_000282,bilibili,573128,990.56,1277.07
node_000282,netease,573128,714.36,1026.94
node_000282,default,573128,625.56,735.96
node_000283,kuaishou,1755444,622.89,669.3
node_000283,douyin,1755444,587.89,826.38
node_000283,tencent_video,1755444,584.11,1148.03
node_000283,iqiyi,1755444,481.9,953.39
node_000283,bilibili,1755444,547.35,677.58
node_000283,netease,1755444,377.68,579.91
node_000283,default,1755444,361.08,382.96
node_000284,kuaishou,1361045,1231.28,1501.95
node_000284,douyin,1361045,1086.81,1886.96
node_000284,tencent_video,1361045,1005.95,1845.54
node_000284,iqiyi,1361045,922.77,1728.25
node_000284,bilibili,1361045,972.48,1558.74
node_000284,netease,1361045,857.69,1357.59
node_000284,default,1361045,799.45,995.78
node_000285,kuaishou,1129307,1078.23,1318.74
node_000285,douyin,1129307,1042.8,1559.68
node_000285,tencent_video,1129307,839.29,1899.39
node_000285,iqiyi,1129307,787.97,1723.07
node_000285,bilibili,1129307,995.45,1380.6
node_000285,netease,1129307,782.62,1204.5
node_000285,default,1129307,685.01,844.32
node_000286,kuaishou,1442888,957.02,904.36
node_000286,douyin,1442888,870.76,1055.64
node_000286,tencent_video,1442888,697.23,1204.55
node_000286,iqiyi,1442888,654.89,988.99
node_000286,bilibili,1442888,801.62,1008.18
node_000286,netease,1442888,622.71,810.84
node_000286,default,1442888,516.57,584.15
node_000287,kuaishou,1084474,877.83,902.04
node_000287,douyin,1084474,762.49,1041.05
node_000287,tencent_video,1084474,708.98,1041.74
node_000287,iqiyi,1084474,653.05,981.46
node_000287,bilibili,1084474,791.68,939.8
node_000287,netease,1084474,600.59,736.68
node_000287,default,1084474,487.25,513.67
node_000288,kuaishou,255077,1198.8,1082.04
node_000288,douyin,255077,1048.68,1389.87
node_000288,tencent_video,255077,865.56,1487.97
node_000288,iqiyi,255077,749.19,1374.44
node_000288,bilibili,255077,903.03,1160.08
node_000288,netease,255077,679.63,1038.56
node_000288,default,255077,644.55,747.6
node_000289,kuaishou,2124788,729.04,884.2
node_000289,douyin,2124788,670.82,938.03
node_000289,tencent_video,2124788,584.36,1089.9
node_000289,iqiyi,2124788,546.3,931.68
node_000289,bilibili,2124788,540.82,827.16
node_000289,netease,2124788,469.48,745.66
node_000289,default,2124788,446.74,539.96
node_000290,kuaishou,847681,762.01,1025.26
node_000290,douyin,847681,742.58,1170.98
node_000290,tencent_video,847681,640.7,1246.79
node_000290,iqiyi,847681,602.51,1113.98
node_000290,bilibili,847681,675.53,962.28
node_000290,netease,847681,528.68,868.55
node_000290,default,847681,453.4,624.85
node_000291,kuaishou,1300678,1008.58,904.31
node_000291,douyin,1300678,843.7,1137.48
node_000291,tencent_video,1300678,710.11,1138.02
node_000291,iqiyi,1300678,618.82,1067.31
node_000291,bilibili,1300678,816.23,931.03
node_000291,netease,1300678,575.62,850.93
node_000291,default,1300678,463.06,626.17
node_000292,kuaishou,1648957,852.28,1191.81
node_000292,douyin,1648957,741.4,1226.2
node_000292,tencent_video,1648957,787.78,1405.72
node_000292,iqiyi,1648957,640.33,1252.67
node_000292,bilibili,1648957,772.83,1264.89
node_000292,netease,1648957,589.74,912.64
node_000292,default,1648957,466.77,683.23
node_000293,kuaishou,2347722,1239.01,1178.91
node_000293,douyin,2347722,1041.54,1370.27
node_000293,tencent_video,2347722,850.4,1784.06
node_000293,iqiyi,2347722,820.82,1533.26
node_000293,bilibili,2347722,993.52,1128.93
node_000293,netease,2347722,752.8,975.44
node_000293,default,2347722,609.45,707.64
node_000294,kuaishou,2429510,1390.33,1939.07
node_000294,douyin,2429510,1178.42,2197.34
node_000294,tencent_video,2429510,1274.31,2528.25
node_000294,iqiyi,2429510,1034.88,1959.55
node_000294,bilibili,2429510,1272.34,1693.26
node_000294,netease,2429510,1000.22,1610.51
node_000294,default,2429510,905.09,1049.88
node_000295,kuaishou,2095500,817.51,1084.21
node_000295,douyin,2095500,847.11,1286.34
node_000295,tencent_video,2095500,770.35,1791.6
node_000295,iqiyi,2095500,656.19,1512.7
node_000295,bilibili,2095500,778.01,1162.94
node_000295,netease,2095500,563.22,1023.69
node_000295,default,2095500,498.47,670.43
node_000296,kuaishou,1487557,1289.4,1822.29
node_000296,douyin,1487557,1178.74,1898.16
node_000296,tencent_video,1487557,1193.0,2550.63
node_000296,iqiyi,1487557,1068.6,2092.6
node_000296,bilibili,1487557,1175.1,1880.99
node_000296,netease,1487557,874.0,1429.68
node_000296,default,1487557,719.03,1078.03
node_000297,kuaishou,1236955,984.33,918.46
node_000297,douyin,1236955,924.24,1074.04
node_000297,tencent_video,1236955,731.5,1305.87
node_000297,iqiyi,1236955,666.75,1127.63
node_000297,bilibili,1236955,764.09,1010.49
node_000297,netease,1236955,662.02,841.21
node_000297,default,1236955,538.66,557.02
node_000298,kuaishou,1827781,1482.0,1887.16
node_000298,douyin,1827781,1330.49,2162.29
node_000298,tencent_video,1827781,1191.73,2276.61
node_000298,iqiyi,1827781,1083.13,2121.86
node_000298,bilibili,1827781,1214.49,1919.41
node_000298,netease,1827781,957.38,1585.59
node_000298,default,1827781,826.77,1096.76
node_000299,kuaishou,1551735,999.24,1202.88
node_000299,douyin,1551735,855.05,1348.88
node_000299,tencent_video,1551735,824.82,1754.91
node_000299,iqiyi,1551735,722.52,1622.93
node_000299,bilibili,1551735,860.96,1251.97
node_000299,netease,1551735,633.32,1013.77
node_000299,default,1551735,575.24,678.67
node_000300,kuaishou,1353482,1265.95,1520.66
node_000300,douyin,1353482,1137.1,1870.66
node_000300,tencent_video,1353482,1002.71,2199.67
node_000300,iqiyi,1353482,1056.7,1831.07
node_000300,bilibili,1353482,1108.07,1520.47
node_000300,netease,1353482,910.02,1387.14
node_000300,default,1353482,728.43,998.91
node_000301,kuaishou,1321947,1065.26,1428.53
node_000301,douyin,1321947,993.98,1544.19
node_000301,tencent_video,1321947,945.05,1730.74
node_000301,iqiyi,1321947,777.95,1496.4
node_000301,bilibili,1321947,1031.7,1350.22
node_000301,netease,1321947,747.51,1179.31
node_000301,default,1321947,657.33,783.2
node_000302,kuaishou,562584,670.57,781.49
node_000302,douyin,562584,594.15,886.44
node_000302,tencent_video,562584,539.19,1109.95
node_000302,iqiyi,562584,493.82,936.0
node_000302,bilibili,562584,573.04,863.11
node_000302,netease,562584,432.28,708.19
node_000302,default,562584,399.75,556.99
node_000303,kuaishou,1752582,1048.65,1448.4
node_000303,douyin,1752582,955.18,1540.82
node_000303,tencent_video,1752582,983.72,1689.18
node_000303,iqiyi,1752582,800.16,1388.34
node_000303,bilibili,1752582,970.29,1302.16
node_000303,netease,1752582,755.55,1069.77
node_000303,default,1752582,680.99,816.73
node_000304,kuaishou,1788545,861.0,990.05
node_000304,douyin,1788545,817.56,1185.52
node_000304,tencent_video,1788545,810.39,1261.85
node_000304,iqiyi,1788545,710.31,1110.82
node_000304,bilibili,1788545,841.39,1062.56
node_000304,netease,1788545,618.65,855.87
node_000304,default,1788545,511.44,582.33
node_000305,kuaishou,1093873,921.65,1104.88
node_000305,douyin,1093873,780.67,1327.08
node_000305,tencent_video,1093873,693.75,1561.86
node_000305,iqiyi,1093873,634.38,1280.73
node_000305,bilibili,1093873,680.91,1104.88
node_000305,netease,1093873,477.25,900.44
node_000305,default,1093873,472.84,679.15
node_000306,kuaishou,2068526,1090.98,1305.14
node_000306,douyin,2068526,1007.05,1624.72
node_000306,tencent_video,2068526,927.28,1739.73
node_000306,iqiyi,2068526,875.75,1611.07
node_000306,bilibili,2068526,972.03,1316.87
node_000306,netease,2068526,755.12,1208.79
node_000306,default,2068526,610.15,796.52
node_000307,kuaishou,675446,1113.51,1375.02
node_000307,douyin,675446,1031.96,1625.89
node_000307,tencent_video,675446,925.3,1883.55
node_000307,iqiyi,675446,882.29,1481.19
node_000307,bilibili,675446,1009.56,1411.86
node_000307,netease,675446,812.07,1156.88
node_000307,default,675446,695.57,843.66
node_000308,kuaishou,1332966,1211.69,1224.48
node_000308,douyin,1332966,1168.48,1437.61
node_000308,tencent_video,1332966,948.03,1828.91
node_000308,iqiyi,1332966,813.96,1819.64
node_000308,bilibili,1332966,842.08,1435.09
node_000308,netease,1332966,703.66,1115.83
node_000308,default,1332966,647.06,810.52
node_000309,kuaishou,969026,1418.27,1752.71
node_000309,douyin,969026,1340.31,1974.88
node_000309,tencent_video,969026,1021.7,2102.24
node_000309,iqiyi,969026,940.25,1935.47
node_000309,bilibili,969026,1135.39,1707.09
node_000309,netease,969026,754.9,1380.22
node_000309,default,969026,755.89,989.4
node_000310,kuaishou,1162001,891.72,1183.75
node_000310,douyin,1162001,764.94,1350.75
node_000310,tencent_video,1162001,730.52,1400.47
node_000310,iqiyi,1162001,608.28,1198.5
node_000310,bilibili,1162001,765.93,1122.92
node_000310,netease,1162001,530.8,875.92
node_000310,default,1162001,510.47,656.71
node_000311,kuaishou,1917496,1386.47,1706.07
node_000311,douyin,1917496,1200.29,2021.87
node_000311,tencent_video,1917496,1117.66,2658.4
node_000311,iqiyi,1917496,1016.6,2161.59
node_000311,bilibili,1917496,1210.78,1822.59
node_000311,netease,1917496,887.15,1354.44
node_000311,default,1917496,764.69,1043.32
node_000312,kuaishou,2278482,952.28,1074.55
node_000312,douyin,2278482,856.03,1252.67
node_000312,tencent_video,2278482,810.17,1409.61
node_000312,iqiyi,2278482,721.52,1205.28
node_000312,bilibili,2278482,834.95,1259.76
node_000312,netease,2278482,622.57,924.95
node_000312,default,2278482,659.9,685.78
node_000313,kuaishou,905306,874.31,1128.79
node_000313,douyin,905306,808.37,1407.88
node_000313,tencent_video,905306,717.89,1887.66
node_000313,iqiyi,905306,669.07,1540.02
node_000313,bilibili,905306,758.16,1162.37
node_000313,netease,905306,534.78,976.86
node_000313,default,905306,504.68,678.26
node_000314,kuaishou,685107,1045.98,1214.98
node_000314,douyin,685107,1050.84,1531.45
node_000314,tencent_video,685107,906.55,1548.37
node_000314,iqiyi,685107,822.86,1374.98
node_000314,bilibili,685107,922.33,1266.44
node_000314,netease,685107,693.82,1071.93
node_000314,default,685107,627.13,769.76
node_000315,kuaishou,2178164,1317.46,1529.43
node_000315,douyin,2178164,1125.65,1718.88
node_000315,tencent_video,2178164,1076.06,2461.49
node_000315,iqiyi,2178164,964.09,2133.98
node_000315,bilibili,2178164,1088.68,1533.06
node_000315,netease,2178164,792.76,1424.5
node_000315,default,2178164,750.78,911.86
node_000316,kuaishou,2217284,1598.61,1785.83
node_000316,douyin,2217284,1519.53,2140.66
node_000316,tencent_video,2217284,1196.92,2313.1
node_000316,iqiyi,2217284,1005.82,2066.04
node_000316,bilibili,2217284,1144.41,1917.93
node_000316,netease,2217284,887.08,1660.31
node_000316,default,2217284,800.57,1180.07
node_000317,kuaishou,250189,1154.61,1251.34
node_000317,douyin,250189,980.67,1330.39
node_000317,tencent_video,250189,898.53,1717.75
node_000317,iqiyi,250189,807.11,1691.1
node_000317,bilibili,250189,898.83,1166.21
node_000317,netease,250189,685.78,991.44
node_000317,default,250189,611.52,739.11
node_000318,kuaishou,1850543,662.64,774.88
node_000318,douyin,1850543,575.06,899.61
node_000318,tencent_video,1850543,587.32,1165.19
node_000318,iqiyi,1850543,497.25,1035.41
node_000318,bilibili,1850543,522.94,776.36
node_000318,netease,1850543,407.98,626.04
node_000318,default,1850543,416.76,449.57
node_000319,kuaishou,467063,869.48,1031.49
node_000319,douyin,467063,778.94,1331.9
node_000319,tencent_video,467063,644.14,1580.18
node_000319,iqiyi,467063,617.26,1343.93
node_000319,bilibili,467063,715.95,1051.77
node_000319,netease,467063,531.62,906.38
node_000319,default,467063,472.62,643.47
node_000320,kuaishou,2591940,1481.7,1732.8
node_000320,douyin,2591940,1349.37,2185.64
node_000320,tencent_video,2591940,1115.45,2659.4
node_000320,iqiyi,2591940,978.73,2317.94
node_000320,bilibili,2591940,1099.02,1742.48
node_000320,netease,2591940,849.75,1473.07
node_000320,default,2591940,680.23,994.97
node_000321,kuaishou,1856744,1106.14,1119.57
node_000321,douyin,1856744,990.47,1301.17
node_000321,tencent_video,1856744,874.33,1546.42
node_000321,iqiyi,1856744,699.9,1224.01
node_000321,bilibili,1856744,816.12,1070.26
node_000321,netease,1856744,677.54,959.8
node_000321,default,1856744,575.21,703.27
node_000322,kuaishou,2132294,1074.5,1180.3
node_000322,douyin,2132294,982.36,1405.53
node_000322,tencent_video,2132294,827.0,1608.07
node_000322,iqiyi,2132294,775.38,1341.32
node_000322,bilibili,2132294,909.32,1321.56
node_000322,netease,2132294,707.77,1062.15
node_000322,default,2132294,606.89,764.09
node_000323,kuaishou,2369182,1182.68,1284.68
node_000323,douyin,2369182,1180.74,1578.53
node_000323,tencent_video,2369182,908.03,2074.28
node_000323,iqiyi,2369182,832.51,1917.34
node_000323,bilibili,2369182,984.77,1425.38
node_000323,netease,2369182,764.1,1088.73
node_000323,default,2369182,658.86,775.39
node_000324,kuaishou,2049363,1148.74,1176.07
node_000324,douyin,2049363,1133.46,1240.88
node_000324,tencent_video,2049363,793.79,1993.12
node_000324,iqiyi,2049363,738.29,1392.81
node_000324,bilibili,2049363,847.83,1004.01
node_000324,netease,2049363,673.36,1030.65
node_000324,default,2049363,555.64,682.75
node_000325,kuaishou,2018151,638.78,722.87
node_000325,douyin,2018151,575.79,763.53
node_000325,tencent_video,2018151,530.85,1055.79
node_000325,iqiyi,2018151,462.4,994.24
node_000325,bilibili,2018151,524.42,764.05
node_000325,netease,2018151,444.41,631.24
node_000325,default,2018151,344.88,382.48
node_000326,kuaishou,2172903,1294.7,1568.58
node_000326,douyin,2172903,1195.72,1886.21
node_000326,tencent_video,2172903,1023.6,2056.27
node_000326,iqiyi,2172903,869.97,2127.1
node_000326,bilibili,2172903,991.08,1526.85
node_000326,netease,2172903,832.41,1416.32
node_000326,default,2172903,695.65,901.36
node_000327,kuaishou,1369174,1068.58,1181.59
node_000327,douyin,1369174,977.14,1361.87
node_000327,tencent_video,1369174,870.68,1419.71
node_000327,iqiyi,1369174,744.88,1369.12
node_000327,bilibili,1369174,925.84,1112.86
node_000327,netease,1369174,689.86,878.6
node_000327,default,1369174,581.05,737.52
node_000328,kuaishou,1370136,628.71,804.64
node_000328,douyin,1370136,578.5,848.52
node_000328,tencent_video,1370136,530.86,1092.85
node_000328,iqiyi,1370136,498.35,904.08
node_000328,bilibili,1370136,574.25,740.17
node_000328,netease,1370136,470.07,615.96
node_000328,default,1370136,382.02,486.44
node_000329,kuaishou,1497255,749.1,798.34
node_000329,douyin,1497255,676.74,910.68
node_000329,tencent_video,1497255,533.92,972.88
node_000329,iqiyi,1497255,448.28,727.4
node_000329,bilibili,1497255,576.16,778.18
node_000329,netease,1497255,441.09,630.5
node_000329,default,1497255,405.07,446.55
node_000330,kuaishou,147176,1364.42,1487.15
node_000330,douyin,147176,1011.63,1666.39
node_000330,tencent_video,147176,935.77,2151.61
node_000330,iqiyi,147176,867.53,1874.95
node_000330,bilibili,147176,960.95,1579.89
node_000330,netease,147176,798.74,1229.84
node_000330,default,147176,714.69,898.7
node_000331,kuaishou,1510570,1266.2,1611.24
node_000331,douyin,1510570,1103.72,1742.03
node_000331,tencent_video,1510570,1016.61,2309.58
node_000331,iqiyi,1510570,863.52,2015.84
node_000331,bilibili,1510570,1101.13,1678.49
node_000331,netease,1510570,850.89,1167.38
node_000331,default,1510570,747.67,920.71
node_000332,kuaishou,2534322,1242.26,1135.35
node_000332,douyin,2534322,1163.51,1400.9
node_000332,tencent_video,2534322,902.31,1482.62
node_000332,iqiyi,2534322,737.57,1506.91
node_000332,bilibili,2534322,870.93,1318.16
node_000332,netease,2534322,701.04,1037.45
node_000332,default,2534322,608.43,699.37
node_000333,kuaishou,1297472,674.94,763.53
node_000333,douyin,1297472,561.67,967.27
node_000333,tencent_video,1297472,541.74,958.54
node_000333,iqiyi,1297472,478.1,896.93
node_000333,bilibili,1297472,554.38,710.49
node_000333,netease,1297472,419.05,697.89
node_000333,default,1297472,395.34,456.09
node_000334,kuaishou,1436152,680.81,826.0
node_000334,douyin,1436152,662.42,875.56
node_000334,tencent_video,1436152,561.83,1023.13
node_000334,iqiyi,1436152,540.23,920.57
node_000334,bilibili,1436152,655.41,866.48
node_000334,netease,1436152,448.81,721.45
node_000334,default,1436152,393.83,524.85
node_000335,kuaishou,1863027,981.35,1275.09
node_000335,douyin,1863027,970.84,1514.28
node_000335,tencent_video,1863027,861.18,1507.05
node_000335,iqiyi,1863027,780.49,1406.35
node_000335,bilibili,1863027,940.51,1225.99
node_000335,netease,1863027,740.33,1051.19
node_000335,default,1863027,592.9,745.04
node_000336,kuaishou,1588568,708.05,657.82
node_000336,douyin,1588568,641.54,783.03
node_000336,tencent_video,1588568,502.08,845.68
node_000336,iqiyi,1588568,454.54,793.77
node_000336,bilibili,1588568,534.81,637.38
node_000336,netease,1588568,394.63,552.08
node_000336,default,1588568,363.06,432.35
node_000337,kuaishou,932375,1107.47,988.01
node_000337,douyin,932375,989.97,1135.2
node_000337,tencent_video,932375,749.34,1335.57
node_000337,iqiyi,932375,671.75,1343.27
node_000337,bilibili,932375,779.4,1101.96
node_000337,netease,932375,571.02,836.8
node_000337,default,932375,506.48,590.67
node_000338,kuaishou,1319391,751.0,867.38
node_000338,douyin,1319391,756.76,886.87
node_000338,tencent_video,1319391,572.89,1162.04
node_000338,iqiyi,1319391,518.32,1016.51
node_000338,bilibili,1319391,631.19,813.41
node_000338,netease,1319391,458.98,726.33
node_000338,default,1319391,388.16,491.0
node_000339,kuaishou,1444519,976.18,769.26
node_000339,douyin,1444519,865.65,1052.32
node_000339,tencent_video,1444519,713.7,1025.76
node_000339,iqiyi,1444519,586.51,932.1
node_000339,bilibili,1444519,733.53,788.42
node_000339,netease,1444519,553.36,757.56
node_000339,default,1444519,477.66,540.38
node_000340,kuaishou,933101,1057.75,916.89
node_000340,douyin,933101,955.05,1133.1
node_000340,tencent_video,933101,791.66,1442.33
node_000340,iqiyi,933101,663.13,1373.57
node_000340,bilibili,933101,779.51,933.47
node_000340,netease,933101,672.78,794.72
node_000340,default,933101,520.39,603.24
node_000341,kuaishou,1150894,695.49,857.61
node_000341,douyin,1150894,598.75,1001.12
node_000341,tencent_video,1150894,578.03,1161.24
node_000341,iqiyi,1150894,499.26,937.49
node_000341,bilibili,1150894,591.71,940.89
node_000341,netease,1150894,451.51,766.92
node_000341,default,1150894,433.06,522.71
node_000342,kuaishou,2010497,748.47,1061.99
node_000342,douyin,2010497,698.58,1016.99
node_000342,tencent_video,2010497,676.97,1458.31
node_000342,iqiyi,2010497,603.92,1447.7
node_000342,bilibili,2010497,689.07,1076.38
node_000342,netease,2010497,528.6,940.71
node_000342,default,2010497,434.62,614.95
node_000343,kuaishou,1890939,1539.99,1793.4
node_000343,douyin,1890939,1595.02,2237.44
node_000343,tencent_video,1890939,1172.92,2880.57
node_000343,iqiyi,1890939,940.34,2509.35
node_000343,bilibili,1890939,1198.78,2007.41
node_000343,netease,1890939,996.31,1678.45
node_000343,default,1890939,846.87,1065.37
node_000344,kuaishou,1019243,790.19,1103.05
node_000344,douyin,1019243,692.55,1143.71
node_000344,tencent_video,1019243,632.17,1287.81
node_000344,iqiyi,1019243,562.82,1151.26
node_000344,bilibili,1019243,693.81,1007.89
node_000344,netease,1019243,556.32,889.12
node_000344,default,1019243,491.18,623.35
node_000345,kuaishou,1164134,1494.41,1943.49
node_000345,douyin,1164134,1413.85,2099.64
node_000345,tencent_video,1164134,1106.32,2816.82
node_000345,iqiyi,1164134,1000.61,2380.78
node_000345,bilibili,1164134,1293.18,1937.18
node_000345,netease,1164134,932.67,1615.08
node_000345,default,1164134,811.17,1258.48
node_000346,kuaishou,200757,1190.6,1626.63
node_000346,douyin,200757,1166.07,1676.54
node_000346,tencent_video,200757,972.3,1711.96
node_000346,iqiyi,200757,955.0,1702.75
node_000346,bilibili,200757,1073.19,1435.84
node_000346,netease,200757,779.09,1301.36
node_000346,default,200757,697.06,946.64
node_000347,kuaishou,1880248,899.88,955.95
node_000347,douyin,1880248,932.9,1185.65
node_000347,tencent_video,1880248,716.46,1383.82
node_000347,iqiyi,1880248,676.73,1228.95
node_000347,bilibili,1880248,789.32,1030.82
node_000347,netease,1880248,635.05,927.27
node_000347,default,1880248,567.24,632.83
node_000348,kuaishou,734519,739.42,918.0
node_000348,douyin,734519,729.1,991.0
node_000348,tencent_video,734519,565.61,971.95
node_000348,iqiyi,734519,515.68,948.71
node_000348,bilibili,734519,626.34,839.87
node_000348,netease,734519,411.0,665.45
node_000348,default,734519,445.35,481.16
node_000349,kuaishou,1741883,1550.49,1831.36
node_000349,douyin,1741883,1366.93,2120.79
node_000349,tencent_video,1741883,1054.46,2643.33
node_000349,iqiyi,1741883,1002.89,2120.82
node_000349,bilibili,1741883,1154.32,1698.0
node_000349,netease,1741883,833.05,1468.59
node_000349,default,1741883,766.97,1014.73
node_000350,kuaishou,1617307,1056.06,1446.07
node_000350,douyin,1617307,927.61,1541.15
node_000350,tencent_video,1617307,914.09,2001.12
node_000350,iqiyi,1617307,862.82,1837.39
node_000350,bilibili,1617307,926.65,1324.92
node_000350,netease,1617307,654.98,1120.89
node_000350,default,1617307,606.93,779.98
node_000351,kuaishou,1730930,821.6,941.22
node_000351,douyin,1730930,751.01,1043.41
node_000351,tencent_video,1730930,658.83,1193.63
node_000351,iqiyi,1730930,545.03,1110.05
node_000351,bilibili,1730930,698.4,1023.86
node_000351,netease,1730930,513.57,837.69
node_000351,default,1730930,456.31,596.36
node_000352,kuaishou,285703,1133.4,1438.13
node_000352,douyin,285703,925.65,1551.97
node_000352,tencent_video,285703,955.63,1481.24
node_000352,iqiyi,285703,803.42,1608.19
node_000352,bilibili,285703,1034.87,1411.65
node_000352,netease,285703,783.94,1190.53
node_000352,default,285703,675.21,818.31
node_000353,kuaishou,1968594,1533.12,1643.13
node_000353,douyin,1968594,1342.72,1781.29
node_000353,tencent_video,1968594,1066.51,1891.03
node_000353,iqiyi,1968594,969.65,1880.91
node_000353,bilibili,1968594,1185.92,1656.3
node_000353,netease,1968594,777.7,1373.1
node_000353,default,1968594,809.2,918.09
node_000354,kuaishou,1537594,1174.05,1534.15
node_000354,douyin,1537594,1112.92,1715.72
node_000354,tencent_video,1537594,961.85,1934.01
node_000354,iqiyi,1537594,1061.27,1659.92
node_000354,bilibili,1537594,1035.82,1363.95
node_000354,netease,1537594,760.25,1226.56
node_000354,default,1537594,668.75,874.46
node_000355,kuaishou,1793021,683.43,966.75
node_000355,douyin,1793021,709.02,1202.16
node_000355,tencent_video,1793021,631.43,1449.56
node_000355,iqiyi,1793021,604.54,1299.82
node_000355,bilibili,1793021,699.0,952.29
node_000355,netease,1793021,483.45,889.44
node_000355,default,1793021,459.43,632.9
node_000356,kuaishou,1232890,1079.39,1211.46
node_000356,douyin,1232890,951.86,1537.66
node_000356,tencent_video,1232890,938.55,1534.2
node_000356,iqiyi,1232890,845.79,1457.24
node_000356,bilibili,1232890,1026.55,1332.2
node_000356,netease,1232890,765.72,1127.3
node_000356,default,1232890,667.51,727.19
node_000357,kuaishou,2093277,768.24,741.26
node_000357,douyin,2093277,685.41,819.9
node_000357,tencent_video,2093277,548.1,1159.94
node_000357,iqiyi,2093277,478.27,1112.65
node_000357,bilibili,2093277,541.27,808.62
node_000357,netease,2093277,485.56,699.64
node_000357,default,2093277,382.39,442.05
node_000358,kuaishou,1874432,1358.41,1799.76
node_000358,douyin,1874432,1370.49,2114.42
node_000358,tencent_video,1874432,1049.06,2319.4
node_000358,iqiyi,1874432,1055.03,1986.76
node_000358,bilibili,1874432,1125.48,1977.28
node_000358,netease,1874432,864.06,1595.93
node_000358,default,1874432,806.77,1123.27
node_000359,kuaishou,2062596,748.91,849.77
node_000359,douyin,2062596,690.86,1024.4
node_000359,tencent_video,2062596,652.03,1140.61
node_000359,iqiyi,2062596,520.55,1025.59
node_000359,bilibili,2062596,613.98,987.77
node_000359,netease,2062596,490.27,783.52
node_000359,default,2062596,441.66,529.3
node_000360,kuaishou,1699871,1428.04,1474.08
node_000360,douyin,1699871,1176.96,1668.45
node_000360,tencent_video,1699871,885.95,2044.16
node_000360,iqiyi,1699871,859.84,1903.55
node_000360,bilibili,1699871,993.06,1427.69
node_000360,netease,1699871,763.3,1188.87
node_000360,default,1699871,655.43,828.09
node_000361,kuaishou,57169,1112.14,1031.56
node_000361,douyin,57169,1074.14,1269.52
node_000361,tencent_video,57169,770.28,1626.91
node_000361,iqiyi,57169,698.36,1538.41
node_000361,bilibili,57169,828.35,1102.23
node_000361,netease,57169,655.86,895.24
node_000361,default,57169,563.28,665.24
node_000362,kuaishou,1161522,1119.65,1343.88
node_000362,douyin,1161522,1016.05,1716.95
node_000362,tencent_video,1161522,930.67,2079.79
node_000362,iqiyi,1161522,800.17,1646.27
node_000362,bilibili,1161522,933.19,1359.04
node_000362,netease,1161522,737.05,1137.96
node_000362,default,1161522,625.29,772.68
node_000363,kuaishou,2300686,1143.44,1206.11
node_000363,douyin,2300686,1103.0,1314.68
node_000363,tencent_video,2300686,843.19,1474.38
node_000363,iqiyi,2300686,742.08,1286.07
node_000363,bilibili,2300686,937.99,1159.66
node_000363,netease,2300686,696.19,1032.1
node_000363,default,2300686,551.01,735.88
node_000364,kuaishou,2407207,882.27,955.06
node_000364,douyin,2407207,694.52,1180.68
node_000364,tencent_video,2407207,737.88,1206.49
node_000364,iqiyi,2407207,642.35,930.78
node_000364,bilibili,2407207,780.29,906.33
node_000364,netease,2407207,590.74,784.11
node_000364,default,2407207,509.21,537.93
node_000365,kuaishou,473387,746.14,903.59
node_000365,douyin,473387,783.41,964.97
node_000365,tencent_video,473387,632.85,1019.74
node_000365,iqiyi,473387,551.48,968.15
node_000365,bilibili,473387,651.11,852.47
node_000365,netease,473387,516.56,663.4
node_000365,default,473387,477.52,495.84
node_000366,kuaishou,640275,1047.52,1066.68
node_000366,douyin,640275,1045.22,1213.24
node_000366,tencent_video,640275,801.09,1352.69
node_000366,iqiyi,640275,692.25,1159.79
node_000366,bilibili,640275,843.46,1029.95
node_000366,netease,640275,647.65,898.71
node_000366,default,640275,557.71,694.66
node_000367,kuaishou,363290,1322.7,1478.78
node_000367,douyin,363290,1282.95,1734.75
node_000367,tencent_video,363290,1075.74,1910.26
node_000367,iqiyi,363290,957.48,1614.56
node_000367,bilibili,363290,1008.74,1477.82
node_000367,netease,363290,751.86,1301.2
node_000367,default,363290,684.87,866.69
node_000368,kuaishou,420863,1281.96,1272.15
node_000368,douyin,420863,1038.75,1528.36
node_000368,tencent_video,420863,891.71,1643.92
node_000368,iqiyi,420863,833.9,1337.9
node_000368,bilibili,420863,897.41,1306.65
node_000368,netease,420863,705.65,1125.76
node_000368,default,420863,621.36,797.96
node_000369,kuaishou,13520,1393.81,1755.57
node_000369,douyin,13520,1180.97,1924.89
node_000369,tencent_video,13520,1031.83,2052.17
node_000369,iqiyi,13520,977.31,1899.14
node_000369,bilibili,13520,1164.89,1564.21
node_000369,netease,13520,897.28,1401.4
node_000369,default,13520,711.61,1060.03
node_000370,kuaishou,539063,636.57,734.89
node_000370,douyin,539063,613.89,878.59
node_000370,tencent_video,539063,553.33,1004.47
node_000370,iqiyi,539063,476.03,804.69
node_000370,bilibili,539063,582.59,754.11
node_000370,netease,539063,438.66,614.32
node_000370,default,539063,376.24,481.48
node_000371,kuaishou,2011899,792.65,937.74
node_000371,douyin,2011899,726.52,1294.3
node_000371,tencent_video,2011899,611.75,1533.96
node_000371,iqiyi,2011899,581.79,1354.34
node_000371,bilibili,2011899,693.19,1079.32
node_000371,netease,2011899,525.28,923.38
node_000371,default,2011899,454.99,601.95
node_000372,kuaishou,1424326,1112.34,1032.22
node_000372,douyin,1424326,963.89,1106.79
node_000372,tencent_video,1424326,740.16,1386.82
node_000372,iqiyi,1424326,611.5,1196.73
node_000372,bilibili,1424326,771.02,946.71
node_000372,netease,1424326,542.93,815.11
node_000372,default,1424326,504.57,542.64
node_000373,kuaishou,1313532,1369.81,1802.8
node_000373,douyin,1313532,1289.96,2124.97
node_000373,tencent_video,1313532,1264.1,2323.61
node_000373,iqiyi,1313532,1053.0,2335.73
node_000373,bilibili,1313532,1219.78,1942.06
node_000373,netease,1313532,968.82,1664.83
node_000373,default,1313532,833.07,1144.7
node_000374,kuaishou,2220289,1408.15,1902.48
node_000374,douyin,2220289,1184.9,1987.19
node_000374,tencent_video,2220289,1242.56,2224.17
node_000374,iqiyi,2220289,1100.25,1968.04
node_000374,bilibili,2220289,1190.86,1743.76
node_000374,netease,2220289,938.53,1607.37
node_000374,default,2220289,743.67,1043.76
node_000375,kuaishou,266724,861.16,1156.53
node_000375,douyin,266724,746.6,1280.39
node_000375,tencent_video,266724,675.23,1476.24
node_000375,iqiyi,266724,578.74,1205.95
node_000375,bilibili,266724,679.11,1178.91
node_000375,netease,266724,519.14,983.07
node_000375,default,266724,540.17,750.8
node_000376,kuaishou,1929329,665.69,919.9
node_000376,douyin,1929329,659.01,1103.58
node_000376,tencent_video,1929329,618.5,1186.41
node_000376,iqiyi,1929329,557.44,1052.66
node_000376,bilibili,1929329,673.8,963.03
node_000376,netease,1929329,492.77,828.83
node_000376,default,1929329,455.45,557.59
node_000377,kuaishou,2238020,1053.22,1282.49
node_000377,douyin,2238020,994.98,1478.04
node_000377,tencent_video,2238020,894.24,1614.19
node_000377,iqiyi,2238020,812.52,1726.4
node_000377,bilibili,2238020,994.32,1392.24
node_000377,netease,2238020,713.42,1156.03
node_000377,default,2238020,595.45,814.11
node_000378,kuaishou,1799979,1097.56,1298.91
node_000378,douyin,1799979,1027.79,1496.26
node_000378,tencent_video,1799979,871.01,2012.32
node_000378,iqiyi,1799979,884.47,1646.67
node_000378,bilibili,1799979,862.52,1317.07
node_000378,netease,1799979,711.57,1085.08
node_000378,default,1799979,650.71,753.4
node_000379,kuaishou,2211564,1501.54,1678.3
node_000379,douyin,2211564,1309.46,1893.57
node_000379,tencent_video,2211564,1064.48,2089.55
node_000379,iqiyi,2211564,977.8,1552.46
node_000379,bilibili,2211564,1093.97,1664.78
node_000379,netease,2211564,826.33,1381.84
node_000379,default,2211564,765.9,977.6
node_000380,kuaishou,1551339,1083.11,1342.61
node_000380,douyin,1551339,1054.13,1490.13
node_000380,tencent_video,1551339,997.88,1968.83
node_000380,iqiyi,1551339,753.36,1664.53
node_000380,bilibili,1551339,923.0,1335.89
node_000380,netease,1551339,682.66,1086.42
node_000380,default,1551339,621.97,761.04
node_000381,kuaishou,955243,778.73,899.4
node_000381,douyin,955243,657.31,1054.9
node_000381,tencent_video,955243,629.68,1357.77
node_000381,iqiyi,955243,536.24,1141.72
node_000381,bilibili,955243,624.38,981.92
node_000381,netease,955243,491.94,759.07
node_000381,default,955243,454.99,540.11
node_000382,kuaishou,2492313,1157.38,1273.26
node_000382,douyin,2492313,1011.52,1424.61
node_000382,tencent_video,2492313,935.31,1644.21
node_000382,iqiyi,2492313,826.08,1437.96
node_000382,bilibili,2492313,938.48,1259.71
node_000382,netease,2492313,752.74,1202.72
node_000382,default,2492313,615.97,811.99
node_000383,kuaishou,1686212,898.55,1037.84
node_000383,douyin,1686212,924.86,1442.67
node_000383,tencent_video,1686212,811.51,1489.13
node_000383,iqiyi,1686212,738.63,1259.65
node_000383,bilibili,1686212,936.55,1122.23
node_000383,netease,1686212,649.49,1039.51
node_000383,default,1686212,589.96,722.57
node_000384,kuaishou,1380221,1241.32,1481.52
node_000384,douyin,1380221,1053.02,1682.55
node_000384,tencent_video,1380221,1077.33,2263.71
node_000384,iqiyi,1380221,954.65,2128.2
node_000384,bilibili,1380221,1093.74,1636.44
node_000384,netease,1380221,842.65,1176.72
node_000384,default,1380221,719.69,981.23
node_000385,kuaishou,77027,865.35,892.23
node_000385,douyin,77027,784.98,989.56
node_000385,tencent_video,77027,662.78,1091.94
node_000385,iqiyi,77027,631.88,916.59
node_000385,bilibili,77027,695.85,888.95
node_000385,netease,77027,584.55,688.29
node_000385,default,77027,465.97,513.62
node_000386,kuaishou,1972331,1082.8,1228.43
node_000386,douyin,1972331,1038.63,1558.38
node_000386,tencent_video,1972331,897.57,1980.86
node_000386,iqiyi,1972331,850.35,1652.46
node_000386,bilibili,1972331,965.44,1373.66
node_000386,netease,1972331,663.25,1166.79
node_000386,default,1972331,583.79,791.66
node_000387,kuaishou,1018622,684.7,706.44
node_000387,douyin,1018622,688.49,890.65
node_000387,tencent_video,1018622,552.12,1082.68
node_000387,iqiyi,1018622,413.79,978.88
node_000387,bilibili,1018622,589.83,772.23
node_000387,netease,1018622,428.31,581.49
node_000387,default,1018622,356.67,478.61
node_000388,kuaishou,1720977,860.12,1011.73
node_000388,douyin,1720977,765.2,1216.96
node_000388,tencent_video,1720977,633.27,1480.48
node_000388,iqiyi,1720977,627.51,1434.9
node_000388,bilibili,1720977,618.65,1040.81
node_000388,netease,1720977,517.01,816.54
node_000388,default,1720977,461.1,566.77
node_000389,kuaishou,1555076,826.47,883.44
node_000389,douyin,1555076,830.85,1014.43
node_000389,tencent_video,1555076,598.34,1176.34
node_000389,iqiyi,1555076,509.72,1034.74
node_000389,bilibili,1555076,652.4,966.02
node_000389,netease,1555076,504.47,822.3
node_000389,default,1555076,420.27,521.51
node_000390,kuaishou,1603415,748.1,1140.53
node_000390,douyin,1603415,698.11,1181.7
node_000390,tencent_video,1603415,705.54,1733.96
node_000390,iqiyi,1603415,614.16,1490.26
node_000390,bilibili,1603415,741.68,1085.87
node_000390,netease,1603415,520.17,959.39
node_000390,default,1603415,496.27,688.06
node_000391,kuaishou,2446793,1209.16,1302.73
node_000391,douyin,2446793,1260.44,1603.47
node_000391,tencent_video,2446793,846.36,1767.49
node_000391,iqiyi,2446793,885.79,1371.43
node_000391,bilibili,2446793,846.05,1319.72
node_000391,netease,2446793,779.0,1215.4
node_000391,default,2446793,617.3,864.31
node_000392,kuaishou,1273266,1081.03,1310.68
node_000392,douyin,1273266,1137.42,1665.88
node_000392,tencent_video,1273266,919.83,1808.17
node_000392,iqiyi,1273266,900.8,1601.26
node_000392,bilibili,1273266,952.06,1599.56
node_000392,netease,1273266,825.89,1221.65
node_000392,default,1273266,677.95,892.81
node_000393,kuaishou,1954940,1162.73,1623.91
node_000393,douyin,1954940,1212.34,1943.65
node_000393,tencent_video,1954940,961.26,2536.82
node_000393,iqiyi,1954940,987.32,2351.35
node_000393,bilibili,1954940,1094.09,1486.23
node_000393,netease,1954940,818.87,1344.75
node_000393,default,1954940,781.87,867.9
node_000394,kuaishou,987058,1157.66,1255.56
node_000394,douyin,987058,1059.63,1521.9
node_000394,tencent_video,987058,1009.75,1599.36
node_000394,iqiyi,987058,774.32,1200.1
node_000394,bilibili,987058,854.41,1346.38
node_000394,netease,987058,674.27,1042.18
node_000394,default,987058,642.37,805.11
node_000395,kuaishou,300575,964.33,962.75
node_000395,douyin,300575,857.81,1127.53
node_000395,tencent_video,300575,774.9,1315.32
node_000395,iqiyi,300575,685.59,1253.64
node_000395,bilibili,300575,854.83,1077.11
node_000395,netease,300575,631.13,940.89
node_000395,default,300575,493.69,652.16
node_000396,kuaishou,1015935,965.16,911.65
node_000396,douyin,1015935,727.27,960.3
node_000396,tencent_video,1015935,587.15,1276.42
node_000396,iqiyi,1015935,549.73,1205.3
node_000396,bilibili,1015935,612.19,981.55
node_000396,netease,1015935,459.93,754.45
node_000396,default,1015935,431.15,559.65
node_000397,kuaishou,2571006,872.01,794.18
node_000397,douyin,2571006,786.63,1108.68
node_000397,tencent_video,2571006,589.42,1343.79
node_000397,iqiyi,2571006,516.88,1177.01
node_000397,bilibili,2571006,621.56,884.29
node_000397,netease,2571006,467.62,767.67
node_000397,default,2571006,418.82,600.81
node_000398,kuaishou,34660,880.85,1081.93
node_000398,douyin,34660,826.05,1262.44
node_000398,tencent_video,34660,849.4,1359.52
node_000398,iqiyi,34660,723.72,1312.76
node_000398,bilibili,34660,865.73,1070.19
node_000398,netease,34660,649.96,906.48
node_000398,default,34660,576.1,684.68
node_000399,kuaishou,154089,769.73,728.06
node_000399,douyin,154089,752.81,955.53
node_000399,tencent_video,154089,700.44,976.36
node_000399,iqiyi,154089,598.1,975.55
node_000399,bilibili,154089,683.99,884.22
node_000399,netease,154089,534.13,735.31
node_000399,default,154089,495.05,544.66
node_000400,kuaishou,1314140,630.41,874.84
node_000400,douyin,1314140,667.55,892.67
node_000400,tencent_video,1314140,589.63,1123.53
node_000400,iqiyi,1314140,536.58,918.37
node_000400,bilibili,1314140,579.22,856.09
node_000400,netease,1314140,468.9,728.22
node_000400,default,1314140,401.62,483.89
node_000401,kuaishou,1486902,1076.25,950.95
node_000401,douyin,1486902,1006.43,1135.89
node_000401,tencent_video,1486902,702.37,1183.8
node_000401,iqiyi,1486902,698.58,1110.6
node_000401,bilibili,1486902,730.52,958.38
node_000401,netease,1486902,593.65,799.51
node_000401,default,1486902,574.84,585.82
node_000402,kuaishou,2237767,772.12,1095.35
node_000402,douyin,2237767,717.66,1208.45
node_000402,tencent_video,2237767,702.9,1554.23
node_000402,iqiyi,2237767,546.5,1314.51
node_000402,bilibili,2237767,707.41,965.89
node_000402,netease,2237767,530.71,842.34
node_000402,default,2237767,510.03,708.26
node_000403,kuaishou,142877,779.7,905.47
node_000403,douyin,142877,627.69,963.05
node_000403,tencent_video,142877,680.32,1242.13
node_000403,iqiyi,142877,640.2,1198.38
node_000403,bilibili,142877,665.43,946.04
node_000403,netease,142877,506.69,774.84
node_000403,default,142877,480.9,500.9
node_000404,kuaishou,774498,1287.48,1752.92
node_000404,douyin,774498,1212.79,2167.98
node_000404,tencent_video,774498,974.8,2634.13
node_000404,iqiyi,774498,986.64,2357.25
node_000404,bilibili,774498,1191.94,1701.67
node_000404,netease,774498,884.3,1404.19
node_000404,default,774498,790.68,932.78
node_000405,kuaishou,521803,1211.1,1245.37
node_000405,douyin,521803,1026.5,1298.19
node_000405,tencent_video,521803,848.12,1880.2
node_000405,iqiyi,521803,704.02,1533.02
node_000405,bilibili,521803,918.94,1207.32
node_000405,netease,521803,728.85,951.82
node_000405,default,521803,665.62,667.3
node_000406,kuaishou,2344917,995.55,1061.96
node_000406,douyin,2344917,823.15,1128.37
node_000406,tencent_video,2344917,779.47,1254.52
node_000406,iqiyi,2344917,659.85,1209.87
node_000406,bilibili,2344917,752.17,1147.29
node_000406,netease,2344917,634.02,908.88
node_000406,default,2344917,521.89,667.55
node_000407,kuaishou,648742,893.14,1107.35
node_000407,douyin,648742,853.3,1179.51
node_000407,tencent_video,648742,691.48,1609.3
node_000407,iqiyi,648742,591.36,1423.86
node_000407,bilibili,648742,707.71,1068.15
node_000407,netease,648742,531.53,855.26
node_000407,default,648742,476.66,619.93
node_000408,kuaishou,919790,999.41,1250.11
node_000408,douyin,919790,984.85,1714.99
node_000408,tencent_video,919790,996.02,2089.27
node_000408,iqiyi,919790,841.79,1610.47
node_000408,bilibili,919790,972.45,1308.38
node_000408,netease,919790,705.14,1152.37
node_000408,default,919790,628.11,842.28
node_000409,kuaishou,1351842,1459.16,1673.36
node_000409,douyin,1351842,1317.2,1940.04
node_000409,tencent_video,1351842,1067.78,2452.27
node_000409,iqiyi,1351842,1052.03,2272.25
node_000409,bilibili,1351842,1115.23,1698.69
node_000409,netease,1351842,821.8,1402.13
node_000409,default,1351842,745.86,948.76
node_000410,kuaishou,164674,1355.67,1276.83
node_000410,douyin,164674,1239.35,1576.54
node_000410,tencent_video,164674,912.12,1957.01
node_000410,iqiyi,164674,836.25,1821.45
node_000410,bilibili,164674,986.09,1277.16
node_000410,netease,164674,730.26,1234.91
node_000410,default,164674,652.68,827.61
node_000411,kuaishou,2446290,966.41,1289.32
node_000411,douyin,2446290,830.51,1370.25
node_000411,tencent_video,2446290,782.67,1430.61
node_000411,iqiyi,2446290,830.7,1190.55
node_000411,bilibili,2446290,827.76,1136.03
node_000411,netease,2446290,626.64,1009.19
node_000411,default,2446290,557.26,704.52
node_000412,kuaishou,1713857,1146.73,1437.74
node_000412,douyin,1713857,1080.56,1485.64
node_000412,tencent_video,1713857,889.83,1688.75
node_000412,iqiyi,1713857,828.02,1375.8
node_000412,bilibili,1713857,928.81,1289.86
node_000412,netease,1713857,746.33,1044.18
node_000412,default,1713857,692.98,753.09
node_000413,kuaishou,2220922,845.71,1040.04
node_000413,douyin,2220922,715.7,1220.32
node_000413,tencent_video,2220922,714.88,1367.55
node_000413,iqiyi,2220922,609.91,1105.34
node_000413,bilibili,2220922,674.27,1013.22
node_000413,netease,2220922,580.46,944.46
node_000413,default,2220922,456.21,631.12
node_000414,kuaishou,1047159,1121.26,1058.38
node_000414,douyin,1047159,1079.34,1263.78
node_000414,tencent_video,1047159,799.28,1626.01
node_000414,iqiyi,1047159,771.82,1319.93
node_000414,bilibili,1047159,904.51,1067.14
node_000414,netease,1047159,586.77,881.15
node_000414,default,1047159,506.67,667.42
node_000415,kuaishou,298820,973.94,1123.8
node_000415,douyin,298820,902.83,1341.81
node_000415,tencent_video,298820,700.24,1784.97
node_000415,iqiyi,298820,613.01,1456.89
node_000415,bilibili,298820,764.89,1091.52
node_000415,netease,298820,593.04,984.66
node_000415,default,298820,454.9,699.36
node_000416,kuaishou,1570319,1479.37,1790.86
node_000416,douyin,1570319,1300.64,2031.18
node_000416,tencent_video,1570319,1119.53,2236.07
node_000416,iqiyi,1570319,1072.96,2001.67
node_000416,bilibili,1570319,1123.46,1937.14
node_000416,netease,1570319,890.51,1488.32
node_000416,default,1570319,678.9,1109.17
node_000417,kuaishou,2317850,818.76,1063.76
node_000417,douyin,2317850,760.98,1169.66
node_000417,tencent_video,2317850,692.98,1258.9
node_000417,iqiyi,2317850,584.83,1079.23
node_000417,bilibili,2317850,712.96,1179.1
node_000417,netease,2317850,544.8,957.43
node_000417,default,2317850,535.9,667.99
node_000418,kuaishou,1929425,773.48,1065.72
node_000418,douyin,1929425,767.35,1350.7
node_000418,tencent_video,1929425,644.52,1266.53
node_000418,iqiyi,1929425,611.37,1099.38
node_000418,bilibili,1929425,687.99,1013.26
node_000418,netease,1929425,458.7,884.94
node_000418,default,1929425,457.7,660.3
node_000419,kuaishou,496591,866.19,956.31
node_000419,douyin,496591,842.16,1164.43
node_000419,tencent_video,496591,655.78,1318.87
node_000419,iqiyi,496591,561.31,1149.49
node_000419,bilibili,496591,632.31,926.65
node_000419,netease,496591,527.43,770.01
node_000419,default,496591,457.5,590.73
node_000420,kuaishou,13797,1175.72,1580.33
node_000420,douyin,13797,1058.25,1643.46
node_000420,tencent_video,13797,899.85,1825.68
node_000420,iqiyi,13797,914.54,1677.32
node_000420,bilibili,13797,1038.62,1533.59
node_000420,netease,13797,815.85,1313.32
node_000420,default,13797,722.58,947.12
node_000421,kuaishou,478443,1195.31,1683.49
node_000421,douyin,478443,1144.7,1926.81
node_000421,tencent_video,478443,1073.12,2545.58
node_000421,iqiyi,478443,958.49,2290.81
node_000421,bilibili,478443,970.71,1673.7
node_000421,netease,478443,907.64,1541.03
node_000421,default,478443,776.56,1078.57
node_000422,kuaishou,1097790,683.15,664.88
node_000422,douyin,1097790,653.82,817.62
node_000422,tencent_video,1097790,475.62,800.27
node_000422,iqiyi,1097790,475.36,700.94
node_000422,bilibili,1097790,543.82,739.59
node_000422,netease,1097790,435.95,603.09
node_000422,default,1097790,365.39,456.79
node_000423,kuaishou,2326740,967.17,1174.79
node_000423,douyin,2326740,876.2,1396.46
node_000423,tencent_video,2326740,855.7,1834.18
node_000423,iqiyi,2326740,703.68,1399.96
node_000423,bilibili,2326740,869.89,1327.07
node_000423,netease,2326740,704.88,957.9
node_000423,default,2326740,592.36,720.74
node_000424,kuaishou,1462571,979.93,1064.98
node_000424,douyin,1462571,1059.88,1279.45
node_000424,tencent_video,1462571,832.13,1393.49
node_000424,iqiyi,1462571,797.61,1154.4
node_000424,bilibili,1462571,846.99,1057.57
node_000424,netease,1462571,663.0,916.24
node_000424,default,1462571,601.22,631.54
node_000425,kuaishou,1830259,883.53,1170.18
node_000425,douyin,1830259,829.71,1277.3
node_000425,tencent_video,1830259,721.72,1755.06
node_000425,iqiyi,1830259,573.34,1475.44
node_000425,bilibili,1830259,750.9,1125.83
node_000425,netease,1830259,596.84,915.26
node_000425,default,1830259,439.22,701.04
node_000426,kuaishou,370899,859.68,1150.8
node_000426,douyin,370899,727.84,1520.58
node_000426,tencent_video,370899,697.21,1694.86
node_000426,iqiyi,370899,674.6,1668.01
node_000426,bilibili,370899,792.94,1088.97
node_000426,netease,370899,578.05,892.13
node_000426,default,370899,523.0,638.3
node_000427,kuaishou,2485629,1312.52,1971.51
node_000427,douyin,2485629,1380.21,2139.48
node_000427,tencent_video,2485629,1198.32,1917.89
node_000427,iqiyi,2485629,1015.57,2105.27
node_000427,bilibili,2485629,1251.8,1703.3
node_000427,netease,2485629,898.23,1346.3
node_000427,default,2485629,814.14,985.87
node_000428,kuaishou,469336,957.65,1019.17
node_000428,douyin,469336,956.05,1195.29
node_000428,tencent_video,469336,739.03,1402.63
node_000428,iqiyi,469336,692.98,1141.1
node_000428,bilibili,469336,809.94,1076.84
node_000428,netease,469336,628.67,890.87
node_000428,default,469336,554.36,559.12
node_000429,kuaishou,1947469,1347.2,1565.77
node_000429,douyin,1947469,1232.59,1841.3
node_000429,tencent_video,1947469,1080.24,2256.73
node_000429,iqiyi,1947469,1002.49,1744.46
node_000429,bilibili,1947469,1117.55,1598.34
node_000429,netease,1947469,806.43,1477.49
node_000429,default,1947469,792.55,1059.68
node_000430,kuaishou,35839,1084.65,994.77
node_000430,douyin,35839,856.76,1139.21
node_000430,tencent_video,35839,768.58,1310.04
node_000430,iqiyi,35839,735.2,1146.81
node_000430,bilibili,35839,815.09,1043.59
node_000430,netease,35839,583.1,877.0
node_000430,default,35839,538.17,642.28
node_000431,kuaishou,1850055,1167.7,1556.21
node_000431,douyin,1850055,1147.78,1762.88
node_000431,tencent_video,1850055,996.64,2001.74
node_000431,iqiyi,1850055,945.97,1683.6
node_000431,bilibili,1850055,987.78,1593.05
node_000431,netease,1850055,788.97,1338.07
node_000431,default,1850055,723.32,846.24
node_000432,kuaishou,2427606,946.79,1112.61
node_000432,douyin,2427606,837.04,1288.52
node_000432,tencent_video,2427606,617.44,1274.94
node_000432,iqiyi,2427606,547.41,1130.53
node_000432,bilibili,2427606,765.85,1186.75
node_000432,netease,2427606,548.96,885.44
node_000432,default,2427606,469.51,660.9
node_000433,kuaishou,782860,720.04,756.95
node_000433,douyin,782860,636.52,791.11
node_000433,tencent_video,782860,545.05,838.02
node_000433,iqiyi,782860,425.56,767.77
node_000433,bilibili,782860,560.3,701.79
node_000433,netease,782860,403.14,543.51
node_000433,default,782860,353.43,439.11
node_000434,kuaishou,1752103,1414.04,1487.06
node_000434,douyin,1752103,1397.02,1919.82
node_000434,tencent_video,1752103,1112.07,1817.42
node_000434,iqiyi,1752103,936.17,1751.3
node_000434,bilibili,1752103,1102.24,1498.62
node_000434,netease,1752103,860.87,1296.83
node_000434,default,1752103,712.51,845.0
node_000435,kuaishou,2300104,1031.18,910.16
node_000435,douyin,2300104,858.24,1035.06
node_000435,tencent_video,2300104,736.85,1415.93
node_000435,iqiyi,2300104,584.18,1228.04
node_000435,bilibili,2300104,807.49,927.13
node_000435,netease,2300104,576.44,848.3
node_000435,default,2300104,528.82,598.19
node_000436,kuaishou,2387110,1273.39,1214.95
node_000436,douyin,2387110,1094.4,1440.0
node_000436,tencent_video,2387110,864.46,1499.42
node_000436,iqiyi,2387110,828.98,1426.86
node_000436,bilibili,2387110,969.3,1210.02
node_000436,netease,2387110,625.59,1029.55
node_000436,default,2387110,589.74,727.42
node_000437,kuaishou,154073,817.07,1038.94
node_000437,douyin,154073,746.43,1257.76
node_000437,tencent_video,154073,668.78,1161.79
node_000437,iqiyi,154073,573.8,1164.99
node_000437,bilibili,154073,666.05,1106.35
node_000437,netease,154073,522.24,873.64
node_000437,default,154073,484.18,608.45
node_000438,kuaishou,8701,817.85,893.45
node_000438,douyin,8701,845.14,1170.89
node_000438,tencent_video,8701,732.69,1493.19
node_000438,iqiyi,8701,690.67,1235.79
node_000438,bilibili,8701,749.38,985.18
node_000438,netease,8701,618.63,781.17
node_000438,default,8701,512.76,578.4
node_000439,kuaishou,779823,726.25,916.91
node_000439,douyin,779823,673.27,1130.63
node_000439,tencent_video,779823,573.38,1227.22
node_000439,iqiyi,779823,507.93,1133.76
node_000439,bilibili,779823,594.97,894.39
node_000439,netease,779823,506.37,814.94
node_000439,default,779823,427.47,591.32
node_000440,kuaishou,2311330,1125.07,1189.23
node_000440,douyin,2311330,1032.91,1248.21
node_000440,tencent_video,2311330,764.83,1358.21
node_000440,iqiyi,2311330,748.54,1267.05
node_000440,bilibili,2311330,822.22,1007.23
node_000440,netease,2311330,666.27,919.34
node_000440,default,2311330,590.67,653.76
node_000441,kuaishou,1483778,1079.22,1258.83
node_000441,douyin,1483778,928.41,1354.03
node_000441,tencent_video,1483778,663.94,1735.04
node_000441,iqiyi,1483778,705.86,1553.9
node_000441,bilibili,1483778,734.44,1066.71
node_000441,netease,1483778,615.57,990.6
node_000441,default,1483778,459.59,669.28
node_000442,kuaishou,2413872,739.92,933.49
node_000442,douyin,2413872,662.15,1112.44
node_000442,tencent_video,2413872,579.96,1240.06
node_000442,iqiyi,2413872,516.66,1084.11
node_000442,bilibili,2413872,621.22,959.01
node_000442,netease,2413872,522.95,926.74
node_000442,default,2413872,420.22,582.18
node_000443,kuaishou,1747379,829.25,1009.93
node_000443,douyin,1747379,693.98,1230.44
node_000443,tencent_video,1747379,603.39,1439.72
node_000443,iqiyi,1747379,574.02,1404.37
node_000443,bilibili,1747379,732.65,1099.8
node_000443,netease,1747379,539.72,870.85
node_000443,default,1747379,478.35,581.95
node_000444,kuaishou,1592259,795.94,853.51
node_000444,douyin,1592259,723.86,966.69
node_000444,tencent_video,1592259,767.06,1070.84
node_000444,iqiyi,1592259,624.19,900.89
node_000444,bilibili,1592259,748.51,881.21
node_000444,netease,1592259,563.44,729.35
node_000444,default,1592259,499.34,541.75
node_000445,kuaishou,544126,736.69,744.05
node_000445,douyin,544126,676.16,889.35
node_000445,tencent_video,544126,548.49,960.32
node_000445,iqiyi,544126,491.01,857.29
node_000445,bilibili,544126,561.94,751.47
node_000445,netease,544126,461.61,594.52
node_000445,default,544126,379.25,458.02
node_000446,kuaishou,2034048,1120.42,1479.13
node_000446,douyin,2034048,1092.15,1674.78
node_000446,tencent_video,2034048,1127.21,1817.91
node_000446,iqiyi,2034048,914.09,1570.88
node_000446,bilibili,2034048,1070.51,1549.62
node_000446,netease,2034048,771.29,1258.77
node_000446,default,2034048,664.2,840.0
node_000447,kuaishou,2320588,873.86,980.69
node_000447,douyin,2320588,846.35,1250.47
node_000447,tencent_video,2320588,684.97,1302.87
node_000447,iqiyi,2320588,607.81,1066.88
node_000447,bilibili,2320588,724.7,1076.61
node_000447,netease,2320588,592.99,908.13
node_000447,default,2320588,450.01,639.17
node_000448,kuaishou,1030760,1089.35,1210.02
node_000448,douyin,1030760,911.74,1386.61
node_000448,tencent_video,1030760,916.19,1532.16
node_000448,iqiyi,1030760,806.73,1283.12
node_000448,bilibili,1030760,898.06,1187.0
node_000448,netease,1030760,689.46,1074.25
node_000448,default,1030760,533.85,717.55
node_000449,kuaishou,1804055,1282.66,1842.4
node_000449,douyin,1804055,1233.09,1854.01
node_000449,tencent_video,1804055,1002.31,2153.04
node_000449,iqiyi,1804055,967.27,1710.82
node_000449,bilibili,1804055,1155.9,1652.43
node_000449,netease,1804055,885.09,1455.16
node_000449,default,1804055,731.49,1036.78
node_000450,kuaishou,2349566,789.53,1102.97
node_000450,douyin,2349566,719.94,1153.26
node_000450,tencent_video,2349566,646.28,1283.11
node_000450,iqiyi,2349566,638.16,1162.27
node_000450,bilibili,2349566,744.05,1074.13
node_000450,netease,2349566,524.47,873.61
node_000450,default,2349566,479.2,654.74
node_000451,kuaishou,2003438,946.47,913.93
node_000451,douyin,2003438,791.84,1107.3
node_000451,tencent_video,2003438,771.5,1431.78
node_000451,iqiyi,2003438,653.47,1202.77
node_000451,bilibili,2003438,797.95,972.5
node_000451,netease,2003438,574.2,822.53
node_000451,default,2003438,548.68,558.69
node_000452,kuaishou,452085,1325.99,1251.05
node_000452,douyin,452085,1228.22,1501.99
node_000452,tencent_video,452085,877.05,1648.27
node_000452,iqiyi,452085,854.4,1502.4
node_000452,bilibili,452085,944.81,1385.58
node_000452,netease,452085,734.26,1098.01
node_000452,default,452085,615.43,814.29
node_000453,kuaishou,1486562,606.07,778.0
node_000453,douyin,1486562,573.5,789.4
node_000453,tencent_video,1486562,470.33,979.82
node_000453,iqiyi,1486562,453.39,913.55
node_000453,bilibili,1486562,537.45,633.53
node_000453,netease,1486562,412.23,638.74
node_000453,default,1486562,391.76,388.22
node_000454,kuaishou,1514084,1099.25,1020.85
node_000454,douyin,1514084,920.18,1182.54
node_000454,tencent_video,1514084,866.32,1367.79
node_000454,iqiyi,1514084,712.48,1109.77
node_000454,bilibili,1514084,857.33,988.66
node_000454,netease,1514084,575.79,876.37
node_000454,default,1514084,600.07,696.79
node_000455,kuaishou,2314093,1201.04,1626.23
node_000455,douyin,2314093,1111.98,1863.09
node_000455,tencent_video,2314093,1056.83,2383.72
node_000455,iqiyi,2314093,970.56,1926.34
node_000455,bilibili,2314093,1031.07,1562.32
node_000455,netease,2314093,769.88,1318.76
node_000455,default,2314093,712.44,1012.44
node_000456,kuaishou,342226,1198.55,1680.56
node_000456,douyin,342226,1061.41,2141.05
node_000456,tencent_video,342226,1125.25,2481.21
node_000456,iqiyi,342226,928.82,2371.07
node_000456,bilibili,342226,1083.39,1621.46
node_000456,netease,342226,840.64,1460.46
node_000456,default,342226,788.59,1086.19
node_000457,kuaishou,2198703,767.58,1054.89
node_000457,douyin,2198703,781.99,1075.14
node_000457,tencent_video,2198703,612.59,1228.36
node_000457,iqiyi,2198703,611.83,1113.96
node_000457,bilibili,2198703,662.59,1059.84
node_000457,netease,2198703,548.84,868.88
node_000457,default,2198703,439.62,622.2
node_000458,kuaishou,1673283,821.02,1036.88
node_000458,douyin,1673283,808.51,1183.35
node_000458,tencent_video,1673283,673.04,1542.01
node_000458,iqiyi,1673283,582.42,1320.24
node_000458,bilibili,1673283,692.92,1039.7
node_000458,netease,1673283,550.31,874.6
node_000458,default,1673283,444.71,598.04
node_000459,kuaishou,91456,1142.47,1264.57
node_000459,douyin,91456,1018.19,1546.15
node_000459,tencent_video,91456,858.32,1605.05
node_000459,iqiyi,91456,790.46,1303.12
node_000459,bilibili,91456,911.6,1294.35
node_000459,netease,91456,683.56,1051.44
node_000459,default,91456,608.11,834.1
node_000460,kuaishou,1671250,1183.15,1158.23
node_000460,douyin,1671250,992.0,1311.36
node_000460,tencent_video,1671250,826.33,1334.28
node_000460,iqiyi,1671250,668.65,1100.28
node_000460,bilibili,1671250,849.48,1129.39
node_000460,netease,1671250,606.86,995.35
node_000460,default,1671250,568.64,712.73
node_000461,kuaishou,1235211,1497.75,1893.01
node_000461,douyin,1235211,1252.62,2017.65
node_000461,tencent_video,1235211,1187.06,2081.44
node_000461,iqiyi,1235211,989.16,1878.37
node_000461,bilibili,1235211,1123.5,1764.05
node_000461,netease,1235211,828.9,1473.1
node_000461,default,1235211,795.52,1034.39
node_000462,kuaishou,1540963,629.25,742.01
node_000462,douyin,1540963,559.69,782.92
node_000462,tencent_video,1540963,541.01,867.57
node_000462,iqiyi,1540963,469.87,724.34
node_000462,bilibili,1540963,527.64,749.83
node_000462,netease,1540963,398.98,631.45
node_000462,default,1540963,319.87,416.31
node_000463,kuaishou,1682230,1468.08,1807.78
node_000463,douyin,1682230,1413.07,1938.94
node_000463,tencent_video,1682230,1094.75,2623.06
node_000463,iqiyi,1682230,1017.58,2180.74
node_000463,bilibili,1682230,1230.74,1811.2
node_000463,netease,1682230,900.37,1383.57
node_000463,default,1682230,723.15,1002.96
node_000464,kuaishou,2071752,752.38,958.12
node_000464,douyin,2071752,711.57,1009.1
node_000464,tencent_video,2071752,620.19,1141.54
node_000464,iqiyi,2071752,549.33,1067.37
node_000464,bilibili,2071752,675.4,995.17
node_000464,netease,2071752,501.16,786.26
node_000464,default,2071752,423.95,509.67
node_000465,kuaishou,381182,811.69,1140.35
node_000465,douyin,381182,783.76,1152.66
node_000465,tencent_video,381182,736.34,1417.31
node_000465,iqiyi,381182,607.97,1118.87
node_000465,bilibili,381182,752.42,1107.37
node_000465,netease,381182,504.88,908.69
node_000465,default,381182,550.98,649.5
node_000466,kuaishou,775494,1356.04,1878.01
node_000466,douyin,775494,1244.98,1956.9
node_000466,tencent_video,775494,1117.61,2414.03
node_000466,iqiyi,775494,886.28,2415.08
node_000466,bilibili,775494,1147.82,1733.63
node_000466,netease,775494,928.26,1597.4
node_000466,default,775494,800.67,1155.56
node_000467,kuaishou,2690,724.65,1026.58
node_000467,douyin,2690,717.13,1044.07
node_000467,tencent_video,2690,603.33,1100.12
node_000467,iqiyi,2690,575.65,1021.22
node_000467,bilibili,2690,584.94,944.86
node_000467,netease,2690,505.11,837.59
node_000467,default,2690,430.9,553.56
node_000468,kuaishou,1229677,1131.65,1462.66
node_000468,douyin,1229677,1173.08,1681.42
node_000468,tencent_video,1229677,1039.72,2434.05
node_000468,iqiyi,1229677,902.07,2089.86
node_000468,bilibili,1229677,1081.85,1517.06
node_000468,netease,1229677,833.07,1399.98
node_000468,default,1229677,680.19,861.57
node_000469,kuaishou,342273,718.52,980.75
node_000469,douyin,342273,687.95,1104.92
node_000469,tencent_video,342273,619.75,1197.37
node_000469,iqiyi,342273,566.06,979.12
node_000469,bilibili,342273,657.64,970.37
node_000469,netease,342273,520.29,809.92
node_000469,default,342273,409.63,537.34
node_000470,kuaishou,673703,1790.45,2033.38
node_000470,douyin,673703,1398.71,2161.71
node_000470,tencent_video,673703,1077.43,2179.19
node_000470,iqiyi,673703,983.66,2029.2
node_000470,bilibili,673703,1209.55,1889.33
node_000470,netease,673703,960.89,1559.18
node_000470,default,673703,815.27,1058.23
node_000471,kuaishou,2210789,1073.36,1301.24
node_000471,douyin,2210789,906.06,1424.55
node_000471,tencent_video,2210789,888.93,1551.47
node_000471,iqiyi,2210789,792.55,1267.21
node_000471,bilibili,2210789,933.4,1204.05
node_000471,netease,2210789,704.08,1097.19
node_000471,default,2210789,625.74,753.34
node_000472,kuaishou,2237369,1276.19,1294.05
node_000472,douyin,2237369,1211.6,1697.11
node_000472,tencent_video,2237369,858.26,2171.4
node_000472,iqiyi,2237369,734.28,1781.52
node_000472,bilibili,2237369,1071.41,1354.59
node_000472,netease,2237369,750.88,1215.27
node_000472,default,2237369,597.94,829.3
node_000473,kuaishou,664295,1582.1,1844.62
node_000473,douyin,664295,1453.53,2044.78
node_000473,tencent_video,664295,1161.69,2795.97
node_000473,iqiyi,664295,1019.09,2524.88
node_000473,bilibili,664295,1250.59,1845.24
node_000473,netease,664295,934.75,1787.49
node_000473,default,664295,911.19,1078.82
node_000474,kuaishou,1703736,1266.18,1785.84
node_000474,douyin,1703736,1145.03,2081.09
node_000474,tencent_video,1703736,1055.19,2069.36
node_000474,iqiyi,1703736,925.16,1779.41
node_000474,bilibili,1703736,1117.12,1489.84
node_000474,netease,1703736,859.55,1405.0
node_000474,default,1703736,791.04,1039.13
node_000475,kuaishou,2248637,1006.13,998.83
node_000475,douyin,2248637,960.57,1208.8
node_000475,tencent_video,2248637,719.09,1389.6
node_000475,iqiyi,2248637,607.35,1282.14
node_000475,bilibili,2248637,762.34,969.19
node_000475,netease,2248637,544.52,811.86
node_000475,default,2248637,510.42,567.09
node_000476,kuaishou,219464,869.88,1056.43
node_000476,douyin,219464,889.21,1114.08
node_000476,tencent_video,219464,662.51,1560.79
node_000476,iqiyi,219464,655.17,1440.11
node_000476,bilibili,219464,666.68,1042.77
node_000476,netease,219464,581.7,940.17
node_000476,default,219464,450.57,632.21
node_000477,kuaishou,379220,1274.19,1399.13
node_000477,douyin,379220,1132.58,1505.77
node_000477,tencent_video,379220,923.5,1594.03
node_000477,iqiyi,379220,822.17,1524.02
node_000477,bilibili,379220,930.29,1326.58
node_000477,netease,379220,764.5,1081.1
node_000477,default,379220,681.43,798.84
node_000478,kuaishou,1504579,1041.9,1087.25
node_000478,douyin,1504579,943.58,1356.39
node_000478,tencent_video,1504579,829.54,1398.82
node_000478,iqiyi,1504579,700.15,1362.62
node_000478,bilibili,1504579,886.36,1157.13
node_000478,netease,1504579,641.13,968.92
node_000478,default,1504579,577.53,696.3
node_000479,kuaishou,429162,948.21,1358.03
node_000479,douyin,429162,951.59,1426.67
node_000479,tencent_video,429162,813.36,1920.24
node_000479,iqiyi,429162,789.39,1604.63
node_000479,bilibili,429162,830.02,1223.88
node_000479,netease,429162,729.84,1024.23
node_000479,default,429162,648.67,773.07
node_000480,kuaishou,1682474,1125.78,1297.43
node_000480,douyin,1682474,995.01,1365.93
node_000480,tencent_video,1682474,823.87,1743.86
node_000480,iqiyi,1682474,856.68,1531.85
node_000480,bilibili,1682474,803.68,1264.02
node_000480,netease,1682474,746.15,1106.55
node_000480,default,1682474,638.85,764.59
node_000481,kuaishou,2129817,1213.57,1215.22
node_000481,douyin,2129817,1018.67,1295.74
node_000481,tencent_video,2129817,765.88,1433.48
node_000481,iqiyi,2129817,788.61,1128.75
node_000481,bilibili,2129817,865.26,1141.03
node_000481,netease,2129817,661.3,1022.0
node_000481,default,2129817,621.15,658.87
node_000482,kuaishou,1772173,680.4,719.24
node_000482,douyin,1772173,664.74,854.24
node_000482,tencent_video,1772173,492.66,859.61
node_000482,iqiyi,1772173,499.26,772.55
node_000482,bilibili,1772173,541.28,701.94
node_000482,netease,1772173,435.11,637.18
node_000482,default,1772173,380.36,425.45
node_000483,kuaishou,2163938,1197.96,1488.71
node_000483,douyin,2163938,1206.6,1586.43
node_000483,tencent_video,2163938,1039.56,1792.4
node_000483,iqiyi,2163938,818.88,1566.49
node_000483,bilibili,2163938,1018.71,1356.83
node_000483,netease,2163938,788.18,1276.1
node_000483,default,2163938,687.14,836.32
node_000484,kuaishou,455714,1121.61,1333.56
node_000484,douyin,455714,971.8,1462.36
node_000484,tencent_video,455714,813.89,1564.0
node_000484,iqiyi,455714,747.48,1343.14
node_000484,bilibili,455714,1061.22,1243.46
node_000484,netease,455714,671.85,1062.37
node_000484,default,455714,598.52,699.62
node_000485,kuaishou,633755,980.53,1139.23
node_000485,douyin,633755,939.06,1317.97
node_000485,tencent_video,633755,839.93,1370.34
node_000485,iqiyi,633755,683.92,1249.26
node_000485,bilibili,633755,911.04,1083.72
node_000485,netease,633755,624.18,1010.12
node_000485,default,633755,553.83,658.2
node_000486,kuaishou,277827,1426.9,1794.98
node_000486,douyin,277827,1211.82,2081.55
node_000486,tencent_video,277827,1170.37,2353.44
node_000486,iqiyi,277827,1055.25,1977.22
node_000486,bilibili,277827,1240.91,1922.44
node_000486,netease,277827,949.7,1534.71
node_000486,default,277827,762.77,1038.53
node_000487,kuaishou,1189389,1372.7,1576.27
node_000487,douyin,1189389,1331.14,1731.2
node_000487,tencent_video,1189389,1019.52,2413.28
node_000487,iqiyi,1189389,893.44,1903.15
node_000487,bilibili,1189389,1000.39,1539.23
node_000487,netease,1189389,771.21,1313.04
node_000487,default,1189389,782.57,878.24
node_000488,kuaishou,1078782,1391.92,1696.17
node_000488,douyin,1078782,1274.08,1895.59
node_000488,tencent_video,1078782,1034.1,2222.62
node_000488,iqiyi,1078782,950.2,1893.06
node_000488,bilibili,1078782,1046.25,1698.57
node_000488,netease,1078782,814.52,1403.82
node_000488,default,1078782,842.16,1059.67
node_000489,kuaishou,2297867,629.24,789.12
node_000489,douyin,2297867,569.21,874.56
node_000489,tencent_video,2297867,554.41,865.96
node_000489,iqiyi,2297867,461.37,825.3
node_000489,bilibili,2297867,576.81,801.43
node_000489,netease,2297867,421.45,625.96
node_000489,default,2297867,356.53,456.36
node_000490,kuaishou,952019,985.94,1284.44
node_000490,douyin,952019,937.84,1354.22
node_000490,tencent_video,952019,869.68,1763.23
node_000490,iqiyi,952019,768.82,1607.01
node_000490,bilibili,952019,896.07,1185.55
node_000490,netease,952019,662.21,970.41
node_000490,default,952019,612.11,738.07
node_000491,kuaishou,2068828,874.88,1191.06
node_000491,douyin,2068828,945.42,1200.97
node_000491,tencent_video,2068828,661.67,1346.5
node_000491,iqiyi,2068828,655.8,1126.91
node_000491,bilibili,2068828,650.08,1213.6
node_000491,netease,2068828,557.89,951.85
node_000491,default,2068828,475.72,672.26
node_000492,kuaishou,1347764,880.64,1123.38
node_000492,douyin,1347764,874.84,1194.41
node_000492,tencent_video,1347764,809.95,1373.58
node_000492,iqiyi,1347764,709.93,1094.53
node_000492,bilibili,1347764,876.74,1046.55
node_000492,netease,1347764,647.98,909.7
node_000492,default,1347764,554.21,707.74
node_000493,kuaishou,2052497,1054.52,1214.94
node_000493,douyin,2052497,1009.23,1372.35
node_000493,tencent_video,2052497,903.18,1373.71
node_000493,iqiyi,2052497,717.56,1170.64
node_000493,bilibili,2052497,946.43,1241.85
node_000493,netease,2052497,724.94,986.59
node_000493,default,2052497,589.99,716.47
node_000494,kuaishou,346353,1094.0,1271.65
node_000494,douyin,346353,1063.53,1591.05
node_000494,tencent_video,346353,985.45,1546.48
node_000494,iqiyi,346353,906.45,1365.11
node_000494,bilibili,346353,907.84,1305.1
node_000494,netease,346353,783.88,1157.78
node_000494,default,346353,635.95,776.12
node_000495,kuaishou,2337865,790.98,1016.38
node_000495,douyin,2337865,781.25,1265.29
node_000495,tencent_video,2337865,695.09,1302.05
node_000495,iqiyi,2337865,615.67,1104.14
node_000495,bilibili,2337865,707.38,939.75
node_000495,netease,2337865,499.94,899.62
node_000495,default,2337865,531.04,587.32
node_000496,kuaishou,986673,1257.58,1403.04
node_000496,douyin,986673,1162.0,1757.84
node_000496,tencent_video,986673,1000.5,1750.3
node_000496,iqiyi,986673,865.63,1778.69
node_000496,bilibili,986673,1050.85,1546.8
node_000496,netease,986673,773.51,1294.84
node_000496,default,986673,659.38,919.91
node_000497,kuaishou,620017,1420.75,1674.76
node_000497,douyin,620017,1276.06,2116.36
node_000497,tencent_video,620017,1094.62,2086.48
node_000497,iqiyi,620017,911.35,1894.99
node_000497,bilibili,620017,1210.48,1681.61
node_000497,netease,620017,902.98,1399.25
node_000497,default,620017,777.1,1005.27
node_000498,kuaishou,1050066,738.83,1024.68
node_000498,douyin,1050066,672.43,1211.23
node_000498,tencent_video,1050066,608.28,1255.66
node_000498,iqiyi,1050066,601.59,1102.11
node_000498,bilibili,1050066,621.41,933.69
node_000498,netease,1050066,538.14,799.38
node_000498,default,1050066,466.55,575.27
node_000499,kuaishou,1698817,1521.79,1620.75
node_000499,douyin,1698817,1456.88,1953.76
node_000499,tencent_video,1698817,1074.94,2622.29
node_000499,iqiyi,1698817,979.73,2068.51
node_000499,bilibili,1698817,1086.5,1799.08
node_000499,netease,1698817,877.87,1330.29
node_000499,default,1698817,778.4,996.56
node_000500,kuaishou,1700708,1084.98,891.58
node_000500,douyin,1700708,936.17,1126.67
node_000500,tencent_video,1700708,698.19,1237.18
node_000500,iqiyi,1700708,640.44,1088.59
node_000500,bilibili,1700708,696.35,972.4
node_000500,netease,1700708,572.25,859.66
node_000500,default,1700708,510.13,609.67
node_000501,kuaishou,247120,726.57,884.94
node_000501,douyin,247120,614.73,884.9
node_000501,tencent_video,247120,563.39,1179.45
node_000501,iqiyi,247120,499.37,902.88
node_000501,bilibili,247120,578.51,906.66
node_000501,netease,247120,458.28,703.8
node_000501,default,247120,434.61,527.71
node_000502,kuaishou,2354412,1023.12,1189.15
node_000502,douyin,2354412,944.86,1453.36
node_000502,tencent_video,2354412,887.9,1795.99
node_000502,iqiyi,2354412,807.12,1444.92
node_000502,bilibili,2354412,978.68,1308.95
node_000502,netease,2354412,741.69,1141.76
node_000502,default,2354412,640.15,904.74
node_000503,kuaishou,776995,1290.73,1679.58
node_000503,douyin,776995,1175.74,1868.39
node_000503,tencent_video,776995,1022.82,2095.34
node_000503,iqiyi,776995,992.71,1766.28
node_000503,bilibili,776995,1095.26,1738.96
node_000503,netease,776995,838.53,1374.35
node_000503,default,776995,752.25,961.75
node_000504,kuaishou,1373928,1224.62,1623.17
node_000504,douyin,1373928,1147.09,1854.61
node_000504,tencent_video,1373928,1001.62,2067.88
node_000504,iqiyi,1373928,962.91,1882.47
node_000504,bilibili,1373928,1099.85,1574.89
node_000504,netease,1373928,871.49,1312.52
node_000504,default,1373928,773.4,1017.04
node_000505,kuaishou,1747449,852.76,1016.27
node_000505,douyin,1747449,675.35,1114.77
node_000505,tencent_video,1747449,697.8,1379.54
node_000505,iqiyi,1747449,614.04,1185.87
node_000505,bilibili,1747449,723.45,1039.51
node_000505,netease,1747449,528.14,882.85
node_000505,default,1747449,471.37,584.31
node_000506,kuaishou,470976,873.43,983.36
node_000506,douyin,470976,792.38,1201.95
node_000506,tencent_video,470976,774.7,1455.94
node_000506,iqiyi,470976,629.26,1274.34
node_000506,bilibili,470976,802.4,991.72
node_000506,netease,470976,597.65,843.93
node_000506,default,470976,539.84,588.24
node_000507,kuaishou,327074,639.36,823.88
node_000507,douyin,327074,563.5,1008.38
node_000507,tencent_video,327074,580.45,1039.96
node_000507,iqiyi,327074,458.85,851.68
node_000507,bilibili,327074,626.95,973.54
node_000507,netease,327074,473.33,720.8
node_000507,default,327074,401.08,463.22
node_000508,kuaishou,976858,1305.0,1726.52
node_000508,douyin,976858,1150.79,1997.4
node_000508,tencent_video,976858,1064.4,2749.88
node_000508,iqiyi,976858,1046.18,2199.83
node_000508,bilibili,976858,1163.98,1947.15
node_000508,netease,976858,856.05,1546.83
node_000508,default,976858,791.82,1127.49
node_000509,kuaishou,993305,1733.54,2012.93
node_000509,douyin,993305,1417.98,2164.64
node_000509,tencent_video,993305,1169.37,2250.65
node_000509,iqiyi,993305,965.06,2031.65
node_000509,bilibili,993305,1219.68,1773.32
node_000509,netease,993305,954.52,1718.82
node_000509,default,993305,862.73,1139.35
node_000510,kuaishou,1811318,1060.84,1193.63
node_000510,douyin,1811318,902.2,1435.59
node_000510,tencent_video,1811318,827.84,1629.95
node_000510,iqiyi,1811318,778.22,1354.13
node_000510,bilibili,1811318,891.84,1287.59
node_000510,netease,1811318,707.78,1091.15
node_000510,default,1811318,623.56,759.77
node_000511,kuaishou,479448,1009.09,1276.11
node_000511,douyin,479448,924.75,1376.41
node_000511,tencent_video,479448,888.63,1650.9
node_000511,iqiyi,479448,822.55,1323.08
node_000511,bilibili,479448,894.33,1213.91
node_000511,netease,479448,688.11,985.8
node_000511,default,479448,625.69,734.15
node_000512,kuaishou,861175,1151.91,1337.97
node_000512,douyin,861175,1040.0,1628.98
node_000512,tencent_video,861175,862.35,1555.62
node_000512,iqiyi,861175,832.53,1425.5
node_000512,bilibili,861175,950.21,1280.04
node_000512,netease,861175,694.73,1191.01
node_000512,default,861175,592.12,804.38
node_000513,kuaishou,2221378,1168.63,1469.16
node_000513,douyin,2221378,1038.59,1594.62
node_000513,tencent_video,2221378,1063.2,1620.04
node_000513,iqiyi,2221378,885.53,1481.23
node_000513,bilibili,2221378,998.29,1387.67
node_000513,netease,2221378,738.05,1220.55
node_000513,default,2221378,592.06,846.47
node_000514,kuaishou,139980,1194.59,1507.17
node_000514,douyin,139980,1146.28,1664.27
node_000514,tencent_video,139980,1035.06,1857.55
node_000514,iqiyi,139980,869.96,1599.89
node_000514,bilibili,139980,915.93,1450.28
node_000514,netease,139980,708.51,1116.26
node_000514,default,139980,678.28,809.87
node_000515,kuaishou,1872482,795.99,1011.66
node_000515,douyin,1872482,664.13,1079.32
node_000515,tencent_video,1872482,597.74,1166.48
node_000515,iqiyi,1872482,526.35,1054.01
node_000515,bilibili,1872482,681.17,926.98
node_000515,netease,1872482,500.78,811.08
node_000515,default,1872482,463.4,561.21
node_000516,kuaishou,1911343,1082.4,1266.12
node_000516,douyin,1911343,938.88,1463.39
node_000516,tencent_video,1911343,798.28,1679.45
node_000516,iqiyi,1911343,806.57,1317.62
node_000516,bilibili,1911343,890.53,1145.38
node_000516,netease,1911343,687.98,1038.51
node_000516,default,1911343,571.07,780.37
node_000517,kuaishou,2296927,1071.94,1305.12
node_000517,douyin,2296927,907.27,1534.66
node_000517,tencent_video,2296927,893.02,1820.47
node_000517,iqiyi,2296927,788.0,1443.66
node_000517,bilibili,2296927,1070.13,1304.07
node_000517,netease,2296927,711.88,1043.63
node_000517,default,2296927,672.76,730.01
node_000518,kuaishou,267893,1158.78,1445.31
node_000518,douyin,267893,1069.5,1419.82
node_000518,tencent_video,267893,982.78,2069.97
node_000518,iqiyi,267893,840.72,1820.8
node_000518,bilibili,267893,916.97,1400.29
node_000518,netease,267893,707.97,1162.07
node_000518,default,267893,670.03,876.87
node_000519,kuaishou,457330,1021.57,984.09
node_000519,douyin,457330,980.7,1144.43
node_000519,tencent_video,457330,766.63,1351.63
node_000519,iqiyi,457330,693.72,1140.41
node_000519,bilibili,457330,812.87,943.26
node_000519,netease,457330,625.05,882.93
node_000519,default,457330,560.36,637.03
node_000520,kuaishou,1829399,879.11,966.89
node_000520,douyin,1829399,712.69,959.0
node_000520,tencent_video,1829399,690.63,1349.34
node_000520,iqiyi,1829399,625.47,1087.68
node_000520,bilibili,1829399,779.45,994.4
node_000520,netease,1829399,597.5,804.47
node_000520,default,1829399,496.9,515.92
node_000521,kuaishou,2303804,693.38,892.23
node_000521,douyin,2303804,607.93,1025.38
node_000521,tencent_video,2303804,578.73,1415.87
node_000521,iqiyi,2303804,526.49,1110.74
node_000521,bilibili,2303804,621.97,831.31
node_000521,netease,2303804,419.3,710.09
node_000521,default,2303804,397.9,466.95
node_000522,kuaishou,2210397,922.18,1001.97
node_000522,douyin,2210397,854.17,1222.36
node_000522,tencent_video,2210397,660.77,1470.26
node_000522,iqiyi,2210397,595.46,1138.01
node_000522,bilibili,2210397,684.85,998.27
node_000522,netease,2210397,551.33,861.22
node_000522,default,2210397,453.17,612.58
node_000523,kuaishou,172002,659.27,794.66
node_000523,douyin,172002,606.93,981.3
node_000523,tencent_video,172002,552.14,958.11
node_000523,iqiyi,172002,511.46,835.81
node_000523,bilibili,172002,595.14,808.55
node_000523,netease,172002,437.48,692.39
node_000523,default,172002,357.7,479.17
node_000524,kuaishou,1808396,1021.08,1186.21
node_000524,douyin,1808396,907.44,1332.75
node_000524,tencent_video,1808396,833.69,1461.38
node_000524,iqiyi,1808396,757.47,1333.95
node_000524,bilibili,1808396,867.78,1102.81
node_000524,netease,1808396,654.55,1014.13
node_000524,default,1808396,525.36,628.44
node_000525,kuaishou,2253316,1227.91,1273.33
node_000525,douyin,2253316,1078.46,1533.29
node_000525,tencent_video,2253316,884.54,1569.5
node_000525,iqiyi,2253316,824.55,1401.82
node_000525,bilibili,2253316,988.29,1222.79
node_000525,netease,2253316,672.22,1073.37
node_000525,default,2253316,634.28,721.85
node_000526,kuaishou,1630451,766.5,869.45
node_000526,douyin,1630451,669.77,1145.68
node_000526,tencent_video,1630451,657.35,1141.04
node_000526,iqiyi,1630451,579.46,1040.92
node_000526,bilibili,1630451,685.81,1001.57
node_000526,netease,1630451,535.66,897.62
node_000526,default,1630451,462.27,627.41
node_000527,kuaishou,1381909,867.21,1202.37
node_000527,douyin,1381909,878.35,1360.73
node_000527,tencent_video,1381909,724.7,1692.22
node_000527,iqiyi,1381909,705.59,1512.35
node_000527,bilibili,1381909,860.48,1134.25
node_000527,netease,1381909,611.21,944.08
node_000527,default,1381909,559.62,684.87
node_000528,kuaishou,1161909,1205.94,1912.21
node_000528,douyin,1161909,1359.09,2172.11
node_000528,tencent_video,1161909,1153.36,2350.91
node_000528,iqiyi,1161909,1091.8,1976.38
node_000528,bilibili,1161909,1313.22,1900.83
node_000528,netease,1161909,900.26,1711.33
node_000528,default,1161909,762.52,1111.95
node_000529,kuaishou,1611483,1333.06,1360.34
node_000529,douyin,1611483,1308.9,1607.19
node_000529,tencent_video,1611483,925.5,1742.63
node_000529,iqiyi,1611483,807.36,1529.76
node_000529,bilibili,1611483,993.13,1475.81
node_000529,netease,1611483,750.74,1133.53
node_000529,default,1611483,616.18,863.23
node_000530,kuaishou,486455,1449.03,1611.32
node_000530,douyin,486455,1242.16,1872.19
node_000530,tencent_video,486455,1052.5,2074.0
node_000530,iqiyi,486455,889.63,1776.71
node_000530,bilibili,486455,1179.61,1782.08
node_000530,netease,486455,894.48,1291.47
node_000530,default,486455,752.18,945.23
node_000531,kuaishou,1771191,952.93,1049.01
node_000531,douyin,1771191,854.52,1329.78
node_000531,tencent_video,1771191,677.5,1332.35
node_000531,iqiyi,1771191,608.56,1157.23
node_000531,bilibili,1771191,690.98,1074.72
node_000531,netease,1771191,524.57,897.5
node_000531,default,1771191,452.29,641.62
node_000532,kuaishou,2525227,906.01,914.43
node_000532,douyin,2525227,840.32,1162.06
node_000532,tencent_video,2525227,640.08,1490.09
node_000532,iqiyi,2525227,588.81,1328.47
node_000532,bilibili,2525227,627.16,1097.04
node_000532,netease,2525227,520.3,844.64
node_000532,default,2525227,434.89,642.71
node_000533,kuaishou,590414,681.07,875.21
node_000533,douyin,590414,678.7,927.04
node_000533,tencent_video,590414,590.57,1256.12
node_000533,iqiyi,590414,503.7,1175.7
node_000533,bilibili,590414,603.39,825.72
node_000533,netease,590414,503.9,781.71
node_000533,default,590414,373.58,488.64
node_000534,kuaishou,1225338,1408.69,1760.94
node_000534,douyin,1225338,1315.48,2348.92
node_000534,tencent_video,1225338,1137.13,2359.05
node_000534,iqiyi,1225338,1012.34,2028.98
node_000534,bilibili,1225338,1116.15,1836.64
node_000534,netease,1225338,921.72,1701.62
node_000534,default,1225338,732.52,1086.54
node_000535,kuaishou,629113,1229.06,1329.55
node_000535,douyin,629113,1146.31,1562.78
node_000535,tencent_video,629113,902.64,1934.85
node_000535,iqiyi,629113,838.0,1894.1
node_000535,bilibili,629113,979.75,1320.68
node_000535,netease,629113,737.14,1039.17
node_000535,default,629113,644.47,800.97
node_000536,kuaishou,395399,1325.93,1726.13
node_000536,douyin,395399,1239.01,1916.96
node_000536,tencent_video,395399,1171.77,2577.02
node_000536,iqiyi,395399,945.01,2241.93
node_000536,bilibili,395399,1222.76,1681.64
node_000536,netease,395399,919.23,1414.77
node_000536,default,395399,738.48,1064.89
node_000537,kuaishou,211341,724.88,874.88
node_000537,douyin,211341,647.97,996.58
node_000537,tencent_video,211341,563.14,1332.68
node_000537,iqiyi,211341,521.88,1101.25
node_000537,bilibili,211341,649.1,878.14
node_000537,netease,211341,465.32,792.5
node_000537,default,211341,374.04,557.65
node_000538,kuaishou,2368538,834.31,885.17
node_000538,douyin,2368538,717.15,1096.83
node_000538,tencent_video,2368538,564.51,1214.88
node_000538,iqiyi,2368538,629.11,1053.01
node_000538,bilibili,2368538,698.45,1049.07
node_000538,netease,2368538,511.59,846.35
node_000538,default,2368538,409.48,572.58
node_000539,kuaishou,1638717,749.6,1056.87
node_000539,douyin,1638717,717.56,1212.68
node_000539,tencent_video,1638717,706.09,1333.8
node_000539,iqiyi,1638717,635.42,1113.32
node_000539,bilibili,1638717,669.95,1048.05
node_000539,netease,1638717,531.31,881.85
node_000539,default,1638717,443.47,665.98
node_000540,kuaishou,1236039,1083.6,1034.33
node_000540,douyin,1236039,965.06,1160.35
node_000540,tencent_video,1236039,771.92,1297.29
node_000540,iqiyi,1236039,630.51,1113.25
node_000540,bilibili,1236039,781.67,980.11
node_000540,netease,1236039,640.04,818.58
node_000540,default,1236039,489.27,623.67
node_000541,kuaishou,1475994,691.67,949.35
node_000541,douyin,1475994,661.45,1085.19
node_000541,tencent_video,1475994,620.33,1191.34
node_000541,iqiyi,1475994,567.83,1010.81
node_000541,bilibili,1475994,652.27,946.03
node_000541,netease,1475994,432.64,820.43
node_000541,default,1475994,434.12,576.82
node_000542,kuaishou,1818521,1143.66,1363.04
node_000542,douyin,1818521,1039.1,1560.08
node_000542,tencent_video,1818521,901.16,1610.07
node_000542,iqiyi,1818521,793.96,1443.51
node_000542,bilibili,1818521,932.04,1273.19
node_000542,netease,1818521,751.25,1171.68
node_000542,default,1818521,650.91,850.87
node_000543,kuaishou,1930134,768.42,831.8
node_000543,douyin,1930134,763.1,984.51
node_000543,tencent_video,1930134,521.96,1066.56
node_000543,iqiyi,1930134,514.09,906.42
node_000543,bilibili,1930134,595.76,836.54
node_000543,netease,1930134,438.71,697.44
node_000543,default,1930134,421.16,479.36
node_000544,kuaishou,1718969,1041.49,977.76
node_000544,douyin,1718969,903.18,1129.27
node_000544,tencent_video,1718969,744.81,1382.49
node_000544,iqiyi,1718969,675.7,1361.54
node_000544,bilibili,1718969,766.62,931.0
node_000544,netease,1718969,585.58,862.58
node_000544,default,1718969,485.27,600.82
node_000545,kuaishou,2577113,736.57,782.94
node_000545,douyin,2577113,696.14,969.63
node_000545,tencent_video,2577113,578.26,979.2
node_000545,iqiyi,2577113,492.16,882.87
node_000545,bilibili,2577113,594.96,919.56
node_000545,netease,2577113,436.1,676.33
node_000545,default,2577113,377.58,517.88
node_000546,kuaishou,988887,1103.68,1522.28
node_000546,douyin,988887,1121.4,1649.32
node_000546,tencent_video,988887,1045.77,2204.94
node_000546,iqiyi,988887,921.74,1967.01
node_000546,bilibili,988887,1026.09,1398.3
node_000546,netease,988887,783.03,1300.7
node_000546,default,988887,672.64,900.42
node_000547,kuaishou,1514234,1356.74,1496.61
node_000547,douyin,1514234,1151.63,1804.16
node_000547,tencent_video,1514234,991.53,1951.46
node_000547,iqiyi,1514234,898.89,1673.08
node_000547,bilibili,1514234,983.62,1546.8
node_000547,netease,1514234,854.05,1320.17
node_000547,default,1514234,754.14,956.18
node_000548,kuaishou,2406167,900.15,1119.76
node_000548,douyin,2406167,925.21,1286.81
node_000548,tencent_video,2406167,721.91,1401.5
node_000548,iqiyi,2406167,655.26,1145.19
node_000548,bilibili,2406167,797.2,1068.51
node_000548,netease,2406167,584.61,948.64
node_000548,default,2406167,489.16,670.68
node_000549,kuaishou,968669,825.88,943.03
node_000549,douyin,968669,798.01,1073.01
node_000549,tencent_video,968669,628.06,1218.75
node_000549,iqiyi,968669,553.18,876.7
node_000549,bilibili,968669,700.35,920.65
node_000549,netease,968669,472.02,749.73
node_000549,default,968669,423.51,544.96
node_000550,kuaishou,638262,850.92,1161.42
node_000550,douyin,638262,750.36,1279.91
node_000550,tencent_video,638262,735.55,1498.95
node_000550,iqiyi,638262,637.01,1176.13
node_000550,bilibili,638262,729.73,1055.22
node_000550,netease,638262,566.45,978.94
node_000550,default,638262,487.1,690.55
node_000551,kuaishou,2073230,1075.04,1359.54
node_000551,douyin,2073230,1055.06,1580.62
node_000551,tencent_video,2073230,925.5,1796.79
node_000551,iqiyi,2073230,789.23,1564.48
node_000551,bilibili,2073230,986.49,1371.88
node_000551,netease,2073230,712.23,1139.0
node_000551,default,2073230,678.52,729.49
node_000552,kuaishou,907228,1187.5,1373.42
node_000552,douyin,907228,1219.81,1510.77
node_000552,tencent_video,907228,935.51,2032.09
node_000552,iqiyi,907228,778.33,1672.94
node_000552,bilibili,907228,981.99,1342.93
node_000552,netease,907228,715.51,1090.73
node_000552,default,907228,646.15,837.3
node_000553,kuaishou,530245,923.76,1150.37
node_000553,douyin,530245,801.42,1404.87
node_000553,tencent_video,530245,739.39,1379.27
node_000553,iqiyi,530245,657.23,1377.36
node_000553,bilibili,530245,711.41,1266.52
node_000553,netease,530245,578.13,952.35
node_000553,default,530245,474.12,679.46
node_000554,kuaishou,691998,741.22,901.96
node_000554,douyin,691998,681.23,1072.21
node_000554,tencent_video,691998,580.37,1381.86
node_000554,iqiyi,691998,569.93,1269.13
node_000554,bilibili,691998,638.77,966.35
node_000554,netease,691998,468.22,756.81
node_000554,default,691998,425.39,602.83
node_000555,kuaishou,957743,817.48,837.51
node_000555,douyin,957743,857.53,1019.67
node_000555,tencent_video,957743,705.84,1065.76
node_000555,iqiyi,957743,602.91,1009.27
node_000555,bilibili,957743,663.62,822.89
node_000555,netease,957743,545.04,791.96
node_000555,default,957743,473.83,534.55
node_000556,kuaishou,983717,792.93,1043.79
node_000556,douyin,983717,743.0,1290.8
node_000556,tencent_video,983717,669.31,1645.18
node_000556,iqiyi,983717,567.04,1444.77
node_000556,bilibili,983717,767.8,1154.51
node_000556,netease,983717,554.09,959.46
node_000556,default,983717,466.78,723.46
node_000557,kuaishou,529002,1066.47,1303.99
node_000557,douyin,529002,1079.73,1648.41
node_000557,tencent_video,529002,906.1,1546.58
node_000557,iqiyi,529002,788.61,1631.1
node_000557,bilibili,529002,1008.65,1369.79
node_000557,netease,529002,812.33,1274.16
node_000557,default,529002,648.88,818.47
node_000558,kuaishou,279597,1147.19,1241.07
node_000558,douyin,279597,891.77,1547.08
node_000558,tencent_video,279597,941.24,1508.59
node_000558,iqiyi,279597,778.5,1327.58
node_000558,bilibili,279597,918.0,1270.96
node_000558,netease,279597,691.3,976.8
node_000558,default,279597,597.83,785.17
node_000559,kuaishou,5934,777.73,1044.97
node_000559,douyin,5934,739.81,1191.38
node_000559,tencent_video,5934,683.89,1360.0
node_000559,iqiyi,5934,671.24,1186.32
node_000559,bilibili,5934,638.84,1125.53
node_000559,netease,5934,532.71,995.07
node_000559,default,5934,505.56,622.08
node_000560,kuaishou,2235432,753.57,1009.56
node_000560,douyin,2235432,806.49,1244.58
node_000560,tencent_video,2235432,688.28,1585.41
node_000560,iqiyi,2235432,600.65,1377.62
node_000560,bilibili,2235432,733.88,1081.12
node_000560,netease,2235432,558.16,939.12
node_000560,default,2235432,467.82,604.3
node_000561,kuaishou,252881,659.43,739.37
node_000561,douyin,252881,539.39,803.13
node_000561,tencent_video,252881,534.66,861.61
node_000561,iqiyi,252881,465.66,796.18
node_000561,bilibili,252881,551.7,718.56
node_000561,netease,252881,398.81,586.5
node_000561,default,252881,340.3,392.49
node_000562,kuaishou,301522,766.91,1173.71
node_000562,douyin,301522,746.53,1351.92
node_000562,tencent_video,301522,680.7,1699.94
node_000562,iqiyi,301522,617.47,1500.16
node_000562,bilibili,301522,719.28,1123.6
node_000562,netease,301522,530.87,989.55
node_000562,default,301522,497.84,626.68
node_000563,kuaishou,1144305,1141.16,1390.32
node_000563,douyin,1144305,1083.45,1623.76
node_000563,tencent_video,1144305,906.88,1648.89
node_000563,iqiyi,1144305,832.61,1442.12
node_000563,bilibili,1144305,922.56,1217.81
node_000563,netease,1144305,684.47,1273.38
node_000563,default,1144305,627.89,895.51
node_000564,kuaishou,1201080,809.49,1207.95
node_000564,douyin,1201080,838.31,1318.48
node_000564,tencent_video,1201080,693.94,1529.13
node_000564,iqiyi,1201080,603.13,1252.16
node_000564,bilibili,1201080,756.97,1086.41
node_000564,netease,1201080,545.77,930.64
node_000564,default,1201080,528.17,746.44
node_000565,kuaishou,1089429,1166.33,1434.2
node_000565,douyin,1089429,1055.32,1739.81
node_000565,tencent_video,1089429,894.18,2358.08
node_000565,iqiyi,1089429,888.92,1982.36
node_000565,bilibili,1089429,1067.44,1405.75
node_000565,netease,1089429,748.95,1174.8
node_000565,default,1089429,678.24,904.97
node_000566,kuaishou,465730,1006.7,1339.72
node_000566,douyin,465730,943.66,1429.34
node_000566,tencent_video,465730,780.59,1753.05
node_000566,iqiyi,465730,842.57,1731.49
node_000566,bilibili,465730,867.61,1232.34
node_000566,netease,465730,705.86,1016.9
node_000566,default,465730,556.55,757.4
node_000567,kuaishou,33717,1005.08,1554.76
node_000567,douyin,33717,1102.94,1564.4
node_000567,tencent_video,33717,1009.73,2154.8
node_000567,iqiyi,33717,869.16,1865.09
node_000567,bilibili,33717,1063.53,1410.64
node_000567,netease,33717,745.84,1319.67
node_000567,default,33717,684.3,875.14
node_000568,kuaishou,1606782,868.15,1052.75
node_000568,douyin,1606782,775.61,1238.95
node_000568,tencent_video,1606782,707.46,1518.31
node_000568,iqiyi,1606782,588.75,1600.87
node_000568,bilibili,1606782,757.94,1124.48
node_000568,netease,1606782,541.25,920.27
node_000568,default,1606782,501.1,675.04
node_000569,kuaishou,1699817,1724.66,1877.47
node_000569,douyin,1699817,1553.7,2210.18
node_000569,tencent_video,1699817,1224.75,2258.92
node_000569,iqiyi,1699817,1034.77,2029.57
node_000569,bilibili,1699817,1253.17,1937.81
node_000569,netease,1699817,935.22,1653.82
node_000569,default,1699817,790.33,1167.89
node_000570,kuaishou,2549808,1394.03,1638.42
node_000570,douyin,2549808,1365.67,1855.03
node_000570,tencent_video,2549808,1081.89,2519.72
node_000570,iqiyi,2549808,929.93,2272.76
node_000570,bilibili,2549808,1088.09,1865.77
node_000570,netease,2549808,857.23,1339.76
node_000570,default,2549808,717.09,1062.18
node_000571,kuaishou,1593319,1266.52,1703.9
node_000571,douyin,1593319,1347.34,2163.33
node_000571,tencent_video,1593319,1171.35,2071.82
node_000571,iqiyi,1593319,956.85,1819.93
node_000571,bilibili,1593319,1110.2,1854.81
node_000571,netease,1593319,869.62,1458.91
node_000571,default,1593319,800.13,949.46
node_000572,kuaishou,1325349,587.51,725.51
node_000572,douyin,1325349,557.2,787.33
node_000572,tencent_video,1325349,491.49,1039.7
node_000572,iqiyi,1325349,503.73,923.19
node_000572,bilibili,1325349,506.66,733.84
node_000572,netease,1325349,399.8,604.82
node_000572,default,1325349,347.43,447.92
node_000573,kuaishou,168555,1107.55,1397.31
node_000573,douyin,168555,1127.14,1466.42
node_000573,tencent_video,168555,858.94,1987.05
node_000573,iqiyi,168555,876.24,1674.46
node_000573,bilibili,168555,1011.65,1415.91
node_000573,netease,168555,823.82,1233.94
node_000573,default,168555,666.81,884.0
node_000574,kuaishou,1390969,965.41,1151.72
node_000574,douyin,1390969,869.38,1169.15
node_000574,tencent_video,1390969,711.89,1652.51
node_000574,iqiyi,1390969,674.14,1466.85
node_000574,bilibili,1390969,879.68,982.86
node_000574,netease,1390969,643.81,963.84
node_000574,default,1390969,576.08,572.07
node_000575,kuaishou,1032431,962.79,1069.87
node_000575,douyin,1032431,819.85,1252.15
node_000575,tencent_video,1032431,686.12,1404.1
node_000575,iqiyi,1032431,637.35,1203.88
node_000575,bilibili,1032431,757.89,1069.33
node_000575,netease,1032431,507.94,948.39
node_000575,default,1032431,482.06,670.1
node_000576,kuaishou,198975,733.39,761.33
node_000576,douyin,198975,655.94,894.89
node_000576,tencent_video,198975,592.47,1134.83
node_000576,iqiyi,198975,494.63,1078.46
node_000576,bilibili,198975,595.61,828.64
node_000576,netease,198975,428.55,670.43
node_000576,default,198975,408.34,454.63
node_000577,kuaishou,1354664,1509.04,1971.61
node_000577,douyin,1354664,1266.54,2142.86
node_000577,tencent_video,1354664,1315.22,2306.62
node_000577,iqiyi,1354664,1083.51,2176.35
node_000577,bilibili,1354664,1237.37,1846.04
node_000577,netease,1354664,920.08,1606.78
node_000577,default,1354664,808.23,1243.47
node_000578,kuaishou,956039,1528.4,1687.38
node_000578,douyin,956039,1318.18,1842.63
node_000578,tencent_video,956039,1067.86,2698.97
node_000578,iqiyi,956039,951.16,2128.66
node_000578,bilibili,956039,1112.72,1714.32
node_000578,netease,956039,872.82,1476.18
node_000578,default,956039,817.26,1114.28
node_000579,kuaishou,1483237,1460.13,1479.6
node_000579,douyin,1483237,1264.83,1710.8
node_000579,tencent_video,1483237,929.11,2432.82
node_000579,iqiyi,1483237,937.99,1959.74
node_000579,bilibili,1483237,1123.82,1463.09
node_000579,netease,1483237,729.93,1348.78
node_000579,default,1483237,658.37,897.55
node_000580,kuaishou,2573470,1279.83,1798.95
node_000580,douyin,2573470,1178.46,2028.4
node_000580,tencent_video,2573470,1147.73,2227.83
node_000580,iqiyi,2573470,1091.32,2036.57
node_000580,bilibili,2573470,1176.43,1818.43
node_000580,netease,2573470,973.53,1626.77
node_000580,default,2573470,757.16,1061.01
node_000581,kuaishou,961756,877.07,1007.8
node_000581,douyin,961756,818.14,1083.93
node_000581,tencent_video,961756,699.04,1540.89
node_000581,iqiyi,961756,685.96,1326.72
node_000581,bilibili,961756,799.68,968.87
node_000581,netease,961756,606.67,957.71
node_000581,default,961756,556.89,591.24
node_000582,kuaishou,1697661,628.78,692.54
node_000582,douyin,1697661,584.05,807.65
node_000582,tencent_video,1697661,527.46,771.89
node_000582,iqiyi,1697661,427.69,744.7
node_000582,bilibili,1697661,560.5,754.4
node_000582,netease,1697661,401.85,568.2
node_000582,default,1697661,319.88,431.6
node_000583,kuaishou,1184525,899.4,971.77
node_000583,douyin,1184525,814.89,1072.85
node_000583,tencent_video,1184525,677.1,1162.62
node_000583,iqiyi,1184525,653.12,930.71
node_000583,bilibili,1184525,761.72,929.16
node_000583,netease,1184525,538.18,780.41
node_000583,default,1184525,495.7,614.27
node_000584,kuaishou,438537,988.32,1112.34
node_000584,douyin,438537,928.37,1327.79
node_000584,tencent_video,438537,701.96,1249.19
node_000584,iqiyi,438537,640.13,1205.99
node_000584,bilibili,438537,792.6,1036.78
node_000584,netease,438537,618.79,920.64
node_000584,default,438537,506.72,597.53
node_000585,kuaishou,2580378,781.05,877.87
node_000585,douyin,2580378,762.26,996.43
node_000585,tencent_video,2580378,615.53,1366.25
node_000585,iqiyi,2580378,609.86,1113.56
node_000585,bilibili,2580378,645.53,930.22
node_000585,netease,2580378,462.75,787.6
node_000585,default,2580378,443.33,555.99
node_000586,kuaishou,630541,1002.34,843.63
node_000586,douyin,630541,987.07,1013.07
node_000586,tencent_video,630541,614.02,1333.49
node_000586,iqiyi,630541,598.33,1218.6
node_000586,bilibili,630541,743.95,846.29
node_000586,netease,630541,593.15,776.34
node_000586,default,630541,462.76,519.44
node_000587,kuaishou,615353,712.26,931.61
node_000587,douyin,615353,731.64,1154.61
node_000587,tencent_video,615353,642.83,1185.61
node_000587,iqiyi,615353,566.9,1137.84
node_000587,bilibili,615353,682.02,1057.05
node_000587,netease,615353,546.13,852.11
node_000587,default,615353,413.65,586.13
node_000588,kuaishou,2228379,750.89,935.13
node_000588,douyin,2228379,704.31,1011.67
node_000588,tencent_video,2228379,590.45,1219.72
node_000588,iqiyi,2228379,556.64,879.09
node_000588,bilibili,2228379,643.81,872.77
node_000588,netease,2228379,501.15,779.68
node_000588,default,2228379,383.14,546.6
node_000589,kuaishou,911188,1433.56,1951.81
node_000589,douyin,911188,1317.34,2199.1
node_000589,tencent_video,911188,1310.45,2758.41
node_000589,iqiyi,911188,1125.65,2505.98
node_000589,bilibili,911188,1149.66,1892.5
node_000589,netease,911188,920.09,1670.81
node_000589,default,911188,831.49,1087.72
node_000590,kuaishou,680072,951.73,1222.45
node_000590,douyin,680072,920.43,1379.97
node_000590,tencent_video,680072,871.18,1614.99
node_000590,iqiyi,680072,737.37,1313.69
node_000590,bilibili,680072,864.03,1164.29
node_000590,netease,680072,664.14,1022.36
node_000590,default,680072,616.48,740.5
node_000591,kuaishou,2506012,754.89,936.55
node_000591,douyin,2506012,662.26,958.96
node_000591,tencent_video,2506012,628.53,1138.16
node_000591,iqiyi,2506012,572.58,1045.23
node_000591,bilibili,2506012,631.83,975.32
node_000591,netease,2506012,494.92,795.14
node_000591,default,2506012,425.71,603.58
node_000592,kuaishou,1311618,1150.87,1377.78
node_000592,douyin,1311618,1151.1,1596.02
node_000592,tencent_video,1311618,1066.73,2090.96
node_000592,iqiyi,1311618,913.18,1817.94
node_000592,bilibili,1311618,1072.89,1675.93
node_000592,netease,1311618,799.76,1163.09
node_000592,default,1311618,713.27,1010.62
node_000593,kuaishou,2154626,1158.84,1469.75
node_000593,douyin,2154626,1156.83,1739.36
node_000593,tencent_video,2154626,1017.64,1723.49
node_000593,iqiyi,2154626,930.19,1675.51
node_000593,bilibili,2154626,1047.4,1528.72
node_000593,netease,2154626,784.2,1238.6
node_000593,default,2154626,692.03,880.06
node_000594,kuaishou,2568503,1356.71,1888.07
node_000594,douyin,2568503,1304.05,2140.94
node_000594,tencent_video,2568503,1156.76,2460.55
node_000594,iqiyi,2568503,1063.36,2060.06
node_000594,bilibili,2568503,1231.19,2040.47
node_000594,netease,2568503,939.21,1547.71
node_000594,default,2568503,737.0,1040.95
node_000595,kuaishou,946152,789.15,915.46
node_000595,douyin,946152,661.98,1129.35
node_000595,tencent_video,946152,686.57,1215.55
node_000595,iqiyi,946152,560.87,1115.03
node_000595,bilibili,946152,683.45,972.11
node_000595,netease,946152,571.38,848.65
node_000595,default,946152,457.38,594.9
node_000596,kuaishou,1976713,1242.83,1546.61
node_000596,douyin,1976713,1173.54,1714.42
node_000596,tencent_video,1976713,984.11,1618.24
node_000596,iqiyi,1976713,818.72,1591.76
node_000596,bilibili,1976713,981.68,1536.24
node_000596,netease,1976713,739.67,1223.28
node_000596,default,1976713,676.58,939.04
node_000597,kuaishou,1009747,1081.5,1235.32
node_000597,douyin,1009747,1033.15,1476.02
node_000597,tencent_video,1009747,847.65,1566.54
node_000597,iqiyi,1009747,876.8,1457.75
node_000597,bilibili,1009747,981.88,1215.82
node_000597,netease,1009747,686.35,1053.08
node_000597,default,1009747,627.72,762.88
node_000598,kuaishou,1554200,656.3,851.59
node_000598,douyin,1554200,587.54,935.01
node_000598,tencent_video,1554200,532.56,1106.8
node_000598,iqiyi,1554200,501.75,1006.58
node_000598,bilibili,1554200,589.51,859.36
node_000598,netease,1554200,491.08,695.12
node_000598,default,1554200,413.28,498.13
node_000599,kuaishou,101579,883.64,1060.77
node_000599,douyin,101579,725.46,1258.25
node_000599,tencent_video,101579,678.2,1442.48
node_000599,iqiyi,101579,638.23,1096.22
node_000599,bilibili,101579,734.52,1078.93
node_000599,netease,101579,548.1,936.89
node_000599,default,101579,507.39,685.14
node_000600,kuaishou,1891651,1057.8,1266.71
node_000600,douyin,1891651,984.78,1390.5
node_000600,tencent_video,1891651,819.67,1478.4
node_000600,iqiyi,1891651,847.16,1328.65
node_000600,bilibili,1891651,903.54,1403.95
node_000600,netease,1891651,680.13,1098.22
node_000600,default,1891651,650.65,800.88
node_000601,kuaishou,786663,1049.01,1297.2
node_000601,douyin,786663,1014.9,1629.28
node_000601,tencent_video,786663,901.92,1663.95
node_000601,iqiyi,786663,779.38,1602.48
node_000601,bilibili,786663,965.83,1404.46
node_000601,netease,786663,731.33,1137.58
node_000601,default,786663,591.03,713.6
node_000602,kuaishou,1469267,975.05,1103.41
node_000602,douyin,1469267,967.37,1247.68
node_000602,tencent_video,1469267,854.83,1696.9
node_000602,iqiyi,1469267,723.79,1565.85
node_000602,bilibili,1469267,857.4,1104.75
node_000602,netease,1469267,688.33,1002.52
node_000602,default,1469267,597.29,536.58
node_000603,kuaishou,239624,788.38,821.23
node_000603,douyin,239624,744.31,968.75
node_000603,tencent_video,239624,553.06,1261.7
node_000603,iqiyi,239624,504.94,1159.31
node_000603,bilibili,239624,616.06,776.38
node_000603,netease,239624,496.81,609.63
node_000603,default,239624,401.75,464.13
node_000604,kuaishou,1417248,1048.0,1156.08
node_000604,douyin,1417248,864.11,1420.95
node_000604,tencent_video,1417248,879.36,1576.39
node_000604,iqiyi,1417248,792.16,1443.6
node_000604,bilibili,1417248,944.24,1379.71
node_000604,netease,1417248,791.5,943.27
node_000604,default,1417248,533.73,729.74
node_000605,kuaishou,948331,1105.99,1418.09
node_000605,douyin,948331,1018.46,1674.13
node_000605,tencent_video,948331,892.17,1950.67
node_000605,iqiyi,948331,854.47,1856.79
node_000605,bilibili,948331,939.46,1471.41
node_000605,netease,948331,820.14,1135.18
node_000605,default,948331,703.3,728.74
node_000606,kuaishou,2171083,992.78,974.31
node_000606,douyin,2171083,884.59,1049.63
node_000606,tencent_video,2171083,737.63,1208.56
node_000606,iqiyi,2171083,725.3,1102.95
node_000606,bilibili,2171083,703.73,928.4
node_000606,netease,2171083,568.37,883.89
node_000606,default,2171083,544.93,587.13
node_000607,kuaishou,2318938,1614.74,1915.85
node_000607,douyin,2318938,1374.43,2215.82
node_000607,tencent_video,2318938,1223.92,2374.2
node_000607,iqiyi,2318938,1079.24,2044.99
node_000607,bilibili,2318938,1276.84,1875.46
node_000607,netease,2318938,877.87,1654.12
node_000607,default,2318938,748.33,1137.47
node_000608,kuaishou,1904905,721.62,739.5
node_000608,douyin,1904905,686.16,817.2
node_000608,tencent_video,1904905,499.26,801.53
node_000608,iqiyi,1904905,460.95,801.22
node_000608,bilibili,1904905,541.7,571.65
node_000608,netease,1904905,423.18,614.34
node_000608,default,1904905,349.51,434.83
node_000609,kuaishou,173492,1447.07,1869.2
node_000609,douyin,173492,1142.71,1935.95
node_000609,tencent_video,173492,1144.51,2251.05
node_000609,iqiyi,173492,996.13,2173.36
node_000609,bilibili,173492,1198.14,1852.85
node_000609,netease,173492,952.92,1537.55
node_000609,default,173492,897.49,1031.47
node_000610,kuaishou,2157396,1259.27,1371.95
node_000610,douyin,2157396,1175.19,1490.39
node_000610,tencent_video,2157396,908.67,1573.15
node_000610,iqiyi,2157396,844.09,1527.51
node_000610,bilibili,2157396,1008.61,1382.31
node_000610,netease,2157396,727.52,1225.31
node_000610,default,2157396,669.27,858.36
node_000611,kuaishou,965151,1093.19,1263.09
node_000611,douyin,965151,1026.69,1557.4
node_000611,tencent_video,965151,981.2,2246.59
node_000611,iqiyi,965151,852.82,1733.65
node_000611,bilibili,965151,1004.21,1361.4
node_000611,netease,965151,732.25,1106.82
node_000611,default,965151,633.45,809.2
node_000612,kuaishou,2475035,837.69,841.16
node_000612,douyin,2475035,951.19,1037.48
node_000612,tencent_video,2475035,683.05,1129.35
node_000612,iqiyi,2475035,565.35,988.16
node_000612,bilibili,2475035,777.66,880.47
node_000612,netease,2475035,507.58,737.37
node_000612,default,2475035,518.48,538.37
node_000613,kuaishou,2149443,1303.44,1345.45
node_000613,douyin,2149443,1247.5,1670.96
node_000613,tencent_video,2149443,974.7,1795.7
node_000613,iqiyi,2149443,861.93,1566.37
node_000613,bilibili,2149443,1002.09,1492.85
node_000613,netease,2149443,856.35,1215.29
node_000613,default,2149443,673.96,861.09
node_000614,kuaishou,412065,1124.42,1314.14
node_000614,douyin,412065,978.12,1416.68
node_000614,tencent_video,412065,894.16,1926.9
node_000614,iqiyi,412065,824.14,1690.52
node_000614,bilibili,412065,934.52,1324.56
node_000614,netease,412065,691.15,1205.38
node_000614,default,412065,649.73,714.33
node_000615,kuaishou,260985,1017.53,1138.3
node_000615,douyin,260985,919.9,1256.49
node_000615,tencent_video,260985,878.25,1414.71
node_000615,iqiyi,260985,751.06,1319.76
node_000615,bilibili,260985,888.8,1137.78
node_000615,netease,260985,617.75,1020.85
node_000615,default,260985,602.61,689.29
node_000616,kuaishou,810205,1027.25,1290.14
node_000616,douyin,810205,897.34,1394.97
node_000616,tencent_video,810205,904.92,1537.91
node_000616,iqiyi,810205,754.52,1219.07
node_000616,bilibili,810205,795.01,1337.38
node_000616,netease,810205,693.83,999.79
node_000616,default,810205,608.33,692.52
node_000617,kuaishou,1813519,817.84,889.3
node_000617,douyin,1813519,730.76,961.43
node_000617,tencent_video,1813519,581.04,1038.78
node_000617,iqiyi,1813519,550.75,1021.16
node_000617,bilibili,1813519,649.99,757.4
node_000617,netease,1813519,451.67,721.55
node_000617,default,1813519,413.39,465.24
node_000618,kuaishou,208697,687.28,1030.27
node_000618,douyin,208697,703.94,1087.59
node_000618,tencent_video,208697,611.1,1548.33
node_000618,iqiyi,208697,581.41,1342.34
node_000618,bilibili,208697,639.6,964.21
node_000618,netease,208697,512.06,795.03
node_000618,default,208697,437.12,560.23
node_000619,kuaishou,2066221,1423.57,1466.69
node_000619,douyin,2066221,1230.14,1714.76
node_000619,tencent_video,2066221,974.5,2429.42
node_000619,iqiyi,2066221,916.22,1987.87
node_000619,bilibili,2066221,1003.19,1560.46
node_000619,netease,2066221,777.21,1237.38
node_000619,default,2066221,728.61,920.4
node_000620,kuaishou,1225696,940.19,1318.54
node_000620,douyin,1225696,928.74,1563.89
node_000620,tencent_video,1225696,1025.56,2042.49
node_000620,iqiyi,1225696,836.18,1893.37
node_000620,bilibili,1225696,981.86,1361.81
node_000620,netease,1225696,781.91,1197.72
node_000620,default,1225696,663.31,820.23
node_000621,kuaishou,781294,772.35,752.72
node_000621,douyin,781294,691.57,872.95
node_000621,tencent_video,781294,542.16,1018.3
node_000621,iqiyi,781294,503.94,807.66
node_000621,bilibili,781294,542.47,788.55
node_000621,netease,781294,444.12,639.01
node_000621,default,781294,412.45,485.8
node_000622,kuaishou,168033,1000.81,1188.6
node_000622,douyin,168033,941.92,1372.58
node_000622,tencent_video,168033,799.2,1407.08
node_000622,iqiyi,168033,737.63,1236.37
node_000622,bilibili,168033,808.85,1204.52
node_000622,netease,168033,676.79,924.05
node_000622,default,168033,575.1,692.64
node_000623,kuaishou,374347,728.5,749.68
node_000623,douyin,374347,645.47,819.37
node_000623,tencent_video,374347,601.33,1097.42
node_000623,iqiyi,374347,567.57,1054.63
node_000623,bilibili,374347,628.34,859.01
node_000623,netease,374347,439.91,680.16
node_000623,default,374347,377.04,508.15
node_000624,kuaishou,2401819,978.18,1140.42
node_000624,douyin,2401819,897.98,1365.85
node_000624,tencent_video,2401819,679.12,1779.17
node_000624,iqiyi,2401819,652.77,1395.83
node_000624,bilibili,2401819,819.4,1246.13
node_000624,netease,2401819,549.98,931.71
node_000624,default,2401819,507.01,647.11
node_000625,kuaishou,747881,1521.79,1688.44
node_000625,douyin,747881,1330.21,2132.91
node_000625,tencent_video,747881,1156.33,2372.24
node_000625,iqiyi,747881,1006.86,1840.53
node_000625,bilibili,747881,1050.89,2060.55
node_000625,netease,747881,931.33,1542.29
node_000625,default,747881,805.06,1003.89
node_000626,kuaishou,1912205,704.78,952.23
node_000626,douyin,1912205,695.98,1027.96
node_000626,tencent_video,1912205,637.01,1265.94
node_000626,iqiyi,1912205,565.91,1008.66
node_000626,bilibili,1912205,638.34,875.81
node_000626,netease,1912205,496.22,824.39
node_000626,default,1912205,417.52,628.59
node_000627,kuaishou,651963,724.07,1015.4
node_000627,douyin,651963,700.95,1134.18
node_000627,tencent_video,651963,695.6,1239.56
node_000627,iqiyi,651963,617.73,1010.59
node_000627,bilibili,651963,766.53,979.33
node_000627,netease,651963,533.03,885.0
node_000627,default,651963,439.27,623.29
node_000628,kuaishou,2423962,1314.63,1775.88
node_000628,douyin,2423962,1085.59,1921.21
node_000628,tencent_video,2423962,1115.22,2274.72
node_000628,iqiyi,2423962,999.34,2034.26
node_000628,bilibili,2423962,1204.47,1681.56
node_000628,netease,2423962,873.36,1495.02
node_000628,default,2423962,752.32,1113.37
node_000629,kuaishou,68857,730.96,862.89
node_000629,douyin,68857,665.53,1009.84
node_000629,tencent_video,68857,638.78,1339.74
node_000629,iqiyi,68857,499.63,1142.98
node_000629,bilibili,68857,587.94,826.79
node_000629,netease,68857,428.26,708.81
node_000629,default,68857,414.19,505.92
node_000630,kuaishou,2460770,1382.41,1396.26
node_000630,douyin,2460770,1107.31,1669.03
node_000630,tencent_video,2460770,979.49,1950.5
node_000630,iqiyi,2460770,820.62,1684.74
node_000630,bilibili,2460770,1129.24,1473.65
node_000630,netease,2460770,757.13,1298.63
node_000630,default,2460770,699.94,895.64
node_000631,kuaishou,710995,929.56,988.61
node_000631,douyin,710995,871.41,1199.6
node_000631,tencent_video,710995,771.13,1616.24
node_000631,iqiyi,710995,723.42,1391.74
node_000631,bilibili,710995,813.33,1161.07
node_000631,netease,710995,658.88,931.89
node_000631,default,710995,547.44,599.73
node_000632,kuaishou,1986406,1220.98,1338.28
node_000632,douyin,1986406,1135.68,1378.06
node_000632,tencent_video,1986406,863.74,1937.03
node_000632,iqiyi,1986406,799.11,1795.93
node_000632,bilibili,1986406,1015.47,1332.54
node_000632,netease,1986406,795.9,1095.35
node_000632,default,1986406,646.17,802.64
node_000633,kuaishou,150349,1151.67,1186.57
node_000633,douyin,150349,1200.65,1524.26
node_000633,tencent_video,150349,861.77,1869.61
node_000633,iqiyi,150349,755.04,1645.27
node_000633,bilibili,150349,879.62,1233.21
node_000633,netease,150349,756.33,1047.33
node_000633,default,150349,575.06,692.09
node_000634,kuaishou,2356473,1127.76,1230.25
node_000634,douyin,2356473,1053.73,1381.26
node_000634,tencent_video,2356473,801.81,1425.69
node_000634,iqiyi,2356473,773.68,1289.11
node_000634,bilibili,2356473,873.37,1102.8
node_000634,netease,2356473,643.07,1007.22
node_000634,default,2356473,605.36,652.77
node_000635,kuaishou,543262,1297.7,1520.62
node_000635,douyin,543262,984.54,1858.28
node_000635,tencent_video,543262,1047.1,1830.89
node_000635,iqiyi,543262,855.35,1517.27
node_000635,bilibili,543262,1175.12,1427.66
node_000635,netease,543262,748.38,1289.29
node_000635,default,543262,641.75,853.98
node_000636,kuaishou,773201,1201.41,1670.34
node_000636,douyin,773201,1186.77,1740.5
node_000636,tencent_video,773201,976.84,2362.49
node_000636,iqiyi,773201,1035.75,1987.8
node_000636,bilibili,773201,1082.03,1594.52
node_000636,netease,773201,826.59,1318.44
node_000636,default,773201,769.22,974.13
node_000637,kuaishou,444548,1137.81,1467.04
node_000637,douyin,444548,958.51,1582.25
node_000637,tencent_video,444548,884.47,2059.24
node_000637,iqiyi,444548,815.23,1809.21
node_000637,bilibili,444548,893.63,1391.61
node_000637,netease,444548,740.07,1146.4
node_000637,default,444548,703.45,787.76
node_000638,kuaishou,2011601,644.44,754.64
node_000638,douyin,2011601,558.25,908.72
node_000638,tencent_video,2011601,555.73,1065.38
node_000638,iqiyi,2011601,517.71,911.12
node_000638,bilibili,2011601,559.42,840.41
node_000638,netease,2011601,477.19,697.57
node_000638,default,2011601,398.63,452.34
node_000639,kuaishou,548198,1052.27,1193.88
node_000639,douyin,548198,878.79,1314.21
node_000639,tencent_video,548198,811.48,1741.81
node_000639,iqiyi,548198,818.91,1698.46
node_000639,bilibili,548198,913.4,1179.1
node_000639,netease,548198,622.5,1007.28
node_000639,default,548198,561.4,760.62
node_000640,kuaishou,143020,998.76,1216.72
node_000640,douyin,143020,919.44,1297.19
node_000640,tencent_video,143020,704.98,1521.88
node_000640,iqiyi,143020,608.34,1214.35
node_000640,bilibili,143020,773.29,1133.22
node_000640,netease,143020,530.41,1051.38
node_000640,default,143020,472.96,688.26
node_000641,kuaishou,2232469,638.99,925.85
node_000641,douyin,2232469,651.24,995.63
node_000641,tencent_video,2232469,590.8,1094.44
node_000641,iqiyi,2232469,528.3,891.14
node_000641,bilibili,2232469,632.09,879.36
node_000641,netease,2232469,495.71,787.38
node_000641,default,2232469,411.52,479.39
node_000642,kuaishou,789404,808.86,1038.38
node_000642,douyin,789404,740.52,1234.54
node_000642,tencent_video,789404,742.67,1332.4
node_000642,iqiyi,789404,546.93,1270.78
node_000642,bilibili,789404,730.0,1072.85
node_000642,netease,789404,532.08,874.48
node_000642,default,789404,522.1,649.64
node_000643,kuaishou,2192978,556.09,701.43
node_000643,douyin,2192978,560.38,773.68
node_000643,tencent_video,2192978,480.06,814.5
node_000643,iqiyi,2192978,480.02,766.4
node_000643,bilibili,2192978,543.88,696.63
node_000643,netease,2192978,411.33,571.28
node_000643,default,2192978,350.47,436.98
node_000644,kuaishou,2121736,1168.4,1412.07
node_000644,douyin,2121736,953.55,1605.26
node_000644,tencent_video,2121736,971.87,2035.73
node_000644,iqiyi,2121736,822.55,1652.33
node_000644,bilibili,2121736,1004.82,1372.7
node_000644,netease,2121736,706.14,1135.93
node_000644,default,2121736,652.74,792.35
node_000645,kuaishou,950662,767.3,959.63
node_000645,douyin,950662,713.81,1139.08
node_000645,tencent_video,950662,628.1,1171.94
node_000645,iqiyi,950662,548.17,1066.57
node_000645,bilibili,950662,698.78,944.74
node_000645,netease,950662,534.38,822.24
node_000645,default,950662,443.73,638.29
node_000646,kuaishou,63424,973.68,1026.73
node_000646,douyin,63424,953.31,1288.11
node_000646,tencent_video,63424,885.81,1292.85
node_000646,iqiyi,63424,771.08,1090.96
node_000646,bilibili,63424,843.61,1055.61
node_000646,netease,63424,621.89,902.6
node_000646,default,63424,531.16,612.83
node_000647,kuaishou,2179365,624.67,810.11
node_000647,douyin,2179365,582.49,855.46
node_000647,tencent_video,2179365,557.23,967.75
node_000647,iqiyi,2179365,476.79,827.66
node_000647,bilibili,2179365,540.63,758.65
node_000647,netease,2179365,459.12,665.91
node_000647,default,2179365,399.04,476.36
node_000648,kuaishou,2542482,1020.14,1176.99
node_000648,douyin,2542482,855.9,1283.46
node_000648,tencent_video,2542482,727.02,1358.79
node_000648,iqiyi,2542482,611.9,1161.65
node_000648,bilibili,2542482,633.96,1094.08
node_000648,netease,2542482,528.2,876.88
node_000648,default,2542482,489.3,606.68
node_000649,kuaishou,696369,794.73,795.86
node_000649,douyin,696369,788.71,1024.58
node_000649,tencent_video,696369,665.94,1318.34
node_000649,iqiyi,696369,654.57,1201.62
node_000649,bilibili,696369,698.19,797.17
node_000649,netease,696369,511.35,720.68
node_000649,default,696369,514.0,497.94
node_000650,kuaishou,1528871,1133.88,1304.31
node_000650,douyin,1528871,943.03,1374.69
node_000650,tencent_video,1528871,835.0,1454.99
node_000650,iqiyi,1528871,787.76,1342.81
node_000650,bilibili,1528871,845.45,1359.31
node_000650,netease,1528871,691.17,1039.95
node_000650,default,1528871,593.54,721.91
node_000651,kuaishou,1404940,961.21,1039.68
node_000651,douyin,1404940,832.4,1165.6
node_000651,tencent_video,1404940,758.59,1537.1
node_000651,iqiyi,1404940,684.54,1312.85
node_000651,bilibili,1404940,831.52,1065.54
node_000651,netease,1404940,664.63,843.45
node_000651,default,1404940,551.72,555.3
node_000652,kuaishou,1507391,845.61,890.17
node_000652,douyin,1507391,809.11,1087.69
node_000652,tencent_video,1507391,641.75,1432.14
node_000652,iqiyi,1507391,616.51,1211.85
node_000652,bilibili,1507391,707.09,924.18
node_000652,netease,1507391,637.38,776.15
node_000652,default,1507391,483.24,538.09
node_000653,kuaishou,1759122,876.46,939.75
node_000653,douyin,1759122,788.25,1232.52
node_000653,tencent_video,1759122,593.75,1186.9
node_000653,iqiyi,1759122,601.59,1095.88
node_000653,bilibili,1759122,643.44,1033.13
node_000653,netease,1759122,536.27,851.63
node_000653,default,1759122,432.95,577.8
node_000654,kuaishou,283450,598.76,767.07
node_000654,douyin,283450,616.07,874.12
node_000654,tencent_video,283450,595.09,1264.29
node_000654,iqiyi,283450,471.68,1020.41
node_000654,bilibili,283450,552.2,771.76
node_000654,netease,283450,432.18,694.07
node_000654,default,283450,365.48,406.44
node_000655,kuaishou,1879214,1136.51,1161.27
node_000655,douyin,1879214,1108.42,1308.47
node_000655,tencent_video,1879214,831.9,1455.5
node_000655,iqiyi,1879214,793.17,1306.56
node_000655,bilibili,1879214,936.12,1128.05
node_000655,netease,1879214,675.96,988.17
node_000655,default,1879214,556.58,715.79
node_000656,kuaishou,428903,779.66,906.1
node_000656,douyin,428903,798.43,1002.62
node_000656,tencent_video,428903,604.79,1423.6
node_000656,iqiyi,428903,532.47,1255.77
node_000656,bilibili,428903,597.34,976.92
node_000656,netease,428903,501.59,797.28
node_000656,default,428903,455.24,551.98
node_000657,kuaishou,2094505,1217.76,1632.89
node_000657,douyin,2094505,1148.22,1727.36
node_000657,tencent_video,2094505,992.49,2320.78
node_000657,iqiyi,2094505,983.37,2212.63
node_000657,bilibili,2094505,1137.48,1634.55
node_000657,netease,2094505,852.57,1378.32
node_000657,default,2094505,745.81,982.42
node_000658,kuaishou,663089,1411.75,1963.56
node_000658,douyin,663089,1275.38,1962.8
node_000658,tencent_video,663089,1141.34,2818.31
node_000658,iqiyi,663089,1021.51,2497.29
node_000658,bilibili,663089,1200.81,1777.11
node_000658,netease,663089,868.08,1526.4
node_000658,default,663089,811.4,991.32
node_000659,kuaishou,629387,1114.64,1168.06
node_000659,douyin,629387,902.63,1444.1
node_000659,tencent_video,629387,908.39,1653.19
node_000659,iqiyi,629387,778.78,1392.67
node_000659,bilibili,629387,942.61,1245.7
node_000659,netease,629387,709.93,1020.3
node_000659,default,629387,632.17,759.7
node_000660,kuaishou,1308721,1389.81,1457.41
node_000660,douyin,1308721,1266.56,1697.66
node_000660,tencent_video,1308721,933.85,1715.79
node_000660,iqiyi,1308721,926.19,1529.99
node_000660,bilibili,1308721,926.67,1473.13
node_000660,netease,1308721,762.77,1281.87
node_000660,default,1308721,670.71,840.65
node_000661,kuaishou,1454218,1384.06,1728.38
node_000661,douyin,1454218,1184.29,2043.08
node_000661,tencent_video,1454218,1170.85,2205.24
node_000661,iqiyi,1454218,972.1,1828.88
node_000661,bilibili,1454218,1187.37,1719.65
node_000661,netease,1454218,892.31,1485.4
node_000661,default,1454218,766.17,1076.78
node_000662,kuaishou,260801,1331.65,1158.33
node_000662,douyin,260801,1223.07,1551.15
node_000662,tencent_video,260801,839.61,1718.21
node_000662,iqiyi,260801,825.81,1487.05
node_000662,bilibili,260801,1003.07,1355.12
node_000662,netease,260801,674.28,1119.53
node_000662,default,260801,585.39,821.78
node_000663,kuaishou,1783436,768.22,695.92
node_000663,douyin,1783436,713.69,909.85
node_000663,tencent_video,1783436,568.58,914.15
node_000663,iqiyi,1783436,457.0,770.95
node_000663,bilibili,1783436,523.48,737.57
node_000663,netease,1783436,439.99,667.5
node_000663,default,1783436,360.36,441.43
node_000664,kuaishou,2446962,657.81,739.82
node_000664,douyin,2446962,564.59,849.91
node_000664,tencent_video,2446962,533.7,962.51
node_000664,iqiyi,2446962,447.5,856.78
node_000664,bilibili,2446962,551.54,712.01
node_000664,netease,2446962,408.47,589.83
node_000664,default,2446962,335.3,453.14
node_000665,kuaishou,1764669,664.11,908.47
node_000665,douyin,1764669,723.84,1174.13
node_000665,tencent_video,1764669,672.42,1231.0
node_000665,iqiyi,1764669,501.64,1026.26
node_000665,bilibili,1764669,703.35,1041.75
node_000665,netease,1764669,536.84,809.35
node_000665,default,1764669,411.04,576.96
node_000666,kuaishou,121757,1345.78,1479.28
node_000666,douyin,121757,1249.06,1676.19
node_000666,tencent_video,121757,1018.88,2534.73
node_000666,iqiyi,121757,944.62,1987.17
node_000666,bilibili,121757,1125.54,1616.91
node_000666,netease,121757,830.58,1327.05
node_000666,default,121757,733.42,938.77
node_000667,kuaishou,721259,633.75,801.53
node_000667,douyin,721259,579.57,919.16
node_000667,tencent_video,721259,598.29,994.7
node_000667,iqiyi,721259,459.59,831.18
node_000667,bilibili,721259,569.96,775.13
node_000667,netease,721259,443.89,681.15
node_000667,default,721259,418.83,473.33
node_000668,kuaishou,1921140,856.09,920.44
node_000668,douyin,1921140,723.79,998.52
node_000668,tencent_video,1921140,691.41,1077.8
node_000668,iqiyi,1921140,618.18,946.18
node_000668,bilibili,1921140,724.68,890.37
node_000668,netease,1921140,579.69,702.19
node_000668,default,1921140,473.94,504.26
node_000669,kuaishou,1566815,702.29,762.83
node_000669,douyin,1566815,748.23,830.09
node_000669,tencent_video,1566815,558.15,1215.99
node_000669,iqiyi,1566815,428.97,1032.26
node_000669,bilibili,1566815,584.73,756.05
node_000669,netease,1566815,418.48,632.12
node_000669,default,1566815,372.19,452.83
node_000670,kuaishou,163009,1489.21,1609.6
node_000670,douyin,163009,1385.14,1809.39
node_000670,tencent_video,163009,1051.84,1837.34
node_000670,iqiyi,163009,1017.5,1802.19
node_000670,bilibili,163009,1158.93,1692.3
node_000670,netease,163009,877.86,1404.43
node_000670,default,163009,762.08,944.08
node_000671,kuaishou,2292258,1555.47,1758.1
node_000671,douyin,2292258,1308.92,1798.21
node_000671,tencent_video,2292258,1091.27,2251.49
node_000671,iqiyi,2292258,982.7,2046.46
node_000671,bilibili,2292258,1164.9,1870.99
node_000671,netease,2292258,940.87,1567.56
node_000671,default,2292258,731.59,1052.15
node_000672,kuaishou,2144523,920.62,1266.77
node_000672,douyin,2144523,875.36,1199.36
node_000672,tencent_video,2144523,812.23,1340.85
node_000672,iqiyi,2144523,761.64,1180.46
node_000672,bilibili,2144523,863.29,1058.69
node_000672,netease,2144523,733.29,978.67
node_000672,default,2144523,563.71,663.99
node_000673,kuaishou,1437515,985.18,1222.25
node_000673,douyin,1437515,873.85,1369.91
node_000673,tencent_video,1437515,798.93,1484.95
node_000673,iqiyi,1437515,729.33,1254.84
node_000673,bilibili,1437515,903.44,1197.9
node_000673,netease,1437515,655.75,958.36
node_000673,default,1437515,624.83,713.24
node_000674,kuaishou,15165,1464.04,1881.19
node_000674,douyin,15165,1349.32,2108.22
node_000674,tencent_video,15165,1187.38,2886.74
node_000674,iqiyi,15165,1085.62,2529.63
node_000674,bilibili,15165,1243.18,2011.78
node_000674,netease,15165,893.43,1545.5
node_000674,default,15165,794.81,1079.24
node_000675,kuaishou,2034145,797.22,994.31
node_000675,douyin,2034145,702.98,1195.15
node_000675,tencent_video,2034145,684.28,1235.31
node_000675,iqiyi,2034145,562.82,1134.78
node_000675,bilibili,2034145,709.49,1105.77
node_000675,netease,2034145,498.17,861.92
node_000675,default,2034145,487.65,679.24
node_000676,kuaishou,842823,1276.3,1438.41
node_000676,douyin,842823,1300.38,1652.51
node_000676,tencent_video,842823,938.06,1830.92
node_000676,iqiyi,842823,849.58,1595.9
node_000676,bilibili,842823,989.6,1474.84
node_000676,netease,842823,708.67,1140.96
node_000676,default,842823,619.6,845.98
node_000677,kuaishou,1903468,849.95,972.65
node_000677,douyin,1903468,814.91,1073.08
node_000677,tencent_video,1903468,689.0,1168.14
node_000677,iqiyi,1903468,595.24,973.71
node_000677,bilibili,1903468,798.48,973.16
node_000677,netease,1903468,580.15,701.71
node_000677,default,1903468,466.75,529.58
node_000678,kuaishou,1819915,1314.03,1946.93
node_000678,douyin,1819915,1340.18,2122.94
node_000678,tencent_video,1819915,1204.24,2602.65
node_000678,iqiyi,1819915,1181.17,2215.8
node_000678,bilibili,1819915,1244.2,2011.23
node_000678,netease,1819915,1020.96,1483.24
node_000678,default,1819915,898.79,1132.1
node_000679,kuaishou,1107588,937.43,1060.41
node_000679,douyin,1107588,871.89,1183.05
node_000679,tencent_video,1107588,790.45,1313.84
node_000679,iqiyi,1107588,770.44,1175.4
node_000679,bilibili,1107588,789.24,961.29
node_000679,netease,1107588,596.12,841.92
node_000679,default,1107588,542.02,583.16
node_000680,kuaishou,2130820,1123.56,1109.79
node_000680,douyin,2130820,1062.65,1378.14
node_000680,tencent_video,2130820,902.03,1436.21
node_000680,iqiyi,2130820,764.74,1243.1
node_000680,bilibili,2130820,903.48,1162.79
node_000680,netease,2130820,716.75,877.91
node_000680,default,2130820,581.27,695.93
node_000681,kuaishou,1775945,1118.79,1440.04
node_000681,douyin,1775945,1140.02,1531.02
node_000681,tencent_video,1775945,900.6,1753.49
node_000681,iqiyi,1775945,878.13,1553.54
node_000681,bilibili,1775945,1058.82,1527.1
node_000681,netease,1775945,792.49,1265.51
node_000681,default,1775945,693.2,869.36
node_000682,kuaishou,1476688,966.81,888.85
node_000682,douyin,1476688,942.6,1073.74
node_000682,tencent_video,1476688,752.68,1150.9
node_000682,iqiyi,1476688,637.68,1132.78
node_000682,bilibili,1476688,697.74,1002.07
node_000682,netease,1476688,626.42,831.01
node_000682,default,1476688,497.88,605.27
node_000683,kuaishou,1624009,1212.28,1431.71
node_000683,douyin,1624009,1044.06,1737.91
node_000683,tencent_video,1624009,1061.99,2329.49
node_000683,iqiyi,1624009,930.92,1992.75
node_000683,bilibili,1624009,1041.34,1579.64
node_000683,netease,1624009,784.22,1345.49
node_000683,default,1624009,749.71,873.36
node_000684,kuaishou,1940802,940.21,1218.24
node_000684,douyin,1940802,850.92,1257.93
node_000684,tencent_video,1940802,764.42,1329.87
node_000684,iqiyi,1940802,769.0,1240.72
node_000684,bilibili,1940802,884.16,1029.31
node_000684,netease,1940802,661.67,891.03
node_000684,default,1940802,523.12,668.96
node_000685,kuaishou,2457131,1179.13,1547.12
node_000685,douyin,2457131,1152.01,2103.9
node_000685,tencent_video,2457131,1072.96,2013.5
node_000685,iqiyi,2457131,931.77,1707.38
node_000685,bilibili,2457131,1174.86,1654.44
node_000685,netease,2457131,947.68,1457.15
node_000685,default,2457131,781.57,985.18
node_000686,kuaishou,1204310,1343.88,1393.16
node_000686,douyin,1204310,1268.33,1561.9
node_000686,tencent_video,1204310,988.91,2286.18
node_000686,iqiyi,1204310,875.19,1932.3
node_000686,bilibili,1204310,1036.13,1542.24
node_000686,netease,1204310,781.75,1239.18
node_000686,default,1204310,670.33,812.41
node_000687,kuaishou,74275,697.23,660.34
node_000687,douyin,74275,711.48,777.18
node_000687,tencent_video,74275,487.26,1042.71
node_000687,iqiyi,74275,490.37,828.2
node_000687,bilibili,74275,569.86,671.59
node_000687,netease,74275,415.61,577.89
node_000687,default,74275,394.66,424.82
node_000688,kuaishou,451630,681.57,723.31
node_000688,douyin,451630,647.45,795.97
node_000688,tencent_video,451630,541.52,958.43
node_000688,iqiyi,451630,444.38,980.61
node_000688,bilibili,451630,585.65,779.75
node_000688,netease,451630,409.84,608.42
node_000688,default,451630,372.33,446.63
node_000689,kuaishou,529093,1126.51,1409.24
node_000689,douyin,529093,1060.52,1687.93
node_000689,tencent_video,529093,968.09,2114.61
node_000689,iqiyi,529093,823.67,1967.74
node_000689,bilibili,529093,1001.9,1397.11
node_000689,netease,529093,760.1,1169.4
node_000689,default,529093,653.54,832.75
node_000690,kuaishou,2446285,778.47,920.51
node_000690,douyin,2446285,634.91,1178.02
node_000690,tencent_video,2446285,584.08,1458.92
node_000690,iqiyi,2446285,536.01,1327.06
node_000690,bilibili,2446285,695.45,976.91
node_000690,netease,2446285,529.45,809.27
node_000690,default,2446285,484.81,592.34
node_000691,kuaishou,1616973,822.77,880.07
node_000691,douyin,1616973,662.22,1012.65
node_000691,tencent_video,1616973,706.39,1113.16
node_000691,iqiyi,1616973,653.74,1082.1
node_000691,bilibili,1616973,767.52,966.89
node_000691,netease,1616973,601.67,741.91
node_000691,default,1616973,509.75,579.27
node_000692,kuaishou,358044,1207.05,1543.44
node_000692,douyin,358044,1190.31,1791.45
node_000692,tencent_video,358044,1022.66,2207.91
node_000692,iqiyi,358044,962.83,2306.86
node_000692,bilibili,358044,1050.22,1705.47
node_000692,netease,358044,841.08,1257.45
node_000692,default,358044,705.11,926.99
node_000693,kuaishou,1646619,549.95,684.62
node_000693,douyin,1646619,520.99,787.07
node_000693,tencent_video,1646619,535.99,874.8
node_000693,iqiyi,1646619,457.63,732.51
node_000693,bilibili,1646619,530.97,703.26
node_000693,netease,1646619,412.56,578.52
node_000693,default,1646619,356.63,383.38
node_000694,kuaishou,2211989,779.06,842.61
node_000694,douyin,2211989,762.16,831.86
node_000694,tencent_video,2211989,508.69,993.63
node_000694,iqiyi,2211989,511.7,1053.99
node_000694,bilibili,2211989,573.57,725.7
node_000694,netease,2211989,432.94,663.2
node_000694,default,2211989,395.41,470.19
node_000695,kuaishou,459753,1157.56,1151.78
node_000695,douyin,459753,1040.65,1408.0
node_000695,tencent_video,459753,939.54,1577.2
node_000695,iqiyi,459753,751.86,1345.38
node_000695,bilibili,459753,983.08,1241.03
node_000695,netease,459753,690.46,1032.59
node_000695,default,459753,643.56,818.4
node_000696,kuaishou,2427245,1270.1,1145.69
node_000696,douyin,2427245,1123.39,1401.95
node_000696,tencent_video,2427245,827.16,2046.85
node_000696,iqiyi,2427245,744.69,1546.93
node_000696,bilibili,2427245,903.81,1194.37
node_000696,netease,2427245,695.34,1063.99
node_000696,default,2427245,615.36,740.64
node_000697,kuaishou,1822546,854.04,895.92
node_000697,douyin,1822546,754.3,1017.77
node_000697,tencent_video,1822546,533.39,1160.19
node_000697,iqiyi,1822546,544.96,1026.22
node_000697,bilibili,1822546,624.44,925.73
node_000697,netease,1822546,445.6,717.03
node_000697,default,1822546,366.9,533.96
node_000698,kuaishou,1287899,861.91,959.08
node_000698,douyin,1287899,848.87,1108.27
node_000698,tencent_video,1287899,688.47,1183.29
node_000698,iqiyi,1287899,579.11,1118.69
node_000698,bilibili,1287899,701.06,1031.02
node_000698,netease,1287899,497.16,822.2
node_000698,default,1287899,386.34,574.84
node_000699,kuaishou,2589013,1090.04,1088.18
node_000699,douyin,2589013,964.59,1210.85
node_000699,tencent_video,2589013,693.84,1344.8
node_000699,iqiyi,2589013,704.25,1097.66
node_000699,bilibili,2589013,813.31,1042.36
node_000699,netease,2589013,677.88,849.96
node_000699,default,2589013,554.09,599.03
node_000700,kuaishou,1665216,1418.22,1883.11
node_000700,douyin,1665216,1318.1,2175.21
node_000700,tencent_video,1665216,1188.1,2747.53
node_000700,iqiyi,1665216,988.96,2282.37
node_000700,bilibili,1665216,1117.1,2026.09
node_000700,netease,1665216,825.95,1677.15
node_000700,default,1665216,779.26,1183.46
node_000701,kuaishou,186677,674.0,829.9
node_000701,douyin,186677,579.67,960.21
node_000701,tencent_video,186677,551.86,1245.47
node_000701,iqiyi,186677,492.66,995.19
node_000701,bilibili,186677,579.22,844.52
node_000701,netease,186677,459.84,696.63
node_000701,default,186677,412.3,485.98
node_000702,kuaishou,1130415,954.52,954.69
node_000702,douyin,1130415,845.95,1027.19
node_000702,tencent_video,1130415,749.82,1148.91
node_000702,iqiyi,1130415,652.26,1111.72
node_000702,bilibili,1130415,736.89,918.79
node_000702,netease,1130415,543.66,814.88
node_000702,default,1130415,484.23,578.91
node_000703,kuaishou,586256,1035.16,1309.9
node_000703,douyin,586256,1018.69,1649.95
node_000703,tencent_video,586256,909.94,1967.3
node_000703,iqiyi,586256,830.54,1570.79
node_000703,bilibili,586256,898.6,1302.72
node_000703,netease,586256,702.33,1038.16
node_000703,default,586256,664.59,806.93
node_000704,kuaishou,1970697,1277.39,1331.23
node_000704,douyin,1970697,1118.75,1437.89
node_000704,tencent_video,1970697,852.37,1419.43
node_000704,iqiyi,1970697,731.97,1361.67
node_000704,bilibili,1970697,910.58,1336.52
node_000704,netease,1970697,743.41,1024.69
node_000704,default,1970697,635.33,731.15
node_000705,kuaishou,1303247,840.79,1038.43
node_000705,douyin,1303247,916.3,1191.88
node_000705,tencent_video,1303247,807.96,1326.05
node_000705,iqiyi,1303247,739.42,1176.07
node_000705,bilibili,1303247,780.97,1062.0
node_000705,netease,1303247,674.07,922.56
node_000705,default,1303247,542.91,707.07
node_000706,kuaishou,430886,681.02,774.21
node_000706,douyin,430886,573.55,1025.62
node_000706,tencent_video,430886,586.36,922.79
node_000706,iqiyi,430886,500.94,964.13
node_000706,bilibili,430886,593.35,891.78
node_000706,netease,430886,482.56,665.19
node_000706,default,430886,398.31,492.43
node_000707,kuaishou,757921,1278.31,1263.75
node_000707,douyin,757921,1112.38,1603.06
node_000707,tencent_video,757921,794.42,1442.43
node_000707,iqiyi,757921,824.77,1381.96
node_000707,bilibili,757921,876.32,1206.06
node_000707,netease,757921,686.11,1130.51
node_000707,default,757921,667.6,826.54
node_000708,kuaishou,667675,697.81,652.23
node_000708,douyin,667675,657.94,787.22
node_000708,tencent_video,667675,476.66,1066.21
node_000708,iqiyi,667675,446.67,922.45
node_000708,bilibili,667675,529.12,721.76
node_000708,netease,667675,410.14,561.37
node_000708,default,667675,360.68,421.93
node_000709,kuaishou,2244214,835.66,769.58
node_000709,douyin,2244214,730.35,929.44
node_000709,tencent_video,2244214,759.49,1019.73
node_000709,iqiyi,2244214,610.48,934.19
node_000709,bilibili,2244214,653.23,821.72
node_000709,netease,2244214,551.61,720.41
node_000709,default,2244214,418.67,492.0
node_000710,kuaishou,1621239,1264.76,1200.88
node_000710,douyin,1621239,1091.22,1309.71
node_000710,tencent_video,1621239,950.47,1495.14
node_000710,iqiyi,1621239,853.56,1321.79
node_000710,bilibili,1621239,880.3,1309.14
node_000710,netease,1621239,700.75,1040.58
node_000710,default,1621239,575.98,720.01
node_000711,kuaishou,1404404,950.56,893.53
node_000711,douyin,1404404,874.71,1023.1
node_000711,tencent_video,1404404,706.8,1179.58
node_000711,iqiyi,1404404,646.46,1045.79
node_000711,bilibili,1404404,777.86,911.54
node_000711,netease,1404404,573.85,809.32
node_000711,default,1404404,465.46,608.89
node_000712,kuaishou,763957,1301.19,1446.54
node_000712,douyin,763957,1222.34,1479.54
node_000712,tencent_video,763957,921.73,1678.73
node_000712,iqiyi,763957,807.37,1353.82
node_000712,bilibili,763957,905.23,1376.84
node_000712,netease,763957,763.33,1095.29
node_000712,default,763957,636.79,828.02
node_000713,kuaishou,955805,966.66,1049.13
node_000713,douyin,955805,906.61,1305.44
node_000713,tencent_video,955805,819.84,1403.83
node_000713,iqiyi,955805,701.02,1165.81
node_000713,bilibili,955805,832.11,1192.07
node_000713,netease,955805,664.32,968.16
node_000713,default,955805,544.71,672.96
node_000714,kuaishou,2036032,1127.66,1460.66
node_000714,douyin,2036032,957.51,1576.14
node_000714,tencent_video,2036032,850.2,1702.63
node_000714,iqiyi,2036032,803.02,1629.04
node_000714,bilibili,2036032,1008.8,1462.41
node_000714,netease,2036032,737.01,1122.7
node_000714,default,2036032,624.38,846.15
node_000715,kuaishou,1701375,1195.79,1495.11
node_000715,douyin,1701375,1057.67,1607.09
node_000715,tencent_video,1701375,1032.47,2190.98
node_000715,iqiyi,1701375,925.54,2084.47
node_000715,bilibili,1701375,1057.72,1485.21
node_000715,netease,1701375,911.12,1253.03
node_000715,default,1701375,649.79,863.12
node_000716,kuaishou,195147,937.75,1216.42
node_000716,douyin,195147,935.72,1312.27
node_000716,tencent_video,195147,791.12,1457.56
node_000716,iqiyi,195147,797.99,1245.9
node_000716,bilibili,195147,852.55,1111.68
node_000716,netease,195147,659.48,1021.72
node_000716,default,195147,650.01,716.95
node_000717,kuaishou,1101979,923.16,896.98
node_000717,douyin,1101979,817.06,1071.62
node_000717,tencent_video,1101979,749.91,1371.46
node_000717,iqiyi,1101979,632.03,1264.66
node_000717,bilibili,1101979,763.96,886.33
node_000717,netease,1101979,610.3,814.38
node_000717,default,1101979,498.49,541.56
node_000718,kuaishou,1449308,745.23,878.78
node_000718,douyin,1449308,622.63,934.97
node_000718,tencent_video,1449308,629.68,1156.02
node_000718,iqiyi,1449308,568.76,947.12
node_000718,bilibili,1449308,652.12,826.29
node_000718,netease,1449308,456.89,764.18
node_000718,default,1449308,431.81,581.05
node_000719,kuaishou,1684302,860.71,1081.25
node_000719,douyin,1684302,751.22,1232.66
node_000719,tencent_video,1684302,677.52,1390.03
node_000719,iqiyi,1684302,598.1,1237.68
node_000719,bilibili,1684302,738.03,1099.36
node_000719,netease,1684302,531.48,947.86
node_000719,default,1684302,472.87,667.13
node_000720,kuaishou,790231,918.43,1060.88
node_000720,douyin,790231,884.97,1247.3
node_000720,tencent_video,790231,786.46,1555.6
node_000720,iqiyi,790231,681.95,1386.71
node_000720,bilibili,790231,846.48,1110.92
node_000720,netease,790231,655.55,913.95
node_000720,default,790231,562.2,639.76
node_000721,kuaishou,279309,1274.05,1830.03
node_000721,douyin,279309,1195.58,2044.17
node_000721,tencent_video,279309,1142.79,2194.69
node_000721,iqiyi,279309,1068.59,2168.9
node_000721,bilibili,279309,1262.91,1941.57
node_000721,netease,279309,859.66,1550.83
node_000721,default,279309,826.82,1156.44
node_000722,kuaishou,1779223,879.4,1089.66
node_000722,douyin,1779223,877.2,1348.31
node_000722,tencent_video,1779223,736.21,1331.71
node_000722,iqiyi,1779223,692.88,1240.36
node_000722,bilibili,1779223,741.13,1028.76
node_000722,netease,1779223,540.67,1001.34
node_000722,default,1779223,492.37,675.2
node_000723,kuaishou,1873271,792.22,935.07
node_000723,douyin,1873271,654.71,1042.23
node_000723,tencent_video,1873271,579.56,1151.71
node_000723,iqiyi,1873271,548.89,1000.68
node_000723,bilibili,1873271,597.34,920.83
node_000723,netease,1873271,470.34,734.4
node_000723,default,1873271,449.51,604.44
node_000724,kuaishou,881653,1183.72,1102.38
node_000724,douyin,881653,1030.76,1362.96
node_000724,tencent_video,881653,887.34,1614.83
node_000724,iqiyi,881653,691.49,1447.48
node_000724,bilibili,881653,799.4,1066.63
node_000724,netease,881653,627.7,1038.71
node_000724,default,881653,568.31,691.69
node_000725,kuaishou,368794,1179.44,1306.69
node_000725,douyin,368794,1016.06,1433.73
node_000725,tencent_video,368794,937.09,1515.79
node_000725,iqiyi,368794,813.84,1602.88
node_000725,bilibili,368794,826.09,1288.41
node_000725,netease,368794,729.26,1070.18
node_000725,default,368794,623.11,767.63
node_000726,kuaishou,2348057,1365.72,1451.52
node_000726,douyin,2348057,1221.18,1527.48
node_000726,tencent_video,2348057,909.96,1897.77
node_000726,iqiyi,2348057,818.5,1589.54
node_000726,bilibili,2348057,945.92,1470.76
node_000726,netease,2348057,730.47,1132.83
node_000726,default,2348057,638.3,816.84
node_000727,kuaishou,326562,1364.31,1285.04
node_000727,douyin,326562,1095.6,1532.67
node_000727,tencent_video,326562,857.52,1602.02
node_000727,iqiyi,326562,793.6,1374.78
node_000727,bilibili,326562,942.52,1353.53
node_000727,netease,326562,767.4,1151.95
node_000727,default,326562,647.0,767.14
node_000728,kuaishou,322613,715.86,682.19
node_000728,douyin,322613,685.84,856.59
node_000728,tencent_video,322613,520.02,830.03
node_000728,iqiyi,322613,443.77,704.92
node_000728,bilibili,322613,531.25,654.54
node_000728,netease,322613,398.95,594.83
node_000728,default,322613,319.71,388.29
node_000729,kuaishou,998671,816.74,863.68
node_000729,douyin,998671,769.89,942.04
node_000729,tencent_video,998671,623.5,1349.63
node_000729,iqiyi,998671,620.89,1063.37
node_000729,bilibili,998671,720.54,891.14
node_000729,netease,998671,588.28,728.08
node_000729,default,998671,498.89,476.88
node_000730,kuaishou,645274,956.22,833.24
node_000730,douyin,645274,868.81,926.87
node_000730,tencent_video,645274,690.85,997.51
node_000730,iqiyi,645274,599.0,902.62
node_000730,bilibili,645274,595.71,833.11
node_000730,netease,645274,517.81,713.06
node_000730,default,645274,474.45,553.65
node_000731,kuaishou,2252419,1434.92,1761.29
node_000731,douyin,2252419,1132.41,2124.99
node_000731,tencent_video,2252419,1069.29,2683.32
node_000731,iqiyi,2252419,933.0,2555.96
node_000731,bilibili,2252419,1079.23,1748.38
node_000731,netease,2252419,792.14,1477.96
node_000731,default,2252419,758.92,1104.86
node_000732,kuaishou,111244,1015.33,1100.71
node_000732,douyin,111244,918.45,1431.89
node_000732,tencent_video,111244,652.38,1475.78
node_000732,iqiyi,111244,662.67,1360.31
node_000732,bilibili,111244,774.96,1158.23
node_000732,netease,111244,582.01,943.58
node_000732,default,111244,488.87,645.29
node_000733,kuaishou,2266553,1207.34,1127.98
node_000733,douyin,2266553,1119.04,1421.86
node_000733,tencent_video,2266553,905.69,1924.93
node_000733,iqiyi,2266553,819.86,1694.31
node_000733,bilibili,2266553,962.93,1266.85
node_000733,netease,2266553,684.93,938.59
node_000733,default,2266553,675.08,710.42
node_000734,kuaishou,148561,816.94,1096.19
node_000734,douyin,148561,809.98,1229.73
node_000734,tencent_video,148561,643.9,1208.95
node_000734,iqiyi,148561,647.38,1178.01
node_000734,bilibili,148561,691.23,949.19
node_000734,netease,148561,502.68,905.63
node_000734,default,148561,469.49,559.4
node_000735,kuaishou,277144,1074.35,1232.68
node_000735,douyin,277144,990.89,1560.19
node_000735,tencent_video,277144,866.77,1936.55
node_000735,iqiyi,277144,764.98,1480.11
node_000735,bilibili,277144,943.26,1273.68
node_000735,netease,277144,707.38,983.43
node_000735,default,277144,631.85,760.3
node_000736,kuaishou,2052385,1281.55,1459.92
node_000736,douyin,2052385,1128.41,1902.94
node_000736,tencent_video,2052385,957.41,2050.57
node_000736,iqiyi,2052385,994.85,1686.98
node_000736,bilibili,2052385,1055.32,1630.96
node_000736,netease,2052385,810.47,1163.13
node_000736,default,2052385,712.28,952.4
node_000737,kuaishou,1339820,579.43,713.57
node_000737,douyin,1339820,585.53,822.0
node_000737,tencent_video,1339820,488.37,790.3
node_000737,iqiyi,1339820,502.75,799.5
node_000737,bilibili,1339820,576.82,751.25
node_000737,netease,1339820,427.65,600.42
node_000737,default,1339820,372.25,461.6
node_000738,kuaishou,843906,724.26,811.29
node_000738,douyin,843906,583.04,1051.18
node_000738,tencent_video,843906,534.66,1376.82
node_000738,iqiyi,843906,537.61,1118.36
node_000738,bilibili,843906,620.31,870.27
node_000738,netease,843906,457.71,774.44
node_000738,default,843906,432.74,514.26
node_000739,kuaishou,2414635,1427.55,1877.53
node_000739,douyin,2414635,1373.43,2099.23
node_000739,tencent_video,2414635,1242.97,2173.6
node_000739,iqiyi,2414635,1087.39,2127.87
node_000739,bilibili,2414635,1217.01,1967.8
node_000739,netease,2414635,949.17,1727.19
node_000739,default,2414635,857.19,1184.33
node_000740,kuaishou,2362167,1198.99,1356.27
node_000740,douyin,2362167,994.86,1738.61
node_000740,tencent_video,2362167,987.44,2197.65
node_000740,iqiyi,2362167,878.26,1835.27
node_000740,bilibili,2362167,987.86,1451.28
node_000740,netease,2362167,806.55,1183.28
node_000740,default,2362167,737.13,829.85
node_000741,kuaishou,154472,850.94,885.25
node_000741,douyin,154472,834.95,968.03
node_000741,tencent_video,154472,719.32,1129.11
node_000741,iqiyi,154472,662.71,1001.68
node_000741,bilibili,154472,744.39,899.42
node_000741,netease,154472,606.4,774.93
node_000741,default,154472,544.9,554.39
node_000742,kuaishou,1423161,1431.53,1696.39
node_000742,douyin,1423161,1333.63,2044.64
node_000742,tencent_video,1423161,1035.01,2472.61
node_000742,iqiyi,1423161,895.46,2221.77
node_000742,bilibili,1423161,1045.89,1608.84
node_000742,netease,1423161,815.03,1367.26
node_000742,default,1423161,714.22,906.55
node_000743,kuaishou,2399691,1476.14,1709.17
node_000743,douyin,2399691,1276.2,2179.65
node_000743,tencent_video,2399691,1089.59,2145.71
node_000743,iqiyi,2399691,998.67,1993.2
node_000743,bilibili,2399691,1098.72,1832.21
node_000743,netease,2399691,837.22,1613.6
node_000743,default,2399691,808.3,1172.17
node_000744,kuaishou,275019,938.28,1194.01
node_000744,douyin,275019,834.91,1272.81
node_000744,tencent_video,275019,643.06,1495.85
node_000744,iqiyi,275019,567.29,1118.29
node_000744,bilibili,275019,698.36,1167.97
node_000744,netease,275019,575.76,936.89
node_000744,default,275019,505.33,653.53
node_000745,kuaishou,818103,614.8,708.47
node_000745,douyin,818103,568.04,864.28
node_000745,tencent_video,818103,518.49,856.1
node_000745,iqiyi,818103,470.27,803.58
node_000745,bilibili,818103,555.24,720.44
node_000745,netease,818103,376.76,517.46
node_000745,default,818103,379.08,426.42
node_000746,kuaishou,898750,956.35,1067.35
node_000746,douyin,898750,858.67,1149.59
node_000746,tencent_video,898750,733.8,1207.29
node_000746,iqiyi,898750,674.04,1053.96
node_000746,bilibili,898750,862.47,941.8
node_000746,netease,898750,598.13,773.39
node_000746,default,898750,536.41,604.37
node_000747,kuaishou,551028,1258.67,1406.34
node_000747,douyin,551028,1351.23,1595.88
node_000747,tencent_video,551028,966.47,2024.46
node_000747,iqiyi,551028,736.68,1785.11
node_000747,bilibili,551028,1115.43,1449.87
node_000747,netease,551028,821.76,1175.96
node_000747,default,551028,586.21,797.94
node_000748,kuaishou,2018969,1049.49,1176.68
node_000748,douyin,2018969,910.75,1349.13
node_000748,tencent_video,2018969,947.26,1581.81
node_000748,iqiyi,2018969,819.28,1266.79
node_000748,bilibili,2018969,844.05,1264.49
node_000748,netease,2018969,724.24,1025.95
node_000748,default,2018969,595.05,666.61
node_000749,kuaishou,693147,1005.31,1151.29
node_000749,douyin,693147,971.23,1409.88
node_000749,tencent_video,693147,881.35,1777.23
node_000749,iqiyi,693147,735.12,1548.96
node_000749,bilibili,693147,858.98,1260.07
node_000749,netease,693147,702.21,993.32
node_000749,default,693147,558.01,758.66
node_000750,kuaishou,462730,1106.96,1337.67
node_000750,douyin,462730,1013.86,1527.6
node_000750,tencent_video,462730,961.3,2063.59
node_000750,iqiyi,462730,856.66,2045.59
node_000750,bilibili,462730,989.28,1428.45
node_000750,netease,462730,786.95,1174.83
node_000750,default,462730,673.79,832.77
node_000751,kuaishou,646623,740.45,957.45
node_000751,douyin,646623,709.39,995.04
node_000751,tencent_video,646623,640.23,1360.3
node_000751,iqiyi,646623,613.72,1211.63
node_000751,bilibili,646623,671.6,918.36
node_000751,netease,646623,543.23,767.45
node_000751,default,646623,453.23,573.39
node_000752,kuaishou,382063,822.02,904.71
node_000752,douyin,382063,746.74,1166.26
node_000752,tencent_video,382063,696.97,1327.96
node_000752,iqiyi,382063,610.62,1119.6
node_000752,bilibili,382063,659.98,1009.53
node_000752,netease,382063,479.47,851.2
node_000752,default,382063,427.27,574.61
node_000753,kuaishou,653205,788.38,950.41
node_000753,douyin,653205,711.34,1174.76
node_000753,tencent_video,653205,645.13,1271.53
node_000753,iqiyi,653205,512.23,1049.44
node_000753,bilibili,653205,703.22,1003.04
node_000753,netease,653205,554.71,902.27
node_000753,default,653205,450.97,579.49
node_000754,kuaishou,1724043,989.01,1000.64
node_000754,douyin,1724043,937.42,1092.98
node_000754,tencent_video,1724043,724.66,1414.26
node_000754,iqiyi,1724043,676.92,1265.89
node_000754,bilibili,1724043,736.98,915.37
node_000754,netease,1724043,591.65,826.85
node_000754,default,1724043,501.91,539.07
node_000755,kuaishou,915961,886.27,889.43
node_000755,douyin,915961,721.41,1146.63
node_000755,tencent_video,915961,778.73,1374.34
node_000755,iqiyi,915961,647.92,1225.64
node_000755,bilibili,915961,743.88,1006.47
node_000755,netease,915961,590.18,802.56
node_000755,default,915961,578.71,531.98
node_000756,kuaishou,2314693,1047.55,1212.12
node_000756,douyin,2314693,951.08,1369.82
node_000756,tencent_video,2314693,838.05,1898.35
node_000756,iqiyi,2314693,800.5,1689.41
node_000756,bilibili,2314693,905.07,1276.15
node_000756,netease,2314693,662.88,1005.81
node_000756,default,2314693,627.74,747.43
node_000757,kuaishou,2471126,1356.3,1512.22
node_000757,douyin,2471126,1350.29,1668.92
node_000757,tencent_video,2471126,1126.83,2179.51
node_000757,iqiyi,2471126,845.86,2182.83
node_000757,bilibili,2471126,1131.77,1511.03
node_000757,netease,2471126,824.29,1322.54
node_000757,default,2471126,712.59,855.65
node_000758,kuaishou,421780,1232.77,2195.04
node_000758,douyin,421780,1366.71,2158.52
node_000758,tencent_video,421780,1133.64,2983.97
node_000758,iqiyi,421780,1084.51,2513.89
node_000758,bilibili,421780,1262.97,1885.05
node_000758,netease,421780,959.61,1669.89
node_000758,default,421780,837.25,1153.98
node_000759,kuaishou,2298095,653.68,804.48
node_000759,douyin,2298095,613.38,948.12
node_000759,tencent_video,2298095,569.71,1194.88
node_000759,iqiyi,2298095,470.98,1035.49
node_000759,bilibili,2298095,566.14,790.72
node_000759,netease,2298095,460.6,695.61
node_000759,default,2298095,405.61,472.05
node_000760,kuaishou,549583,1591.71,1784.08
node_000760,douyin,549583,1325.45,2295.16
node_000760,tencent_video,549583,1149.29,2278.81
node_000760,iqiyi,549583,1010.12,2177.91
node_000760,bilibili,549583,1273.17,1772.96
node_000760,netease,549583,983.19,1572.11
node_000760,default,549583,788.13,1101.43
node_000761,kuaishou,1913365,890.18,877.87
node_000761,douyin,1913365,808.21,1003.31
node_000761,tencent_video,1913365,721.87,1266.4
node_000761,iqiyi,1913365,674.29,935.96
node_000761,bilibili,1913365,789.47,1023.07
node_000761,netease,1913365,657.72,815.93
node_000761,default,1913365,470.45,574.81
node_000762,kuaishou,1297078,1104.24,1427.86
node_000762,douyin,1297078,1100.46,1676.86
node_000762,tencent_video,1297078,987.2,1897.56
node_000762,iqiyi,1297078,870.58,1720.37
node_000762,bilibili,1297078,982.29,1605.62
node_000762,netease,1297078,831.18,1222.63
node_000762,default,1297078,678.97,887.75
node_000763,kuaishou,1654907,946.23,894.36
node_000763,douyin,1654907,943.86,1195.46
node_000763,tencent_video,1654907,749.99,1319.28
node_000763,iqiyi,1654907,608.29,1289.43
node_000763,bilibili,1654907,729.19,978.74
node_000763,netease,1654907,596.17,806.04
node_000763,default,1654907,563.46,600.47
node_000764,kuaishou,263137,1060.05,1202.57
node_000764,douyin,263137,939.73,1550.93
node_000764,tencent_video,263137,854.81,1497.46
node_000764,iqiyi,263137,760.48,1340.9
node_000764,bilibili,263137,913.05,1148.42
node_000764,netease,263137,684.36,1065.55
node_000764,default,263137,643.22,730.78
node_000765,kuaishou,386821,1513.29,1872.99
node_000765,douyin,386821,1347.41,2055.83
node_000765,tencent_video,386821,1113.18,2211.55
node_000765,iqiyi,386821,1017.58,1945.12
node_000765,bilibili,386821,1219.35,1760.67
node_000765,netease,386821,971.54,1502.1
node_000765,default,386821,715.3,1091.72
node_000766,kuaishou,2404931,695.03,956.56
node_000766,douyin,2404931,668.86,1092.54
node_000766,tencent_video,2404931,610.77,1373.34
node_000766,iqiyi,2404931,531.36,1148.31
node_000766,bilibili,2404931,686.75,997.66
node_000766,netease,2404931,463.55,742.98
node_000766,default,2404931,420.39,564.55
node_000767,kuaishou,884740,1030.52,1156.11
node_000767,douyin,884740,1018.41,1328.8
node_000767,tencent_video,884740,782.42,1796.95
node_000767,iqiyi,884740,780.33,1612.84
node_000767,bilibili,884740,851.07,1093.17
node_000767,netease,884740,672.69,1067.32
node_000767,default,884740,580.44,708.25
node_000768,kuaishou,132157,777.32,1074.99
node_000768,douyin,132157,745.98,1206.52
node_000768,tencent_video,132157,686.97,1407.75
node_000768,iqiyi,132157,647.19,1268.69
node_000768,bilibili,132157,665.88,1014.64
node_000768,netease,132157,535.17,919.37
node_000768,default,132157,469.49,628.51
node_000769,kuaishou,735182,1282.26,1242.29
node_000769,douyin,735182,1214.55,1335.31
node_000769,tencent_video,735182,933.29,1577.75
node_000769,iqiyi,735182,761.07,1514.94
node_000769,bilibili,735182,1022.03,1124.64
node_000769,netease,735182,719.1,1104.17
node_000769,default,735182,637.47,809.9
node_000770,kuaishou,2381074,1341.44,1489.67
node_000770,douyin,2381074,1232.52,1572.35
node_000770,tencent_video,2381074,1041.01,2151.07
node_000770,iqiyi,2381074,974.88,1961.37
node_000770,bilibili,2381074,1098.49,1509.81
node_000770,netease,2381074,838.82,1279.57
node_000770,default,2381074,696.79,926.19
node_000771,kuaishou,1401139,1008.53,1272.23
node_000771,douyin,1401139,970.09,1385.27
node_000771,tencent_video,1401139,913.46,1572.06
node_000771,iqiyi,1401139,803.03,1405.81
node_000771,bilibili,1401139,926.89,1116.22
node_000771,netease,1401139,685.89,940.53
node_000771,default,1401139,631.82,762.44
node_000772,kuaishou,1896405,942.4,1027.85
node_000772,douyin,1896405,794.63,1204.01
node_000772,tencent_video,1896405,697.72,1323.16
node_000772,iqiyi,1896405,547.74,1146.96
node_000772,bilibili,1896405,627.66,1078.98
node_000772,netease,1896405,510.48,827.76
node_000772,default,1896405,481.63,639.77
node_000773,kuaishou,2294392,882.89,1088.74
node_000773,douyin,2294392,869.77,1184.3
node_000773,tencent_video,2294392,784.15,1663.59
node_000773,iqiyi,2294392,713.48,1331.59
node_000773,bilibili,2294392,821.2,1060.01
node_000773,netease,2294392,640.48,926.55
node_000773,default,2294392,543.63,636.57
node_000774,kuaishou,1878036,876.69,1211.82
node_000774,douyin,1878036,832.88,1262.96
node_000774,tencent_video,1878036,730.92,1719.81
node_000774,iqiyi,1878036,695.72,1403.18
node_000774,bilibili,1878036,714.47,1038.83
node_000774,netease,1878036,570.22,1080.81
node_000774,default,1878036,494.27,688.81
node_000775,kuaishou,924364,1449.22,1956.66
node_000775,douyin,924364,1355.54,2145.08
node_000775,tencent_video,924364,1150.0,2865.7
node_000775,iqiyi,924364,1000.84,2589.28
node_000775,bilibili,924364,1312.57,1854.21
node_000775,netease,924364,970.88,1582.69
node_000775,default,924364,789.17,1272.03
node_000776,kuaishou,1923800,1105.67,1315.74
node_000776,douyin,1923800,939.52,1536.8
node_000776,tencent_video,1923800,915.41,1596.4
node_000776,iqiyi,1923800,768.89,1399.07
node_000776,bilibili,1923800,1000.23,1195.93
node_000776,netease,1923800,675.9,1041.61
node_000776,default,1923800,603.39,758.48
node_000777,kuaishou,2197008,1106.62,1072.18
node_000777,douyin,2197008,1021.71,1246.45
node_000777,tencent_video,2197008,777.07,1737.76
node_000777,iqiyi,2197008,734.76,1442.1
node_000777,bilibili,2197008,856.57,1038.28
node_000777,netease,2197008,699.37,865.06
node_000777,default,2197008,555.06,636.5
node_000778,kuaishou,801506,719.83,692.63
node_000778,douyin,801506,628.83,870.55
node_000778,tencent_video,801506,541.63,927.31
node_000778,iqiyi,801506,463.93,798.6
node_000778,bilibili,801506,543.07,668.95
node_000778,netease,801506,421.9,639.31
node_000778,default,801506,369.28,478.69
node_000779,kuaishou,934626,778.7,825.63
node_000779,douyin,934626,694.11,991.71
node_000779,tencent_video,934626,735.83,1283.96
node_000779,iqiyi,934626,542.92,1131.03
node_000779,bilibili,934626,703.16,798.27
node_000779,netease,934626,550.57,749.65
node_000779,default,934626,457.56,465.21
node_000780,kuaishou,679187,630.94,730.84
node_000780,douyin,679187,582.37,862.84
node_000780,tencent_video,679187,487.87,1128.1
node_000780,iqiyi,679187,516.29,1061.43
node_000780,bilibili,679187,585.79,778.24
node_000780,netease,679187,466.41,622.34
node_000780,default,679187,362.18,489.97
node_000781,kuaishou,992680,755.28,787.28
node_000781,douyin,992680,753.1,964.81
node_000781,tencent_video,992680,559.38,921.44
node_000781,iqiyi,992680,479.53,833.16
node_000781,bilibili,992680,584.19,779.24
node_000781,netease,992680,479.9,626.23
node_000781,default,992680,366.18,485.6
node_000782,kuaishou,694456,953.35,1117.64
node_000782,douyin,694456,900.29,1192.3
node_000782,tencent_video,694456,737.79,1558.07
node_000782,iqiyi,694456,740.92,1343.1
node_000782,bilibili,694456,735.19,1019.6
node_000782,netease,694456,607.47,802.18
node_000782,default,694456,545.31,638.74
node_000783,kuaishou,17058,932.36,1185.83
node_000783,douyin,17058,861.64,1159.69
node_000783,tencent_video,17058,687.28,1710.96
node_000783,iqiyi,17058,636.25,1494.91
node_000783,bilibili,17058,784.33,1051.81
node_000783,netease,17058,544.27,1019.95
node_000783,default,17058,438.68,666.54
node_000784,kuaishou,496251,741.44,985.41
node_000784,douyin,496251,711.84,1221.35
node_000784,tencent_video,496251,647.22,1181.46
node_000784,iqiyi,496251,589.42,1028.25
node_000784,bilibili,496251,695.52,978.48
node_000784,netease,496251,516.93,755.22
node_000784,default,496251,393.53,541.27
node_000785,kuaishou,1353037,751.48,678.45
node_000785,douyin,1353037,681.47,842.04
node_000785,tencent_video,1353037,534.15,1042.8
node_000785,iqiyi,1353037,450.19,884.61
node_000785,bilibili,1353037,515.29,668.51
node_000785,netease,1353037,416.62,588.74
node_000785,default,1353037,365.7,430.63
node_000786,kuaishou,255143,791.62,836.32
node_000786,douyin,255143,731.54,944.85
node_000786,tencent_video,255143,600.28,942.36
node_000786,iqiyi,255143,494.91,839.34
node_000786,bilibili,255143,532.59,770.67
node_000786,netease,255143,484.9,671.59
node_000786,default,255143,426.44,528.09
node_000787,kuaishou,42356,608.86,696.79
node_000787,douyin,42356,579.11,776.83
node_000787,tencent_video,42356,472.43,880.24
node_000787,iqiyi,42356,440.83,738.36
node_000787,bilibili,42356,528.95,678.75
node_000787,netease,42356,428.44,582.97
node_000787,default,42356,375.78,419.24
node_000788,kuaishou,507602,899.95,1140.61
node_000788,douyin,507602,741.65,1203.12
node_000788,tencent_video,507602,677.41,1628.64
node_000788,iqiyi,507602,660.79,1564.55
node_000788,bilibili,507602,697.81,1170.63
node_000788,netease,507602,579.38,902.37
node_000788,default,507602,488.92,688.42
node_000789,kuaishou,1348314,678.49,840.69
node_000789,douyin,1348314,584.13,957.06
node_000789,tencent_video,1348314,541.8,1012.73
node_000789,iqiyi,1348314,549.66,834.88
node_000789,bilibili,1348314,582.56,764.02
node_000789,netease,1348314,453.59,729.98
node_000789,default,1348314,397.22,486.76
node_000790,kuaishou,1166563,1470.0,1852.67
node_000790,douyin,1166563,1276.58,1840.92
node_000790,tencent_video,1166563,1126.94,2079.53
node_000790,iqiyi,1166563,992.02,1851.31
node_000790,bilibili,1166563,1131.71,1666.76
node_000790,netease,1166563,876.24,1484.79
node_000790,default,1166563,821.23,1005.22
node_000791,kuaishou,1722787,1093.7,1271.37
node_000791,douyin,1722787,1045.69,1531.96
node_000791,tencent_video,1722787,891.99,1695.09
node_000791,iqiyi,1722787,733.76,1404.88
node_000791,bilibili,1722787,939.39,1321.23
node_000791,netease,1722787,649.88,1076.03
node_000791,default,1722787,634.43,787.93
node_000792,kuaishou,1642210,1070.59,1206.78
node_000792,douyin,1642210,994.11,1496.1
node_000792,tencent_video,1642210,881.16,1707.62
node_000792,iqiyi,1642210,785.72,1574.24
node_000792,bilibili,1642210,921.22,1252.4
node_000792,netease,1642210,623.65,1065.47
node_000792,default,1642210,651.0,719.03
node_000793,kuaishou,870685,940.82,970.81
node_000793,douyin,870685,993.45,1070.41
node_000793,tencent_video,870685,772.43,1111.6
node_000793,iqiyi,870685,645.74,992.37
node_000793,bilibili,870685,806.52,1008.48
node_000793,netease,870685,572.0,838.61
node_000793,default,870685,544.5,558.3
node_000794,kuaishou,1490341,1242.22,1689.79
node_000794,douyin,1490341,1157.4,1850.1
node_000794,tencent_video,1490341,1105.79,1913.95
node_000794,iqiyi,1490341,873.22,1860.11
node_000794,bilibili,1490341,1082.37,1623.06
node_000794,netease,1490341,787.85,1346.25
node_000794,default,1490341,677.38,935.15
node_000795,kuaishou,820600,1178.6,1305.36
node_000795,douyin,820600,1123.47,1425.31
node_000795,tencent_video,820600,889.21,2131.67
node_000795,iqiyi,820600,773.45,1681.88
node_000795,bilibili,820600,974.59,1199.25
node_000795,netease,820600,657.66,1038.71
node_000795,default,820600,649.04,743.0
node_000796,kuaishou,484715,1077.78,1235.97
node_000796,douyin,484715,985.26,1630.93
node_000796,tencent_video,484715,892.3,1537.75
node_000796,iqiyi,484715,788.42,1335.42
node_000796,bilibili,484715,890.5,1364.67
node_000796,netease,484715,673.02,1139.84
node_000796,default,484715,635.61,771.17
node_000797,kuaishou,761885,1183.95,1092.85
node_000797,douyin,761885,1053.38,1369.43
node_000797,tencent_video,761885,832.26,1534.08
node_000797,iqiyi,761885,789.9,1266.08
node_000797,bilibili,761885,853.51,1195.13
node_000797,netease,761885,625.42,993.42
node_000797,default,761885,632.99,664.27
node_000798,kuaishou,758332,871.5,1122.09
node_000798,douyin,758332,793.67,1252.27
node_000798,tencent_video,758332,700.45,1642.94
node_000798,iqiyi,758332,668.23,1469.85
node_000798,bilibili,758332,726.96,1081.72
node_000798,netease,758332,539.35,952.21
node_000798,default,758332,504.28,641.52
node_000799,kuaishou,123366,1220.73,1339.15
node_000799,douyin,123366,1123.17,1631.28
node_000799,tencent_video,123366,963.3,1721.22
node_000799,iqiyi,123366,833.9,1350.21
node_000799,bilibili,123366,965.17,1314.68
node_000799,netease,123366,761.91,1197.7
node_000799,default,123366,669.22,871.81
node_000800,kuaishou,105601,793.31,954.71
node_000800,douyin,105601,682.8,1123.41
node_000800,tencent_video,105601,647.25,1213.63
node_000800,iqiyi,105601,582.63,1062.88
node_000800,bilibili,105601,669.03,910.36
node_000800,netease,105601,540.87,753.65
node_000800,default,105601,440.69,529.06
node_000801,kuaishou,12532,618.64,757.61
node_000801,douyin,12532,633.03,913.65
node_000801,tencent_video,12532,555.91,1247.79
node_000801,iqiyi,12532,476.85,1017.53
node_000801,bilibili,12532,560.71,777.63
node_000801,netease,12532,470.95,615.48
node_000801,default,12532,363.15,442.42
node_000802,kuaishou,673679,869.55,976.57
node_000802,douyin,673679,770.19,1151.38
node_000802,tencent_video,673679,769.31,1415.74
node_000802,iqiyi,673679,687.1,1272.66
node_000802,bilibili,673679,817.91,1068.05
node_000802,netease,673679,557.13,855.74
node_000802,default,673679,549.34,553.44
node_000803,kuaishou,2477203,769.23,729.68
node_000803,douyin,2477203,705.37,944.8
node_000803,tencent_video,2477203,541.09,914.53
node_000803,iqiyi,2477203,509.54,920.51
node_000803,bilibili,2477203,544.31,771.97
node_000803,netease,2477203,457.59,658.66
node_000803,default,2477203,346.52,472.52
node_000804,kuaishou,1091833,873.54,954.17
node_000804,douyin,1091833,755.91,1043.49
node_000804,tencent_video,1091833,617.91,1412.48
node_000804,iqiyi,1091833,571.05,1319.77
node_000804,bilibili,1091833,663.44,909.21
node_000804,netease,1091833,442.74,774.52
node_000804,default,1091833,405.59,547.81
node_000805,kuaishou,1044194,1463.26,1689.53
node_000805,douyin,1044194,1329.02,1846.79
node_000805,tencent_video,1044194,1107.29,2006.93
node_000805,iqiyi,1044194,901.36,1755.25
node_000805,bilibili,1044194,1125.57,1606.77
node_000805,netease,1044194,857.85,1480.09
node_000805,default,1044194,781.08,980.8
node_000806,kuaishou,767778,1192.23,1592.19
node_000806,douyin,767778,1146.53,1569.96
node_000806,tencent_video,767778,958.01,2133.65
node_000806,iqiyi,767778,825.25,2087.64
node_000806,bilibili,767778,1166.3,1495.42
node_000806,netease,767778,839.71,1383.29
node_000806,default,767778,711.99,907.81
node_000807,kuaishou,1400216,1074.06,1248.83
node_000807,douyin,1400216,900.52,1341.81
node_000807,tencent_video,1400216,960.25,1498.22
node_000807,iqiyi,1400216,733.67,1376.7
node_000807,bilibili,1400216,876.35,1087.81
node_000807,netease,1400216,712.58,975.98
node_000807,default,1400216,617.47,692.68
node_000808,kuaishou,2565139,726.27,966.53
node_000808,douyin,2565139,680.63,1187.39
node_000808,tencent_video,2565139,625.29,1135.63
node_000808,iqiyi,2565139,543.64,1115.91
node_000808,bilibili,2565139,656.09,957.09
node_000808,netease,2565139,530.82,784.98
node_000808,default,2565139,391.79,555.9
node_000809,kuaishou,213424,1345.95,1452.65
node_000809,douyin,213424,1222.8,1620.99
node_000809,tencent_video,213424,851.94,1716.59
node_000809,iqiyi,213424,799.53,1608.64
node_000809,bilibili,213424,1035.01,1308.98
node_000809,netease,213424,744.68,1182.67
node_000809,default,213424,682.51,755.49
node_000810,kuaishou,1014628,1182.83,1389.02
node_000810,douyin,1014628,1167.78,1481.22
node_000810,tencent_video,1014628,917.09,1648.72
node_000810,iqiyi,1014628,851.56,1434.72
node_000810,bilibili,1014628,967.05,1286.99
node_000810,netease,1014628,694.36,1138.68
node_000810,default,1014628,608.88,828.84
node_000811,kuaishou,1418325,1292.3,1490.94
node_000811,douyin,1418325,1111.83,1951.28
node_000811,tencent_video,1418325,930.69,2298.64
node_000811,iqiyi,1418325,877.47,2049.36
node_000811,bilibili,1418325,1058.17,1615.06
node_000811,netease,1418325,834.66,1245.68
node_000811,default,1418325,699.91,940.71
node_000812,kuaishou,1370521,1042.82,1165.67
node_000812,douyin,1370521,925.09,1473.87
node_000812,tencent_video,1370521,792.29,1513.0
node_000812,iqiyi,1370521,791.28,1324.71
node_000812,bilibili,1370521,816.25,1274.74
node_000812,netease,1370521,669.36,988.23
node_000812,default,1370521,582.75,702.78
node_000813,kuaishou,490555,813.09,954.45
node_000813,douyin,490555,648.41,1152.39
node_000813,tencent_video,490555,652.01,1292.17
node_000813,iqiyi,490555,528.84,1211.44
node_000813,bilibili,490555,606.83,919.41
node_000813,netease,490555,505.88,731.37
node_000813,default,490555,433.69,586.71
node_000814,kuaishou,262802,766.32,942.35
node_000814,douyin,262802,677.25,1046.92
node_000814,tencent_video,262802,645.2,1425.1
node_000814,iqiyi,262802,543.76,1232.11
node_000814,bilibili,262802,680.77,917.1
node_000814,netease,262802,479.5,862.01
node_000814,default,262802,438.3,610.2
node_000815,kuaishou,1154290,1336.09,1394.91
node_000815,douyin,1154290,1146.61,1571.17
node_000815,tencent_video,1154290,939.58,1992.12
node_000815,iqiyi,1154290,823.08,1748.65
node_000815,bilibili,1154290,913.64,1273.04
node_000815,netease,1154290,699.24,1030.92
node_000815,default,1154290,638.61,789.35
node_000816,kuaishou,594961,842.65,983.49
node_000816,douyin,594961,767.93,1291.34
node_000816,tencent_video,594961,728.5,1463.33
node_000816,iqiyi,594961,645.09,1166.53
node_000816,bilibili,594961,682.82,1121.73
node_000816,netease,594961,526.74,997.18
node_000816,default,594961,439.01,674.12
node_000817,kuaishou,1714625,1157.53,1608.0
node_000817,douyin,1714625,1007.45,1995.02
node_000817,tencent_video,1714625,1023.97,2026.32
node_000817,iqiyi,1714625,894.81,1982.03
node_000817,bilibili,1714625,1047.3,1541.66
node_000817,netease,1714625,797.66,1280.26
node_000817,default,1714625,680.05,980.89
node_000818,kuaishou,1806586,1033.3,1144.71
node_000818,douyin,1806586,989.52,1346.38
node_000818,tencent_video,1806586,807.05,1483.4
node_000818,iqiyi,1806586,753.19,1201.79
node_000818,bilibili,1806586,799.95,1042.37
node_000818,netease,1806586,649.2,924.8
node_000818,default,1806586,537.01,675.16
node_000819,kuaishou,341236,1286.21,1197.32
node_000819,douyin,341236,1123.03,1370.57
node_000819,tencent_video,341236,776.08,1710.62
node_000819,iqiyi,341236,785.8,1659.99
node_000819,bilibili,341236,916.92,1284.59
node_000819,netease,341236,697.99,992.7
node_000819,default,341236,616.82,735.17
node_000820,kuaishou,376151,990.89,1394.97
node_000820,douyin,376151,1029.12,1532.76
node_000820,tencent_video,376151,788.31,1608.96
node_000820,iqiyi,376151,795.44,1461.23
node_000820,bilibili,376151,912.88,1269.65
node_000820,netease,376151,733.62,1049.62
node_000820,default,376151,604.76,778.17
node_000821,kuaishou,1938501,1031.11,1149.23
node_000821,douyin,1938501,897.91,1283.68
node_000821,tencent_video,1938501,822.91,1479.27
node_000821,iqiyi,1938501,758.02,1392.36
node_000821,bilibili,1938501,870.52,1065.7
node_000821,netease,1938501,714.2,918.95
node_000821,default,1938501,561.3,700.24
node_000822,kuaishou,791542,1119.59,1063.32
node_000822,douyin,791542,1004.42,1316.97
node_000822,tencent_video,791542,903.61,1466.68
node_000822,iqiyi,791542,717.04,1307.95
node_000822,bilibili,791542,823.84,1210.68
node_000822,netease,791542,638.35,961.51
node_000822,default,791542,598.29,770.17
node_000823,kuaishou,1373197,983.25,1225.24
node_000823,douyin,1373197,968.73,1523.29
node_000823,tencent_video,1373197,893.64,1650.98
node_000823,iqiyi,1373197,791.33,1338.25
node_000823,bilibili,1373197,913.51,1304.89
node_000823,netease,1373197,738.73,1063.96
node_000823,default,1373197,586.1,769.32
node_000824,kuaishou,122382,1148.16,1165.28
node_000824,douyin,122382,995.72,1374.89
node_000824,tencent_video,122382,879.37,1482.88
node_000824,iqiyi,122382,814.28,1299.35
node_000824,bilibili,122382,884.88,1311.09
node_000824,netease,122382,695.1,987.26
node_000824,default,122382,562.07,788.54
node_000825,kuaishou,118790,979.82,937.13
node_000825,douyin,118790,895.76,1079.77
node_000825,tencent_video,118790,716.82,1086.36
node_000825,iqiyi,118790,658.21,1059.83
node_000825,bilibili,118790,733.12,1017.06
node_000825,netease,118790,612.47,824.02
node_000825,default,118790,523.26,558.95
node_000826,kuaishou,1310495,929.66,880.68
node_000826,douyin,1310495,752.48,999.15
node_000826,tencent_video,1310495,683.99,1482.92
node_000826,iqiyi,1310495,687.45,1223.82
node_000826,bilibili,1310495,772.45,930.09
node_000826,netease,1310495,540.06,878.72
node_000826,default,1310495,537.04,568.24
node_000827,kuaishou,1917201,1055.05,1197.06
node_000827,douyin,1917201,871.7,1400.47
node_000827,tencent_video,1917201,845.69,1899.41
node_000827,iqiyi,1917201,808.67,1675.96
node_000827,bilibili,1917201,947.16,1333.18
node_000827,netease,1917201,701.07,1096.59
node_000827,default,1917201,616.57,664.03
node_000828,kuaishou,1581417,1041.7,1522.11
node_000828,douyin,1581417,1067.06,1544.04
node_000828,tencent_video,1581417,924.92,1654.96
node_000828,iqiyi,1581417,750.74,1404.11
node_000828,bilibili,1581417,964.19,1280.22
node_000828,netease,1581417,717.14,1272.97
node_000828,default,1581417,638.27,807.72
node_000829,kuaishou,2316919,795.6,1036.59
node_000829,douyin,2316919,729.56,1174.99
node_000829,tencent_video,2316919,649.3,1344.96
node_000829,iqiyi,2316919,604.51,1358.59
node_000829,bilibili,2316919,645.44,1018.8
node_000829,netease,2316919,533.99,904.01
node_000829,default,2316919,464.12,612.52
node_000830,kuaishou,1623890,1062.43,1356.28
node_000830,douyin,1623890,1016.52,1586.42
node_000830,tencent_video,1623890,873.06,1741.45
node_000830,iqiyi,1623890,752.65,1435.63
node_000830,bilibili,1623890,891.79,1406.12
node_000830,netease,1623890,751.8,1173.84
node_000830,default,1623890,692.42,797.33
node_000831,kuaishou,94976,1117.37,1324.6
node_000831,douyin,94976,830.4,1667.97
node_000831,tencent_video,94976,887.83,1663.46
node_000831,iqiyi,94976,818.68,1423.67
node_000831,bilibili,94976,977.37,1344.05
node_000831,netease,94976,709.46,1153.53
node_000831,default,94976,642.78,845.72
node_000832,kuaishou,985467,1229.86,1441.41
node_000832,douyin,985467,1267.3,1443.48
node_000832,tencent_video,985467,866.54,1821.68
node_000832,iqiyi,985467,911.94,1364.02
node_000832,bilibili,985467,1026.72,1501.41
node_000832,netease,985467,719.21,1272.76
node_000832,default,985467,651.81,845.76
node_000833,kuaishou,1230138,768.93,985.74
node_000833,douyin,1230138,688.24,1170.21
node_000833,tencent_video,1230138,720.84,1366.74
node_000833,iqiyi,1230138,588.35,1166.16
node_000833,bilibili,1230138,698.99,1110.1
node_000833,netease,1230138,515.81,923.15
node_000833,default,1230138,479.16,613.26
node_000834,kuaishou,1509656,804.97,1181.6
node_000834,douyin,1509656,756.69,1514.75
node_000834,tencent_video,1509656,760.4,1766.12
node_000834,iqiyi,1509656,604.85,1457.01
node_000834,bilibili,1509656,779.87,1081.94
node_000834,netease,1509656,534.69,987.32
node_000834,default,1509656,504.55,709.86
node_000835,kuaishou,2003162,917.93,852.66
node_000835,douyin,2003162,910.93,1084.79
node_000835,tencent_video,2003162,687.04,1133.86
node_000835,iqiyi,2003162,703.65,1088.92
node_000835,bilibili,2003162,714.7,927.42
node_000835,netease,2003162,593.0,780.89
node_000835,default,2003162,487.98,559.42
node_000836,kuaishou,1471197,899.87,867.06
node_000836,douyin,1471197,740.62,1071.7
node_000836,tencent_video,1471197,738.19,1044.89
node_000836,iqiyi,1471197,621.65,970.89
node_000836,bilibili,1471197,702.51,902.32
node_000836,netease,1471197,537.21,732.12
node_000836,default,1471197,484.64,491.6
node_000837,kuaishou,1985960,1442.83,1774.99
node_000837,douyin,1985960,1100.28,2181.87
node_000837,tencent_video,1985960,1150.32,2810.59
node_000837,iqiyi,1985960,1021.84,2282.63
node_000837,bilibili,1985960,1180.2,1898.97
node_000837,netease,1985960,902.54,1530.95
node_000837,default,1985960,742.89,1105.52
node_000838,kuaishou,1438224,1463.04,1922.77
node_000838,douyin,1438224,1295.28,1750.81
node_000838,tencent_video,1438224,1132.56,2572.74
node_000838,iqiyi,1438224,1090.74,2545.15
node_000838,bilibili,1438224,1228.19,1721.55
node_000838,netease,1438224,986.54,1536.56
node_000838,default,1438224,875.71,1113.63
node_000839,kuaishou,1061890,1345.51,1346.88
node_000839,douyin,1061890,1064.73,1600.62
node_000839,tencent_video,1061890,861.1,1674.98
node_000839,iqiyi,1061890,830.22,1367.1
node_000839,bilibili,1061890,992.38,1481.73
node_000839,netease,1061890,730.67,1180.53
node_000839,default,1061890,725.99,837.2
node_000840,kuaishou,683895,978.7,1447.14
node_000840,douyin,683895,1100.59,1681.51
node_000840,tencent_video,683895,950.84,1880.92
node_000840,iqiyi,683895,916.1,1613.08
node_000840,bilibili,683895,1122.82,1505.95
node_000840,netease,683895,765.69,1204.61
node_000840,default,683895,693.04,951.13
node_000841,kuaishou,2427666,1072.61,1422.56
node_000841,douyin,2427666,1047.3,1472.43
node_000841,tencent_video,2427666,961.16,1676.63
node_000841,iqiyi,2427666,789.44,1497.14
node_000841,bilibili,2427666,1060.46,1469.11
node_000841,netease,2427666,795.21,1193.47
node_000841,default,2427666,684.15,835.36
node_000842,kuaishou,1151813,749.92,1064.74
node_000842,douyin,1151813,705.69,1156.41
node_000842,tencent_video,1151813,649.34,1415.55
node_000842,iqiyi,1151813,581.07,1382.92
node_000842,bilibili,1151813,723.9,937.73
node_000842,netease,1151813,474.71,848.23
node_000842,default,1151813,474.43,607.63
node_000843,kuaishou,1581135,719.33,807.09
node_000843,douyin,1581135,565.55,938.98
node_000843,tencent_video,1581135,607.9,1230.77
node_000843,iqiyi,1581135,530.24,1032.25
node_000843,bilibili,1581135,558.57,798.61
node_000843,netease,1581135,402.09,758.35
node_000843,default,1581135,392.06,501.71
node_000844,kuaishou,1543478,1406.83,1725.22
node_000844,douyin,1543478,1392.6,1904.81
node_000844,tencent_video,1543478,1039.87,2749.26
node_000844,iqiyi,1543478,900.54,2019.69
node_000844,bilibili,1543478,1119.19,1636.74
node_000844,netease,1543478,903.21,1454.94
node_000844,default,1543478,750.3,1019.77
node_000845,kuaishou,1815977,1011.47,1200.65
node_000845,douyin,1815977,963.94,1432.63
node_000845,tencent_video,1815977,849.08,1716.78
node_000845,iqiyi,1815977,660.98,1610.1
node_000845,bilibili,1815977,894.48,1171.77
node_000845,netease,1815977,641.54,1036.16
node_000845,default,1815977,573.87,696.54
node_000846,kuaishou,1815906,1312.93,1266.13
node_000846,douyin,1815906,1279.14,1611.44
node_000846,tencent_video,1815906,965.25,2174.01
node_000846,iqiyi,1815906,915.8,1839.71
node_000846,bilibili,1815906,1024.61,1405.46
node_000846,netease,1815906,744.3,1080.01
node_000846,default,1815906,669.74,884.99
node_000847,kuaishou,178924,1296.9,1748.97
node_000847,douyin,178924,1348.26,2064.46
node_000847,tencent_video,178924,1106.22,2935.02
node_000847,iqiyi,178924,989.66,2322.46
node_000847,bilibili,178924,1094.13,1566.54
node_000847,netease,178924,861.97,1456.04
node_000847,default,178924,777.84,953.0
node_000848,kuaishou,483205,1187.18,1066.73
node_000848,douyin,483205,1059.1,1222.56
node_000848,tencent_video,483205,755.77,1257.07
node_000848,iqiyi,483205,698.19,1209.49
node_000848,bilibili,483205,875.87,1059.93
node_000848,netease,483205,661.82,890.24
node_000848,default,483205,524.64,593.72
node_000849,kuaishou,1648067,819.78,1232.59
node_000849,douyin,1648067,786.65,1345.44
node_000849,tencent_video,1648067,734.03,1372.9
node_000849,iqiyi,1648067,604.18,1201.08
node_000849,bilibili,1648067,686.86,1094.61
node_000849,netease,1648067,550.36,1012.34
node_000849,default,1648067,495.96,736.78
node_000850,kuaishou,622394,925.72,880.76
node_000850,douyin,622394,778.16,1026.21
node_000850,tencent_video,622394,692.52,1073.55
node_000850,iqiyi,622394,621.41,1002.8
node_000850,bilibili,622394,788.65,938.99
node_000850,netease,622394,526.88,799.71
node_000850,default,622394,502.61,521.11
node_000851,kuaishou,1744128,1275.49,1511.55
node_000851,douyin,1744128,1199.0,1792.38
node_000851,tencent_video,1744128,968.72,1851.59
node_000851,iqiyi,1744128,932.6,1586.15
node_000851,bilibili,1744128,1178.63,1649.24
node_000851,netease,1744128,899.09,1446.64
node_000851,default,1744128,708.18,899.36
node_000852,kuaishou,2432695,1115.21,1288.84
node_000852,douyin,2432695,1136.33,1361.73
node_000852,tencent_video,2432695,940.48,1676.69
node_000852,iqiyi,2432695,816.18,1578.16
node_000852,bilibili,2432695,937.44,1056.48
node_000852,netease,2432695,684.18,1057.29
node_000852,default,2432695,604.64,764.98
node_000853,kuaishou,305508,896.11,1072.86
node_000853,douyin,305508,810.64,1138.84
node_000853,tencent_video,305508,809.13,1302.34
node_000853,iqiyi,305508,641.85,1188.63
node_000853,bilibili,305508,791.13,963.55
node_000853,netease,305508,538.14,920.59
node_000853,default,305508,515.21,583.08
node_000854,kuaishou,1677049,1293.0,1718.22
node_000854,douyin,1677049,1113.84,1858.97
node_000854,tencent_video,1677049,1003.38,2551.41
node_000854,iqiyi,1677049,976.51,2146.72
node_000854,bilibili,1677049,1181.09,1593.36
node_000854,netease,1677049,834.6,1484.76
node_000854,default,1677049,791.49,968.57
node_000855,kuaishou,1489380,737.41,926.42
node_000855,douyin,1489380,634.17,1077.06
node_000855,tencent_video,1489380,558.64,1095.35
node_000855,iqiyi,1489380,530.81,922.95
node_000855,bilibili,1489380,618.81,905.49
node_000855,netease,1489380,434.75,746.21
node_000855,default,1489380,382.03,592.19
node_000856,kuaishou,940278,840.67,784.74
node_000856,douyin,940278,726.99,1095.87
node_000856,tencent_video,940278,649.6,1444.03
node_000856,iqiyi,940278,549.45,1344.13
node_000856,bilibili,940278,675.8,910.55
node_000856,netease,940278,543.74,746.24
node_000856,default,940278,397.4,545.57
node_000857,kuaishou,1197439,906.08,1063.38
node_000857,douyin,1197439,927.99,1232.62
node_000857,tencent_video,1197439,736.18,1291.48
node_000857,iqiyi,1197439,770.14,1274.11
node_000857,bilibili,1197439,852.36,991.79
node_000857,netease,1197439,640.3,932.01
node_000857,default,1197439,552.51,627.11
node_000858,kuaishou,1730043,1032.04,1210.85
node_000858,douyin,1730043,908.21,1307.65
node_000858,tencent_video,1730043,766.13,1500.3
node_000858,iqiyi,1730043,618.18,1307.58
node_000858,bilibili,1730043,783.92,1040.53
node_000858,netease,1730043,546.83,1005.9
node_000858,default,1730043,453.35,635.81
node_000859,kuaishou,2552832,777.73,967.99
node_000859,douyin,2552832,705.86,1168.77
node_000859,tencent_video,2552832,626.95,1275.83
node_000859,iqiyi,2552832,541.72,1047.03
node_000859,bilibili,2552832,640.06,993.22
node_000859,netease,2552832,474.33,798.98
node_000859,default,2552832,396.57,590.25
node_000860,kuaishou,1781689,1309.03,1667.37
node_000860,douyin,1781689,1102.1,1829.79
node_000860,tencent_video,1781689,1099.54,2215.8
node_000860,iqiyi,1781689,978.79,2123.3
node_000860,bilibili,1781689,1088.9,1733.57
node_000860,netease,1781689,925.78,1518.27
node_000860,default,1781689,785.85,1071.95
node_000861,kuaishou,1769044,1251.02,1206.57
node_000861,douyin,1769044,1305.13,1539.54
node_000861,tencent_video,1769044,865.93,2109.31
node_000861,iqiyi,1769044,903.88,1737.84
node_000861,bilibili,1769044,952.35,1345.84
node_000861,netease,1769044,688.71,1091.47
node_000861,default,1769044,694.91,792.73
node_000862,kuaishou,1885060,873.33,1080.22
node_000862,douyin,1885060,786.2,1361.91
node_000862,tencent_video,1885060,639.97,1398.0
node_000862,iqiyi,1885060,625.93,1201.93
node_000862,bilibili,1885060,717.82,1099.65
node_000862,netease,1885060,555.13,975.68
node_000862,default,1885060,489.59,646.43
node_000863,kuaishou,2081841,962.34,1021.72
node_000863,douyin,2081841,826.28,1208.17
node_000863,tencent_video,2081841,783.94,1189.23
node_000863,iqiyi,2081841,730.25,1093.72
node_000863,bilibili,2081841,864.52,947.44
node_000863,netease,2081841,616.71,854.85
node_000863,default,2081841,478.73,629.12
node_000864,kuaishou,2363492,1040.43,1318.08
node_000864,douyin,2363492,1056.72,1455.88
node_000864,tencent_video,2363492,1002.5,1668.07
node_000864,iqiyi,2363492,864.93,1548.73
node_000864,bilibili,2363492,959.44,1316.77
node_000864,netease,2363492,735.03,1187.58
node_000864,default,2363492,612.75,760.75
node_000865,kuaishou,2147779,1048.62,1255.34
node_000865,douyin,2147779,961.43,1617.9
node_000865,tencent_video,2147779,928.31,1595.55
node_000865,iqiyi,2147779,846.37,1315.36
node_000865,bilibili,2147779,1005.98,1382.97
node_000865,netease,2147779,797.32,1159.87
node_000865,default,2147779,641.21,829.63
node_000866,kuaishou,162820,1415.76,1584.94
node_000866,douyin,162820,1331.06,1736.09
node_000866,tencent_video,162820,988.14,2015.22
node_000866,iqiyi,162820,894.06,1708.51
node_000866,bilibili,162820,1144.33,1545.39
node_000866,netease,162820,754.52,1182.81
node_000866,default,162820,684.51,921.64
node_000867,kuaishou,1842937,881.99,819.44
node_000867,douyin,1842937,851.11,919.26
node_000867,tencent_video,1842937,656.21,1209.15
node_000867,iqiyi,1842937,583.64,1049.47
node_000867,bilibili,1842937,689.19,799.8
node_000867,netease,1842937,553.87,718.81
node_000867,default,1842937,498.95,549.74
node_000868,kuaishou,173194,958.04,1030.44
node_000868,douyin,173194,793.23,1203.8
node_000868,tencent_video,173194,649.1,1350.57
node_000868,iqiyi,173194,625.14,1110.73
node_000868,bilibili,173194,798.34,1040.72
node_000868,netease,173194,585.75,747.7
node_000868,default,173194,512.56,584.74
node_000869,kuaishou,415227,620.25,807.36
node_000869,douyin,415227,642.1,966.3
node_000869,tencent_video,415227,554.29,945.36
node_000869,iqiyi,415227,522.6,916.1
node_000869,bilibili,415227,615.57,804.53
node_000869,netease,415227,412.13,711.85
node_000869,default,415227,393.6,523.48
node_000870,kuaishou,2307008,808.69,815.55
node_000870,douyin,2307008,759.23,885.56
node_000870,tencent_video,2307008,626.32,980.86
node_000870,iqiyi,2307008,551.49,971.82
node_000870,bilibili,2307008,533.55,862.09
node_000870,netease,2307008,439.25,663.31
node_000870,default,2307008,400.1,457.62
node_000871,kuaishou,2142326,1037.65,1287.09
node_000871,douyin,2142326,991.82,1462.23
node_000871,tencent_video,2142326,882.51,1784.36
node_000871,iqiyi,2142326,854.53,1577.62
node_000871,bilibili,2142326,947.35,1231.43
node_000871,netease,2142326,726.88,1020.75
node_000871,default,2142326,651.16,794.23
node_000872,kuaishou,996574,963.05,1173.1
node_000872,douyin,996574,920.26,1497.7
node_000872,tencent_video,996574,867.65,1472.75
node_000872,iqiyi,996574,762.53,1379.64
node_000872,bilibili,996574,822.77,1138.08
node_000872,netease,996574,596.02,1003.57
node_000872,default,996574,600.93,654.84
node_000873,kuaishou,644780,1239.15,1288.67
node_000873,douyin,644780,1146.55,1398.53
node_000873,tencent_video,644780,946.8,1554.82
node_000873,iqiyi,644780,776.23,1468.6
node_000873,bilibili,644780,887.87,1270.84
node_000873,netease,644780,673.25,1197.11
node_000873,default,644780,681.73,746.35
node_000874,kuaishou,1975185,1189.38,1440.22
node_000874,douyin,1975185,1054.17,1735.43
node_000874,tencent_video,1975185,1001.93,1933.43
node_000874,iqiyi,1975185,900.05,1574.69
node_000874,bilibili,1975185,1056.32,1302.64
node_000874,netease,1975185,862.86,1245.81
node_000874,default,1975185,757.76,829.78
node_000875,kuaishou,2013114,700.38,942.04
node_000875,douyin,2013114,704.34,1214.13
node_000875,tencent_video,2013114,657.5,1286.42
node_000875,iqiyi,2013114,582.56,1075.73
node_000875,bilibili,2013114,740.61,896.8
node_000875,netease,2013114,491.09,802.59
node_000875,default,2013114,458.37,547.99
node_000876,kuaishou,979798,1044.07,1249.77
node_000876,douyin,979798,1081.34,1448.76
node_000876,tencent_video,979798,932.29,1684.97
node_000876,iqiyi,979798,860.76,1324.67
node_000876,bilibili,979798,990.76,1309.3
node_000876,netease,979798,700.99,1102.15
node_000876,default,979798,665.11,816.67
node_000877,kuaishou,415258,1154.52,1441.74
node_000877,douyin,415258,1162.07,1741.46
node_000877,tencent_video,415258,1075.62,2320.49
node_000877,iqiyi,415258,1077.0,1979.64
node_000877,bilibili,415258,1087.56,1475.01
node_000877,netease,415258,858.81,1340.88
node_000877,default,415258,680.58,911.59
node_000878,kuaishou,2576626,725.75,959.56
node_000878,douyin,2576626,739.72,1178.46
node_000878,tencent_video,2576626,657.17,1210.64
node_000878,iqiyi,2576626,603.1,1064.65
node_000878,bilibili,2576626,685.33,1019.52
node_000878,netease,2576626,550.41,826.65
node_000878,default,2576626,436.1,622.86
node_000879,kuaishou,1328066,758.88,970.05
node_000879,douyin,1328066,671.48,1212.82
node_000879,tencent_video,1328066,638.9,1516.96
node_000879,iqiyi,1328066,521.93,1171.08
node_000879,bilibili,1328066,671.84,1046.08
node_000879,netease,1328066,475.1,819.53
node_000879,default,1328066,410.79,553.74
node_000880,kuaishou,70255,717.77,860.75
node_000880,douyin,70255,626.67,948.57
node_000880,tencent_video,70255,551.01,1259.03
node_000880,iqiyi,70255,553.99,1159.84
node_000880,bilibili,70255,590.31,853.76
node_000880,netease,70255,430.51,732.46
node_000880,default,70255,382.09,516.04
node_000881,kuaishou,2024664,739.41,971.13
node_000881,douyin,2024664,684.46,1112.16
node_000881,tencent_video,2024664,677.72,1121.3
node_000881,iqiyi,2024664,578.32,1041.91
node_000881,bilibili,2024664,637.33,1001.62
node_000881,netease,2024664,461.62,712.44
node_000881,default,2024664,440.65,566.45
node_000882,kuaishou,1585494,717.01,1011.82
node_000882,douyin,1585494,714.37,1199.3
node_000882,tencent_video,1585494,584.36,1270.09
node_000882,iqiyi,1585494,600.94,1130.23
node_000882,bilibili,1585494,654.47,1006.99
node_000882,netease,1585494,489.25,822.09
node_000882,default,1585494,422.14,566.58
node_000883,kuaishou,2039599,1105.85,1201.62
node_000883,douyin,2039599,928.19,1340.59
node_000883,tencent_video,2039599,900.47,1523.56
node_000883,iqiyi,2039599,744.66,1563.63
node_000883,bilibili,2039599,900.19,1340.93
node_000883,netease,2039599,678.71,1063.06
node_000883,default,2039599,658.79,738.97
node_000884,kuaishou,2500110,1146.76,1490.25
node_000884,douyin,2500110,1035.48,1724.66
node_000884,tencent_video,2500110,950.01,2127.02
node_000884,iqiyi,2500110,842.84,1855.69
node_000884,bilibili,2500110,1011.49,1282.53
node_000884,netease,2500110,745.72,1112.4
node_000884,default,2500110,653.66,803.55
node_000885,kuaishou,776013,847.9,1172.5
node_000885,douyin,776013,769.15,1253.74
node_000885,tencent_video,776013,720.42,1441.36
node_000885,iqiyi,776013,604.96,1236.4
node_000885,bilibili,776013,714.11,992.31
node_000885,netease,776013,564.36,876.94
node_000885,default,776013,491.11,611.05
node_000886,kuaishou,203364,957.16,1211.06
node_000886,douyin,203364,857.86,1251.22
node_000886,tencent_video,203364,723.76,1547.97
node_000886,iqiyi,203364,726.71,1399.43
node_000886,bilibili,203364,854.24,1100.86
node_000886,netease,203364,589.84,962.78
node_000886,default,203364,518.19,622.04
node_000887,kuaishou,2005637,1216.44,1512.44
node_000887,douyin,2005637,1071.77,1609.44
node_000887,tencent_video,2005637,927.93,1609.11
node_000887,iqiyi,2005637,843.54,1536.02
node_000887,bilibili,2005637,992.54,1430.08
node_000887,netease,2005637,705.1,1169.55
node_000887,default,2005637,731.7,874.62
node_000888,kuaishou,648800,1784.57,2045.67
node_000888,douyin,648800,1551.85,2056.13
node_000888,tencent_video,648800,1278.59,2899.03
node_000888,iqiyi,648800,1000.42,2478.61
node_000888,bilibili,648800,1283.55,1818.53
node_000888,netease,648800,939.77,1618.68
node_000888,default,648800,771.62,1109.61
node_000889,kuaishou,1321675,684.6,738.8
node_000889,douyin,1321675,611.11,897.24
node_000889,tencent_video,1321675,575.24,1199.67
node_000889,iqiyi,1321675,502.21,1030.18
node_000889,bilibili,1321675,639.02,758.6
node_000889,netease,1321675,439.27,692.74
node_000889,default,1321675,387.27,467.8
node_000890,kuaishou,110364,842.55,909.5
node_000890,douyin,110364,774.27,1060.73
node_000890,tencent_video,110364,674.54,1132.58
node_000890,iqiyi,110364,682.89,1031.2
node_000890,bilibili,110364,762.8,834.22
node_000890,netease,110364,604.93,770.81
node_000890,default,110364,533.77,567.76
node_000891,kuaishou,1281784,864.77,855.62
node_000891,douyin,1281784,745.25,1020.9
node_000891,tencent_video,1281784,650.97,1122.51
node_000891,iqiyi,1281784,615.75,875.22
node_000891,bilibili,1281784,713.06,868.21
node_000891,netease,1281784,579.72,761.64
node_000891,default,1281784,521.72,543.86
node_000892,kuaishou,102725,1112.23,1200.06
node_000892,douyin,102725,1059.12,1537.83
node_000892,tencent_video,102725,986.73,1845.24
node_000892,iqiyi,102725,867.7,1800.3
node_000892,bilibili,102725,949.29,1278.36
node_000892,netease,102725,690.32,1032.94
node_000892,default,102725,614.69,732.66
node_000893,kuaishou,1228345,1114.54,1393.48
node_000893,douyin,1228345,1029.62,1699.43
node_000893,tencent_video,1228345,1049.7,1956.88
node_000893,iqiyi,1228345,768.14,1883.5
node_000893,bilibili,1228345,1050.84,1523.17
node_000893,netease,1228345,788.01,1261.6
node_000893,default,1228345,720.17,893.41
node_000894,kuaishou,1933325,676.48,764.4
node_000894,douyin,1933325,577.59,840.31
node_000894,tencent_video,1933325,568.43,1194.17
node_000894,iqiyi,1933325,478.83,955.32
node_000894,bilibili,1933325,595.31,791.7
node_000894,netease,1933325,428.12,646.12
node_000894,default,1933325,383.83,490.45
node_000895,kuaishou,1142740,686.34,1009.83
node_000895,douyin,1142740,702.03,1101.06
node_000895,tencent_video,1142740,633.0,1454.55
node_000895,iqiyi,1142740,540.79,1238.17
node_000895,bilibili,1142740,639.44,1073.25
node_000895,netease,1142740,524.48,817.29
node_000895,default,1142740,466.47,607.57
node_000896,kuaishou,140049,1121.86,1289.37
node_000896,douyin,140049,996.73,1659.25
node_000896,tencent_video,140049,971.35,1747.57
node_000896,iqiyi,140049,908.08,1668.1
node_000896,bilibili,140049,999.59,1438.08
node_000896,netease,140049,746.94,1245.09
node_000896,default,140049,628.78,928.7
node_000897,kuaishou,1285429,905.27,892.74
node_000897,douyin,1285429,690.29,1100.59
node_000897,tencent_video,1285429,617.31,1103.88
node_000897,iqiyi,1285429,543.68,896.62
node_000897,bilibili,1285429,558.99,864.82
node_000897,netease,1285429,500.41,751.21
node_000897,default,1285429,444.62,554.33
node_000898,kuaishou,1719847,973.86,1145.83
node_000898,douyin,1719847,884.37,1166.04
node_000898,tencent_video,1719847,758.88,1658.56
node_000898,iqiyi,1719847,611.09,1587.83
node_000898,bilibili,1719847,771.66,1141.8
node_000898,netease,1719847,582.07,902.17
node_000898,default,1719847,488.46,719.61
node_000899,kuaishou,839857,1011.12,898.61
node_000899,douyin,839857,1004.91,1180.35
node_000899,tencent_video,839857,767.47,1536.04
node_000899,iqiyi,839857,610.11,1265.92
node_000899,bilibili,839857,775.61,970.96
node_000899,netease,839857,596.39,867.97
node_000899,default,839857,555.64,560.44
node_000900,kuaishou,1999871,1012.26,1314.24
node_000900,douyin,1999871,990.63,1418.82
node_000900,tencent_video,1999871,922.17,1725.62
node_000900,iqiyi,1999871,779.87,1376.06
node_000900,bilibili,1999871,904.95,1189.24
node_000900,netease,1999871,788.73,1078.7
node_000900,default,1999871,600.34,735.04
node_000901,kuaishou,420433,877.6,945.91
node_000901,douyin,420433,742.85,999.41
node_000901,tencent_video,420433,700.93,1120.91
node_000901,iqiyi,420433,662.53,949.15
node_000901,bilibili,420433,745.63,939.93
node_000901,netease,420433,579.94,821.99
node_000901,default,420433,500.16,549.89
node_000902,kuaishou,2324438,1322.38,1525.38
node_000902,douyin,2324438,1269.65,1715.49
node_000902,tencent_video,2324438,889.68,1666.66
node_000902,iqiyi,2324438,867.64,1618.69
node_000902,bilibili,2324438,975.36,1367.51
node_000902,netease,2324438,816.1,1245.7
node_000902,default,2324438,702.88,831.39
node_000903,kuaishou,1617596,1198.49,1078.11
node_000903,douyin,1617596,1085.67,1293.56
node_000903,tencent_video,1617596,823.31,1447.01
node_000903,iqiyi,1617596,740.59,1264.33
node_000903,bilibili,1617596,854.26,1132.81
node_000903,netease,1617596,709.58,992.45
node_000903,default,1617596,578.78,677.13
node_000904,kuaishou,387719,1213.97,2035.23
node_000904,douyin,387719,1356.95,2101.4
node_000904,tencent_video,387719,1145.39,2901.19
node_000904,iqiyi,387719,1082.63,2411.32
node_000904,bilibili,387719,1130.93,2085.93
node_000904,netease,387719,982.26,1616.14
node_000904,default,387719,827.47,1167.09
node_000905,kuaishou,628718,1019.47,1002.02
node_000905,douyin,628718,1003.0,1090.45
node_000905,tencent_video,628718,763.53,1245.19
node_000905,iqiyi,628718,677.65,1056.91
node_000905,bilibili,628718,754.37,910.75
node_000905,netease,628718,553.29,831.89
node_000905,default,628718,511.77,565.2
node_000906,kuaishou,2006751,829.15,825.89
node_000906,douyin,2006751,775.6,960.44
node_000906,tencent_video,2006751,738.85,1338.3
node_000906,iqiyi,2006751,613.08,1251.8
node_000906,bilibili,2006751,698.32,862.82
node_000906,netease,2006751,509.69,811.76
node_000906,default,2006751,536.84,492.79
node_000907,kuaishou,1392524,646.84,719.87
node_000907,douyin,1392524,593.16,880.62
node_000907,tencent_video,1392524,576.33,982.49
node_000907,iqiyi,1392524,498.37,866.19
node_000907,bilibili,1392524,516.37,709.62
node_000907,netease,1392524,433.28,679.41
node_000907,default,1392524,380.73,452.56
node_000908,kuaishou,83249,1317.48,1482.97
node_000908,douyin,83249,1139.24,1559.88
node_000908,tencent_video,83249,853.94,2117.53
node_000908,iqiyi,83249,888.29,1613.14
node_000908,bilibili,83249,1013.29,1443.42
node_000908,netease,83249,785.76,1119.72
node_000908,default,83249,695.1,841.05
node_000909,kuaishou,1316323,979.94,1174.07
node_000909,douyin,1316323,924.89,1304.84
node_000909,tencent_video,1316323,606.37,1325.82
node_000909,iqiyi,1316323,600.12,1207.73
node_000909,bilibili,1316323,782.1,1036.29
node_000909,netease,1316323,611.11,913.36
node_000909,default,1316323,462.38,685.07
node_000910,kuaishou,2183138,811.99,877.37
node_000910,douyin,2183138,732.75,1073.15
node_000910,tencent_video,2183138,673.59,1172.26
node_000910,iqiyi,2183138,660.63,954.11
node_000910,bilibili,2183138,732.73,866.14
node_000910,netease,2183138,572.65,746.75
node_000910,default,2183138,477.58,533.52
node_000911,kuaishou,1855785,750.82,843.26
node_000911,douyin,1855785,608.31,908.45
node_000911,tencent_video,1855785,524.15,996.58
node_000911,iqiyi,1855785,532.18,895.44
node_000911,bilibili,1855785,569.51,796.52
node_000911,netease,1855785,470.55,704.16
node_000911,default,1855785,386.28,491.38
node_000912,kuaishou,1110673,984.56,1179.09
node_000912,douyin,1110673,972.96,1452.79
node_000912,tencent_video,1110673,863.93,1534.13
node_000912,iqiyi,1110673,774.03,1359.38
node_000912,bilibili,1110673,933.03,1257.82
node_000912,netease,1110673,687.12,1033.94
node_000912,default,1110673,597.9,703.09
node_000913,kuaishou,1278226,1037.46,1241.59
node_000913,douyin,1278226,859.67,1494.19
node_000913,tencent_video,1278226,943.22,1567.66
node_000913,iqiyi,1278226,793.23,1355.93
node_000913,bilibili,1278226,875.21,1190.82
node_000913,netease,1278226,710.47,968.28
node_000913,default,1278226,561.61,704.18
node_000914,kuaishou,1102706,1176.82,1467.26
node_000914,douyin,1102706,1019.76,1568.62
node_000914,tencent_video,1102706,974.97,1760.98
node_000914,iqiyi,1102706,900.39,1596.11
node_000914,bilibili,1102706,1069.38,1390.72
node_000914,netease,1102706,806.49,1333.41
node_000914,default,1102706,671.72,875.65
node_000915,kuaishou,1992085,663.99,758.18
node_000915,douyin,1992085,617.98,926.82
node_000915,tencent_video,1992085,524.38,954.27
node_000915,iqiyi,1992085,442.47,864.34
node_000915,bilibili,1992085,600.93,753.67
node_000915,netease,1992085,434.34,641.82
node_000915,default,1992085,370.28,463.41
node_000916,kuaishou,2327389,985.06,1218.75
node_000916,douyin,2327389,890.77,1413.74
node_000916,tencent_video,2327389,882.93,1556.62
node_000916,iqiyi,2327389,811.02,1318.37
node_000916,bilibili,2327389,935.92,1277.17
node_000916,netease,2327389,633.84,973.77
node_000916,default,2327389,543.63,746.35
node_000917,kuaishou,355008,811.32,953.0
node_000917,douyin,355008,817.34,1116.22
node_000917,tencent_video,355008,733.54,1308.17
node_000917,iqiyi,355008,743.28,1070.06
node_000917,bilibili,355008,731.36,976.67
node_000917,netease,355008,602.46,837.78
node_000917,default,355008,538.02,658.54
node_000918,kuaishou,201043,745.02,1042.68
node_000918,douyin,201043,830.04,1154.74
node_000918,tencent_video,201043,697.13,1180.84
node_000918,iqiyi,201043,570.85,1241.28
node_000918,bilibili,201043,715.53,1060.18
node_000918,netease,201043,522.03,826.76
node_000918,default,201043,492.67,639.13
node_000919,kuaishou,660515,1015.16,1233.84
node_000919,douyin,660515,976.06,1422.71
node_000919,tencent_video,660515,815.2,1534.93
node_000919,iqiyi,660515,776.98,1262.65
node_000919,bilibili,660515,865.3,1230.53
node_000919,netease,660515,721.41,919.94
node_000919,default,660515,639.01,755.62
node_000920,kuaishou,915694,776.04,988.87
node_000920,douyin,915694,675.05,1121.47
node_000920,tencent_video,915694,643.09,1470.99
node_000920,iqiyi,915694,554.49,1338.67
node_000920,bilibili,915694,678.52,1009.85
node_000920,netease,915694,530.19,834.66
node_000920,default,915694,444.34,638.28
node_000921,kuaishou,1517767,793.73,1163.53
node_000921,douyin,1517767,716.56,1362.07
node_000921,tencent_video,1517767,696.32,1520.58
node_000921,iqiyi,1517767,646.88,1372.26
node_000921,bilibili,1517767,739.12,1074.84
node_000921,netease,1517767,582.34,980.76
node_000921,default,1517767,457.76,664.16
node_000922,kuaishou,2513178,1035.74,1243.45
node_000922,douyin,2513178,992.24,1432.05
node_000922,tencent_video,2513178,925.23,1898.54
node_000922,iqiyi,2513178,818.74,1785.41
node_000922,bilibili,2513178,969.93,1354.29
node_000922,netease,2513178,685.79,974.65
node_000922,default,2513178,616.57,739.07
node_000923,kuaishou,1245146,1223.16,1223.08
node_000923,douyin,1245146,1205.28,1387.35
node_000923,tencent_video,1245146,964.12,1700.99
node_000923,iqiyi,1245146,855.71,1450.67
node_000923,bilibili,1245146,831.0,1208.85
node_000923,netease,1245146,718.78,1047.22
node_000923,default,1245146,609.66,788.5
node_000924,kuaishou,943194,754.8,795.18
node_000924,douyin,943194,663.84,988.91
node_000924,tencent_video,943194,564.6,1392.29
node_000924,iqiyi,943194,554.55,1041.95
node_000924,bilibili,943194,641.6,903.44
node_000924,netease,943194,454.89,714.62
node_000924,default,943194,380.12,517.54
node_000925,kuaishou,2423109,1437.55,1939.07
node_000925,douyin,2423109,1242.05,2188.09
node_000925,tencent_video,2423109,1091.22,2241.86
node_000925,iqiyi,2423109,1056.4,2102.43
node_000925,bilibili,2423109,1130.19,1786.79
node_000925,netease,2423109,920.31,1680.42
node_000925,default,2423109,786.91,1139.89
node_000926,kuaishou,2194871,561.78,675.52
node_000926,douyin,2194871,557.89,914.04
node_000926,tencent_video,2194871,507.12,919.47
node_000926,iqiyi,2194871,472.44,793.97
node_000926,bilibili,2194871,540.31,666.61
node_000926,netease,2194871,356.48,641.42
node_000926,default,2194871,349.51,385.78
node_000927,kuaishou,1137275,1277.68,1381.43
node_000927,douyin,1137275,1215.59,1571.67
node_000927,tencent_video,1137275,968.86,1423.26
node_000927,iqiyi,1137275,894.76,1475.89
node_000927,bilibili,1137275,1030.42,1242.39
node_000927,netease,1137275,671.43,1222.13
node_000927,default,1137275,614.14,779.64
node_000928,kuaishou,1266310,927.74,1336.74
node_000928,douyin,1266310,940.41,1513.22
node_000928,tencent_video,1266310,905.43,1585.81
node_000928,iqiyi,1266310,812.54,1392.06
node_000928,bilibili,1266310,960.15,1409.88
node_000928,netease,1266310,658.96,908.14
node_000928,default,1266310,605.19,744.15
node_000929,kuaishou,1042986,967.15,1088.66
node_000929,douyin,1042986,905.69,1312.28
node_000929,tencent_video,1042986,839.56,1266.25
node_000929,iqiyi,1042986,716.79,1153.72
node_000929,bilibili,1042986,867.67,1148.11
node_000929,netease,1042986,634.22,907.34
node_000929,default,1042986,579.46,660.28
node_000930,kuaishou,1105534,1514.26,1759.51
node_000930,douyin,1105534,1290.27,1933.25
node_000930,tencent_video,1105534,1109.32,2218.79
node_000930,iqiyi,1105534,986.6,1914.79
node_000930,bilibili,1105534,1081.15,1641.29
node_000930,netease,1105534,875.44,1499.05
node_000930,default,1105534,777.23,988.02
node_000931,kuaishou,192839,1093.98,1270.54
node_000931,douyin,192839,958.59,1641.04
node_000931,tencent_video,192839,869.42,1816.34
node_000931,iqiyi,192839,738.93,1678.57
node_000931,bilibili,192839,983.15,1257.22
node_000931,netease,192839,768.3,1099.93
node_000931,default,192839,660.74,747.28
node_000932,kuaishou,550618,706.48,924.98
node_000932,douyin,550618,646.46,938.0
node_000932,tencent_video,550618,595.77,1072.86
node_000932,iqiyi,550618,556.08,1037.36
node_000932,bilibili,550618,564.21,871.44
node_000932,netease,550618,490.85,716.27
node_000932,default,550618,438.55,572.46
node_000933,kuaishou,879606,1235.96,1340.32
node_000933,douyin,879606,1157.46,1512.38
node_000933,tencent_video,879606,947.7,1723.46
node_000933,iqiyi,879606,790.01,1373.46
node_000933,bilibili,879606,828.15,1286.37
node_000933,netease,879606,681.66,1135.99
node_000933,default,879606,620.35,776.48
node_000934,kuaishou,1725261,1059.24,1414.59
node_000934,douyin,1725261,1093.29,1649.1
node_000934,tencent_video,1725261,1007.25,2241.16
node_000934,iqiyi,1725261,914.41,1817.75
node_000934,bilibili,1725261,971.64,1230.15
node_000934,netease,1725261,748.5,1180.79
node_000934,default,1725261,656.01,735.71
node_000935,kuaishou,2378929,1090.59,1314.45
node_000935,douyin,2378929,1015.65,1568.39
node_000935,tencent_video,2378929,794.35,1949.58
node_000935,iqiyi,2378929,828.97,1660.74
node_000935,bilibili,2378929,837.24,1269.23
node_000935,netease,2378929,693.77,1172.93
node_000935,default,2378929,641.22,733.48
node_000936,kuaishou,1876757,741.6,1150.89
node_000936,douyin,1876757,764.84,1125.65
node_000936,tencent_video,1876757,612.18,1319.53
node_000936,iqiyi,1876757,563.76,1131.05
node_000936,bilibili,1876757,695.91,1040.05
node_000936,netease,1876757,561.41,969.53
node_000936,default,1876757,453.9,591.43
node_000937,kuaishou,1954453,1156.32,1501.36
node_000937,douyin,1954453,1008.68,1427.06
node_000937,tencent_video,1954453,925.72,1749.27
node_000937,iqiyi,1954453,850.15,1504.72
node_000937,bilibili,1954453,1054.97,1388.17
node_000937,netease,1954453,744.21,1126.39
node_000937,default,1954453,597.45,840.89
node_000938,kuaishou,49387,1111.51,1418.63
node_000938,douyin,49387,1113.97,1659.06
node_000938,tencent_video,49387,956.48,1812.42
node_000938,iqiyi,49387,930.59,1609.22
node_000938,bilibili,49387,1029.58,1473.5
node_000938,netease,49387,768.25,1224.89
node_000938,default,49387,661.01,790.32
node_000939,kuaishou,970329,779.57,1121.43
node_000939,douyin,970329,778.31,1172.28
node_000939,tencent_video,970329,647.75,1371.71
node_000939,iqiyi,970329,637.29,1057.37
node_000939,bilibili,970329,718.76,951.36
node_000939,netease,970329,525.21,958.16
node_000939,default,970329,543.63,633.62
node_000940,kuaishou,353860,669.21,830.71
node_000940,douyin,353860,602.99,941.02
node_000940,tencent_video,353860,595.58,1257.75
node_000940,iqiyi,353860,473.78,1177.1
node_000940,bilibili,353860,618.48,789.6
node_000940,netease,353860,453.17,692.47
node_000940,default,353860,417.58,499.5
node_000941,kuaishou,2513270,1453.32,1659.75
node_000941,douyin,2513270,1228.21,1617.18
node_000941,tencent_video,2513270,928.74,1932.18
node_000941,iqiyi,2513270,934.25,1878.13
node_000941,bilibili,2513270,1070.84,1526.39
node_000941,netease,2513270,739.42,1173.87
node_000941,default,2513270,743.62,866.01
node_000942,kuaishou,613417,1061.4,1056.38
node_000942,douyin,613417,901.27,1205.89
node_000942,tencent_video,613417,705.87,1320.41
node_000942,iqiyi,613417,621.87,1317.18
node_000942,bilibili,613417,742.9,1095.12
node_000942,netease,613417,519.38,917.73
node_000942,default,613417,448.94,670.23
node_000943,kuaishou,1020388,672.45,837.34
node_000943,douyin,1020388,579.09,995.91
node_000943,tencent_video,1020388,603.44,1051.75
node_000943,iqiyi,1020388,447.01,914.2
node_000943,bilibili,1020388,560.81,816.08
node_000943,netease,1020388,492.63,628.38
node_000943,default,1020388,385.47,525.99
node_000944,kuaishou,470741,974.74,1277.06
node_000944,douyin,470741,973.53,1439.64
node_000944,tencent_video,470741,930.45,1619.69
node_000944,iqiyi,470741,875.1,1484.67
node_000944,bilibili,470741,994.84,1202.62
node_000944,netease,470741,680.96,1048.08
node_000944,default,470741,661.93,730.47
node_000945,kuaishou,858756,922.96,867.49
node_000945,douyin,858756,899.32,994.42
node_000945,tencent_video,858756,756.82,1153.84
node_000945,iqiyi,858756,611.09,1039.86
node_000945,bilibili,858756,723.87,873.83
node_000945,netease,858756,587.78,671.49
node_000945,default,858756,510.35,520.99
node_000946,kuaishou,2043372,1018.29,1094.33
node_000946,douyin,2043372,845.29,1253.01
node_000946,tencent_video,2043372,850.64,1485.65
node_000946,iqiyi,2043372,750.01,1134.81
node_000946,bilibili,2043372,883.48,1195.53
node_000946,netease,2043372,654.31,1048.46
node_000946,default,2043372,530.1,696.48
node_000947,kuaishou,1094661,1146.54,1344.74
node_000947,douyin,1094661,910.99,1456.51
node_000947,tencent_video,1094661,897.96,1518.41
node_000947,iqiyi,1094661,823.3,1492.09
node_000947,bilibili,1094661,981.83,1349.25
node_000947,netease,1094661,690.4,1076.45
node_000947,default,1094661,602.62,767.55
node_000948,kuaishou,605925,642.8,756.07
node_000948,douyin,605925,653.57,794.15
node_000948,tencent_video,605925,474.86,856.57
node_000948,iqiyi,605925,469.47,772.12
node_000948,bilibili,605925,511.53,682.75
node_000948,netease,605925,391.02,630.42
node_000948,default,605925,368.81,400.05
node_000949,kuaishou,457708,895.88,912.75
node_000949,douyin,457708,736.29,1135.98
node_000949,tencent_video,457708,617.95,1291.26
node_000949,iqiyi,457708,575.41,959.77
node_000949,bilibili,457708,628.24,935.82
node_000949,netease,457708,515.51,779.91
node_000949,default,457708,444.69,542.29
node_000950,kuaishou,2403768,1243.92,1218.13
node_000950,douyin,2403768,1153.4,1517.97
node_000950,tencent_video,2403768,875.12,1542.51
node_000950,iqiyi,2403768,822.0,1338.29
node_000950,bilibili,2403768,870.68,1291.38
node_000950,netease,2403768,713.99,1071.67
node_000950,default,2403768,644.49,786.54
node_000951,kuaishou,745906,702.06,854.61
node_000951,douyin,745906,610.51,986.12
node_000951,tencent_video,745906,567.73,1244.37
node_000951,iqiyi,745906,451.91,1028.12
node_000951,bilibili,745906,564.89,805.58
node_000951,netease,745906,453.64,701.23
node_000951,default,745906,400.32,474.35
node_000952,kuaishou,857148,890.4,1211.43
node_000952,douyin,857148,838.7,1324.05
node_000952,tencent_video,857148,671.01,1670.3
node_000952,iqiyi,857148,588.01,1387.82
node_000952,bilibili,857148,750.74,1169.15
node_000952,netease,857148,620.09,963.67
node_000952,default,857148,460.64,678.91
node_000953,kuaishou,428693,1031.49,1018.56
node_000953,douyin,428693,910.42,1096.34
node_000953,tencent_video,428693,785.63,1352.52
node_000953,iqiyi,428693,649.08,1349.95
node_000953,bilibili,428693,764.68,954.24
node_000953,netease,428693,581.01,827.68
node_000953,default,428693,543.2,607.68
node_000954,kuaishou,949213,900.56,1094.21
node_000954,douyin,949213,957.27,1138.95
node_000954,tencent_video,949213,733.63,1290.72
node_000954,iqiyi,949213,650.64,1079.35
node_000954,bilibili,949213,772.41,995.61
node_000954,netease,949213,589.64,895.44
node_000954,default,949213,536.76,618.14
node_000955,kuaishou,750545,1102.84,1244.58
node_000955,douyin,750545,1071.65,1358.0
node_000955,tencent_video,750545,745.24,1808.1
node_000955,iqiyi,750545,724.89,1534.51
node_000955,bilibili,750545,932.06,1144.13
node_000955,netease,750545,649.39,1034.78
node_000955,default,750545,622.04,709.14
node_000956,kuaishou,2170589,681.69,834.24
node_000956,douyin,2170589,740.43,961.74
node_000956,tencent_video,2170589,530.58,1015.37
node_000956,iqiyi,2170589,512.93,860.43
node_000956,bilibili,2170589,588.72,751.09
node_000956,netease,2170589,430.92,693.71
node_000956,default,2170589,418.62,508.42
node_000957,kuaishou,1093009,659.51,720.13
node_000957,douyin,1093009,542.74,823.1
node_000957,tencent_video,1093009,500.1,926.42
node_000957,iqiyi,1093009,458.63,785.4
node_000957,bilibili,1093009,563.75,690.95
node_000957,netease,1093009,435.13,568.81
node_000957,default,1093009,368.8,428.56
node_000958,kuaishou,2149211,684.48,770.29
node_000958,douyin,2149211,635.52,894.18
node_000958,tencent_video,2149211,545.06,1143.43
node_000958,iqiyi,2149211,503.28,1137.42
node_000958,bilibili,2149211,598.5,800.06
node_000958,netease,2149211,453.35,699.02
node_000958,default,2149211,395.83,495.23
node_000959,kuaishou,599207,1001.16,1299.72
node_000959,douyin,599207,1006.51,1451.8
node_000959,tencent_video,599207,927.16,1844.36
node_000959,iqiyi,599207,782.83,1664.83
node_000959,bilibili,599207,906.84,1156.73
node_000959,netease,599207,709.17,1082.23
node_000959,default,599207,654.78,718.94
node_000960,kuaishou,343064,636.72,686.87
node_000960,douyin,343064,562.48,827.98
node_000960,tencent_video,343064,493.06,1033.29
node_000960,iqiyi,343064,473.77,907.51
node_000960,bilibili,343064,566.16,672.04
node_000960,netease,343064,390.99,658.13
node_000960,default,343064,332.39,423.57
node_000961,kuaishou,1662606,897.63,1119.66
node_000961,douyin,1662606,824.83,1182.4
node_000961,tencent_video,1662606,680.46,1279.63
node_000961,iqiyi,1662606,576.22,1091.99
node_000961,bilibili,1662606,663.32,1018.91
node_000961,netease,1662606,510.03,873.73
node_000961,default,1662606,427.4,602.45
node_000962,kuaishou,1609859,736.14,812.96
node_000962,douyin,1609859,624.58,904.64
node_000962,tencent_video,1609859,584.84,1188.5
node_000962,iqiyi,1609859,504.2,965.92
node_000962,bilibili,1609859,565.12,808.47
node_000962,netease,1609859,462.33,706.35
node_000962,default,1609859,356.43,441.14
node_000963,kuaishou,2098974,803.31,1070.89
node_000963,douyin,2098974,766.9,1178.43
node_000963,tencent_video,2098974,689.49,1335.96
node_000963,iqiyi,2098974,636.87,1144.59
node_000963,bilibili,2098974,636.65,1039.89
node_000963,netease,2098974,533.34,909.89
node_000963,default,2098974,429.01,616.29
node_000964,kuaishou,1992585,1331.44,1766.94
node_000964,douyin,1992585,1186.37,1970.55
node_000964,tencent_video,1992585,1091.82,2153.38
node_000964,iqiyi,1992585,984.86,1710.31
node_000964,bilibili,1992585,1172.84,1704.83
node_000964,netease,1992585,806.25,1462.31
node_000964,default,1992585,763.27,1117.59
node_000965,kuaishou,1995794,1056.98,1163.7
node_000965,douyin,1995794,850.91,1317.09
node_000965,tencent_video,1995794,801.18,1465.69
node_000965,iqiyi,1995794,731.27,1313.27
node_000965,bilibili,1995794,896.14,1093.25
node_000965,netease,1995794,664.47,1021.86
node_000965,default,1995794,630.31,668.04
node_000966,kuaishou,1133779,818.67,1027.25
node_000966,douyin,1133779,723.76,1175.61
node_000966,tencent_video,1133779,688.66,1723.58
node_000966,iqiyi,1133779,618.05,1407.29
node_000966,bilibili,1133779,687.06,1102.03
node_000966,netease,1133779,511.25,868.18
node_000966,default,1133779,498.33,640.65
node_000967,kuaishou,2020095,762.43,990.79
node_000967,douyin,2020095,702.0,1092.43
node_000967,tencent_video,2020095,674.72,1447.0
node_000967,iqiyi,2020095,579.12,1170.41
node_000967,bilibili,2020095,664.08,934.16
node_000967,netease,2020095,486.43,941.99
node_000967,default,2020095,453.12,629.46
node_000968,kuaishou,32234,668.97,822.46
node_000968,douyin,32234,668.03,872.2
node_000968,tencent_video,32234,590.61,1188.31
node_000968,iqiyi,32234,534.75,1047.57
node_000968,bilibili,32234,598.74,800.66
node_000968,netease,32234,408.28,745.65
node_000968,default,32234,372.65,486.27
node_000969,kuaishou,1977184,786.38,966.98
node_000969,douyin,1977184,842.18,1081.17
node_000969,tencent_video,1977184,767.24,1268.04
node_000969,iqiyi,1977184,639.03,1091.57
node_000969,bilibili,1977184,817.9,949.44
node_000969,netease,1977184,592.32,892.55
node_000969,default,1977184,501.21,609.45
node_000970,kuaishou,1525527,949.77,1016.03
node_000970,douyin,1525527,867.11,1210.16
node_000970,tencent_video,1525527,750.19,1360.08
node_000970,iqiyi,1525527,670.1,1203.56
node_000970,bilibili,1525527,858.96,1086.9
node_000970,netease,1525527,608.35,989.57
node_000970,default,1525527,541.23,627.08
node_000971,kuaishou,1718125,705.15,844.32
node_000971,douyin,1718125,776.23,965.06
node_000971,tencent_video,1718125,658.42,1254.93
node_000971,iqiyi,1718125,647.69,1117.98
node_000971,bilibili,1718125,778.53,825.03
node_000971,netease,1718125,548.64,706.23
node_000971,default,1718125,524.16,514.14
node_000972,kuaishou,1200636,622.84,809.93
node_000972,douyin,1200636,651.68,961.45
node_000972,tencent_video,1200636,527.02,920.65
node_000972,iqiyi,1200636,518.07,965.91
node_000972,bilibili,1200636,561.33,899.1
node_000972,netease,1200636,449.19,623.96
node_000972,default,1200636,362.49,507.05
node_000973,kuaishou,1365607,817.14,927.69
node_000973,douyin,1365607,781.7,1070.96
node_000973,tencent_video,1365607,645.44,1296.63
node_000973,iqiyi,1365607,498.23,1275.67
node_000973,bilibili,1365607,609.02,902.21
node_000973,netease,1365607,472.08,756.95
node_000973,default,1365607,395.05,536.08
node_000974,kuaishou,1282825,708.23,890.12
node_000974,douyin,1282825,621.22,1044.93
node_000974,tencent_video,1282825,556.28,1107.48
node_000974,iqiyi,1282825,568.51,944.69
node_000974,bilibili,1282825,603.13,852.7
node_000974,netease,1282825,502.63,743.32
node_000974,default,1282825,450.3,521.52
node_000975,kuaishou,960010,975.16,1013.9
node_000975,douyin,960010,1001.94,1227.49
node_000975,tencent_video,960010,845.29,1670.17
node_000975,iqiyi,960010,736.33,1387.2
node_000975,bilibili,960010,865.99,1014.85
node_000975,netease,960010,655.71,890.33
node_000975,default,960010,507.63,656.38
node_000976,kuaishou,1252114,811.81,1093.48
node_000976,douyin,1252114,775.0,1237.74
node_000976,tencent_video,1252114,691.19,1616.28
node_000976,iqiyi,1252114,587.69,1525.89
node_000976,bilibili,1252114,791.92,1172.73
node_000976,netease,1252114,565.12,916.08
node_000976,default,1252114,479.43,703.39
node_000977,kuaishou,130926,1091.19,1156.37
node_000977,douyin,130926,1066.68,1328.71
node_000977,tencent_video,130926,818.87,1436.45
node_000977,iqiyi,130926,691.13,1244.17
node_000977,bilibili,130926,822.58,1191.23
node_000977,netease,130926,675.02,995.64
node_000977,default,130926,620.06,668.47
node_000978,kuaishou,997885,882.21,904.73
node_000978,douyin,997885,743.48,1087.69
node_000978,tencent_video,997885,729.65,1257.55
node_000978,iqiyi,997885,641.59,1148.07
node_000978,bilibili,997885,711.8,986.32
node_000978,netease,997885,566.7,758.36
node_000978,default,997885,494.89,564.86
node_000979,kuaishou,2572245,762.36,938.93
node_000979,douyin,2572245,694.03,951.84
node_000979,tencent_video,2572245,565.24,1134.37
node_000979,iqiyi,2572245,556.14,942.33
node_000979,bilibili,2572245,608.29,841.86
node_000979,netease,2572245,516.85,740.47
node_000979,default,2572245,418.27,537.64
node_000980,kuaishou,579184,760.32,724.03
node_000980,douyin,579184,657.51,937.76
node_000980,tencent_video,579184,552.34,997.62
node_000980,iqiyi,579184,487.42,828.65
node_000980,bilibili,579184,588.29,773.99
node_000980,netease,579184,428.01,603.55
node_000980,default,579184,395.73,468.54
node_000981,kuaishou,1343234,1291.61,1489.66
node_000981,douyin,1343234,1223.92,1689.06
node_000981,tencent_video,1343234,1031.52,1767.16
node_000981,iqiyi,1343234,900.75,1600.69
node_000981,bilibili,1343234,987.47,1526.44
node_000981,netease,1343234,804.92,1194.16
node_000981,default,1343234,717.65,825.84
node_000982,kuaishou,1495029,1176.63,1692.88
node_000982,douyin,1495029,1035.62,2006.15
node_000982,tencent_video,1495029,1060.21,1884.45
node_000982,iqiyi,1495029,904.33,1639.83
node_000982,bilibili,1495029,1128.79,1515.69
node_000982,netease,1495029,865.06,1358.85
node_000982,default,1495029,720.84,998.84
node_000983,kuaishou,75074,1200.26,1468.18
node_000983,douyin,75074,1111.79,1679.12
node_000983,tencent_video,75074,957.19,1852.5
node_000983,iqiyi,75074,846.5,1660.71
node_000983,bilibili,75074,1020.27,1482.97
node_000983,netease,75074,797.28,1347.68
node_000983,default,75074,703.2,884.0
node_000984,kuaishou,19424,1335.99,1776.18
node_000984,douyin,19424,1313.85,1914.01
node_000984,tencent_video,19424,1239.36,2222.79
node_000984,iqiyi,19424,1041.84,1971.8
node_000984,bilibili,19424,1079.27,1687.06
node_000984,netease,19424,876.38,1589.21
node_000984,default,19424,732.97,1022.97
node_000985,kuaishou,415844,992.87,1217.51
node_000985,douyin,415844,919.28,1469.69
node_000985,tencent_video,415844,884.67,1807.48
node_000985,iqiyi,415844,686.65,1521.51
node_000985,bilibili,415844,863.52,1149.41
node_000985,netease,415844,682.91,1025.62
node_000985,default,415844,542.35,745.21
node_000986,kuaishou,1149515,1054.01,1488.02
node_000986,douyin,1149515,963.75,1597.98
node_000986,tencent_video,1149515,903.25,1708.76
node_000986,iqiyi,1149515,826.25,1372.59
node_000986,bilibili,1149515,830.84,1485.3
node_000986,netease,1149515,738.62,956.74
node_000986,default,1149515,653.69,819.2
node_000987,kuaishou,2004853,648.74,800.88
node_000987,douyin,2004853,603.3,925.85
node_000987,tencent_video,2004853,570.42,1001.31
node_000987,iqiyi,2004853,485.36,880.68
node_000987,bilibili,2004853,638.33,722.21
node_000987,netease,2004853,448.11,724.04
node_000987,default,2004853,360.29,491.64
node_000988,kuaishou,1971367,650.69,784.28
node_000988,douyin,1971367,577.15,895.91
node_000988,tencent_video,1971367,557.88,1017.52
node_000988,iqiyi,1971367,529.2,888.25
node_000988,bilibili,1971367,568.53,757.55
node_000988,netease,1971367,450.23,674.22
node_000988,default,1971367,386.59,485.02
node_000989,kuaishou,927105,1434.95,1708.3
node_000989,douyin,927105,1414.32,1961.4
node_000989,tencent_video,927105,956.03,2173.23
node_000989,iqiyi,927105,1047.25,1949.59
node_000989,bilibili,927105,1024.12,1886.67
node_000989,netease,927105,815.12,1371.34
node_000989,default,927105,793.73,1046.34
node_000990,kuaishou,909587,1477.04,1696.94
node_000990,douyin,909587,1210.31,2053.54
node_000990,tencent_video,909587,1082.7,2241.03
node_000990,iqiyi,909587,843.64,1889.12
node_000990,bilibili,909587,1148.43,1711.65
node_000990,netease,909587,840.96,1531.48
node_000990,default,909587,750.17,1044.55
node_000991,kuaishou,699426,967.68,1072.96
node_000991,douyin,699426,828.29,1213.73
node_000991,tencent_video,699426,724.3,1586.12
node_000991,iqiyi,699426,705.76,1536.17
node_000991,bilibili,699426,878.85,1012.08
node_000991,netease,699426,633.63,917.12
node_000991,default,699426,542.57,635.02
node_000992,kuaishou,2223822,1339.2,1707.22
node_000992,douyin,2223822,1228.49,1933.22
node_000992,tencent_video,2223822,1193.03,2472.67
node_000992,iqiyi,2223822,1114.41,2391.14
node_000992,bilibili,2223822,1193.61,1616.83
node_000992,netease,2223822,912.8,1493.5
node_000992,default,2223822,682.99,951.47
node_000993,kuaishou,2455276,1063.01,1209.66
node_000993,douyin,2455276,983.66,1577.26
node_000993,tencent_video,2455276,942.1,1913.28
node_000993,iqiyi,2455276,839.41,1731.07
node_000993,bilibili,2455276,1018.79,1315.07
node_000993,netease,2455276,618.72,1175.45
node_000993,default,2455276,621.32,783.32
node_000994,kuaishou,1792821,1409.76,1939.63
node_000994,douyin,1792821,1280.01,2333.13
node_000994,tencent_video,1792821,1200.3,2398.28
node_000994,iqiyi,1792821,1078.4,2179.58
node_000994,bilibili,1792821,1256.93,1738.46
node_000994,netease,1792821,997.82,1634.4
node_000994,default,1792821,856.34,1123.56
node_000995,kuaishou,290924,985.68,1395.68
node_000995,douyin,290924,1057.61,1607.42
node_000995,tencent_video,290924,895.74,1551.73
node_000995,iqiyi,290924,805.2,1452.36
node_000995,bilibili,290924,892.93,1193.42
node_000995,netease,290924,693.22,1032.06
node_000995,default,290924,653.48,734.42
node_000996,kuaishou,1929989,1488.32,1750.98
node_000996,douyin,1929989,1291.06,2094.83
node_000996,tencent_video,1929989,1136.36,2244.77
node_000996,iqiyi,1929989,974.91,2048.28
node_000996,bilibili,1929989,1179.67,1695.75
node_000996,netease,1929989,864.65,1442.7
node_000996,default,1929989,776.93,1115.14
node_000997,kuaishou,965882,980.45,1218.33
node_000997,douyin,965882,885.21,1341.73
node_000997,tencent_video,965882,691.99,1808.81
node_000997,iqiyi,965882,617.48,1514.48
node_000997,bilibili,965882,772.16,1210.58
node_000997,netease,965882,545.63,1014.57
node_000997,default,965882,473.42,615.97
node_000998,kuaishou,1516685,1188.67,1364.98
node_000998,douyin,1516685,1008.21,1654.02
node_000998,tencent_video,1516685,984.86,2198.81
node_000998,iqiyi,1516685,861.35,1876.03
node_000998,bilibili,1516685,1013.24,1486.86
node_000998,netease,1516685,836.56,1106.99
node_000998,default,1516685,710.57,874.11
node_000999,kuaishou,342651,1163.31,1518.27
node_000999,douyin,342651,992.86,1633.05
node_000999,tencent_video,342651,989.3,1732.29
node_000999,iqiyi,342651,911.91,1514.13
node_000999,bilibili,342651,990.35,1336.85
node_000999,netease,342651,763.77,1195.88
node_000999,default,342651,685.21,817.17
node_001000,kuaishou,111648,895.89,851.26
node_001000,douyin,111648,804.34,1048.83
node_001000,tencent_video,111648,696.25,1230.44
node_001000,iqiyi,111648,584.04,1166.46
node_001000,bilibili,111648,684.17,884.62
node_001000,netease,111648,582.55,742.85
node_001000,default,111648,494.2,511.16
node_001001,kuaishou,1955495,1033.15,1176.2
node_001001,douyin,1955495,908.91,1287.57
node_001001,tencent_video,1955495,844.78,1431.76
node_001001,iqiyi,1955495,841.12,1247.6
node_001001,bilibili,1955495,902.53,1183.32
node_001001,netease,1955495,725.29,943.06
node_001001,default,1955495,632.82,688.71
node_001002,kuaishou,441115,610.14,672.84
node_001002,douyin,441115,614.11,762.48
node_001002,tencent_video,441115,518.22,903.92
node_001002,iqiyi,441115,462.16,728.11
node_001002,bilibili,441115,512.61,724.64
node_001002,netease,441115,395.06,538.08
node_001002,default,441115,366.66,405.23
node_001003,kuaishou,1491701,1042.16,957.11
node_001003,douyin,1491701,943.11,1192.68
node_001003,tencent_video,1491701,749.87,1578.77
node_001003,iqiyi,1491701,710.09,1525.66
node_001003,bilibili,1491701,851.66,947.46
node_001003,netease,1491701,602.53,865.41
node_001003,default,1491701,552.32,590.23
node_001004,kuaishou,739789,1323.2,1592.57
node_001004,douyin,739789,1292.66,2147.32
node_001004,tencent_video,739789,1098.17,2067.66
node_001004,iqiyi,739789,958.2,1857.45
node_001004,bilibili,739789,1150.13,1846.18
node_001004,netease,739789,923.09,1539.92
node_001004,default,739789,777.44,976.88
node_001005,kuaishou,1896245,1159.93,1597.51
node_001005,douyin,1896245,1189.36,1884.46
node_001005,tencent_video,1896245,981.79,1901.74
node_001005,iqiyi,1896245,957.47,1816.01
node_001005,bilibili,1896245,1040.28,1641.4
node_001005,netease,1896245,775.47,1411.05
node_001005,default,1896245,701.72,969.77
node_001006,kuaishou,2281363,879.35,1064.33
node_001006,douyin,2281363,794.88,1183.89
node_001006,tencent_video,2281363,704.74,1555.61
node_001006,iqiyi,2281363,559.8,1506.67
node_001006,bilibili,2281363,751.19,1055.12
node_001006,netease,2281363,559.54,863.25
node_001006,default,2281363,476.91,604.52
node_001007,kuaishou,1963179,1119.1,1392.87
node_001007,douyin,1963179,1018.7,1558.93
node_001007,tencent_video,1963179,865.0,1871.49
node_001007,iqiyi,1963179,855.89,1511.89
node_001007,bilibili,1963179,942.12,1291.98
node_001007,netease,1963179,772.8,1146.96
node_001007,default,1963179,668.46,760.97
node_001008,kuaishou,1739170,646.33,873.25
node_001008,douyin,1739170,633.46,980.09
node_001008,tencent_video,1739170,570.62,988.07
node_001008,iqiyi,1739170,525.91,906.35
node_001008,bilibili,1739170,597.7,931.08
node_001008,netease,1739170,475.69,740.13
node_001008,default,1739170,453.16,508.91
node_001009,kuaishou,1301101,809.4,902.62
node_001009,douyin,1301101,788.49,969.33
node_001009,tencent_video,1301101,645.55,1103.89
node_001009,iqiyi,1301101,578.7,856.34
node_001009,bilibili,1301101,727.42,895.55
node_001009,netease,1301101,529.8,732.01
node_001009,default,1301101,463.32,524.75
node_001010,kuaishou,1455105,1124.67,1445.19
node_001010,douyin,1455105,997.58,1510.9
node_001010,tencent_video,1455105,934.0,1830.47
node_001010,iqiyi,1455105,919.07,1506.59
node_001010,bilibili,1455105,957.0,1449.66
node_001010,netease,1455105,692.96,1184.45
node_001010,default,1455105,660.1,879.28
node_001011,kuaishou,33743,897.23,896.27
node_001011,douyin,33743,769.05,959.8
node_001011,tencent_video,33743,750.15,1131.77
node_001011,iqiyi,33743,629.8,976.0
node_001011,bilibili,33743,742.95,917.61
node_001011,netease,33743,580.93,811.48
node_001011,default,33743,492.43,576.61
node_001012,kuaishou,683133,974.47,824.58
node_001012,douyin,683133,815.99,994.58
node_001012,tencent_video,683133,649.3,954.64
node_001012,iqiyi,683133,662.78,967.85
node_001012,bilibili,683133,774.77,877.63
node_001012,netease,683133,557.85,727.96
node_001012,default,683133,467.67,517.45
node_001013,kuaishou,1360858,1254.07,1264.41
node_001013,douyin,1360858,1060.72,1512.45
node_001013,tencent_video,1360858,898.02,1546.94
node_001013,iqiyi,1360858,778.46,1384.91
node_001013,bilibili,1360858,895.0,1135.09
node_001013,netease,1360858,718.69,1086.79
node_001013,default,1360858,536.39,760.47
node_001014,kuaishou,1693820,903.82,1052.95
node_001014,douyin,1693820,877.18,1174.61
node_001014,tencent_video,1693820,846.01,1542.96
node_001014,iqiyi,1693820,651.13,1354.16
node_001014,bilibili,1693820,843.0,1011.49
node_001014,netease,1693820,631.38,920.69
node_001014,default,1693820,511.33,614.31
node_001015,kuaishou,2488355,1281.95,1415.82
node_001015,douyin,2488355,1228.15,1780.51
node_001015,tencent_video,2488355,932.57,1717.99
node_001015,iqiyi,2488355,826.04,1443.96
node_001015,bilibili,2488355,973.22,1430.2
node_001015,netease,2488355,786.8,1193.94
node_001015,default,2488355,654.15,810.01
node_001016,kuaishou,1364660,1258.34,1767.4
node_001016,douyin,1364660,1213.1,2033.64
node_001016,tencent_video,1364660,1040.79,2347.73
node_001016,iqiyi,1364660,993.72,2112.64
node_001016,bilibili,1364660,1194.5,1502.65
node_001016,netease,1364660,844.26,1385.21
node_001016,default,1364660,743.88,1022.03
node_001017,kuaishou,710179,832.35,839.98
node_001017,douyin,710179,719.79,905.29
node_001017,tencent_video,710179,580.58,1162.36
node_001017,iqiyi,710179,529.1,966.5
node_001017,bilibili,710179,630.66,838.64
node_001017,netease,710179,474.51,783.86
node_001017,default,710179,421.03,555.64
node_001018,kuaishou,2115502,836.76,839.06
node_001018,douyin,2115502,721.27,950.35
node_001018,tencent_video,2115502,713.3,1083.05
node_001018,iqiyi,2115502,622.04,942.62
node_001018,bilibili,2115502,665.03,849.86
node_001018,netease,2115502,567.31,703.38
node_001018,default,2115502,494.26,516.78
node_001019,kuaishou,944520,1101.14,1048.45
node_001019,douyin,944520,1023.62,1347.29
node_001019,tencent_video,944520,851.6,1593.22
node_001019,iqiyi,944520,781.74,1434.05
node_001019,bilibili,944520,856.19,1109.56
node_001019,netease,944520,670.0,975.3
node_001019,default,944520,593.74,748.4
node_001020,kuaishou,1092198,1496.13,1773.24
node_001020,douyin,1092198,1427.45,1977.77
node_001020,tencent_video,1092198,1132.9,2199.78
node_001020,iqiyi,1092198,1045.56,1974.96
node_001020,bilibili,1092198,1200.59,1862.15
node_001020,netease,1092198,922.77,1508.48
node_001020,default,1092198,703.65,1092.49
node_001021,kuaishou,72219,664.93,875.73
node_001021,douyin,72219,667.86,945.93
node_001021,tencent_video,72219,560.22,1272.34
node_001021,iqiyi,72219,524.95,1197.07
node_001021,bilibili,72219,608.91,878.88
node_001021,netease,72219,524.6,709.37
node_001021,default,72219,399.2,543.7
node_001022,kuaishou,1129313,1136.92,1209.71
node_001022,douyin,1129313,1061.35,1582.28
node_001022,tencent_video,1129313,889.18,1636.27
node_001022,iqiyi,1129313,870.08,1303.09
node_001022,bilibili,1129313,970.17,1386.02
node_001022,netease,1129313,719.86,1153.23
node_001022,default,1129313,635.95,757.59
node_001023,kuaishou,1966631,1370.44,1720.11
node_001023,douyin,1966631,1285.2,2197.68
node_001023,tencent_video,1966631,1267.12,2921.96
node_001023,iqiyi,1966631,975.18,2501.32
node_001023,bilibili,1966631,1213.29,1712.31
node_001023,netease,1966631,925.66,1692.6
node_001023,default,1966631,846.37,1034.95
node_001024,kuaishou,1154770,812.01,1092.58
node_001024,douyin,1154770,774.06,1280.22
node_001024,tencent_video,1154770,627.07,1560.04
node_001024,iqiyi,1154770,603.54,1376.02
node_001024,bilibili,1154770,771.04,1123.88
node_001024,netease,1154770,516.95,916.0
node_001024,default,1154770,505.97,632.48
node_001025,kuaishou,1011763,1398.99,1969.45
node_001025,douyin,1011763,1341.54,2107.07
node_001025,tencent_video,1011763,1130.42,2852.73
node_001025,iqiyi,1011763,1127.65,2304.08
node_001025,bilibili,1011763,1224.07,2047.31
node_001025,netease,1011763,891.34,1735.65
node_001025,default,1011763,784.26,1100.05
node_001026,kuaishou,294462,832.64,1130.29
node_001026,douyin,294462,733.88,1289.62
node_001026,tencent_video,294462,653.53,1783.27
node_001026,iqiyi,294462,593.36,1502.39
node_001026,bilibili,294462,691.99,1084.04
node_001026,netease,294462,545.6,1087.79
node_001026,default,294462,486.14,640.79
node_001027,kuaishou,798480,819.16,908.47
node_001027,douyin,798480,731.09,1054.88
node_001027,tencent_video,798480,618.14,1154.63
node_001027,iqiyi,798480,535.64,1043.19
node_001027,bilibili,798480,621.56,883.61
node_001027,netease,798480,514.33,722.09
node_001027,default,798480,384.04,516.17
node_001028,kuaishou,636106,791.0,1046.19
node_001028,douyin,636106,792.11,1114.25
node_001028,tencent_video,636106,665.72,1200.4
node_001028,iqiyi,636106,579.62,1027.65
node_001028,bilibili,636106,668.45,930.11
node_001028,netease,636106,490.77,796.68
node_001028,default,636106,421.33,573.12
node_001029,kuaishou,2536825,911.16,838.96
node_001029,douyin,2536825,792.96,1004.01
node_001029,tencent_video,2536825,688.07,1019.88
node_001029,iqiyi,2536825,649.01,898.19
node_001029,bilibili,2536825,672.06,923.37
node_001029,netease,2536825,601.24,717.1
node_001029,default,2536825,507.1,544.51
node_001030,kuaishou,524246,1107.15,1253.76
node_001030,douyin,524246,946.85,1221.05
node_001030,tencent_video,524246,837.58,1646.19
node_001030,iqiyi,524246,761.44,1440.81
node_001030,bilibili,524246,831.5,1015.58
node_001030,netease,524246,679.46,861.48
node_001030,default,524246,580.16,710.93
node_001031,kuaishou,598836,1499.84,1868.13
node_001031,douyin,598836,1303.0,2060.65
node_001031,tencent_video,598836,1168.3,2736.35
node_001031,iqiyi,598836,1041.4,2520.76
node_001031,bilibili,598836,1182.83,1812.84
node_001031,netease,598836,901.84,1532.45
node_001031,default,598836,815.79,1089.59
node_001032,kuaishou,303756,1057.95,1289.77
node_001032,douyin,303756,991.34,1379.62
node_001032,tencent_video,303756,825.42,1759.33
node_001032,iqiyi,303756,828.07,1641.5
node_001032,bilibili,303756,902.69,1308.77
node_001032,netease,303756,688.78,1072.64
node_001032,default,303756,614.14,791.26
node_001033,kuaishou,200116,1549.23,1791.86
node_001033,douyin,200116,1426.99,2233.9
node_001033,tencent_video,200116,1164.99,2963.32
node_001033,iqiyi,200116,992.6,2451.53
node_001033,bilibili,200116,1161.32,1737.05
node_001033,netease,200116,998.89,1460.77
node_001033,default,200116,701.27,1034.36
node_001034,kuaishou,2019373,937.72,1015.37
node_001034,douyin,2019373,874.5,1126.77
node_001034,tencent_video,2019373,733.03,1273.03
node_001034,iqiyi,2019373,710.17,1142.9
node_001034,bilibili,2019373,800.67,1009.44
node_001034,netease,2019373,599.28,865.54
node_001034,default,2019373,578.77,591.44
node_001035,kuaishou,734335,1407.81,1639.84
node_001035,douyin,734335,1179.96,2096.93
node_001035,tencent_video,734335,1107.66,2784.2
node_001035,iqiyi,734335,1023.34,2579.61
node_001035,bilibili,734335,1145.62,1827.43
node_001035,netease,734335,933.26,1596.37
node_001035,default,734335,813.76,974.37
node_001036,kuaishou,2471250,1229.42,1687.31
node_001036,douyin,2471250,1076.74,1648.56
node_001036,tencent_video,2471250,1010.05,1869.21
node_001036,iqiyi,2471250,797.42,1621.56
node_001036,bilibili,2471250,1079.36,1519.43
node_001036,netease,2471250,777.09,1298.01
node_001036,default,2471250,711.77,947.0
node_001037,kuaishou,225649,1058.05,1300.4
node_001037,douyin,225649,962.32,1420.98
node_001037,tencent_video,225649,821.24,1815.54
node_001037,iqiyi,225649,727.16,1719.01
node_001037,bilibili,225649,956.49,1253.48
node_001037,netease,225649,715.98,1114.39
node_001037,default,225649,616.06,806.13
node_001038,kuaishou,1906388,714.95,958.96
node_001038,douyin,1906388,708.64,1029.59
node_001038,tencent_video,1906388,551.46,1054.6
node_001038,iqiyi,1906388,558.59,1099.95
node_001038,bilibili,1906388,601.44,915.81
node_001038,netease,1906388,481.58,864.97
node_001038,default,1906388,477.29,568.9
node_001039,kuaishou,1306364,967.11,940.09
node_001039,douyin,1306364,741.8,1254.09
node_001039,tencent_video,1306364,697.62,1565.77
node_001039,iqiyi,1306364,603.86,1421.17
node_001039,bilibili,1306364,721.17,1014.95
node_001039,netease,1306364,551.6,860.86
node_001039,default,1306364,466.25,624.56
node_001040,kuaishou,2122605,624.9,795.79
node_001040,douyin,2122605,582.57,968.81
node_001040,tencent_video,2122605,556.12,934.82
node_001040,iqiyi,2122605,498.38,813.07
node_001040,bilibili,2122605,579.03,766.24
node_001040,netease,2122605,417.54,631.09
node_001040,default,2122605,427.51,467.12
node_001041,kuaishou,1418441,769.94,998.41
node_001041,douyin,1418441,697.95,1192.04
node_001041,tencent_video,1418441,727.25,1363.12
node_001041,iqiyi,1418441,646.15,1092.74
node_001041,bilibili,1418441,744.66,1034.04
node_001041,netease,1418441,549.35,888.94
node_001041,default,1418441,450.22,635.52
node_001042,kuaishou,404201,920.58,884.38
node_001042,douyin,404201,729.67,1074.49
node_001042,tencent_video,404201,607.41,1130.49
node_001042,iqiyi,404201,592.49,1006.1
node_001042,bilibili,404201,664.58,905.66
node_001042,netease,404201,469.24,719.23
node_001042,default,404201,423.01,464.69
node_001043,kuaishou,1830697,857.46,1128.3
node_001043,douyin,1830697,763.54,1320.85
node_001043,tencent_video,1830697,758.43,1763.79
node_001043,iqiyi,1830697,638.45,1581.17
node_001043,bilibili,1830697,747.17,1171.95
node_001043,netease,1830697,572.79,1005.35
node_001043,default,1830697,486.38,650.06
node_001044,kuaishou,275675,1015.57,929.74
node_001044,douyin,275675,887.56,990.25
node_001044,tencent_video,275675,686.63,1074.92
node_001044,iqiyi,275675,649.9,904.19
node_001044,bilibili,275675,711.79,847.37
node_001044,netease,275675,499.53,761.95
node_001044,default,275675,503.8,499.34
node_001045,kuaishou,2052817,1312.45,1508.86
node_001045,douyin,2052817,1253.32,1730.14
node_001045,tencent_video,2052817,1036.21,2397.3
node_001045,iqiyi,2052817,908.08,2192.81
node_001045,bilibili,2052817,1104.42,1537.9
node_001045,netease,2052817,875.3,1253.69
node_001045,default,2052817,696.48,958.52
node_001046,kuaishou,231695,876.47,1046.38
node_001046,douyin,231695,889.67,1219.32
node_001046,tencent_video,231695,633.84,1224.84
node_001046,iqiyi,231695,648.35,1076.42
node_001046,bilibili,231695,672.6,1051.53
node_001046,netease,231695,521.27,902.63
node_001046,default,231695,427.32,612.86
node_001047,kuaishou,1724628,973.9,1140.43
node_001047,douyin,1724628,868.83,1387.87
node_001047,tencent_video,1724628,822.37,1501.56
node_001047,iqiyi,1724628,791.81,1358.05
node_001047,bilibili,1724628,910.93,1243.97
node_001047,netease,1724628,732.91,1013.98
node_001047,default,1724628,609.28,686.93
node_001048,kuaishou,807227,752.55,810.58
node_001048,douyin,807227,615.57,1130.04
node_001048,tencent_video,807227,608.81,1240.2
node_001048,iqiyi,807227,495.01,1038.15
node_001048,bilibili,807227,613.48,889.5
node_001048,netease,807227,500.48,660.43
node_001048,default,807227,380.04,511.88
node_001049,kuaishou,2014430,1032.29,1199.15
node_001049,douyin,2014430,1051.35,1385.63
node_001049,tencent_video,2014430,881.34,1887.47
node_001049,iqiyi,2014430,832.72,1593.35
node_001049,bilibili,2014430,984.25,1224.24
node_001049,netease,2014430,709.16,1159.71
node_001049,default,2014430,595.26,783.74
node_001050,kuaishou,2295555,1136.93,1049.27
node_001050,douyin,2295555,1083.87,1276.14
node_001050,tencent_video,2295555,866.35,1759.28
node_001050,iqiyi,2295555,787.28,1474.85
node_001050,bilibili,2295555,853.66,1152.99
node_001050,netease,2295555,618.76,1052.39
node_001050,default,2295555,537.23,742.37
node_001051,kuaishou,2420486,744.91,834.71
node_001051,douyin,2420486,808.24,1040.23
node_001051,tencent_video,2420486,684.1,1382.09
node_001051,iqiyi,2420486,630.4,1159.2
node_001051,bilibili,2420486,688.83,832.93
node_001051,netease,2420486,592.79,768.68
node_001051,default,2420486,524.46,542.32
node_001052,kuaishou,223424,1137.4,1390.39
node_001052,douyin,223424,1042.56,1645.2
node_001052,tencent_video,223424,972.24,1714.11
node_001052,iqiyi,223424,812.41,1591.59
node_001052,bilibili,223424,842.86,1436.04
node_001052,netease,223424,743.0,1274.66
node_001052,default,223424,718.1,912.36
node_001053,kuaishou,794851,801.91,809.9
node_001053,douyin,794851,810.13,1021.24
node_001053,tencent_video,794851,720.72,1347.06
node_001053,iqiyi,794851,645.41,1161.73
node_001053,bilibili,794851,728.25,891.1
node_001053,netease,794851,571.93,777.36
node_001053,default,794851,559.44,582.28
node_001054,kuaishou,1575597,634.5,699.93
node_001054,douyin,1575597,587.21,802.6
node_001054,tencent_video,1575597,519.95,1024.79
node_001054,iqiyi,1575597,455.96,952.21
node_001054,bilibili,1575597,584.83,753.8
node_001054,netease,1575597,435.41,625.39
node_001054,default,1575597,384.39,422.72
node_001055,kuaishou,491507,764.24,989.36
node_001055,douyin,491507,756.6,1246.01
node_001055,tencent_video,491507,626.32,1245.92
node_001055,iqiyi,491507,550.37,1147.05
node_001055,bilibili,491507,691.82,1076.68
node_001055,netease,491507,541.42,907.3
node_001055,default,491507,426.61,602.02
node_001056,kuaishou,360523,746.61,1122.53
node_001056,douyin,360523,708.67,1214.31
node_001056,tencent_video,360523,671.24,1281.31
node_001056,iqiyi,360523,576.14,1130.86
node_001056,bilibili,360523,663.35,1150.17
node_001056,netease,360523,519.61,941.9
node_001056,default,360523,489.79,639.86
node_001057,kuaishou,233610,616.37,725.21
node_001057,douyin,233610,539.13,841.84
node_001057,tencent_video,233610,525.1,1228.11
node_001057,iqiyi,233610,470.81,1013.66
node_001057,bilibili,233610,504.84,756.12
node_001057,netease,233610,420.5,619.76
node_001057,default,233610,368.98,468.48
node_001058,kuaishou,1533799,784.17,1066.81
node_001058,douyin,1533799,728.59,1338.84
node_001058,tencent_video,1533799,694.58,1725.39
node_001058,iqiyi,1533799,701.52,1431.63
node_001058,bilibili,1533799,768.64,1044.19
node_001058,netease,1533799,578.9,882.59
node_001058,default,1533799,476.19,666.65
node_001059,kuaishou,1331166,931.25,1032.82
node_001059,douyin,1331166,799.69,1136.87
node_001059,tencent_video,1331166,791.1,1227.38
node_001059,iqiyi,1331166,666.99,1026.74
node_001059,bilibili,1331166,792.7,1026.74
node_001059,netease,1331166,545.08,812.01
node_001059,default,1331166,491.6,629.46
node_001060,kuaishou,59639,1453.71,1864.36
node_001060,douyin,59639,1258.16,1893.82
node_001060,tencent_video,59639,1128.59,2184.71
node_001060,iqiyi,59639,968.41,1996.84
node_001060,bilibili,59639,1170.73,1784.82
node_001060,netease,59639,950.44,1573.47
node_001060,default,59639,782.11,1062.54
node_001061,kuaishou,1966832,708.66,835.8
node_001061,douyin,1966832,635.27,990.16
node_001061,tencent_video,1966832,601.58,991.27
node_001061,iqiyi,1966832,505.59,1015.65
node_001061,bilibili,1966832,609.25,918.59
node_001061,netease,1966832,532.61,707.54
node_001061,default,1966832,381.23,505.24
node_001062,kuaishou,653929,657.46,674.3
node_001062,douyin,653929,562.3,867.42
node_001062,tencent_video,653929,540.69,928.19
node_001062,iqiyi,653929,522.33,883.0
node_001062,bilibili,653929,538.28,804.21
node_001062,netease,653929,462.06,628.75
node_001062,default,653929,372.41,445.46
node_001063,kuaishou,370269,1196.66,1378.32
node_001063,douyin,370269,1157.52,1527.52
node_001063,tencent_video,370269,952.59,1718.09
node_001063,iqiyi,370269,758.23,1372.11
node_001063,bilibili,370269,940.5,1342.33
node_001063,netease,370269,774.35,1124.67
node_001063,default,370269,688.31,763.35
node_001064,kuaishou,2380312,1518.96,1823.38
node_001064,douyin,2380312,1327.85,2341.11
node_001064,tencent_video,2380312,1163.41,2264.64
node_001064,iqiyi,2380312,1072.75,2115.97
node_001064,bilibili,2380312,1195.18,1772.15
node_001064,netease,2380312,990.73,1522.78
node_001064,default,2380312,845.99,1103.97
node_001065,kuaishou,1193488,1485.3,1873.41
node_001065,douyin,1193488,1224.24,2128.89
node_001065,tencent_video,1193488,1118.11,2352.91
node_001065,iqiyi,1193488,1035.8,2010.47
node_001065,bilibili,1193488,1253.95,2023.95
node_001065,netease,1193488,948.94,1701.59
node_001065,default,1193488,881.42,1092.49
node_001066,kuaishou,735650,862.86,867.31
node_001066,douyin,735650,746.44,1074.72
node_001066,tencent_video,735650,684.43,1112.01
node_001066,iqiyi,735650,619.84,997.87
node_001066,bilibili,735650,768.48,921.67
node_001066,netease,735650,543.51,797.46
node_001066,default,735650,464.62,511.12
node_001067,kuaishou,218519,945.99,1114.41
node_001067,douyin,218519,942.38,1283.23
node_001067,tencent_video,218519,732.72,1497.15
node_001067,iqiyi,218519,608.67,1489.04
node_001067,bilibili,218519,765.45,1148.69
node_001067,netease,218519,571.99,990.08
node_001067,default,218519,495.62,592.55
node_001068,kuaishou,164012,774.96,871.9
node_001068,douyin,164012,781.78,994.97
node_001068,tencent_video,164012,588.92,1144.72
node_001068,iqiyi,164012,552.52,950.71
node_001068,bilibili,164012,640.1,930.23
node_001068,netease,164012,453.45,783.56
node_001068,default,164012,408.56,550.62
node_001069,kuaishou,702609,1075.59,1111.96
node_001069,douyin,702609,1022.14,1315.52
node_001069,tencent_video,702609,778.81,1545.87
node_001069,iqiyi,702609,726.66,1235.73
node_001069,bilibili,702609,823.55,1067.44
node_001069,netease,702609,645.14,956.57
node_001069,default,702609,565.62,730.1
node_001070,kuaishou,1019386,672.44,696.81
node_001070,douyin,1019386,649.1,768.2
node_001070,tencent_video,1019386,494.64,875.11
node_001070,iqiyi,1019386,433.7,738.84
node_001070,bilibili,1019386,547.44,691.76
node_001070,netease,1019386,396.56,562.12
node_001070,default,1019386,337.46,412.81
node_001071,kuaishou,310061,1281.77,1262.77
node_001071,douyin,310061,1199.55,1525.78
node_001071,tencent_video,310061,971.84,2031.79
node_001071,iqiyi,310061,794.49,1977.67
node_001071,bilibili,310061,986.87,1271.58
node_001071,netease,310061,739.1,1146.5
node_001071,default,310061,659.11,804.01
node_001072,kuaishou,338221,668.11,725.89
node_001072,douyin,338221,665.77,992.43
node_001072,tencent_video,338221,515.09,1064.09
node_001072,iqiyi,338221,505.81,887.58
node_001072,bilibili,338221,604.88,743.99
node_001072,netease,338221,449.53,695.51
node_001072,default,338221,395.14,455.57
node_001073,kuaishou,434515,1345.82,1777.41
node_001073,douyin,434515,1240.87,1879.37
node_001073,tencent_video,434515,1052.44,2127.2
node_001073,iqiyi,434515,1037.62,1920.22
node_001073,bilibili,434515,1143.31,1843.93
node_001073,netease,434515,792.95,1371.68
node_001073,default,434515,674.03,1097.87
node_001074,kuaishou,401723,787.08,1152.28
node_001074,douyin,401723,793.04,1332.87
node_001074,tencent_video,401723,699.68,1406.65
node_001074,iqiyi,401723,691.64,1267.36
node_001074,bilibili,401723,840.95,1186.77
node_001074,netease,401723,562.83,1009.95
node_001074,default,401723,502.44,740.29
node_001075,kuaishou,1174705,1427.12,1775.67
node_001075,douyin,1174705,1146.99,1990.84
node_001075,tencent_video,1174705,1146.86,2877.92
node_001075,iqiyi,1174705,905.99,2365.9
node_001075,bilibili,1174705,1116.98,1805.24
node_001075,netease,1174705,918.88,1479.02
node_001075,default,1174705,805.73,1116.54
node_001076,kuaishou,803338,1386.03,1598.25
node_001076,douyin,803338,1158.25,1750.71
node_001076,tencent_video,803338,1010.3,1902.01
node_001076,iqiyi,803338,949.37,1738.66
node_001076,bilibili,803338,1120.91,1536.29
node_001076,netease,803338,831.38,1301.64
node_001076,default,803338,740.48,886.06
node_001077,kuaishou,641033,1166.73,1271.98
node_001077,douyin,641033,1119.54,1377.54
node_001077,tencent_video,641033,822.43,1405.38
node_001077,iqiyi,641033,786.79,1355.01
node_001077,bilibili,641033,914.85,1291.86
node_001077,netease,641033,666.29,1020.68
node_001077,default,641033,552.5,721.61
node_001078,kuaishou,1096227,667.9,951.79
node_001078,douyin,1096227,689.2,992.34
node_001078,tencent_video,1096227,581.3,1190.13
node_001078,iqiyi,1096227,541.36,1073.13
node_001078,bilibili,1096227,651.25,926.8
node_001078,netease,1096227,484.44,797.06
node_001078,default,1096227,444.69,569.32
node_001079,kuaishou,1852873,952.93,998.4
node_001079,douyin,1852873,811.59,1101.83
node_001079,tencent_video,1852873,654.64,1222.38
node_001079,iqiyi,1852873,612.66,1039.38
node_001079,bilibili,1852873,655.68,957.86
node_001079,netease,1852873,558.01,831.44
node_001079,default,1852873,434.98,530.58
node_001080,kuaishou,2550082,1454.16,1586.12
node_001080,douyin,2550082,1206.03,1570.09
node_001080,tencent_video,2550082,1056.74,1698.94
node_001080,iqiyi,2550082,826.39,1491.82
node_001080,bilibili,2550082,1009.72,1286.32
node_001080,netease,2550082,718.91,1176.03
node_001080,default,2550082,637.08,902.31
node_001081,kuaishou,164321,800.93,1174.75
node_001081,douyin,164321,786.7,1235.58
node_001081,tencent_video,164321,721.57,1454.82
node_001081,iqiyi,164321,647.38,1277.43
node_001081,bilibili,164321,723.59,1186.93
node_001081,netease,164321,550.3,927.25
node_001081,default,164321,515.48,724.08
node_001082,kuaishou,777097,823.07,1075.09
node_001082,douyin,777097,827.47,1172.61
node_001082,tencent_video,777097,640.52,1308.88
node_001082,iqiyi,777097,658.55,1137.22
node_001082,bilibili,777097,721.99,1121.54
node_001082,netease,777097,559.48,950.92
node_001082,default,777097,504.6,648.57
node_001083,kuaishou,1986893,1018.16,1182.87
node_001083,douyin,1986893,966.77,1402.07
node_001083,tencent_video,1986893,818.02,1633.21
node_001083,iqiyi,1986893,708.11,1531.29
node_001083,bilibili,1986893,868.57,1157.51
node_001083,netease,1986893,639.02,1041.16
node_001083,default,1986893,532.21,665.42
node_001084,kuaishou,557948,1066.18,1359.99
node_001084,douyin,557948,1054.27,1703.81
node_001084,tencent_video,557948,1002.06,2307.29
node_001084,iqiyi,557948,868.13,1799.87
node_001084,bilibili,557948,985.65,1384.39
node_001084,netease,557948,738.02,1206.13
node_001084,default,557948,673.37,786.36
node_001085,kuaishou,2056593,678.04,722.65
node_001085,douyin,2056593,582.51,940.57
node_001085,tencent_video,2056593,539.8,1020.27
node_001085,iqiyi,2056593,468.48,909.96
node_001085,bilibili,2056593,531.1,845.48
node_001085,netease,2056593,431.52,725.83
node_001085,default,2056593,370.52,521.71
node_001086,kuaishou,1115964,1212.61,1459.44
node_001086,douyin,1115964,1116.35,1735.21
node_001086,tencent_video,1115964,1077.05,1842.73
node_001086,iqiyi,1115964,879.84,1606.31
node_001086,bilibili,1115964,1156.3,1464.52
node_001086,netease,1115964,856.85,1219.84
node_001086,default,1115964,721.92,919.8
node_001087,kuaishou,1618006,1628.41,2030.66
node_001087,douyin,1618006,1301.69,2020.2
node_001087,tencent_video,1618006,1150.98,2461.88
node_001087,iqiyi,1618006,990.66,2070.46
node_001087,bilibili,1618006,1188.13,2066.55
node_001087,netease,1618006,923.33,1581.63
node_001087,default,1618006,805.5,1074.19
node_001088,kuaishou,2458740,741.3,896.94
node_001088,douyin,2458740,663.62,958.67
node_001088,tencent_video,2458740,557.9,1113.24
node_001088,iqiyi,2458740,552.25,1013.48
node_001088,bilibili,2458740,616.76,929.45
node_001088,netease,2458740,512.6,758.27
node_001088,default,2458740,425.26,532.05
node_001089,kuaishou,742128,1639.45,1501.14
node_001089,douyin,742128,1552.85,2008.63
node_001089,tencent_video,742128,1143.47,1952.64
node_001089,iqiyi,742128,972.72,1959.49
node_001089,bilibili,742128,1080.99,1463.87
node_001089,netease,742128,889.69,1450.7
node_001089,default,742128,820.81,1018.37
node_001090,kuaishou,1760928,1382.21,1703.74
node_001090,douyin,1760928,1130.55,2051.74
node_001090,tencent_video,1760928,1188.86,2762.32
node_001090,iqiyi,1760928,1032.77,2376.55
node_001090,bilibili,1760928,1208.89,1711.53
node_001090,netease,1760928,942.42,1595.67
node_001090,default,1760928,779.56,1104.24
node_001091,kuaishou,273730,859.49,944.76
node_001091,douyin,273730,786.66,1051.04
node_001091,tencent_video,273730,606.77,1106.1
node_001091,iqiyi,273730,499.66,1025.97
node_001091,bilibili,273730,623.46,988.32
node_001091,netease,273730,439.57,808.64
node_001091,default,273730,477.52,557.47
node_001092,kuaishou,2188342,1184.29,1431.57
node_001092,douyin,2188342,1163.09,1711.79
node_001092,tencent_video,2188342,970.89,2166.73
node_001092,iqiyi,2188342,881.51,2173.26
node_001092,bilibili,2188342,967.87,1549.81
node_001092,netease,2188342,811.83,1345.89
node_001092,default,2188342,712.46,882.27
node_001093,kuaishou,117174,819.84,841.4
node_001093,douyin,117174,784.34,978.57
node_001093,tencent_video,117174,650.62,1252.61
node_001093,iqiyi,117174,607.95,1139.09
node_001093,bilibili,117174,739.31,877.03
node_001093,netease,117174,566.59,768.49
node_001093,default,117174,504.77,479.9
node_001094,kuaishou,1996946,1253.84,1240.31
node_001094,douyin,1996946,1200.07,1555.89
node_001094,tencent_video,1996946,838.14,1875.41
node_001094,iqiyi,1996946,830.86,1694.84
node_001094,bilibili,1996946,913.14,1263.36
node_001094,netease,1996946,653.98,1059.33
node_001094,default,1996946,576.06,767.49
node_001095,kuaishou,2044100,748.99,847.28
node_001095,douyin,2044100,708.98,891.66
node_001095,tencent_video,2044100,558.49,1194.65
node_001095,iqiyi,2044100,537.44,1061.74
node_001095,bilibili,2044100,545.67,826.25
node_001095,netease,2044100,486.52,726.23
node_001095,default,2044100,369.25,477.19
node_001096,kuaishou,1295269,1011.11,1297.89
node_001096,douyin,1295269,987.57,1512.22
node_001096,tencent_video,1295269,857.98,1475.55
node_001096,iqiyi,1295269,785.9,1372.63
node_001096,bilibili,1295269,947.5,1153.4
node_001096,netease,1295269,731.53,1022.58
node_001096,default,1295269,604.89,799.95
node_001097,kuaishou,855846,828.96,1068.31
node_001097,douyin,855846,785.02,1387.63
node_001097,tencent_video,855846,649.18,1382.78
node_001097,iqiyi,855846,617.73,1298.7
node_001097,bilibili,855846,759.86,1115.0
node_001097,netease,855846,577.58,929.53
node_001097,default,855846,490.2,651.96
node_001098,kuaishou,1383646,696.39,934.6
node_001098,douyin,1383646,688.86,975.13
node_001098,tencent_video,1383646,574.69,1370.24
node_001098,iqiyi,1383646,524.6,1240.43
node_001098,bilibili,1383646,653.49,931.96
node_001098,netease,1383646,506.97,773.73
node_001098,default,1383646,430.74,534.39
node_001099,kuaishou,1714365,1126.41,1288.25
node_001099,douyin,1714365,948.74,1487.36
node_001099,tencent_video,1714365,847.44,1688.22
node_001099,iqiyi,1714365,872.0,1574.85
node_001099,bilibili,1714365,908.17,1389.26
node_001099,netease,1714365,734.89,1000.06
node_001099,default,1714365,629.68,784.21
node_001100,kuaishou,995883,884.79,1115.69
node_001100,douyin,995883,728.03,1236.88
node_001100,tencent_video,995883,758.57,1437.41
node_001100,iqiyi,995883,581.33,1307.75
node_001100,bilibili,995883,676.25,1094.13
node_001100,netease,995883,568.09,1092.33
node_001100,default,995883,515.26,668.25
node_001101,kuaishou,2188171,1188.45,1388.75
node_001101,douyin,2188171,1133.15,1641.69
node_001101,tencent_video,2188171,894.6,1985.01
node_001101,iqiyi,2188171,906.48,1854.78
node_001101,bilibili,2188171,998.31,1447.45
node_001101,netease,2188171,799.94,1179.13
node_001101,default,2188171,654.31,833.45
node_001102,kuaishou,570950,1105.44,1176.57
node_001102,douyin,570950,927.96,1260.53
node_001102,tencent_video,570950,911.64,1817.14
node_001102,iqiyi,570950,712.23,1688.67
node_001102,bilibili,570950,897.76,1193.86
node_001102,netease,570950,643.11,1051.01
node_001102,default,570950,624.05,722.33
node_001103,kuaishou,2432884,1051.18,1185.06
node_001103,douyin,2432884,908.25,1333.47
node_001103,tencent_video,2432884,851.9,1530.09
node_001103,iqiyi,2432884,786.14,1231.89
node_001103,bilibili,2432884,933.5,1075.82
node_001103,netease,2432884,673.26,941.22
node_001103,default,2432884,573.04,772.5
node_001104,kuaishou,2019652,1193.81,1182.51
node_001104,douyin,2019652,1067.15,1341.8
node_001104,tencent_video,2019652,857.96,1711.25
node_001104,iqiyi,2019652,735.5,1569.05
node_001104,bilibili,2019652,897.77,1026.87
node_001104,netease,2019652,646.34,950.79
node_001104,default,2019652,583.97,729.07
node_001105,kuaishou,1390474,882.43,996.05
node_001105,douyin,1390474,846.71,1170.18
node_001105,tencent_video,1390474,755.96,1448.37
node_001105,iqiyi,1390474,769.01,1336.47
node_001105,bilibili,1390474,816.32,969.35
node_001105,netease,1390474,604.8,853.08
node_001105,default,1390474,474.11,575.38
node_001106,kuaishou,1882344,1194.3,1391.8
node_001106,douyin,1882344,1257.88,1531.17
node_001106,tencent_video,1882344,934.91,1676.91
node_001106,iqiyi,1882344,811.84,1522.32
node_001106,bilibili,1882344,945.49,1315.52
node_001106,netease,1882344,684.76,1169.05
node_001106,default,1882344,686.73,851.65
node_001107,kuaishou,287917,1125.01,1310.75
node_001107,douyin,287917,1040.03,1600.99
node_001107,tencent_video,287917,945.07,1676.34
node_001107,iqiyi,287917,828.61,1537.08
node_001107,bilibili,287917,983.14,1294.53
node_001107,netease,287917,683.44,1132.83
node_001107,default,287917,615.03,789.75
node_001108,kuaishou,2376070,698.01,853.22
node_001108,douyin,2376070,713.25,910.27
node_001108,tencent_video,2376070,587.87,1121.93
node_001108,iqiyi,2376070,573.35,958.52
node_001108,bilibili,2376070,708.05,922.84
node_001108,netease,2376070,419.77,700.8
node_001108,default,2376070,421.54,502.95
node_001109,kuaishou,841493,1044.01,1418.26
node_001109,douyin,841493,1004.25,1466.68
node_001109,tencent_video,841493,1025.03,1978.33
node_001109,iqiyi,841493,780.15,1847.44
node_001109,bilibili,841493,979.16,1482.45
node_001109,netease,841493,734.33,1151.22
node_001109,default,841493,665.98,836.2
node_001110,kuaishou,611849,727.77,1078.13
node_001110,douyin,611849,665.91,1067.75
node_001110,tencent_video,611849,644.69,1229.59
node_001110,iqiyi,611849,567.0,1101.98
node_001110,bilibili,611849,667.46,1061.83
node_001110,netease,611849,500.86,783.11
node_001110,default,611849,427.3,591.06
node_001111,kuaishou,785914,1084.3,1244.56
node_001111,douyin,785914,1011.89,1390.72
node_001111,tencent_video,785914,900.69,1647.96
node_001111,iqiyi,785914,827.0,1357.63
node_001111,bilibili,785914,936.14,1282.95
node_001111,netease,785914,731.76,1090.11
node_001111,default,785914,628.39,711.09
node_001112,kuaishou,2265764,1481.91,1861.14
node_001112,douyin,2265764,1393.4,2112.21
node_001112,tencent_video,2265764,1158.2,2200.17
node_001112,iqiyi,2265764,1022.69,1915.89
node_001112,bilibili,2265764,1120.4,1743.29
node_001112,netease,2265764,929.06,1516.13
node_001112,default,2265764,789.25,1133.91
node_001113,kuaishou,1019034,701.28,842.66
node_001113,douyin,1019034,652.05,976.69
node_001113,tencent_video,1019034,583.04,1255.11
node_001113,iqiyi,1019034,508.11,1173.98
node_001113,bilibili,1019034,546.32,867.46
node_001113,netease,1019034,450.23,651.51
node_001113,default,1019034,383.9,507.4
node_001114,kuaishou,828683,781.61,1166.44
node_001114,douyin,828683,743.26,1395.21
node_001114,tencent_video,828683,641.47,1765.85
node_001114,iqiyi,828683,597.91,1503.41
node_001114,bilibili,828683,708.91,1098.18
node_001114,netease,828683,564.54,899.62
node_001114,default,828683,498.9,646.41
node_001115,kuaishou,968339,1131.4,1207.14
node_001115,douyin,968339,1121.99,1373.19
node_001115,tencent_video,968339,830.76,1760.9
node_001115,iqiyi,968339,816.22,1564.57
node_001115,bilibili,968339,824.45,1121.25
node_001115,netease,968339,655.37,946.88
node_001115,default,968339,530.84,760.24
node_001116,kuaishou,546958,1259.19,1750.83
node_001116,douyin,546958,1195.62,2182.09
node_001116,tencent_video,546958,1219.38,3013.32
node_001116,iqiyi,546958,962.96,2547.27
node_001116,bilibili,546958,1185.83,2145.29
node_001116,netease,546958,996.64,1726.33
node_001116,default,546958,848.37,1144.46
node_001117,kuaishou,616079,942.95,1062.25
node_001117,douyin,616079,870.44,1171.99
node_001117,tencent_video,616079,646.63,1593.6
node_001117,iqiyi,616079,547.2,1288.82
node_001117,bilibili,616079,733.73,944.74
node_001117,netease,616079,514.1,875.42
node_001117,default,616079,452.47,633.46
node_001118,kuaishou,1154504,1018.83,980.3
node_001118,douyin,1154504,953.98,1191.06
node_001118,tencent_video,1154504,806.69,1463.25
node_001118,iqiyi,1154504,702.18,1326.91
node_001118,bilibili,1154504,774.87,891.0
node_001118,netease,1154504,621.1,852.67
node_001118,default,1154504,527.2,555.54
node_001119,kuaishou,1375806,689.97,805.44
node_001119,douyin,1375806,658.27,1000.12
node_001119,tencent_video,1375806,587.19,1199.88
node_001119,iqiyi,1375806,479.69,1106.04
node_001119,bilibili,1375806,627.4,878.13
node_001119,netease,1375806,470.13,693.53
node_001119,default,1375806,383.62,500.41
node_001120,kuaishou,2590696,1185.36,1269.34
node_001120,douyin,2590696,1132.72,1486.34
node_001120,tencent_video,2590696,938.2,1630.51
node_001120,iqiyi,2590696,844.17,1398.57
node_001120,bilibili,2590696,973.38,1302.62
node_001120,netease,2590696,677.46,1129.51
node_001120,default,2590696,640.06,750.71
node_001121,kuaishou,2469521,1120.11,1396.49
node_001121,douyin,2469521,913.93,1493.21
node_001121,tencent_video,2469521,979.31,1512.49
node_001121,iqiyi,2469521,798.2,1386.99
node_001121,bilibili,2469521,985.9,1366.64
node_001121,netease,2469521,719.42,1098.11
node_001121,default,2469521,570.75,828.95
node_001122,kuaishou,916135,848.93,1216.22
node_001122,douyin,916135,748.8,1279.3
node_001122,tencent_video,916135,681.4,1453.17
node_001122,iqiyi,916135,686.46,1303.78
node_001122,bilibili,916135,666.93,1191.11
node_001122,netease,916135,557.6,1005.61
node_001122,default,916135,495.2,662.43
node_001123,kuaishou,2400869,1565.38,1835.47
node_001123,douyin,2400869,1556.41,2095.22
node_001123,tencent_video,2400869,1229.99,2451.04
node_001123,iqiyi,2400869,1125.74,2201.47
node_001123,bilibili,2400869,1270.37,1760.77
node_001123,netease,2400869,971.08,1624.6
node_001123,default,2400869,809.16,1217.85
node_001124,kuaishou,2407748,1416.03,1526.39
node_001124,douyin,2407748,1388.45,1873.77
node_001124,tencent_video,2407748,1080.32,2685.89
node_001124,iqiyi,2407748,976.56,2388.82
node_001124,bilibili,2407748,1131.39,1767.42
node_001124,netease,2407748,841.28,1438.0
node_001124,default,2407748,721.53,968.52
node_001125,kuaishou,961588,1566.57,1936.1
node_001125,douyin,961588,1288.1,2275.97
node_001125,tencent_video,961588,1177.8,2204.84
node_001125,iqiyi,961588,1116.75,2100.29
node_001125,bilibili,961588,1159.77,1882.9
node_001125,netease,961588,943.51,1643.17
node_001125,default,961588,835.39,1238.55
node_001126,kuaishou,777275,1167.56,1383.82
node_001126,douyin,777275,1181.82,1549.9
node_001126,tencent_video,777275,924.86,1797.58
node_001126,iqiyi,777275,872.69,1552.97
node_001126,bilibili,777275,977.9,1504.6
node_001126,netease,777275,722.66,1055.72
node_001126,default,777275,636.7,813.06
node_001127,kuaishou,948582,597.38,727.52
node_001127,douyin,948582,656.66,924.48
node_001127,tencent_video,948582,549.35,829.95
node_001127,iqiyi,948582,504.09,779.12
node_001127,bilibili,948582,587.86,705.09
node_001127,netease,948582,430.36,601.89
node_001127,default,948582,360.91,452.57
node_001128,kuaishou,2437795,1288.53,1824.87
node_001128,douyin,2437795,1240.93,2110.76
node_001128,tencent_video,2437795,1152.73,2806.88
node_001128,iqiyi,2437795,997.99,2284.72
node_001128,bilibili,2437795,1197.97,1792.24
node_001128,netease,2437795,917.12,1473.24
node_001128,default,2437795,817.9,1014.78
node_001129,kuaishou,1963456,1211.74,1468.02
node_001129,douyin,1963456,1088.33,1525.49
node_001129,tencent_video,1963456,908.62,1798.25
node_001129,iqiyi,1963456,914.3,1443.99
node_001129,bilibili,1963456,1060.34,1251.18
node_001129,netease,1963456,773.58,1170.36
node_001129,default,1963456,657.16,831.75
node_001130,kuaishou,2533671,1053.48,1178.93
node_001130,douyin,2533671,898.06,1351.08
node_001130,tencent_video,2533671,867.07,1367.45
node_001130,iqiyi,2533671,733.68,1173.04
node_001130,bilibili,2533671,849.17,1216.0
node_001130,netease,2533671,686.3,965.99
node_001130,default,2533671,493.06,655.1
node_001131,kuaishou,1178460,1075.04,1191.46
node_001131,douyin,1178460,1099.51,1478.89
node_001131,tencent_video,1178460,959.02,1945.65
node_001131,iqiyi,1178460,849.47,1768.25
node_001131,bilibili,1178460,1011.81,1328.47
node_001131,netease,1178460,710.13,1156.06
node_001131,default,1178460,630.12,727.97
node_001132,kuaishou,1656068,1320.25,1367.48
node_001132,douyin,1656068,1219.83,1610.06
node_001132,tencent_video,1656068,950.29,1860.3
node_001132,iqiyi,1656068,886.33,1607.42
node_001132,bilibili,1656068,1030.37,1490.31
node_001132,netease,1656068,822.65,1191.42
node_001132,default,1656068,703.44,797.94
node_001133,kuaishou,2362178,655.5,770.26
node_001133,douyin,2362178,646.76,960.01
node_001133,tencent_video,2362178,542.13,1241.12
node_001133,iqiyi,2362178,493.89,1038.24
node_001133,bilibili,2362178,581.9,825.78
node_001133,netease,2362178,424.63,697.12
node_001133,default,2362178,437.47,484.42
node_001134,kuaishou,1429642,714.61,942.18
node_001134,douyin,1429642,675.9,1079.74
node_001134,tencent_video,1429642,581.08,1132.43
node_001134,iqiyi,1429642,582.91,993.87
node_001134,bilibili,1429642,558.19,921.3
node_001134,netease,1429642,549.15,822.54
node_001134,default,1429642,416.28,555.57
node_001135,kuaishou,2568133,1377.41,1787.05
node_001135,douyin,2568133,1262.16,2070.78
node_001135,tencent_video,2568133,1117.29,2146.89
node_001135,iqiyi,2568133,985.02,1869.97
node_001135,bilibili,2568133,1138.75,1582.47
node_001135,netease,2568133,831.59,1466.94
node_001135,default,2568133,687.88,939.21
node_001136,kuaishou,1901051,932.16,1013.88
node_001136,douyin,1901051,814.1,1204.95
node_001136,tencent_video,1901051,620.3,1587.34
node_001136,iqiyi,1901051,579.05,1406.38
node_001136,bilibili,1901051,711.48,1007.63
node_001136,netease,1901051,474.91,871.79
node_001136,default,1901051,429.51,625.52
node_001137,kuaishou,758058,953.94,1120.07
node_001137,douyin,758058,907.23,1113.47
node_001137,tencent_video,758058,815.03,1360.56
node_001137,iqiyi,758058,704.7,1268.29
node_001137,bilibili,758058,892.6,1110.09
node_001137,netease,758058,608.29,848.92
node_001137,default,758058,567.76,680.55
node_001138,kuaishou,229177,1271.93,1498.87
node_001138,douyin,229177,1115.01,1663.13
node_001138,tencent_video,229177,972.04,1848.25
node_001138,iqiyi,229177,922.28,1495.01
node_001138,bilibili,229177,1027.32,1319.93
node_001138,netease,229177,710.3,1169.4
node_001138,default,229177,681.16,921.31
node_001139,kuaishou,2310775,1211.6,1551.86
node_001139,douyin,2310775,1106.99,1693.45
node_001139,tencent_video,2310775,1071.5,2001.87
node_001139,iqiyi,2310775,1011.22,1749.05
node_001139,bilibili,2310775,1056.07,1512.3
node_001139,netease,2310775,823.71,1363.7
node_001139,default,2310775,710.24,867.86
node_001140,kuaishou,1145489,853.57,957.91
node_001140,douyin,1145489,823.5,984.23
node_001140,tencent_video,1145489,699.73,1009.2
node_001140,iqiyi,1145489,639.17,1027.31
node_001140,bilibili,1145489,799.91,825.82
node_001140,netease,1145489,534.33,776.35
node_001140,default,1145489,454.43,548.78
node_001141,kuaishou,2514923,1582.57,1601.95
node_001141,douyin,2514923,1328.6,1844.1
node_001141,tencent_video,2514923,1157.4,1884.02
node_001141,iqiyi,2514923,1028.62,1798.29
node_001141,bilibili,2514923,1123.54,1637.85
node_001141,netease,2514923,869.4,1364.61
node_001141,default,2514923,791.5,1054.67
node_001142,kuaishou,1071979,1145.84,1376.58
node_001142,douyin,1071979,971.67,1516.21
node_001142,tencent_video,1071979,888.64,2011.33
node_001142,iqiyi,1071979,900.63,1846.93
node_001142,bilibili,1071979,914.0,1341.11
node_001142,netease,1071979,758.87,1198.74
node_001142,default,1071979,634.99,765.34
node_001143,kuaishou,1133580,1169.68,1403.94
node_001143,douyin,1133580,982.38,1676.47
node_001143,tencent_video,1133580,983.5,2178.5
node_001143,iqiyi,1133580,854.46,1817.66
node_001143,bilibili,1133580,985.96,1539.69
node_001143,netease,1133580,737.55,1105.18
node_001143,default,1133580,650.97,807.21
node_001144,kuaishou,1191928,1032.98,1073.81
node_001144,douyin,1191928,830.42,1390.19
node_001144,tencent_video,1191928,834.2,1812.24
node_001144,iqiyi,1191928,711.29,1619.17
node_001144,bilibili,1191928,895.83,1150.81
node_001144,netease,1191928,667.25,996.71
node_001144,default,1191928,553.1,678.25
node_001145,kuaishou,719989,748.57,891.06
node_001145,douyin,719989,584.62,1079.84
node_001145,tencent_video,719989,567.9,1046.68
node_001145,iqiyi,719989,505.49,1097.56
node_001145,bilibili,719989,637.93,841.3
node_001145,netease,719989,459.31,754.37
node_001145,default,719989,427.4,539.95
node_001146,kuaishou,1530325,1415.84,1523.6
node_001146,douyin,1530325,1327.39,1759.03
node_001146,tencent_video,1530325,979.25,2028.42
node_001146,iqiyi,1530325,899.17,1983.15
node_001146,bilibili,1530325,1041.99,1254.77
node_001146,netease,1530325,818.75,1198.31
node_001146,default,1530325,716.64,961.65
node_001147,kuaishou,598367,1475.08,1590.24
node_001147,douyin,598367,1361.58,1712.68
node_001147,tencent_video,598367,1030.55,1998.17
node_001147,iqiyi,598367,983.35,1944.27
node_001147,bilibili,598367,1099.55,1507.59
node_001147,netease,598367,771.94,1265.3
node_001147,default,598367,690.59,799.78
node_001148,kuaishou,326279,1122.91,1459.53
node_001148,douyin,326279,1053.72,1658.6
node_001148,tencent_video,326279,992.17,1799.5
node_001148,iqiyi,326279,891.41,1505.13
node_001148,bilibili,326279,945.68,1462.64
node_001148,netease,326279,793.62,1245.77
node_001148,default,326279,675.93,843.24
node_001149,kuaishou,1708342,1089.79,1105.96
node_001149,douyin,1708342,985.51,1271.31
node_001149,tencent_video,1708342,761.32,1182.69
node_001149,iqiyi,1708342,721.95,1161.39
node_001149,bilibili,1708342,797.1,1032.56
node_001149,netease,1708342,634.88,859.57
node_001149,default,1708342,554.67,670.11
node_001150,kuaishou,1091384,898.16,1145.18
node_001150,douyin,1091384,850.99,1299.56
node_001150,tencent_video,1091384,758.63,1546.8
node_001150,iqiyi,1091384,754.66,1370.43
node_001150,bilibili,1091384,760.89,1016.02
node_001150,netease,1091384,655.99,945.64
node_001150,default,1091384,529.43,622.74
node_001151,kuaishou,1553793,929.39,1074.72
node_001151,douyin,1553793,917.88,1252.06
node_001151,tencent_video,1553793,813.79,1664.04
node_001151,iqiyi,1553793,721.21,1463.3
node_001151,bilibili,1553793,884.67,1049.13
node_001151,netease,1553793,636.27,880.29
node_001151,default,1553793,567.25,655.12
node_001152,kuaishou,923563,832.28,849.97
node_001152,douyin,923563,780.24,1006.75
node_001152,tencent_video,923563,701.18,1324.62
node_001152,iqiyi,923563,619.88,1084.05
node_001152,bilibili,923563,733.34,800.5
node_001152,netease,923563,535.25,764.48
node_001152,default,923563,513.45,588.62
node_001153,kuaishou,577087,1169.72,1371.2
node_001153,douyin,577087,1071.78,1688.03
node_001153,tencent_video,577087,902.63,1869.96
node_001153,iqiyi,577087,894.34,1485.7
node_001153,bilibili,577087,1040.06,1459.7
node_001153,netease,577087,789.63,1286.22
node_001153,default,577087,662.38,855.56
node_001154,kuaishou,1450204,1225.12,1134.35
node_001154,douyin,1450204,1129.69,1370.84
node_001154,tencent_video,1450204,794.97,1893.46
node_001154,iqiyi,1450204,778.36,1751.11
node_001154,bilibili,1450204,919.34,1287.84
node_001154,netease,1450204,711.8,1107.44
node_001154,default,1450204,580.46,751.14
node_001155,kuaishou,2127476,1049.34,1321.37
node_001155,douyin,2127476,978.71,1409.82
node_001155,tencent_video,2127476,830.02,1533.81
node_001155,iqiyi,2127476,790.94,1323.34
node_001155,bilibili,2127476,859.21,1130.4
node_001155,netease,2127476,686.19,946.73
node_001155,default,2127476,580.87,633.95
node_001156,kuaishou,408855,942.58,1111.23
node_001156,douyin,408855,897.26,1229.55
node_001156,tencent_video,408855,834.41,1603.84
node_001156,iqiyi,408855,712.72,1357.91
node_001156,bilibili,408855,819.39,1198.3
node_001156,netease,408855,604.37,939.47
node_001156,default,408855,541.17,577.12
node_001157,kuaishou,89835,1010.1,1410.21
node_001157,douyin,89835,1087.0,1672.66
node_001157,tencent_video,89835,1036.71,1758.22
node_001157,iqiyi,89835,863.31,1570.92
node_001157,bilibili,89835,938.41,1240.99
node_001157,netease,89835,730.32,1224.58
node_001157,default,89835,633.0,831.44
node_001158,kuaishou,1395914,1036.81,1101.45
node_001158,douyin,1395914,930.69,1495.2
node_001158,tencent_video,1395914,814.59,1796.7
node_001158,iqiyi,1395914,712.49,1491.23
node_001158,bilibili,1395914,854.68,1128.14
node_001158,netease,1395914,658.52,1110.41
node_001158,default,1395914,593.51,749.47
node_001159,kuaishou,287771,927.96,828.39
node_001159,douyin,287771,833.03,954.33
node_001159,tencent_video,287771,678.65,1072.25
node_001159,iqiyi,287771,640.39,934.69
node_001159,bilibili,287771,753.0,825.61
node_001159,netease,287771,510.7,712.15
node_001159,default,287771,486.41,532.43
node_001160,kuaishou,824801,961.38,962.79
node_001160,douyin,824801,816.29,1126.39
node_001160,tencent_video,824801,782.93,1265.82
node_001160,iqiyi,824801,693.48,1117.21
node_001160,bilibili,824801,739.74,1077.34
node_001160,netease,824801,559.45,845.03
node_001160,default,824801,501.51,591.79
node_001161,kuaishou,2130292,1132.93,1279.65
node_001161,douyin,2130292,949.24,1552.04
node_001161,tencent_video,2130292,947.63,2007.45
node_001161,iqiyi,2130292,781.74,1766.51
node_001161,bilibili,2130292,929.78,1385.68
node_001161,netease,2130292,774.58,1201.12
node_001161,default,2130292,642.54,852.34
node_001162,kuaishou,1118175,1158.56,1373.63
node_001162,douyin,1118175,977.65,1538.19
node_001162,tencent_video,1118175,882.52,1683.22
node_001162,iqiyi,1118175,780.03,1513.67
node_001162,bilibili,1118175,907.7,1252.89
node_001162,netease,1118175,691.38,1094.21
node_001162,default,1118175,607.38,783.66
node_001163,kuaishou,1637848,893.4,1010.25
node_001163,douyin,1637848,808.47,1066.45
node_001163,tencent_video,1637848,811.28,1417.26
node_001163,iqiyi,1637848,726.83,1525.34
node_001163,bilibili,1637848,778.8,1061.91
node_001163,netease,1637848,605.09,922.08
node_001163,default,1637848,507.96,620.91
node_001164,kuaishou,2288144,1091.3,1446.9
node_001164,douyin,2288144,1030.89,1461.66
node_001164,tencent_video,2288144,931.24,1621.85
node_001164,iqiyi,2288144,815.4,1429.62
node_001164,bilibili,2288144,928.6,1297.67
node_001164,netease,2288144,704.92,987.92
node_001164,default,2288144,668.88,748.62
node_001165,kuaishou,2335681,1259.95,1470.56
node_001165,douyin,2335681,1048.73,1752.92
node_001165,tencent_video,2335681,992.93,1758.15
node_001165,iqiyi,2335681,846.08,1702.43
node_001165,bilibili,2335681,1025.53,1560.88
node_001165,netease,2335681,813.76,1361.5
node_001165,default,2335681,677.45,923.86
node_001166,kuaishou,1987928,860.25,934.87
node_001166,douyin,1987928,733.17,1040.82
node_001166,tencent_video,1987928,637.99,1257.53
node_001166,iqiyi,1987928,553.57,1124.09
node_001166,bilibili,1987928,628.33,944.74
node_001166,netease,1987928,494.9,881.66
node_001166,default,1987928,442.71,526.15
node_001167,kuaishou,1250769,1024.63,905.64
node_001167,douyin,1250769,979.96,1117.66
node_001167,tencent_video,1250769,775.63,1350.84
node_001167,iqiyi,1250769,668.06,1199.19
node_001167,bilibili,1250769,773.63,1021.28
node_001167,netease,1250769,540.7,753.05
node_001167,default,1250769,533.78,570.22
node_001168,kuaishou,1043505,899.14,992.34
node_001168,douyin,1043505,851.79,1169.01
node_001168,tencent_video,1043505,729.81,1109.81
node_001168,iqiyi,1043505,679.24,980.89
node_001168,bilibili,1043505,821.65,935.9
node_001168,netease,1043505,608.89,798.68
node_001168,default,1043505,503.68,559.55
node_001169,kuaishou,2106206,811.07,886.67
node_001169,douyin,2106206,753.09,1021.78
node_001169,tencent_video,2106206,671.09,1036.39
node_001169,iqiyi,2106206,629.83,926.07
node_001169,bilibili,2106206,771.92,866.11
node_001169,netease,2106206,510.5,712.23
node_001169,default,2106206,455.66,545.7
node_001170,kuaishou,39263,1630.19,1963.74
node_001170,douyin,39263,1526.23,2261.47
node_001170,tencent_video,39263,1152.54,2167.49
node_001170,iqiyi,39263,983.62,2142.89
node_001170,bilibili,39263,1088.69,1959.49
node_001170,netease,39263,878.6,1697.99
node_001170,default,39263,797.47,1132.93
node_001171,kuaishou,2171060,722.73,836.11
node_001171,douyin,2171060,642.67,1077.41
node_001171,tencent_video,2171060,547.22,1439.8
node_001171,iqiyi,2171060,512.26,1167.03
node_001171,bilibili,2171060,658.04,944.66
node_001171,netease,2171060,482.3,718.19
node_001171,default,2171060,396.18,510.1
node_001172,kuaishou,1995291,655.15,843.58
node_001172,douyin,1995291,577.06,940.77
node_001172,tencent_video,1995291,453.05,939.4
node_001172,iqiyi,1995291,446.06,914.45
node_001172,bilibili,1995291,600.65,742.44
node_001172,netease,1995291,444.71,705.48
node_001172,default,1995291,409.61,460.23
node_001173,kuaishou,2227536,1029.8,1292.07
node_001173,douyin,2227536,946.28,1471.34
node_001173,tencent_video,2227536,794.02,1713.46
node_001173,iqiyi,2227536,748.42,1601.4
node_001173,bilibili,2227536,921.6,1269.73
node_001173,netease,2227536,775.8,1007.34
node_001173,default,2227536,594.82,712.09
node_001174,kuaishou,503387,741.19,988.2
node_001174,douyin,503387,743.27,1122.42
node_001174,tencent_video,503387,645.29,1252.8
node_001174,iqiyi,503387,584.54,1046.91
node_001174,bilibili,503387,640.49,945.56
node_001174,netease,503387,469.69,798.18
node_001174,default,503387,428.94,547.01
node_001175,kuaishou,703002,1457.1,1735.98
node_001175,douyin,703002,1493.74,1940.98
node_001175,tencent_video,703002,1126.3,2256.22
node_001175,iqiyi,703002,968.18,2050.04
node_001175,bilibili,703002,1201.76,1751.88
node_001175,netease,703002,1003.55,1584.45
node_001175,default,703002,719.11,1043.82
node_001176,kuaishou,1955535,1220.99,1211.13
node_001176,douyin,1955535,1069.06,1526.79
node_001176,tencent_video,1955535,849.46,1676.83
node_001176,iqiyi,1955535,789.36,1348.81
node_001176,bilibili,1955535,826.62,1367.04
node_001176,netease,1955535,692.55,931.34
node_001176,default,1955535,636.1,739.75
node_001177,kuaishou,378772,1566.12,1495.31
node_001177,douyin,378772,1291.71,1612.84
node_001177,tencent_video,378772,1095.5,1802.08
node_001177,iqiyi,378772,910.04,1664.21
node_001177,bilibili,378772,1052.12,1462.5
node_001177,netease,378772,807.84,1382.37
node_001177,default,378772,778.09,889.12
node_001178,kuaishou,544388,979.52,1346.76
node_001178,douyin,544388,993.44,1449.36
node_001178,tencent_video,544388,930.42,1579.78
node_001178,iqiyi,544388,838.73,1372.13
node_001178,bilibili,544388,948.22,1264.63
node_001178,netease,544388,680.03,1036.61
node_001178,default,544388,592.99,749.13
node_001179,kuaishou,2149565,935.24,1146.48
node_001179,douyin,2149565,869.54,1177.39
node_001179,tencent_video,2149565,912.1,1409.48
node_001179,iqiyi,2149565,791.18,1221.8
node_001179,bilibili,2149565,933.85,1075.1
node_001179,netease,2149565,661.59,916.71
node_001179,default,2149565,648.46,675.94
node_001180,kuaishou,1602401,1431.45,1482.14
node_001180,douyin,1602401,1266.62,1782.59
node_001180,tencent_video,1602401,1012.68,2346.58
node_001180,iqiyi,1602401,952.3,2182.97
node_001180,bilibili,1602401,1125.49,1573.91
node_001180,netease,1602401,889.6,1425.63
node_001180,default,1602401,800.18,1021.63
node_001181,kuaishou,1638963,1021.79,1165.87
node_001181,douyin,1638963,841.73,1351.9
node_001181,tencent_video,1638963,865.66,1925.87
node_001181,iqiyi,1638963,802.11,1585.04
node_001181,bilibili,1638963,869.37,1206.86
node_001181,netease,1638963,652.27,925.66
node_001181,default,1638963,553.63,780.91
node_001182,kuaishou,1452303,725.23,773.42
node_001182,douyin,1452303,690.92,816.13
node_001182,tencent_video,1452303,529.41,1195.95
node_001182,iqiyi,1452303,509.37,1032.56
node_001182,bilibili,1452303,564.05,876.34
node_001182,netease,1452303,428.7,636.8
node_001182,default,1452303,418.19,493.75
node_001183,kuaishou,565767,1016.84,873.59
node_001183,douyin,565767,941.92,1087.67
node_001183,tencent_video,565767,681.85,1174.0
node_001183,iqiyi,565767,674.07,1010.39
node_001183,bilibili,565767,715.11,923.07
node_001183,netease,565767,583.91,745.42
node_001183,default,565767,472.14,563.28
node_001184,kuaishou,824963,1179.35,1229.46
node_001184,douyin,824963,1031.41,1667.48
node_001184,tencent_video,824963,809.6,2171.38
node_001184,iqiyi,824963,885.74,1764.06
node_001184,bilibili,824963,933.31,1335.32
node_001184,netease,824963,653.79,1166.81
node_001184,default,824963,667.53,786.24
node_001185,kuaishou,506981,843.68,1191.73
node_001185,douyin,506981,730.03,1237.81
node_001185,tencent_video,506981,661.93,1709.08
node_001185,iqiyi,506981,611.37,1400.89
node_001185,bilibili,506981,783.25,1199.01
node_001185,netease,506981,541.89,870.7
node_001185,default,506981,526.99,675.25
node_001186,kuaishou,330180,1701.97,1870.85
node_001186,douyin,330180,1467.02,2147.41
node_001186,tencent_video,330180,1038.57,2658.13
node_001186,iqiyi,330180,948.35,2413.25
node_001186,bilibili,330180,1217.4,1829.73
node_001186,netease,330180,966.46,1428.73
node_001186,default,330180,766.67,1112.72
node_001187,kuaishou,831447,907.85,931.34
node_001187,douyin,831447,861.72,1119.47
node_001187,tencent_video,831447,624.85,1224.86
node_001187,iqiyi,831447,597.17,1076.77
node_001187,bilibili,831447,644.71,905.86
node_001187,netease,831447,465.41,699.09
node_001187,default,831447,435.2,551.17
node_001188,kuaishou,1075632,1057.96,1253.63
node_001188,douyin,1075632,1075.98,1412.26
node_001188,tencent_video,1075632,954.54,1607.84
node_001188,iqiyi,1075632,834.01,1534.9
node_001188,bilibili,1075632,976.79,1304.52
node_001188,netease,1075632,777.65,1141.73
node_001188,default,1075632,753.16,726.71
node_001189,kuaishou,285561,597.31,766.61
node_001189,douyin,285561,629.99,811.04
node_001189,tencent_video,285561,499.46,995.62
node_001189,iqiyi,285561,449.09,861.7
node_001189,bilibili,285561,562.38,736.06
node_001189,netease,285561,458.63,668.66
node_001189,default,285561,379.11,402.51
node_001190,kuaishou,2224851,1692.07,2049.38
node_001190,douyin,2224851,1622.8,2095.74
node_001190,tencent_video,2224851,1098.94,2484.72
node_001190,iqiyi,2224851,1049.02,2080.15
node_001190,bilibili,2224851,1170.58,1963.12
node_001190,netease,2224851,963.86,1608.71
node_001190,default,2224851,769.36,1213.65
node_001191,kuaishou,1805346,1117.43,1239.05
node_001191,douyin,1805346,977.26,1632.07
node_001191,tencent_video,1805346,907.08,2130.72
node_001191,iqiyi,1805346,872.15,1851.86
node_001191,bilibili,1805346,993.4,1314.55
node_001191,netease,1805346,738.85,1178.85
node_001191,default,1805346,582.19,856.45
node_001192,kuaishou,2223939,1493.27,1998.33
node_001192,douyin,2223939,1329.71,2143.62
node_001192,tencent_video,2223939,1233.66,2720.65
node_001192,iqiyi,2223939,1064.58,2380.98
node_001192,bilibili,2223939,1240.46,1830.42
node_001192,netease,2223939,988.84,1675.89
node_001192,default,2223939,809.94,1221.03
node_001193,kuaishou,2441832,654.48,968.95
node_001193,douyin,2441832,759.25,1120.33
node_001193,tencent_video,2441832,578.75,1265.67
node_001193,iqiyi,2441832,591.21,1049.71
node_001193,bilibili,2441832,663.84,948.33
node_001193,netease,2441832,525.48,844.13
node_001193,default,2441832,421.97,593.89
node_001194,kuaishou,119623,741.88,1056.37
node_001194,douyin,119623,744.41,1136.39
node_001194,tencent_video,119623,619.72,1234.44
node_001194,iqiyi,119623,563.44,1031.08
node_001194,bilibili,119623,683.19,926.08
node_001194,netease,119623,498.45,816.13
node_001194,default,119623,413.37,604.9
node_001195,kuaishou,1901357,850.14,1015.58
node_001195,douyin,1901357,670.63,1080.7
node_001195,tencent_video,1901357,658.45,1177.97
node_001195,iqiyi,1901357,594.34,1141.14
node_001195,bilibili,1901357,704.34,949.78
node_001195,netease,1901357,536.68,857.61
node_001195,default,1901357,435.27,591.01
node_001196,kuaishou,2197475,953.7,1201.97
node_001196,douyin,2197475,979.33,1360.29
node_001196,tencent_video,2197475,823.15,1488.74
node_001196,iqiyi,2197475,826.81,1364.41
node_001196,bilibili,2197475,902.63,1308.59
node_001196,netease,2197475,781.67,984.79
node_001196,default,2197475,595.23,736.93
node_001197,kuaishou,957223,1621.37,1838.92
node_001197,douyin,957223,1272.19,2000.5
node_001197,tencent_video,957223,1122.09,2564.57
node_001197,iqiyi,957223,936.35,2269.23
node_001197,bilibili,957223,1196.4,1811.9
node_001197,netease,957223,950.57,1694.81
node_001197,default,957223,822.93,1074.95
node_001198,kuaishou,920724,1133.73,1315.5
node_001198,douyin,920724,1100.09,1528.16
node_001198,tencent_video,920724,836.94,1876.2
node_001198,iqiyi,920724,797.28,1682.36
node_001198,bilibili,920724,931.42,1280.95
node_001198,netease,920724,720.15,981.08
node_001198,default,920724,635.61,728.72
node_001199,kuaishou,1701603,1018.01,1340.67
node_001199,douyin,1701603,950.86,1424.58
node_001199,tencent_video,1701603,860.75,1969.13
node_001199,iqiyi,1701603,748.35,1641.12
node_001199,bilibili,1701603,891.95,1216.2
node_001199,netease,1701603,699.93,1057.61
node_001199,default,1701603,643.51,750.4
node_001200,kuaishou,1057523,960.58,882.77
node_001200,douyin,1057523,848.75,1041.16
node_001200,tencent_video,1057523,764.64,1200.05
node_001200,iqiyi,1057523,664.4,1013.32
node_001200,bilibili,1057523,743.11,894.69
node_001200,netease,1057523,573.54,781.72
node_001200,default,1057523,506.48,517.64
node_001201,kuaishou,1498196,921.28,1114.9
node_001201,douyin,1498196,715.99,1362.95
node_001201,tencent_video,1498196,718.45,1774.23
node_001201,iqiyi,1498196,624.84,1423.58
node_001201,bilibili,1498196,733.18,1167.16
node_001201,netease,1498196,561.75,984.03
node_001201,default,1498196,480.07,695.88
node_001202,kuaishou,298196,736.65,759.07
node_001202,douyin,298196,678.53,951.18
node_001202,tencent_video,298196,570.61,967.24
node_001202,iqiyi,298196,510.9,883.89
node_001202,bilibili,298196,577.97,835.93
node_001202,netease,298196,426.5,673.73
node_001202,default,298196,365.67,450.54
node_001203,kuaishou,2164106,819.31,1149.87
node_001203,douyin,2164106,804.37,1368.17
node_001203,tencent_video,2164106,746.57,1721.66
node_001203,iqiyi,2164106,628.89,1647.71
node_001203,bilibili,2164106,644.34,1157.64
node_001203,netease,2164106,582.58,1072.81
node_001203,default,2164106,457.59,677.86
node_001204,kuaishou,1843852,894.83,1125.22
node_001204,douyin,1843852,817.26,1227.44
node_001204,tencent_video,1843852,728.14,1792.46
node_001204,iqiyi,1843852,664.01,1410.98
node_001204,bilibili,1843852,732.63,1153.42
node_001204,netease,1843852,576.49,971.41
node_001204,default,1843852,528.77,637.58
node_001205,kuaishou,185606,1102.67,1300.45
node_001205,douyin,185606,1004.57,1540.56
node_001205,tencent_video,185606,818.19,1667.97
node_001205,iqiyi,185606,820.72,1580.97
node_001205,bilibili,185606,946.42,1270.79
node_001205,netease,185606,735.61,1127.33
node_001205,default,185606,630.98,742.12
node_001206,kuaishou,1445305,1298.81,1258.29
node_001206,douyin,1445305,1126.6,1470.33
node_001206,tencent_video,1445305,891.25,1722.03
node_001206,iqiyi,1445305,790.35,1451.32
node_001206,bilibili,1445305,1031.85,1306.73
node_001206,netease,1445305,768.65,1044.4
node_001206,default,1445305,638.66,769.3
node_001207,kuaishou,989039,1050.43,1045.95
node_001207,douyin,989039,863.77,1181.87
node_001207,tencent_video,989039,733.55,1351.72
node_001207,iqiyi,989039,709.95,1068.99
node_001207,bilibili,989039,836.71,1071.86
node_001207,netease,989039,604.55,868.43
node_001207,default,989039,556.93,685.15
node_001208,kuaishou,833077,845.9,1114.35
node_001208,douyin,833077,739.48,1202.54
node_001208,tencent_video,833077,690.71,1479.52
node_001208,iqiyi,833077,656.44,1201.15
node_001208,bilibili,833077,715.2,1086.71
node_001208,netease,833077,542.87,958.06
node_001208,default,833077,511.37,742.11
node_001209,kuaishou,2308839,1073.55,1049.84
node_001209,douyin,2308839,930.11,1218.01
node_001209,tencent_video,2308839,806.36,1532.27
node_001209,iqiyi,2308839,587.51,1416.1
node_001209,bilibili,2308839,798.17,1018.44
node_001209,netease,2308839,600.09,917.43
node_001209,default,2308839,534.67,664.43
node_001210,kuaishou,1570079,970.7,1251.55
node_001210,douyin,1570079,955.17,1447.98
node_001210,tencent_video,1570079,797.85,1849.68
node_001210,iqiyi,1570079,788.62,1651.05
node_001210,bilibili,1570079,928.28,1266.24
node_001210,netease,1570079,770.15,1045.86
node_001210,default,1570079,597.72,692.32
node_001211,kuaishou,430345,1235.7,1312.88
node_001211,douyin,430345,1180.06,1537.41
node_001211,tencent_video,430345,905.24,2053.28
node_001211,iqiyi,430345,795.61,1732.83
node_001211,bilibili,430345,923.16,1344.81
node_001211,netease,430345,684.77,996.08
node_001211,default,430345,641.26,728.55
node_001212,kuaishou,934421,1182.29,1207.88
node_001212,douyin,934421,1033.2,1368.71
node_001212,tencent_video,934421,878.47,1567.53
node_001212,iqiyi,934421,808.85,1261.12
node_001212,bilibili,934421,832.49,1209.78
node_001212,netease,934421,656.39,1057.96
node_001212,default,934421,565.57,783.58
node_001213,kuaishou,7731,1403.89,1736.42
node_001213,douyin,7731,1240.57,2099.22
node_001213,tencent_video,7731,1173.18,2803.99
node_001213,iqiyi,7731,1034.4,2329.76
node_001213,bilibili,7731,1160.95,1706.79
node_001213,netease,7731,938.99,1495.16
node_001213,default,7731,790.32,1101.89
node_001214,kuaishou,450565,844.33,1236.57
node_001214,douyin,450565,767.79,1319.37
node_001214,tencent_video,450565,732.43,1735.98
node_001214,iqiyi,450565,626.11,1455.22
node_001214,bilibili,450565,743.96,1182.67
node_001214,netease,450565,604.57,901.94
node_001214,default,450565,539.96,677.09
node_001215,kuaishou,368107,695.76,866.38
node_001215,douyin,368107,736.92,982.19
node_001215,tencent_video,368107,559.57,1312.46
node_001215,iqiyi,368107,540.92,1144.81
node_001215,bilibili,368107,613.51,917.75
node_001215,netease,368107,495.27,722.01
node_001215,default,368107,392.76,523.66
node_001216,kuaishou,641396,924.8,969.06
node_001216,douyin,641396,912.1,1253.69
node_001216,tencent_video,641396,755.9,1266.98
node_001216,iqiyi,641396,740.89,1230.73
node_001216,bilibili,641396,767.1,975.82
node_001216,netease,641396,603.81,894.81
node_001216,default,641396,522.64,632.28
node_001217,kuaishou,1753759,682.48,798.36
node_001217,douyin,1753759,609.77,916.06
node_001217,tencent_video,1753759,553.39,1034.72
node_001217,iqiyi,1753759,455.81,904.71
node_001217,bilibili,1753759,562.81,797.05
node_001217,netease,1753759,413.28,676.81
node_001217,default,1753759,397.7,497.59
node_001218,kuaishou,1428635,936.52,1257.44
node_001218,douyin,1428635,898.89,1194.55
node_001218,tencent_video,1428635,856.32,1299.84
node_001218,iqiyi,1428635,735.98,1163.61
node_001218,bilibili,1428635,787.44,1162.74
node_001218,netease,1428635,635.28,1024.33
node_001218,default,1428635,534.52,613.72
node_001219,kuaishou,53756,709.89,766.46
node_001219,douyin,53756,592.92,929.8
node_001219,tencent_video,53756,591.75,956.8
node_001219,iqiyi,53756,505.72,891.02
node_001219,bilibili,53756,545.4,797.74
node_001219,netease,53756,463.28,644.18
node_001219,default,53756,422.52,502.63
node_001220,kuaishou,223966,1158.11,1254.65
node_001220,douyin,223966,1037.88,1451.18
node_001220,tencent_video,223966,852.86,1656.57
node_001220,iqiyi,223966,964.68,1560.64
node_001220,bilibili,223966,1056.1,1407.36
node_001220,netease,223966,760.02,1212.91
node_001220,default,223966,637.2,838.77
node_001221,kuaishou,175611,1271.54,1711.45
node_001221,douyin,175611,1179.19,2041.93
node_001221,tencent_video,175611,1054.28,2373.48
node_001221,iqiyi,175611,1019.01,1968.73
node_001221,bilibili,175611,1113.41,1714.92
node_001221,netease,175611,800.79,1638.6
node_001221,default,175611,732.33,998.3
node_001222,kuaishou,2087126,903.24,1078.04
node_001222,douyin,2087126,753.63,1348.26
node_001222,tencent_video,2087126,677.47,1268.23
node_001222,iqiyi,2087126,646.26,1321.45
node_001222,bilibili,2087126,741.79,1181.37
node_001222,netease,2087126,580.31,977.89
node_001222,default,2087126,501.12,736.45
node_001223,kuaishou,267777,817.92,883.86
node_001223,douyin,267777,771.83,1114.65
node_001223,tencent_video,267777,672.24,1076.6
node_001223,iqiyi,267777,659.63,916.45
node_001223,bilibili,267777,709.21,905.72
node_001223,netease,267777,565.19,720.4
node_001223,default,267777,504.14,560.86
node_001224,kuaishou,238667,930.52,1065.87
node_001224,douyin,238667,867.02,1220.67
node_001224,tencent_video,238667,837.14,1530.46
node_001224,iqiyi,238667,713.78,1443.62
node_001224,bilibili,238667,829.09,1141.49
node_001224,netease,238667,587.85,951.74
node_001224,default,238667,521.57,636.65
node_001225,kuaishou,1897594,695.96,748.02
node_001225,douyin,1897594,597.18,925.61
node_001225,tencent_video,1897594,539.75,1127.4
node_001225,iqiyi,1897594,488.15,878.68
node_001225,bilibili,1897594,566.07,809.81
node_001225,netease,1897594,475.37,684.36
node_001225,default,1897594,384.79,454.53
node_001226,kuaishou,2189296,684.1,772.67
node_001226,douyin,2189296,552.18,886.7
node_001226,tencent_video,2189296,562.66,1052.2
node_001226,iqiyi,2189296,444.46,849.91
node_001226,bilibili,2189296,557.16,686.52
node_001226,netease,2189296,425.13,595.98
node_001226,default,2189296,350.3,420.83
node_001227,kuaishou,749487,1318.13,1697.91
node_001227,douyin,749487,1164.59,2005.69
node_001227,tencent_video,749487,1087.18,2205.86
node_001227,iqiyi,749487,1055.2,1793.62
node_001227,bilibili,749487,1174.58,1741.56
node_001227,netease,749487,888.18,1407.1
node_001227,default,749487,744.06,985.6
node_001228,kuaishou,41102,946.12,1155.23
node_001228,douyin,41102,858.71,1302.69
node_001228,tencent_video,41102,648.83,1439.35
node_001228,iqiyi,41102,607.29,1167.3
node_001228,bilibili,41102,687.38,1044.19
node_001228,netease,41102,541.97,1015.93
node_001228,default,41102,470.29,593.45
node_001229,kuaishou,1547795,621.51,937.38
node_001229,douyin,1547795,598.51,1009.63
node_001229,tencent_video,1547795,553.5,980.8
node_001229,iqiyi,1547795,512.32,897.46
node_001229,bilibili,1547795,621.0,863.2
node_001229,netease,1547795,441.48,654.25
node_001229,default,1547795,374.22,440.86
node_001230,kuaishou,1059857,1149.31,1187.92
node_001230,douyin,1059857,982.17,1396.81
node_001230,tencent_video,1059857,860.86,1508.57
node_001230,iqiyi,1059857,845.09,1350.35
node_001230,bilibili,1059857,892.87,1248.07
node_001230,netease,1059857,758.08,1048.11
node_001230,default,1059857,533.24,746.39
node_001231,kuaishou,843369,889.5,1032.8
node_001231,douyin,843369,786.16,1262.09
node_001231,tencent_video,843369,708.63,1572.93
node_001231,iqiyi,843369,600.47,1434.91
node_001231,bilibili,843369,701.89,1145.04
node_001231,netease,843369,499.53,934.38
node_001231,default,843369,465.21,596.89
node_001232,kuaishou,875605,1319.5,1733.24
node_001232,douyin,875605,1162.78,2007.09
node_001232,tencent_video,875605,1018.88,2077.48
node_001232,iqiyi,875605,932.07,2024.69
node_001232,bilibili,875605,1061.26,1626.93
node_001232,netease,875605,791.14,1404.14
node_001232,default,875605,753.48,1088.04
node_001233,kuaishou,1396806,1216.07,1473.58
node_001233,douyin,1396806,1120.74,1746.92
node_001233,tencent_video,1396806,998.03,1780.13
node_001233,iqiyi,1396806,988.86,1711.32
node_001233,bilibili,1396806,971.51,1479.66
node_001233,netease,1396806,740.97,1333.67
node_001233,default,1396806,702.79,907.04
node_001234,kuaishou,1341614,1048.21,1303.55
node_001234,douyin,1341614,1126.34,1506.7
node_001234,tencent_video,1341614,954.79,1727.85
node_001234,iqiyi,1341614,850.68,1507.98
node_001234,bilibili,1341614,1039.61,1395.65
node_001234,netease,1341614,738.18,1187.23
node_001234,default,1341614,624.17,855.79
node_001235,kuaishou,970934,878.42,1211.92
node_001235,douyin,970934,831.48,1475.33
node_001235,tencent_video,970934,691.28,1383.47
node_001235,iqiyi,970934,669.06,1332.52
node_001235,bilibili,970934,720.28,1185.03
node_001235,netease,970934,649.2,988.58
node_001235,default,970934,523.04,748.92
node_001236,kuaishou,551320,1443.76,1798.7
node_001236,douyin,551320,1395.14,2061.05
node_001236,tencent_video,551320,1191.82,2322.67
node_001236,iqiyi,551320,1064.67,2181.06
node_001236,bilibili,551320,1282.3,1964.69
node_001236,netease,551320,968.65,1510.26
node_001236,default,551320,870.4,1078.16
node_001237,kuaishou,972329,1081.29,1167.27
node_001237,douyin,972329,960.7,1300.71
node_001237,tencent_video,972329,927.97,1519.61
node_001237,iqiyi,972329,789.92,1387.64
node_001237,bilibili,972329,858.0,1174.03
node_001237,netease,972329,703.27,938.88
node_001237,default,972329,559.7,696.92
node_001238,kuaishou,1644010,1164.68,1210.02
node_001238,douyin,1644010,1094.83,1364.74
node_001238,tencent_video,1644010,889.97,1737.36
node_001238,iqiyi,1644010,721.97,1492.63
node_001238,bilibili,1644010,864.26,1094.02
node_001238,netease,1644010,641.69,927.16
node_001238,default,1644010,589.2,706.29
node_001239,kuaishou,329633,1171.87,1180.54
node_001239,douyin,329633,1019.43,1298.37
node_001239,tencent_video,329633,862.0,1736.65
node_001239,iqiyi,329633,771.82,1467.79
node_001239,bilibili,329633,950.84,1334.8
node_001239,netease,329633,732.33,1085.77
node_001239,default,329633,628.56,735.05
node_001240,kuaishou,420609,1058.96,1217.45
node_001240,douyin,420609,933.74,1428.87
node_001240,tencent_video,420609,784.59,1777.6
node_001240,iqiyi,420609,728.3,1626.86
node_001240,bilibili,420609,956.44,1261.12
node_001240,netease,420609,673.42,1009.99
node_001240,default,420609,581.92,812.93
node_001241,kuaishou,1107723,1353.71,1591.58
node_001241,douyin,1107723,1362.01,1874.67
node_001241,tencent_video,1107723,1065.29,2117.33
node_001241,iqiyi,1107723,937.6,1870.96
node_001241,bilibili,1107723,1167.09,1690.16
node_001241,netease,1107723,896.86,1276.4
node_001241,default,1107723,735.26,1055.91
node_001242,kuaishou,1783973,1075.6,1169.84
node_001242,douyin,1783973,1070.38,1440.85
node_001242,tencent_video,1783973,903.12,1552.4
node_001242,iqiyi,1783973,835.01,1187.73
node_001242,bilibili,1783973,866.95,1290.1
node_001242,netease,1783973,755.55,978.27
node_001242,default,1783973,559.04,742.17
node_001243,kuaishou,285468,1123.63,1249.41
node_001243,douyin,285468,978.07,1459.09
node_001243,tencent_video,285468,875.64,1999.78
node_001243,iqiyi,285468,828.65,1809.75
node_001243,bilibili,285468,992.04,1289.93
node_001243,netease,285468,820.04,1191.64
node_001243,default,285468,607.58,785.6
node_001244,kuaishou,1573565,815.01,884.78
node_001244,douyin,1573565,620.94,1017.59
node_001244,tencent_video,1573565,575.3,1147.34
node_001244,iqiyi,1573565,495.03,995.93
node_001244,bilibili,1573565,650.45,965.68
node_001244,netease,1573565,495.98,818.48
node_001244,default,1573565,406.99,550.05
node_001245,kuaishou,398339,1015.02,1179.85
node_001245,douyin,398339,917.6,1422.01
node_001245,tencent_video,398339,903.83,1444.9
node_001245,iqiyi,398339,879.3,1241.93
node_001245,bilibili,398339,943.09,1118.2
node_001245,netease,398339,710.54,1032.59
node_001245,default,398339,568.3,699.81
node_001246,kuaishou,1622563,1234.83,1543.75
node_001246,douyin,1622563,1139.81,1682.23
node_001246,tencent_video,1622563,1096.49,1887.38
node_001246,iqiyi,1622563,898.92,1802.04
node_001246,bilibili,1622563,1081.31,1520.6
node_001246,netease,1622563,830.63,1348.91
node_001246,default,1622563,707.85,965.85
node_001247,kuaishou,1506382,1480.77,1758.48
node_001247,douyin,1506382,1307.11,2154.14
node_001247,tencent_video,1506382,1326.6,2974.05
node_001247,iqiyi,1506382,1107.39,2722.19
node_001247,bilibili,1506382,1241.16,1863.1
node_001247,netease,1506382,922.46,1617.64
node_001247,default,1506382,702.86,1123.58
node_001248,kuaishou,1291402,1148.6,1349.98
node_001248,douyin,1291402,1226.52,1582.49
node_001248,tencent_video,1291402,885.63,1647.26
node_001248,iqiyi,1291402,823.25,1467.49
node_001248,bilibili,1291402,913.07,1359.46
node_001248,netease,1291402,692.92,1214.47
node_001248,default,1291402,684.41,777.39
node_001249,kuaishou,1317081,1043.46,1514.9
node_001249,douyin,1317081,1066.7,1627.04
node_001249,tencent_video,1317081,966.86,1764.48
node_001249,iqiyi,1317081,869.5,1511.71
node_001249,bilibili,1317081,1045.3,1363.62
node_001249,netease,1317081,722.34,1089.68
node_001249,default,1317081,654.07,893.47
node_001250,kuaishou,1238362,1047.1,1184.07
node_001250,douyin,1238362,912.08,1411.16
node_001250,tencent_video,1238362,916.25,1838.27
node_001250,iqiyi,1238362,771.77,1445.13
node_001250,bilibili,1238362,893.48,1264.49
node_001250,netease,1238362,656.94,1113.03
node_001250,default,1238362,598.19,745.48
node_001251,kuaishou,2269415,1260.32,1627.34
node_001251,douyin,2269415,1088.94,1651.64
node_001251,tencent_video,2269415,1057.53,2328.1
node_001251,iqiyi,2269415,895.43,2111.07
node_001251,bilibili,2269415,1086.09,1591.29
node_001251,netease,2269415,773.28,1374.79
node_001251,default,2269415,712.91,975.41
node_001252,kuaishou,2106291,1201.29,1254.26
node_001252,douyin,2106291,1025.45,1542.86
node_001252,tencent_video,2106291,900.8,2085.46
node_001252,iqiyi,2106291,790.43,2002.12
node_001252,bilibili,2106291,911.09,1304.28
node_001252,netease,2106291,705.57,1175.55
node_001252,default,2106291,684.48,843.26
node_001253,kuaishou,2256577,931.09,1108.5
node_001253,douyin,2256577,932.8,1274.76
node_001253,tencent_video,2256577,757.29,1730.76
node_001253,iqiyi,2256577,731.91,1565.08
node_001253,bilibili,2256577,838.54,1278.12
node_001253,netease,2256577,692.28,985.64
node_001253,default,2256577,608.98,626.22
node_001254,kuaishou,776846,1337.69,1933.88
node_001254,douyin,776846,1261.32,2156.44
node_001254,tencent_video,776846,1133.61,2836.31
node_001254,iqiyi,776846,1130.34,2321.26
node_001254,bilibili,776846,1336.13,2049.1
node_001254,netease,776846,982.01,1662.26
node_001254,default,776846,849.52,1248.99
node_001255,kuaishou,1301493,664.31,905.6
node_001255,douyin,1301493,713.0,1075.44
node_001255,tencent_video,1301493,620.78,1424.88
node_001255,iqiyi,1301493,533.49,1238.9
node_001255,bilibili,1301493,616.61,896.45
node_001255,netease,1301493,479.23,753.02
node_001255,default,1301493,421.95,539.49
node_001256,kuaishou,961414,1105.03,1028.71
node_001256,douyin,961414,981.57,1065.0
node_001256,tencent_video,961414,759.98,1310.06
node_001256,iqiyi,961414,634.89,1028.4
node_001256,bilibili,961414,806.15,913.49
node_001256,netease,961414,569.4,788.62
node_001256,default,961414,537.75,566.12
node_001257,kuaishou,2087894,986.5,1210.0
node_001257,douyin,2087894,1082.27,1386.49
node_001257,tencent_video,2087894,852.68,1834.3
node_001257,iqiyi,2087894,810.58,1657.34
node_001257,bilibili,2087894,892.97,1188.34
node_001257,netease,2087894,691.52,1002.54
node_001257,default,2087894,576.26,800.89
node_001258,kuaishou,1891577,1547.58,1961.09
node_001258,douyin,1891577,1455.61,2006.28
node_001258,tencent_video,1891577,1219.31,2240.78
node_001258,iqiyi,1891577,1089.41,1788.96
node_001258,bilibili,1891577,1195.63,1968.07
node_001258,netease,1891577,928.3,1628.44
node_001258,default,1891577,775.44,1135.51
node_001259,kuaishou,2391237,1234.41,1645.1
node_001259,douyin,2391237,1206.48,1858.36
node_001259,tencent_video,2391237,1096.25,2135.18
node_001259,iqiyi,2391237,932.5,2037.98
node_001259,bilibili,2391237,1076.94,1817.57
node_001259,netease,2391237,779.68,1452.78
node_001259,default,2391237,722.84,999.04
node_001260,kuaishou,2576059,1316.66,1327.06
node_001260,douyin,2576059,1099.77,1556.12
node_001260,tencent_video,2576059,921.12,1725.98
node_001260,iqiyi,2576059,805.83,1470.79
node_001260,bilibili,2576059,983.66,1274.54
node_001260,netease,2576059,766.5,1141.88
node_001260,default,2576059,606.88,760.74
node_001261,kuaishou,2473559,753.93,779.03
node_001261,douyin,2473559,710.09,1002.3
node_001261,tencent_video,2473559,523.56,1218.24
node_001261,iqiyi,2473559,462.34,1052.68
node_001261,bilibili,2473559,597.71,749.86
node_001261,netease,2473559,439.49,702.12
node_001261,default,2473559,395.88,496.8
node_001262,kuaishou,1162282,907.48,1013.88
node_001262,douyin,1162282,875.74,1122.62
node_001262,tencent_video,1162282,696.62,1144.81
node_001262,iqiyi,1162282,696.66,1106.93
node_001262,bilibili,1162282,776.56,966.03
node_001262,netease,1162282,604.77,854.78
node_001262,default,1162282,537.01,564.02
node_001263,kuaishou,120303,885.4,1013.73
node_001263,douyin,120303,871.9,1077.09
node_001263,tencent_video,120303,744.03,1264.54
node_001263,iqiyi,120303,626.74,1033.26
node_001263,bilibili,120303,740.22,972.89
node_001263,netease,120303,526.94,866.39
node_001263,default,120303,523.02,587.41
node_001264,kuaishou,2029791,1092.54,1183.85
node_001264,douyin,2029791,973.28,1420.48
node_001264,tencent_video,2029791,855.8,1805.5
node_001264,iqiyi,2029791,762.06,1622.14
node_001264,bilibili,2029791,891.37,1271.89
node_001264,netease,2029791,670.76,1124.66
node_001264,default,2029791,585.57,770.02
node_001265,kuaishou,830231,731.84,870.73
node_001265,douyin,830231,706.36,1122.47
node_001265,tencent_video,830231,652.52,1498.3
node_001265,iqiyi,830231,582.0,1305.82
node_001265,bilibili,830231,673.16,986.07
node_001265,netease,830231,451.86,762.93
node_001265,default,830231,407.98,606.06
node_001266,kuaishou,1652238,1350.23,1631.03
node_001266,douyin,1652238,1228.0,1904.84
node_001266,tencent_video,1652238,1055.93,1932.72
node_001266,iqiyi,1652238,995.08,1829.48
node_001266,bilibili,1652238,1225.02,1694.66
node_001266,netease,1652238,828.45,1403.19
node_001266,default,1652238,755.2,1033.13
node_001267,kuaishou,1541271,1028.92,1076.5
node_001267,douyin,1541271,821.2,1218.78
node_001267,tencent_video,1541271,725.56,1317.27
node_001267,iqiyi,1541271,708.58,1237.8
node_001267,bilibili,1541271,853.88,1077.49
node_001267,netease,1541271,664.58,916.78
node_001267,default,1541271,565.7,632.42
node_001268,kuaishou,1815433,965.72,1207.17
node_001268,douyin,1815433,917.83,1179.4
node_001268,tencent_video,1815433,686.33,1764.68
node_001268,iqiyi,1815433,597.79,1436.39
node_001268,bilibili,1815433,713.02,1139.7
node_001268,netease,1815433,511.42,971.39
node_001268,default,1815433,469.65,664.49
node_001269,kuaishou,1685370,893.2,874.69
node_001269,douyin,1685370,731.28,1062.46
node_001269,tencent_video,1685370,692.4,1273.0
node_001269,iqiyi,1685370,618.08,1017.04
node_001269,bilibili,1685370,756.95,979.53
node_001269,netease,1685370,542.83,721.1
node_001269,default,1685370,534.68,555.86
node_001270,kuaishou,664626,647.53,839.69
node_001270,douyin,664626,671.75,960.51
node_001270,tencent_video,664626,539.84,1113.58
node_001270,iqiyi,664626,495.1,989.48
node_001270,bilibili,664626,592.96,841.89
node_001270,netease,664626,493.53,663.83
node_001270,default,664626,379.55,494.34
node_001271,kuaishou,191366,981.4,989.01
node_001271,douyin,191366,833.04,1242.6
node_001271,tencent_video,191366,719.33,1424.38
node_001271,iqiyi,191366,655.06,1268.8
node_001271,bilibili,191366,711.35,994.08
node_001271,netease,191366,602.74,831.38
node_001271,default,191366,528.2,600.01
node_001272,kuaishou,381389,890.26,948.74
node_001272,douyin,381389,765.11,1067.05
node_001272,tencent_video,381389,702.81,1396.35
node_001272,iqiyi,381389,644.9,1187.42
node_001272,bilibili,381389,736.8,837.39
node_001272,netease,381389,595.0,796.1
node_001272,default,381389,442.23,575.67
node_001273,kuaishou,1062588,836.76,1133.32
node_001273,douyin,1062588,725.07,1255.99
node_001273,tencent_video,1062588,686.7,1419.46
node_001273,iqiyi,1062588,619.03,1232.84
node_001273,bilibili,1062588,735.42,1084.74
node_001273,netease,1062588,540.43,904.89
node_001273,default,1062588,508.78,650.86
node_001274,kuaishou,688621,712.36,873.18
node_001274,douyin,688621,634.73,987.83
node_001274,tencent_video,688621,588.49,1142.96
node_001274,iqiyi,688621,517.14,997.96
node_001274,bilibili,688621,611.82,919.44
node_001274,netease,688621,461.53,709.52
node_001274,default,688621,386.22,517.22
node_001275,kuaishou,1530735,892.07,1087.74
node_001275,douyin,1530735,889.78,1177.16
node_001275,tencent_video,1530735,787.12,1546.13
node_001275,iqiyi,1530735,630.79,1302.01
node_001275,bilibili,1530735,841.76,1023.92
node_001275,netease,1530735,594.79,903.45
node_001275,default,1530735,531.74,615.4
node_001276,kuaishou,1129725,949.39,1102.3
node_001276,douyin,1129725,892.12,1297.55
node_001276,tencent_video,1129725,814.97,1821.27
node_001276,iqiyi,1129725,751.36,1620.4
node_001276,bilibili,1129725,838.65,1134.36
node_001276,netease,1129725,680.78,1021.33
node_001276,default,1129725,626.48,674.21
node_001277,kuaishou,575264,766.36,969.46
node_001277,douyin,575264,687.55,959.14
node_001277,tencent_video,575264,653.47,1502.55
node_001277,iqiyi,575264,559.43,1251.25
node_001277,bilibili,575264,663.65,1005.64
node_001277,netease,575264,499.41,789.01
node_001277,default,575264,439.81,562.01
node_001278,kuaishou,1632680,642.96,717.61
node_001278,douyin,1632680,597.59,764.34
node_001278,tencent_video,1632680,488.51,845.43
node_001278,iqiyi,1632680,433.65,706.57
node_001278,bilibili,1632680,543.41,701.55
node_001278,netease,1632680,409.52,594.95
node_001278,default,1632680,328.07,402.76
node_001279,kuaishou,826524,1018.51,1188.56
node_001279,douyin,826524,925.32,1291.91
node_001279,tencent_video,826524,785.5,1687.43
node_001279,iqiyi,826524,795.78,1627.18
node_001279,bilibili,826524,856.71,1059.1
node_001279,netease,826524,710.43,989.09
node_001279,default,826524,554.09,587.55
node_001280,kuaishou,1644678,920.22,1092.73
node_001280,douyin,1644678,870.57,1154.95
node_001280,tencent_video,1644678,656.16,1533.11
node_001280,iqiyi,1644678,594.42,1523.18
node_001280,bilibili,1644678,725.15,1053.14
node_001280,netease,1644678,569.3,907.22
node_001280,default,1644678,430.55,687.2
node_001281,kuaishou,782922,953.62,1139.42
node_001281,douyin,782922,899.54,1274.46
node_001281,tencent_video,782922,762.14,1412.83
node_001281,iqiyi,782922,658.7,1278.28
node_001281,bilibili,782922,853.6,1136.13
node_001281,netease,782922,559.75,890.68
node_001281,default,782922,549.27,688.66
node_001282,kuaishou,1431858,732.41,945.45
node_001282,douyin,1431858,670.41,967.48
node_001282,tencent_video,1431858,616.07,1257.98
node_001282,iqiyi,1431858,522.69,1170.42
node_001282,bilibili,1431858,620.14,809.12
node_001282,netease,1431858,452.96,754.56
node_001282,default,1431858,403.77,563.26
node_001283,kuaishou,540593,1492.5,1825.3
node_001283,douyin,540593,1255.86,2248.9
node_001283,tencent_video,540593,1175.32,2364.3
node_001283,iqiyi,540593,952.02,2032.8
node_001283,bilibili,540593,1280.96,1807.52
node_001283,netease,540593,968.33,1620.48
node_001283,default,540593,810.43,1205.37
node_001284,kuaishou,1009740,1356.32,1228.33
node_001284,douyin,1009740,1042.49,1463.71
node_001284,tencent_video,1009740,893.31,1644.39
node_001284,iqiyi,1009740,768.8,1329.08
node_001284,bilibili,1009740,851.1,1174.39
node_001284,netease,1009740,687.68,1065.25
node_001284,default,1009740,677.95,692.34
node_001285,kuaishou,1992186,1377.1,1511.45
node_001285,douyin,1992186,1213.5,1702.35
node_001285,tencent_video,1992186,924.43,1689.52
node_001285,iqiyi,1992186,959.53,1469.97
node_001285,bilibili,1992186,987.42,1278.96
node_001285,netease,1992186,736.56,1141.39
node_001285,default,1992186,650.4,860.55
node_001286,kuaishou,261322,1152.28,1697.9
node_001286,douyin,261322,1167.12,1822.01
node_001286,tencent_video,261322,1054.77,2058.0
node_001286,iqiyi,261322,998.93,1869.75
node_001286,bilibili,261322,1018.65,1558.46
node_001286,netease,261322,843.29,1476.72
node_001286,default,261322,634.28,936.9
node_001287,kuaishou,951612,1158.86,1293.8
node_001287,douyin,951612,1080.03,1442.35
node_001287,tencent_video,951612,960.26,1719.34
node_001287,iqiyi,951612,804.66,1320.62
node_001287,bilibili,951612,893.2,1144.99
node_001287,netease,951612,737.7,1128.6
node_001287,default,951612,629.35,773.43
node_001288,kuaishou,2285694,1217.84,1275.93
node_001288,douyin,2285694,1139.72,1620.04
node_001288,tencent_video,2285694,937.12,1603.1
node_001288,iqiyi,2285694,846.58,1440.83
node_001288,bilibili,2285694,962.85,1325.89
node_001288,netease,2285694,645.08,943.32
node_001288,default,2285694,638.18,752.07
node_001289,kuaishou,789029,943.38,870.83
node_001289,douyin,789029,904.34,961.1
node_001289,tencent_video,789029,725.05,1339.21
node_001289,iqiyi,789029,618.95,1233.87
node_001289,bilibili,789029,675.3,848.3
node_001289,netease,789029,531.35,751.25
node_001289,default,789029,509.81,495.36
node_001290,kuaishou,2401429,745.31,1104.99
node_001290,douyin,2401429,769.06,1066.16
node_001290,tencent_video,2401429,684.78,1160.5
node_001290,iqiyi,2401429,591.4,1065.12
node_001290,bilibili,2401429,721.68,1059.1
node_001290,netease,2401429,552.19,863.01
node_001290,default,2401429,456.2,571.96
node_001291,kuaishou,1456468,936.87,1066.64
node_001291,douyin,1456468,806.71,1297.88
node_001291,tencent_video,1456468,835.98,1559.19
node_001291,iqiyi,1456468,724.22,1322.91
node_001291,bilibili,1456468,747.42,1058.05
node_001291,netease,1456468,580.08,921.59
node_001291,default,1456468,559.9,617.72
node_001292,kuaishou,1932492,957.7,905.82
node_001292,douyin,1932492,909.1,1063.75
node_001292,tencent_video,1932492,731.0,1299.27
node_001292,iqiyi,1932492,634.71,1251.16
node_001292,bilibili,1932492,731.0,946.14
node_001292,netease,1932492,569.11,789.2
node_001292,default,1932492,524.1,539.9
node_001293,kuaishou,1280344,1126.62,1213.72
node_001293,douyin,1280344,1003.8,1551.86
node_001293,tencent_video,1280344,805.96,1583.32
node_001293,iqiyi,1280344,846.35,1350.48
node_001293,bilibili,1280344,997.86,1289.25
node_001293,netease,1280344,773.87,1093.11
node_001293,default,1280344,679.73,761.02
node_001294,kuaishou,2071280,906.78,1113.42
node_001294,douyin,2071280,996.43,1228.17
node_001294,tencent_video,2071280,834.81,1582.47
node_001294,iqiyi,2071280,694.58,1373.37
node_001294,bilibili,2071280,889.97,1070.82
node_001294,netease,2071280,688.64,926.38
node_001294,default,2071280,570.28,685.58
node_001295,kuaishou,1554695,744.71,1021.8
node_001295,douyin,1554695,690.72,1217.72
node_001295,tencent_video,1554695,625.73,1633.12
node_001295,iqiyi,1554695,601.62,1439.28
node_001295,bilibili,1554695,610.36,946.97
node_001295,netease,1554695,563.35,850.75
node_001295,default,1554695,429.06,616.63
node_001296,kuaishou,985746,1466.92,1506.19
node_001296,douyin,985746,1302.49,1853.76
node_001296,tencent_video,985746,1004.05,1918.59
node_001296,iqiyi,985746,866.19,1485.04
node_001296,bilibili,985746,1065.81,1587.44
node_001296,netease,985746,782.2,1433.16
node_001296,default,985746,686.19,989.62
node_001297,kuaishou,2205010,674.81,728.51
node_001297,douyin,2205010,615.98,925.52
node_001297,tencent_video,2205010,611.87,1237.82
node_001297,iqiyi,2205010,501.01,1062.04
node_001297,bilibili,2205010,606.53,831.24
node_001297,netease,2205010,436.75,713.85
node_001297,default,2205010,386.79,432.87
node_001298,kuaishou,2495355,662.02,781.94
node_001298,douyin,2495355,631.96,856.81
node_001298,tencent_video,2495355,524.93,1089.72
node_001298,iqiyi,2495355,478.42,1043.99
node_001298,bilibili,2495355,522.8,763.64
node_001298,netease,2495355,451.03,660.38
node_001298,default,2495355,384.4,433.27
node_001299,kuaishou,826592,1529.77,1922.22
node_001299,douyin,826592,1629.35,2314.02
node_001299,tencent_video,826592,1211.04,2896.46
node_001299,iqiyi,826592,1056.07,2404.0
node_001299,bilibili,826592,1224.27,1961.98
node_001299,netease,826592,963.18,1685.02
node_001299,default,826592,877.09,1135.23
node_001300,kuaishou,2335780,884.98,1255.19
node_001300,douyin,2335780,951.34,1301.88
node_001300,tencent_video,2335780,860.91,1544.09
node_001300,iqiyi,2335780,731.44,1331.91
node_001300,bilibili,2335780,928.48,1101.07
node_001300,netease,2335780,691.47,1026.81
node_001300,default,2335780,644.73,731.66
node_001301,kuaishou,1768965,1501.84,1711.81
node_001301,douyin,1768965,1283.9,2022.02
node_001301,tencent_video,1768965,1115.35,2517.13
node_001301,iqiyi,1768965,908.07,2333.13
node_001301,bilibili,1768965,1185.82,1784.0
node_001301,netease,1768965,844.72,1516.56
node_001301,default,1768965,770.67,1095.06
node_001302,kuaishou,2398082,1083.43,1072.56
node_001302,douyin,2398082,975.59,1299.23
node_001302,tencent_video,2398082,818.36,1815.4
node_001302,iqiyi,2398082,812.37,1537.68
node_001302,bilibili,2398082,910.89,1088.29
node_001302,netease,2398082,638.46,904.1
node_001302,default,2398082,559.05,703.82
node_001303,kuaishou,453550,922.88,964.33
node_001303,douyin,453550,773.2,1163.68
node_001303,tencent_video,453550,644.34,1285.66
node_001303,iqiyi,453550,581.95,1020.89
node_001303,bilibili,453550,611.25,1051.89
node_001303,netease,453550,503.45,852.3
node_001303,default,453550,442.9,580.9
node_001304,kuaishou,1624479,1260.95,1593.52
node_001304,douyin,1624479,1058.07,1771.93
node_001304,tencent_video,1624479,916.64,2034.15
node_001304,iqiyi,1624479,880.01,1632.33
node_001304,bilibili,1624479,987.25,1518.03
node_001304,netease,1624479,796.56,1410.48
node_001304,default,1624479,736.82,888.99
node_001305,kuaishou,685490,792.88,1119.15
node_001305,douyin,685490,708.82,1271.67
node_001305,tencent_video,685490,722.44,1363.02
node_001305,iqiyi,685490,638.13,1101.01
node_001305,bilibili,685490,653.42,1128.88
node_001305,netease,685490,583.97,932.86
node_001305,default,685490,537.63,618.33
node_001306,kuaishou,2028982,1047.16,1253.34
node_001306,douyin,2028982,957.95,1391.9
node_001306,tencent_video,2028982,838.09,1536.23
node_001306,iqiyi,2028982,792.03,1258.48
node_001306,bilibili,2028982,966.13,1263.33
node_001306,netease,2028982,665.47,1159.55
node_001306,default,2028982,616.32,706.74
node_001307,kuaishou,533487,785.97,1069.39
node_001307,douyin,533487,678.46,1281.25
node_001307,tencent_video,533487,628.66,1234.41
node_001307,iqiyi,533487,571.59,1087.01
node_001307,bilibili,533487,679.98,1009.47
node_001307,netease,533487,526.51,832.56
node_001307,default,533487,461.55,579.36
node_001308,kuaishou,353833,1111.91,1069.12
node_001308,douyin,353833,780.67,1268.1
node_001308,tencent_video,353833,748.67,1372.03
node_001308,iqiyi,353833,689.2,1196.24
node_001308,bilibili,353833,814.07,1193.85
node_001308,netease,353833,653.54,1020.22
node_001308,default,353833,574.4,715.13
node_001309,kuaishou,1662885,726.79,1055.25
node_001309,douyin,1662885,770.55,1250.54
node_001309,tencent_video,1662885,639.23,1183.67
node_001309,iqiyi,1662885,661.49,1170.45
node_001309,bilibili,1662885,765.09,1116.79
node_001309,netease,1662885,520.4,798.79
node_001309,default,1662885,463.21,643.26
node_001310,kuaishou,2368735,783.62,915.94
node_001310,douyin,2368735,740.15,1230.03
node_001310,tencent_video,2368735,641.52,1500.74
node_001310,iqiyi,2368735,595.23,1420.15
node_001310,bilibili,2368735,718.39,958.44
node_001310,netease,2368735,496.98,971.72
node_001310,default,2368735,472.13,649.17
node_001311,kuaishou,68805,1210.36,1517.88
node_001311,douyin,68805,1084.87,1892.54
node_001311,tencent_video,68805,1037.64,1851.33
node_001311,iqiyi,68805,898.71,1787.38
node_001311,bilibili,68805,917.77,1565.88
node_001311,netease,68805,836.82,1261.52
node_001311,default,68805,718.56,948.4
node_001312,kuaishou,2361496,1010.08,1035.03
node_001312,douyin,2361496,849.82,992.52
node_001312,tencent_video,2361496,730.47,1464.54
node_001312,iqiyi,2361496,568.45,1247.4
node_001312,bilibili,2361496,754.31,980.33
node_001312,netease,2361496,592.37,730.75
node_001312,default,2361496,480.05,544.22
node_001313,kuaishou,125165,1037.68,1161.89
node_001313,douyin,125165,896.84,1420.01
node_001313,tencent_video,125165,716.53,1395.77
node_001313,iqiyi,125165,707.35,1216.35
node_001313,bilibili,125165,686.19,1217.65
node_001313,netease,125165,551.54,1007.51
node_001313,default,125165,546.42,648.19
node_001314,kuaishou,1038400,1597.25,1846.96
node_001314,douyin,1038400,1332.93,2114.69
node_001314,tencent_video,1038400,1112.68,2501.8
node_001314,iqiyi,1038400,1004.01,2308.61
node_001314,bilibili,1038400,1266.69,1765.5
node_001314,netease,1038400,848.2,1398.13
node_001314,default,1038400,770.49,969.51
node_001315,kuaishou,1948160,1112.79,1618.33
node_001315,douyin,1948160,1132.34,1690.14
node_001315,tencent_video,1948160,999.97,2181.67
node_001315,iqiyi,1948160,833.83,2045.94
node_001315,bilibili,1948160,1082.04,1328.26
node_001315,netease,1948160,799.7,1273.99
node_001315,default,1948160,680.78,977.13
node_001316,kuaishou,227705,719.25,745.41
node_001316,douyin,227705,575.15,1026.37
node_001316,tencent_video,227705,623.31,1088.58
node_001316,iqiyi,227705,511.03,995.17
node_001316,bilibili,227705,628.27,895.6
node_001316,netease,227705,418.48,732.66
node_001316,default,227705,439.45,521.85
node_001317,kuaishou,334651,788.68,968.61
node_001317,douyin,334651,727.23,1004.12
node_001317,tencent_video,334651,661.24,1302.39
node_001317,iqiyi,334651,583.16,1075.9
node_001317,bilibili,334651,694.56,1038.71
node_001317,netease,334651,520.51,854.94
node_001317,default,334651,480.61,608.28
node_001318,kuaishou,911764,1449.5,1749.83
node_001318,douyin,911764,1338.01,1981.83
node_001318,tencent_video,911764,1059.49,1963.47
node_001318,iqiyi,911764,1034.91,1719.4
node_001318,bilibili,911764,1065.47,1509.29
node_001318,netease,911764,892.44,1471.77
node_001318,default,911764,748.06,918.72
node_001319,kuaishou,614647,948.63,1161.43
node_001319,douyin,614647,895.3,1305.71
node_001319,tencent_video,614647,760.67,1338.35
node_001319,iqiyi,614647,698.9,1225.85
node_001319,bilibili,614647,902.76,1137.11
node_001319,netease,614647,616.01,950.18
node_001319,default,614647,562.14,656.09
node_001320,kuaishou,1240632,988.48,1096.25
node_001320,douyin,1240632,839.7,1242.5
node_001320,tencent_video,1240632,799.82,1385.31
node_001320,iqiyi,1240632,708.65,1236.45
node_001320,bilibili,1240632,956.94,1027.79
node_001320,netease,1240632,686.56,955.22
node_001320,default,1240632,555.98,606.79
node_001321,kuaishou,898753,1115.08,1376.68
node_001321,douyin,898753,933.05,1554.51
node_001321,tencent_video,898753,958.95,2125.49
node_001321,iqiyi,898753,811.81,1820.54
node_001321,bilibili,898753,1018.93,1407.14
node_001321,netease,898753,769.66,1153.68
node_001321,default,898753,641.67,820.78
node_001322,kuaishou,917267,1070.51,1348.6
node_001322,douyin,917267,1001.59,1602.84
node_001322,tencent_video,917267,875.95,1683.18
node_001322,iqiyi,917267,900.35,1507.74
node_001322,bilibili,917267,920.43,1335.38
node_001322,netease,917267,657.6,1151.29
node_001322,default,917267,701.08,766.72
node_001323,kuaishou,1817580,780.34,1014.99
node_001323,douyin,1817580,655.42,1210.91
node_001323,tencent_video,1817580,673.31,1354.43
node_001323,iqiyi,1817580,542.5,1259.67
node_001323,bilibili,1817580,703.4,965.26
node_001323,netease,1817580,526.96,844.74
node_001323,default,1817580,453.63,616.68
node_001324,kuaishou,716847,1069.04,1407.37
node_001324,douyin,716847,1105.21,1529.22
node_001324,tencent_video,716847,891.68,1985.33
node_001324,iqiyi,716847,829.41,1814.14
node_001324,bilibili,716847,966.65,1324.18
node_001324,netease,716847,810.09,1138.17
node_001324,default,716847,625.7,845.25
node_001325,kuaishou,1019105,951.84,1192.24
node_001325,douyin,1019105,984.43,1349.74
node_001325,tencent_video,1019105,900.11,1837.45
node_001325,iqiyi,1019105,819.88,1739.06
node_001325,bilibili,1019105,1022.78,1231.8
node_001325,netease,1019105,673.34,1013.2
node_001325,default,1019105,650.47,681.15
node_001326,kuaishou,498901,1187.03,1458.99
node_001326,douyin,498901,1134.4,1832.69
node_001326,tencent_video,498901,1027.94,1941.18
node_001326,iqiyi,498901,989.98,1703.49
node_001326,bilibili,498901,1044.13,1454.0
node_001326,netease,498901,866.57,1282.23
node_001326,default,498901,701.16,973.42
node_001327,kuaishou,181627,1256.9,1448.24
node_001327,douyin,181627,1059.04,1782.25
node_001327,tencent_video,181627,981.82,2171.25
node_001327,iqiyi,181627,884.17,2063.87
node_001327,bilibili,181627,1045.56,1547.72
node_001327,netease,181627,775.4,1305.65
node_001327,default,181627,694.69,912.6
node_001328,kuaishou,551980,901.68,1109.33
node_001328,douyin,551980,946.72,1223.43
node_001328,tencent_video,551980,752.41,1542.26
node_001328,iqiyi,551980,757.78,1377.45
node_001328,bilibili,551980,876.11,1106.49
node_001328,netease,551980,624.64,908.46
node_001328,default,551980,574.33,649.52
node_001329,kuaishou,1447025,799.75,949.18
node_001329,douyin,1447025,695.72,995.32
node_001329,tencent_video,1447025,711.56,1245.35
node_001329,iqiyi,1447025,603.45,1092.55
node_001329,bilibili,1447025,710.01,882.63
node_001329,netease,1447025,535.59,829.61
node_001329,default,1447025,462.62,541.69
node_001330,kuaishou,521250,873.14,889.46
node_001330,douyin,521250,869.59,988.29
node_001330,tencent_video,521250,715.88,1115.27
node_001330,iqiyi,521250,612.44,1106.15
node_001330,bilibili,521250,761.04,979.15
node_001330,netease,521250,540.31,750.88
node_001330,default,521250,452.9,514.85
node_001331,kuaishou,572596,902.04,934.68
node_001331,douyin,572596,811.52,1167.16
node_001331,tencent_video,572596,637.95,1254.94
node_001331,iqiyi,572596,620.62,1255.83
node_001331,bilibili,572596,702.25,985.43
node_001331,netease,572596,527.8,859.75
node_001331,default,572596,480.83,626.72
node_001332,kuaishou,1049137,961.51,1036.39
node_001332,douyin,1049137,879.02,1241.34
node_001332,tencent_video,1049137,767.99,1717.84
node_001332,iqiyi,1049137,698.81,1422.36
node_001332,bilibili,1049137,764.44,1098.22
node_001332,netease,1049137,613.54,953.41
node_001332,default,1049137,513.91,656.09
node_001333,kuaishou,127628,881.96,899.01
node_001333,douyin,127628,869.54,1102.71
node_001333,tencent_video,127628,701.44,1444.78
node_001333,iqiyi,127628,659.91,1234.09
node_001333,bilibili,127628,749.04,989.63
node_001333,netease,127628,629.21,720.09
node_001333,default,127628,537.96,566.47
node_001334,kuaishou,300371,1053.85,1246.09
node_001334,douyin,300371,964.98,1401.75
node_001334,tencent_video,300371,848.8,1819.31
node_001334,iqiyi,300371,746.76,1519.5
node_001334,bilibili,300371,904.82,1094.18
node_001334,netease,300371,708.01,882.65
node_001334,default,300371,613.06,727.52
node_001335,kuaishou,48801,1032.24,1081.16
node_001335,douyin,48801,1040.99,1266.85
node_001335,tencent_video,48801,803.0,1741.38
node_001335,iqiyi,48801,714.08,1356.49
node_001335,bilibili,48801,791.51,1082.25
node_001335,netease,48801,584.21,897.71
node_001335,default,48801,563.55,681.38
node_001336,kuaishou,2415494,859.57,1138.68
node_001336,douyin,2415494,750.21,1302.21
node_001336,tencent_video,2415494,742.29,1516.29
node_001336,iqiyi,2415494,666.81,1236.32
node_001336,bilibili,2415494,727.72,1276.27
node_001336,netease,2415494,549.5,1058.15
node_001336,default,2415494,511.83,671.98
node_001337,kuaishou,2073062,830.02,913.35
node_001337,douyin,2073062,723.38,1050.2
node_001337,tencent_video,2073062,747.48,1148.13
node_001337,iqiyi,2073062,710.05,1025.36
node_001337,bilibili,2073062,722.46,929.24
node_001337,netease,2073062,524.34,741.4
node_001337,default,2073062,464.9,545.56
node_001338,kuaishou,668440,1144.35,1350.74
node_001338,douyin,668440,1048.96,1498.29
node_001338,tencent_video,668440,862.49,1675.25
node_001338,iqiyi,668440,794.35,1423.82
node_001338,bilibili,668440,1033.61,1447.95
node_001338,netease,668440,786.81,1196.47
node_001338,default,668440,653.2,846.91
node_001339,kuaishou,1447834,706.83,874.02
node_001339,douyin,1447834,718.25,983.11
node_001339,tencent_video,1447834,604.16,1082.13
node_001339,iqiyi,1447834,541.55,951.46
node_001339,bilibili,1447834,644.35,813.6
node_001339,netease,1447834,408.4,745.21
node_001339,default,1447834,370.43,549.07
node_001340,kuaishou,1165116,781.14,962.1
node_001340,douyin,1165116,665.24,1125.57
node_001340,tencent_video,1165116,576.55,1276.83
node_001340,iqiyi,1165116,562.27,1048.41
node_001340,bilibili,1165116,661.08,968.23
node_001340,netease,1165116,536.09,784.48
node_001340,default,1165116,435.29,579.5
node_001341,kuaishou,990440,918.62,1133.34
node_001341,douyin,990440,868.44,1097.17
node_001341,tencent_video,990440,832.9,1682.64
node_001341,iqiyi,990440,728.49,1218.61
node_001341,bilibili,990440,824.96,1118.53
node_001341,netease,990440,640.56,919.43
node_001341,default,990440,574.68,646.89
node_001342,kuaishou,532427,1427.43,1892.23
node_001342,douyin,532427,1246.32,2061.46
node_001342,tencent_video,532427,1103.26,2288.32
node_001342,iqiyi,532427,939.27,1991.14
node_001342,bilibili,532427,1363.86,1672.12
node_001342,netease,532427,916.67,1565.89
node_001342,default,532427,816.0,1032.41
node_001343,kuaishou,1734600,1157.18,1129.97
node_001343,douyin,1734600,1134.08,1472.44
node_001343,tencent_video,1734600,849.22,1844.12
node_001343,iqiyi,1734600,781.68,1644.97
node_001343,bilibili,1734600,845.67,1261.21
node_001343,netease,1734600,650.26,1082.12
node_001343,default,1734600,572.32,690.67
node_001344,kuaishou,378325,836.67,935.16
node_001344,douyin,378325,835.61,1210.73
node_001344,tencent_video,378325,621.13,1538.35
node_001344,iqiyi,378325,579.96,1384.7
node_001344,bilibili,378325,712.12,897.9
node_001344,netease,378325,546.89,871.6
node_001344,default,378325,442.96,592.29
node_001345,kuaishou,1920791,1412.57,1408.28
node_001345,douyin,1920791,1244.09,1716.52
node_001345,tencent_video,1920791,962.64,1815.82
node_001345,iqiyi,1920791,913.69,1671.91
node_001345,bilibili,1920791,974.25,1508.32
node_001345,netease,1920791,817.45,1226.83
node_001345,default,1920791,671.94,912.03
node_001346,kuaishou,441012,873.31,1007.88
node_001346,douyin,441012,851.68,1260.28
node_001346,tencent_video,441012,752.33,1563.94
node_001346,iqiyi,441012,672.79,1380.86
node_001346,bilibili,441012,854.4,1050.36
node_001346,netease,441012,607.54,886.65
node_001346,default,441012,519.61,595.73
node_001347,kuaishou,1105440,828.91,940.19
node_001347,douyin,1105440,650.64,1177.23
node_001347,tencent_video,1105440,655.39,1308.62
node_001347,iqiyi,1105440,543.83,1123.37
node_001347,bilibili,1105440,645.43,1016.3
node_001347,netease,1105440,509.48,917.36
node_001347,default,1105440,456.62,582.07
node_001348,kuaishou,2228287,619.81,727.07
node_001348,douyin,2228287,527.47,872.35
node_001348,tencent_video,2228287,557.17,1163.86
node_001348,iqiyi,2228287,488.66,980.95
node_001348,bilibili,2228287,523.32,741.95
node_001348,netease,2228287,406.4,637.04
node_001348,default,2228287,353.17,449.53
node_001349,kuaishou,1886376,815.78,972.06
node_001349,douyin,1886376,862.21,1136.15
node_001349,tencent_video,1886376,809.86,1377.22
node_001349,iqiyi,1886376,659.84,1051.69
node_001349,bilibili,1886376,778.9,987.01
node_001349,netease,1886376,650.78,812.55
node_001349,default,1886376,548.45,646.85
node_001350,kuaishou,1520641,1077.75,1277.47
node_001350,douyin,1520641,962.85,1526.0
node_001350,tencent_video,1520641,938.56,1900.54
node_001350,iqiyi,1520641,801.88,1609.22
node_001350,bilibili,1520641,962.55,1375.35
node_001350,netease,1520641,774.08,1060.93
node_001350,default,1520641,696.72,758.04
node_001351,kuaishou,960629,836.69,1137.04
node_001351,douyin,960629,797.98,1240.65
node_001351,tencent_video,960629,647.22,1260.21
node_001351,iqiyi,960629,619.78,1133.16
node_001351,bilibili,960629,711.08,1143.66
node_001351,netease,960629,536.6,987.51
node_001351,default,960629,438.32,639.79
node_001352,kuaishou,1062382,927.78,1092.31
node_001352,douyin,1062382,839.78,1234.48
node_001352,tencent_video,1062382,714.91,1733.61
node_001352,iqiyi,1062382,573.37,1390.03
node_001352,bilibili,1062382,657.59,1180.02
node_001352,netease,1062382,567.94,826.68
node_001352,default,1062382,474.68,639.22
node_001353,kuaishou,1586744,1006.68,1046.37
node_001353,douyin,1586744,863.71,1301.06
node_001353,tencent_video,1586744,880.0,1771.74
node_001353,iqiyi,1586744,734.38,1526.0
node_001353,bilibili,1586744,852.59,1194.3
node_001353,netease,1586744,667.06,1024.87
node_001353,default,1586744,532.58,652.55
node_001354,kuaishou,2223775,798.27,1039.02
node_001354,douyin,2223775,855.45,1124.37
node_001354,tencent_video,2223775,578.03,1197.13
node_001354,iqiyi,2223775,579.27,1114.41
node_001354,bilibili,2223775,601.89,927.91
node_001354,netease,2223775,530.74,881.86
node_001354,default,2223775,449.7,612.26
node_001355,kuaishou,447842,1073.46,1201.4
node_001355,douyin,447842,941.81,1477.42
node_001355,tencent_video,447842,911.43,1663.12
node_001355,iqiyi,447842,745.02,1283.5
node_001355,bilibili,447842,877.25,1194.29
node_001355,netease,447842,757.69,1144.13
node_001355,default,447842,584.18,821.63
node_001356,kuaishou,1599069,839.85,1138.86
node_001356,douyin,1599069,683.23,1188.81
node_001356,tencent_video,1599069,726.21,1296.1
node_001356,iqiyi,1599069,621.34,1134.79
node_001356,bilibili,1599069,755.59,993.11
node_001356,netease,1599069,544.3,982.96
node_001356,default,1599069,498.37,647.32
node_001357,kuaishou,562444,900.2,1045.39
node_001357,douyin,562444,842.92,1185.76
node_001357,tencent_video,562444,727.01,1481.86
node_001357,iqiyi,562444,676.43,1332.52
node_001357,bilibili,562444,853.33,1052.66
node_001357,netease,562444,599.91,931.46
node_001357,default,562444,551.31,581.06
node_001358,kuaishou,2254737,1124.71,1291.49
node_001358,douyin,2254737,987.68,1425.37
node_001358,tencent_video,2254737,913.93,1765.08
node_001358,iqiyi,2254737,784.65,1709.06
node_001358,bilibili,2254737,986.72,1230.58
node_001358,netease,2254737,736.28,1061.04
node_001358,default,2254737,644.87,726.12
node_001359,kuaishou,729607,1312.59,1650.54
node_001359,douyin,729607,1173.91,1761.58
node_001359,tencent_video,729607,1098.96,2044.72
node_001359,iqiyi,729607,888.75,1807.23
node_001359,bilibili,729607,1016.69,1517.57
node_001359,netease,729607,738.84,1312.27
node_001359,default,729607,699.71,898.81
node_001360,kuaishou,1557449,973.23,1168.12
node_001360,douyin,1557449,949.32,1261.51
node_001360,tencent_video,1557449,784.9,1721.36
node_001360,iqiyi,1557449,785.65,1584.17
node_001360,bilibili,1557449,936.4,1163.92
node_001360,netease,1557449,664.1,971.19
node_001360,default,1557449,552.24,662.22
node_001361,kuaishou,1768562,1325.63,1959.66
node_001361,douyin,1768562,1194.41,2135.64
node_001361,tencent_video,1768562,1115.27,2807.16
node_001361,iqiyi,1768562,1016.84,2448.26
node_001361,bilibili,1768562,1290.86,1793.11
node_001361,netease,1768562,894.67,1553.47
node_001361,default,1768562,870.82,1109.16
node_001362,kuaishou,2058519,1351.74,1398.55
node_001362,douyin,2058519,1132.13,1648.48
node_001362,tencent_video,2058519,967.59,2209.29
node_001362,iqiyi,2058519,921.61,1928.04
node_001362,bilibili,2058519,1056.82,1573.65
node_001362,netease,2058519,849.18,1328.65
node_001362,default,2058519,719.25,900.06
node_001363,kuaishou,1258862,982.6,1110.76
node_001363,douyin,1258862,928.16,1169.13
node_001363,tencent_video,1258862,771.1,1504.15
node_001363,iqiyi,1258862,768.36,1226.49
node_001363,bilibili,1258862,933.19,1119.86
node_001363,netease,1258862,658.33,944.79
node_001363,default,1258862,649.79,702.26
node_001364,kuaishou,113945,885.28,1153.77
node_001364,douyin,113945,792.72,1298.31
node_001364,tencent_video,113945,639.19,1456.99
node_001364,iqiyi,113945,651.91,1297.05
node_001364,bilibili,113945,746.96,1201.18
node_001364,netease,113945,542.76,1045.25
node_001364,default,113945,471.89,683.65
node_001365,kuaishou,283899,782.42,929.42
node_001365,douyin,283899,815.09,1092.6
node_001365,tencent_video,283899,773.65,1269.85
node_001365,iqiyi,283899,652.0,975.57
node_001365,bilibili,283899,723.38,966.77
node_001365,netease,283899,542.86,807.94
node_001365,default,283899,551.93,590.96
node_001366,kuaishou,29247,1044.45,1331.13
node_001366,douyin,29247,938.98,1433.73
node_001366,tencent_video,29247,948.47,1844.18
node_001366,iqiyi,29247,750.02,1628.77
node_001366,bilibili,29247,1003.17,1116.76
node_001366,netease,29247,718.25,1036.88
node_001366,default,29247,620.03,742.7
node_001367,kuaishou,1079129,980.46,1101.37
node_001367,douyin,1079129,869.6,1238.52
node_001367,tencent_video,1079129,782.26,1481.93
node_001367,iqiyi,1079129,713.54,1297.23
node_001367,bilibili,1079129,853.45,1052.33
node_001367,netease,1079129,652.18,891.87
node_001367,default,1079129,582.42,662.35
node_001368,kuaishou,2163059,1127.93,1102.01
node_001368,douyin,2163059,1010.74,1389.03
node_001368,tencent_video,2163059,850.07,1436.42
node_001368,iqiyi,2163059,744.8,1322.69
node_001368,bilibili,2163059,949.48,1219.25
node_001368,netease,2163059,659.4,1007.73
node_001368,default,2163059,616.54,780.0
node_001369,kuaishou,196899,583.06,778.79
node_001369,douyin,196899,585.93,795.77
node_001369,tencent_video,196899,538.88,1047.13
node_001369,iqiyi,196899,493.46,936.66
node_001369,bilibili,196899,569.53,725.71
node_001369,netease,196899,376.26,669.43
node_001369,default,196899,393.02,438.38
node_001370,kuaishou,593575,1247.49,1825.62
node_001370,douyin,593575,1240.15,1794.6
node_001370,tencent_video,593575,1060.54,2678.79
node_001370,iqiyi,593575,911.0,2185.79
node_001370,bilibili,593575,1306.42,1692.2
node_001370,netease,593575,926.02,1572.31
node_001370,default,593575,733.74,1046.16
node_001371,kuaishou,1696636,1025.72,1013.52
node_001371,douyin,1696636,858.89,1092.5
node_001371,tencent_video,1696636,773.4,1298.22
node_001371,iqiyi,1696636,683.79,1103.48
node_001371,bilibili,1696636,799.52,1036.9
node_001371,netease,1696636,554.56,819.66
node_001371,default,1696636,520.56,599.52
node_001372,kuaishou,720388,902.26,924.98
node_001372,douyin,720388,748.0,1152.03
node_001372,tencent_video,720388,764.71,1113.31
node_001372,iqiyi,720388,660.97,1012.06
node_001372,bilibili,720388,779.57,894.38
node_001372,netease,720388,601.24,842.53
node_001372,default,720388,480.23,563.1
node_001373,kuaishou,1234474,1240.81,1278.45
node_001373,douyin,1234474,1147.93,1679.36
node_001373,tencent_video,1234474,967.82,1797.11
node_001373,iqiyi,1234474,877.59,1376.37
node_001373,bilibili,1234474,928.89,1292.99
node_001373,netease,1234474,723.59,1100.06
node_001373,default,1234474,631.84,829.51
node_001374,kuaishou,1089811,872.64,948.73
node_001374,douyin,1089811,743.56,1177.74
node_001374,tencent_video,1089811,645.59,1227.19
node_001374,iqiyi,1089811,566.93,1039.44
node_001374,bilibili,1089811,624.75,979.89
node_001374,netease,1089811,490.49,805.08
node_001374,default,1089811,478.93,579.2
node_001375,kuaishou,2380300,1088.0,1301.11
node_001375,douyin,2380300,983.26,1485.2
node_001375,tencent_video,2380300,899.02,1992.79
node_001375,iqiyi,2380300,818.77,1821.22
node_001375,bilibili,2380300,919.1,1321.67
node_001375,netease,2380300,808.0,1107.93
node_001375,default,2380300,629.89,734.17
node_001376,kuaishou,1485812,1286.32,1617.05
node_001376,douyin,1485812,1115.97,1778.84
node_001376,tencent_video,1485812,1082.36,2531.81
node_001376,iqiyi,1485812,952.54,2172.27
node_001376,bilibili,1485812,1078.26,1688.3
node_001376,netease,1485812,854.81,1374.26
node_001376,default,1485812,777.99,1020.0
node_001377,kuaishou,401423,1001.29,1076.45
node_001377,douyin,401423,813.87,1155.0
node_001377,tencent_video,401423,684.78,1302.15
node_001377,iqiyi,401423,637.23,1156.69
node_001377,bilibili,401423,839.01,1014.06
node_001377,netease,401423,575.69,919.01
node_001377,default,401423,532.1,613.43
node_001378,kuaishou,282233,1140.59,1185.86
node_001378,douyin,282233,909.85,1409.3
node_001378,tencent_video,282233,886.42,1849.64
node_001378,iqiyi,282233,745.98,1652.32
node_001378,bilibili,282233,912.75,1304.05
node_001378,netease,282233,700.28,962.4
node_001378,default,282233,623.17,810.23
node_001379,kuaishou,1718412,860.29,1070.06
node_001379,douyin,1718412,869.33,1209.07
node_001379,tencent_video,1718412,809.65,1293.61
node_001379,iqiyi,1718412,706.01,1129.91
node_001379,bilibili,1718412,801.74,1063.27
node_001379,netease,1718412,688.99,921.64
node_001379,default,1718412,556.35,651.55
node_001380,kuaishou,527449,940.1,1045.15
node_001380,douyin,527449,767.51,1059.27
node_001380,tencent_video,527449,701.39,1130.53
node_001380,iqiyi,527449,622.96,1021.23
node_001380,bilibili,527449,798.59,918.75
node_001380,netease,527449,613.66,865.39
node_001380,default,527449,517.36,606.91
node_001381,kuaishou,339237,819.03,912.85
node_001381,douyin,339237,782.35,1153.24
node_001381,tencent_video,339237,683.33,1459.87
node_001381,iqiyi,339237,689.28,1202.74
node_001381,bilibili,339237,765.89,962.06
node_001381,netease,339237,587.89,798.13
node_001381,default,339237,486.94,579.66
node_001382,kuaishou,1640411,1632.64,1732.12
node_001382,douyin,1640411,1372.49,1992.77
node_001382,tencent_video,1640411,1107.14,2081.36
node_001382,iqiyi,1640411,1050.22,1962.45
node_001382,bilibili,1640411,1201.9,1669.57
node_001382,netease,1640411,848.84,1460.74
node_001382,default,1640411,801.88,1063.01
node_001383,kuaishou,2249589,1218.28,1358.76
node_001383,douyin,2249589,1034.34,1516.31
node_001383,tencent_video,2249589,894.98,2080.13
node_001383,iqiyi,2249589,875.68,1823.04
node_001383,bilibili,2249589,916.33,1354.84
node_001383,netease,2249589,700.69,1111.17
node_001383,default,2249589,689.83,749.47
node_001384,kuaishou,70655,1044.97,1150.33
node_001384,douyin,70655,907.02,1325.18
node_001384,tencent_video,70655,954.15,1570.29
node_001384,iqiyi,70655,816.11,1355.15
node_001384,bilibili,70655,947.99,1303.65
node_001384,netease,70655,718.81,1132.41
node_001384,default,70655,615.25,760.88
node_001385,kuaishou,75597,717.92,846.83
node_001385,douyin,75597,708.13,855.22
node_001385,tencent_video,75597,561.96,1219.97
node_001385,iqiyi,75597,498.95,971.27
node_001385,bilibili,75597,635.5,799.55
node_001385,netease,75597,408.31,665.44
node_001385,default,75597,376.84,465.01
node_001386,kuaishou,2169984,927.46,1028.65
node_001386,douyin,2169984,842.51,1270.26
node_001386,tencent_video,2169984,824.32,1316.57
node_001386,iqiyi,2169984,740.83,1213.59
node_001386,bilibili,2169984,780.74,1107.07
node_001386,netease,2169984,677.19,844.61
node_001386,default,2169984,615.21,638.39
node_001387,kuaishou,630975,972.87,913.41
node_001387,douyin,630975,875.3,1048.25
node_001387,tencent_video,630975,722.91,1102.61
node_001387,iqiyi,630975,589.19,1055.74
node_001387,bilibili,630975,774.26,836.49
node_001387,netease,630975,567.34,804.54
node_001387,default,630975,514.95,521.43
node_001388,kuaishou,1859725,1010.52,1202.24
node_001388,douyin,1859725,987.69,1316.92
node_001388,tencent_video,1859725,832.59,1555.61
node_001388,iqiyi,1859725,706.5,1434.02
node_001388,bilibili,1859725,918.25,1145.73
node_001388,netease,1859725,662.49,957.63
node_001388,default,1859725,572.39,730.89
node_001389,kuaishou,2352119,991.35,1012.92
node_001389,douyin,2352119,881.29,1159.43
node_001389,tencent_video,2352119,771.48,1333.79
node_001389,iqiyi,2352119,653.35,1082.79
node_001389,bilibili,2352119,769.15,998.26
node_001389,netease,2352119,576.33,766.73
node_001389,default,2352119,502.2,605.17
node_001390,kuaishou,390846,898.07,965.45
node_001390,douyin,390846,811.69,1150.37
node_001390,tencent_video,390846,706.67,1146.65
node_001390,iqiyi,390846,651.0,993.34
node_001390,bilibili,390846,766.75,964.2
node_001390,netease,390846,583.51,800.88
node_001390,default,390846,554.68,602.81
node_001391,kuaishou,1412298,754.14,946.1
node_001391,douyin,1412298,696.6,1204.49
node_001391,tencent_video,1412298,622.27,1379.05
node_001391,iqiyi,1412298,591.34,1305.37
node_001391,bilibili,1412298,625.81,1021.56
node_001391,netease,1412298,511.8,937.6
node_001391,default,1412298,458.67,628.56
node_001392,kuaishou,520093,814.49,1021.23
node_001392,douyin,520093,833.66,1138.27
node_001392,tencent_video,520093,725.5,1301.23
node_001392,iqiyi,520093,672.56,1002.8
node_001392,bilibili,520093,732.97,901.78
node_001392,netease,520093,630.13,894.67
node_001392,default,520093,548.4,585.33
node_001393,kuaishou,2564654,803.28,795.33
node_001393,douyin,2564654,682.67,884.93
node_001393,tencent_video,2564654,528.8,1108.35
node_001393,iqiyi,2564654,545.72,1126.99
node_001393,bilibili,2564654,553.2,717.28
node_001393,netease,2564654,443.26,663.36
node_001393,default,2564654,396.68,491.89
node_001394,kuaishou,246504,1500.58,1792.68
node_001394,douyin,246504,1315.47,1847.64
node_001394,tencent_video,246504,1063.25,2063.67
node_001394,iqiyi,246504,923.86,1866.28
node_001394,bilibili,246504,1146.57,1726.72
node_001394,netease,246504,831.2,1366.79
node_001394,default,246504,753.88,1000.18
node_001395,kuaishou,473483,708.03,835.59
node_001395,douyin,473483,694.74,841.18
node_001395,tencent_video,473483,633.63,1106.59
node_001395,iqiyi,473483,541.96,933.77
node_001395,bilibili,473483,624.76,842.98
node_001395,netease,473483,485.18,738.92
node_001395,default,473483,407.18,517.71
node_001396,kuaishou,1882925,1060.31,1122.9
node_001396,douyin,1882925,1000.16,1372.0
node_001396,tencent_video,1882925,881.41,1340.12
node_001396,iqiyi,1882925,736.04,1231.46
node_001396,bilibili,1882925,878.86,1142.63
node_001396,netease,1882925,641.74,971.12
node_001396,default,1882925,566.47,736.51
node_001397,kuaishou,1264611,815.95,1207.2
node_001397,douyin,1264611,756.42,1280.65
node_001397,tencent_video,1264611,702.5,1403.17
node_001397,iqiyi,1264611,668.0,1343.4
node_001397,bilibili,1264611,758.6,1230.05
node_001397,netease,1264611,535.55,996.94
node_001397,default,1264611,537.45,735.3
node_001398,kuaishou,2225691,900.46,977.9
node_001398,douyin,2225691,799.23,1012.13
node_001398,tencent_video,2225691,643.61,1435.62
node_001398,iqiyi,2225691,574.77,1299.74
node_001398,bilibili,2225691,555.85,1007.25
node_001398,netease,2225691,514.38,849.19
node_001398,default,2225691,441.78,591.34
node_001399,kuaishou,916283,1240.93,1230.38
node_001399,douyin,916283,1074.51,1474.72
node_001399,tencent_video,916283,881.47,1410.46
node_001399,iqiyi,916283,779.99,1277.43
node_001399,bilibili,916283,959.5,1329.25
node_001399,netease,916283,751.76,1057.35
node_001399,default,916283,587.56,745.06
node_001400,kuaishou,256938,1121.35,1173.25
node_001400,douyin,256938,1039.4,1346.25
node_001400,tencent_video,256938,854.42,1325.09
node_001400,iqiyi,256938,771.11,1232.34
node_001400,bilibili,256938,884.49,1202.01
node_001400,netease,256938,690.7,978.3
node_001400,default,256938,579.91,716.73
node_001401,kuaishou,1637289,1288.76,1317.79
node_001401,douyin,1637289,1129.32,1517.24
node_001401,tencent_video,1637289,906.52,1861.3
node_001401,iqiyi,1637289,757.54,1387.36
node_001401,bilibili,1637289,902.13,1340.29
node_001401,netease,1637289,734.64,1091.9
node_001401,default,1637289,663.99,808.16
node_001402,kuaishou,1303647,1197.14,1316.0
node_001402,douyin,1303647,1082.77,1501.96
node_001402,tencent_video,1303647,947.89,1917.11
node_001402,iqiyi,1303647,954.69,1422.2
node_001402,bilibili,1303647,961.08,1370.0
node_001402,netease,1303647,844.57,1191.67
node_001402,default,1303647,699.8,856.71
node_001403,kuaishou,2340441,626.4,789.74
node_001403,douyin,2340441,580.62,948.76
node_001403,tencent_video,2340441,563.12,1229.01
node_001403,iqiyi,2340441,518.55,1033.89
node_001403,bilibili,2340441,608.81,768.9
node_001403,netease,2340441,455.51,607.06
node_001403,default,2340441,372.06,530.4
node_001404,kuaishou,865904,804.89,1094.19
node_001404,douyin,865904,686.91,1095.89
node_001404,tencent_video,865904,693.39,1322.52
node_001404,iqiyi,865904,562.22,1038.18
node_001404,bilibili,865904,733.34,1026.73
node_001404,netease,865904,545.54,884.27
node_001404,default,865904,467.18,613.8
node_001405,kuaishou,1301454,812.23,1148.73
node_001405,douyin,1301454,757.39,1366.05
node_001405,tencent_video,1301454,683.82,1328.7
node_001405,iqiyi,1301454,608.15,1187.48
node_001405,bilibili,1301454,721.68,1018.72
node_001405,netease,1301454,534.81,878.1
node_001405,default,1301454,497.85,581.21
node_001406,kuaishou,654212,765.9,821.63
node_001406,douyin,654212,639.91,1083.29
node_001406,tencent_video,654212,631.52,1426.19
node_001406,iqiyi,654212,606.26,1149.52
node_001406,bilibili,654212,638.68,878.12
node_001406,netease,654212,430.54,756.12
node_001406,default,654212,376.32,522.18
node_001407,kuaishou,1146570,1143.96,1347.33
node_001407,douyin,1146570,935.62,1799.08
node_001407,tencent_video,1146570,1033.66,1862.79
node_001407,iqiyi,1146570,816.76,1490.64
node_001407,bilibili,1146570,1007.39,1327.82
node_001407,netease,1146570,715.24,1267.61
node_001407,default,1146570,656.59,787.27
node_001408,kuaishou,2256442,685.73,737.94
node_001408,douyin,2256442,675.06,790.37
node_001408,tencent_video,2256442,516.18,847.73
node_001408,iqiyi,2256442,431.27,848.11
node_001408,bilibili,2256442,519.72,704.94
node_001408,netease,2256442,376.16,612.23
node_001408,default,2256442,334.65,451.79
node_001409,kuaishou,1148024,1233.15,1368.49
node_001409,douyin,1148024,1010.98,1636.88
node_001409,tencent_video,1148024,975.04,1595.79
node_001409,iqiyi,1148024,838.54,1370.82
node_001409,bilibili,1148024,968.55,1353.81
node_001409,netease,1148024,775.1,1141.52
node_001409,default,1148024,649.86,893.5
node_001410,kuaishou,1090777,1197.25,1341.9
node_001410,douyin,1090777,1177.02,1314.97
node_001410,tencent_video,1090777,818.33,1582.4
node_001410,iqiyi,1090777,736.65,1372.77
node_001410,bilibili,1090777,1028.67,1229.21
node_001410,netease,1090777,730.26,1064.66
node_001410,default,1090777,586.46,723.78
node_001411,kuaishou,662058,876.68,901.77
node_001411,douyin,662058,763.71,1116.58
node_001411,tencent_video,662058,747.28,1396.84
node_001411,iqiyi,662058,598.7,1320.56
node_001411,bilibili,662058,744.08,1042.55
node_001411,netease,662058,576.08,808.79
node_001411,default,662058,496.47,573.96
node_001412,kuaishou,2352095,1133.9,1293.42
node_001412,douyin,2352095,937.41,1297.87
node_001412,tencent_video,2352095,986.63,1904.81
node_001412,iqiyi,2352095,788.74,1649.75
node_001412,bilibili,2352095,1018.79,1252.71
node_001412,netease,2352095,746.57,1073.29
node_001412,default,2352095,593.15,805.23
node_001413,kuaishou,78962,1172.97,1423.89
node_001413,douyin,78962,1135.93,1839.0
node_001413,tencent_video,78962,1025.93,1941.46
node_001413,iqiyi,78962,881.73,1735.48
node_001413,bilibili,78962,1086.24,1595.05
node_001413,netease,78962,833.92,1350.42
node_001413,default,78962,765.41,961.58
node_001414,kuaishou,1276447,982.41,998.25
node_001414,douyin,1276447,971.58,1301.47
node_001414,tencent_video,1276447,707.11,1620.09
node_001414,iqiyi,1276447,740.75,1581.2
node_001414,bilibili,1276447,824.49,957.34
node_001414,netease,1276447,688.09,961.22
node_001414,default,1276447,498.5,673.36
node_001415,kuaishou,1591878,1276.83,1600.45
node_001415,douyin,1591878,1119.42,1954.65
node_001415,tencent_video,1591878,1108.5,1947.46
node_001415,iqiyi,1591878,930.93,1813.1
node_001415,bilibili,1591878,1160.56,1522.32
node_001415,netease,1591878,787.48,1367.47
node_001415,default,1591878,686.23,859.61
node_001416,kuaishou,157610,758.47,1021.93
node_001416,douyin,157610,732.05,1241.81
node_001416,tencent_video,157610,621.38,1319.69
node_001416,iqiyi,157610,566.03,1128.98
node_001416,bilibili,157610,733.76,1058.78
node_001416,netease,157610,582.74,900.04
node_001416,default,157610,493.4,662.96
node_001417,kuaishou,130009,1478.05,1625.95
node_001417,douyin,130009,1324.12,1957.69
node_001417,tencent_video,130009,1060.67,2536.94
node_001417,iqiyi,130009,921.89,2139.52
node_001417,bilibili,130009,1255.32,1631.93
node_001417,netease,130009,776.47,1461.84
node_001417,default,130009,732.51,1026.9
node_001418,kuaishou,2463467,1240.53,1585.91
node_001418,douyin,2463467,1221.86,1869.79
node_001418,tencent_video,2463467,1047.88,2002.62
node_001418,iqiyi,2463467,903.1,1876.43
node_001418,bilibili,2463467,1179.41,1534.13
node_001418,netease,2463467,915.96,1341.57
node_001418,default,2463467,713.52,1003.03
node_001419,kuaishou,2253197,1353.65,1708.28
node_001419,douyin,2253197,1233.11,1787.39
node_001419,tencent_video,2253197,1090.27,2050.76
node_001419,iqiyi,2253197,1075.46,1904.86
node_001419,bilibili,2253197,1125.43,1688.13
node_001419,netease,2253197,860.76,1464.13
node_001419,default,2253197,718.97,1066.77
node_001420,kuaishou,487268,1262.39,1480.11
node_001420,douyin,487268,1220.56,1751.54
node_001420,tencent_video,487268,1046.44,2203.52
node_001420,iqiyi,487268,926.94,2072.03
node_001420,bilibili,487268,987.45,1573.57
node_001420,netease,487268,787.25,1186.95
node_001420,default,487268,700.41,877.76
node_001421,kuaishou,290384,1469.85,1565.71
node_001421,douyin,290384,1267.93,1941.58
node_001421,tencent_video,290384,1034.43,1981.21
node_001421,iqiyi,290384,911.1,1722.29
node_001421,bilibili,290384,1126.01,1485.09
node_001421,netease,290384,838.31,1423.45
node_001421,default,290384,727.48,1009.52
node_001422,kuaishou,381979,869.21,1039.39
node_001422,douyin,381979,772.62,1231.22
node_001422,tencent_video,381979,626.43,1236.6
node_001422,iqiyi,381979,522.01,1145.93
node_001422,bilibili,381979,715.14,928.1
node_001422,netease,381979,540.82,782.59
node_001422,default,381979,461.09,583.48
node_001423,kuaishou,412684,727.78,819.73
node_001423,douyin,412684,695.28,1013.98
node_001423,tencent_video,412684,608.67,1329.17
node_001423,iqiyi,412684,537.0,1027.63
node_001423,bilibili,412684,647.58,767.41
node_001423,netease,412684,491.27,738.82
node_001423,default,412684,426.17,523.05
node_001424,kuaishou,2007138,878.3,838.7
node_001424,douyin,2007138,842.22,1009.43
node_001424,tencent_video,2007138,703.02,1223.34
node_001424,iqiyi,2007138,654.25,1122.96
node_001424,bilibili,2007138,696.01,856.32
node_001424,netease,2007138,588.92,756.83
node_001424,default,2007138,460.55,508.23
node_001425,kuaishou,1015585,770.13,738.7
node_001425,douyin,1015585,682.3,869.62
node_001425,tencent_video,1015585,557.63,971.34
node_001425,iqiyi,1015585,470.9,763.79
node_001425,bilibili,1015585,539.47,725.52
node_001425,netease,1015585,415.23,581.78
node_001425,default,1015585,372.25,398.65
node_001426,kuaishou,1990528,994.48,1072.6
node_001426,douyin,1990528,850.51,1317.19
node_001426,tencent_video,1990528,757.07,1407.35
node_001426,iqiyi,1990528,715.69,1240.75
node_001426,bilibili,1990528,911.77,1083.28
node_001426,netease,1990528,686.05,945.46
node_001426,default,1990528,562.43,703.0
node_001427,kuaishou,421954,1181.18,1340.35
node_001427,douyin,421954,945.61,1632.47
node_001427,tencent_video,421954,834.51,1448.29
node_001427,iqiyi,421954,872.72,1450.85
node_001427,bilibili,421954,844.46,1193.67
node_001427,netease,421954,729.56,1041.03
node_001427,default,421954,598.69,843.8
node_001428,kuaishou,988393,972.92,939.49
node_001428,douyin,988393,931.67,1110.32
node_001428,tencent_video,988393,711.01,1144.22
node_001428,iqiyi,988393,632.84,980.38
node_001428,bilibili,988393,681.53,955.83
node_001428,netease,988393,552.74,750.56
node_001428,default,988393,479.76,505.45
node_001429,kuaishou,1397731,1002.97,1048.59
node_001429,douyin,1397731,857.38,1331.22
node_001429,tencent_video,1397731,873.76,1656.21
node_001429,iqiyi,1397731,697.7,1575.08
node_001429,bilibili,1397731,814.01,1118.76
node_001429,netease,1397731,626.56,948.15
node_001429,default,1397731,533.74,648.02
node_001430,kuaishou,1399793,1181.13,1371.83
node_001430,douyin,1399793,1114.22,1797.45
node_001430,tencent_video,1399793,842.35,2074.62
node_001430,iqiyi,1399793,883.49,1887.21
node_001430,bilibili,1399793,1065.12,1435.63
node_001430,netease,1399793,754.57,1153.47
node_001430,default,1399793,637.91,826.12
node_001431,kuaishou,1071230,1263.85,1109.39
node_001431,douyin,1071230,1145.04,1402.49
node_001431,tencent_video,1071230,864.91,1903.01
node_001431,iqiyi,1071230,764.91,1587.15
node_001431,bilibili,1071230,905.63,1181.61
node_001431,netease,1071230,701.5,1004.22
node_001431,default,1071230,614.02,683.53
node_001432,kuaishou,2070241,1212.85,1198.45
node_001432,douyin,2070241,1067.96,1384.55
node_001432,tencent_video,2070241,782.85,1436.14
node_001432,iqiyi,2070241,780.55,1213.85
node_001432,bilibili,2070241,856.79,1174.82
node_001432,netease,2070241,776.6,1052.9
node_001432,default,2070241,625.93,690.06
node_001433,kuaishou,2364946,722.61,907.45
node_001433,douyin,2364946,658.54,1070.14
node_001433,tencent_video,2364946,611.05,1213.89
node_001433,iqiyi,2364946,543.86,1125.12
node_001433,bilibili,2364946,703.91,958.16
node_001433,netease,2364946,488.14,783.47
node_001433,default,2364946,441.5,582.16
node_001434,kuaishou,170564,650.53,776.29
node_001434,douyin,170564,646.06,908.52
node_001434,tencent_video,170564,609.59,1038.84
node_001434,iqiyi,170564,481.72,937.81
node_001434,bilibili,170564,565.05,885.33
node_001434,netease,170564,451.57,703.53
node_001434,default,170564,391.31,489.92
node_001435,kuaishou,831447,813.83,799.61
node_001435,douyin,831447,721.3,867.3
node_001435,tencent_video,831447,554.43,971.38
node_001435,iqiyi,831447,481.26,844.72
node_001435,bilibili,831447,597.86,824.84
node_001435,netease,831447,426.13,606.57
node_001435,default,831447,408.65,496.2
node_001436,kuaishou,427377,912.82,1071.41
node_001436,douyin,427377,818.24,1139.17
node_001436,tencent_video,427377,746.37,1343.3
node_001436,iqiyi,427377,685.88,1145.88
node_001436,bilibili,427377,865.36,1173.38
node_001436,netease,427377,631.4,896.87
node_001436,default,427377,503.63,627.76
node_001437,kuaishou,1254792,991.56,1070.85
node_001437,douyin,1254792,908.9,1210.02
node_001437,tencent_video,1254792,789.09,1787.66
node_001437,iqiyi,1254792,736.88,1461.08
node_001437,bilibili,1254792,852.07,1089.32
node_001437,netease,1254792,569.1,871.48
node_001437,default,1254792,575.34,626.45
node_001438,kuaishou,1995087,1058.44,1324.33
node_001438,douyin,1995087,964.26,1549.32
node_001438,tencent_video,1995087,916.36,1599.16
node_001438,iqiyi,1995087,781.71,1353.33
node_001438,bilibili,1995087,856.21,1182.22
node_001438,netease,1995087,738.65,1155.78
node_001438,default,1995087,582.41,761.03
node_001439,kuaishou,1200004,977.66,936.46
node_001439,douyin,1200004,884.54,1071.25
node_001439,tencent_video,1200004,744.89,1285.0
node_001439,iqiyi,1200004,618.0,1261.39
node_001439,bilibili,1200004,726.3,913.37
node_001439,netease,1200004,555.68,763.64
node_001439,default,1200004,485.66,515.64
node_001440,kuaishou,1365299,861.7,1041.21
node_001440,douyin,1365299,752.43,1341.47
node_001440,tencent_video,1365299,728.0,1739.0
node_001440,iqiyi,1365299,657.03,1441.55
node_001440,bilibili,1365299,667.13,1098.41
node_001440,netease,1365299,573.34,983.7
node_001440,default,1365299,473.41,635.37
node_001441,kuaishou,1126238,766.39,860.59
node_001441,douyin,1126238,744.59,1054.8
node_001441,tencent_video,1126238,696.19,1282.81
node_001441,iqiyi,1126238,616.19,995.89
node_001441,bilibili,1126238,719.7,871.15
node_001441,netease,1126238,600.49,790.63
node_001441,default,1126238,444.6,504.4
node_001442,kuaishou,1107723,694.5,773.35
node_001442,douyin,1107723,616.95,842.64
node_001442,tencent_video,1107723,579.04,950.78
node_001442,iqiyi,1107723,522.47,893.63
node_001442,bilibili,1107723,572.29,776.16
node_001442,netease,1107723,426.61,620.14
node_001442,default,1107723,387.88,468.86
node_001443,kuaishou,697064,916.59,1148.97
node_001443,douyin,697064,839.51,1288.32
node_001443,tencent_video,697064,652.79,1350.8
node_001443,iqiyi,697064,581.6,1286.95
node_001443,bilibili,697064,694.25,1006.8
node_001443,netease,697064,503.43,923.57
node_001443,default,697064,468.51,675.97
node_001444,kuaishou,1122705,848.12,1093.36
node_001444,douyin,1122705,767.09,1307.82
node_001444,tencent_video,1122705,634.09,1709.37
node_001444,iqiyi,1122705,585.65,1420.39
node_001444,bilibili,1122705,658.28,1144.27
node_001444,netease,1122705,507.17,885.29
node_001444,default,1122705,457.39,660.52
node_001445,kuaishou,639979,1145.61,1405.17
node_001445,douyin,639979,1032.04,1568.1
node_001445,tencent_video,639979,919.18,1818.77
node_001445,iqiyi,639979,806.03,1492.93
node_001445,bilibili,639979,880.51,1245.16
node_001445,netease,639979,800.09,1175.09
node_001445,default,639979,635.0,807.81
node_001446,kuaishou,1454863,1510.43,1753.45
node_001446,douyin,1454863,1271.75,2115.67
node_001446,tencent_video,1454863,1160.65,2293.49
node_001446,iqiyi,1454863,1035.55,1880.38
node_001446,bilibili,1454863,1359.94,1890.01
node_001446,netease,1454863,919.85,1699.11
node_001446,default,1454863,759.76,1145.92
node_001447,kuaishou,2559670,1303.0,1397.22
node_001447,douyin,2559670,1307.26,1803.58
node_001447,tencent_video,2559670,941.04,2292.38
node_001447,iqiyi,2559670,903.5,1985.86
node_001447,bilibili,2559670,1007.53,1371.4
node_001447,netease,2559670,723.51,1127.58
node_001447,default,2559670,732.16,851.93
node_001448,kuaishou,1772841,704.27,977.69
node_001448,douyin,1772841,666.13,1154.16
node_001448,tencent_video,1772841,631.75,1199.44
node_001448,iqiyi,1772841,545.17,1148.97
node_001448,bilibili,1772841,689.36,941.58
node_001448,netease,1772841,472.16,750.35
node_001448,default,1772841,468.48,611.46
node_001449,kuaishou,2035133,976.6,1146.56
node_001449,douyin,2035133,903.86,1390.79
node_001449,tencent_video,2035133,773.64,1648.6
node_001449,iqiyi,2035133,707.06,1524.23
node_001449,bilibili,2035133,886.01,1101.19
node_001449,netease,2035133,694.78,1061.17
node_001449,default,2035133,593.54,737.2
node_001450,kuaishou,174049,936.21,950.69
node_001450,douyin,174049,832.04,1069.77
node_001450,tencent_video,174049,631.13,1231.1
node_001450,iqiyi,174049,619.46,1030.8
node_001450,bilibili,174049,663.8,986.51
node_001450,netease,174049,465.26,725.89
node_001450,default,174049,416.28,602.7
node_001451,kuaishou,194581,1146.67,1213.07
node_001451,douyin,194581,1213.88,1512.37
node_001451,tencent_video,194581,873.34,1908.34
node_001451,iqiyi,194581,863.24,1839.3
node_001451,bilibili,194581,953.83,1250.07
node_001451,netease,194581,716.93,1174.24
node_001451,default,194581,678.17,784.26
node_001452,kuaishou,1693797,828.54,800.36
node_001452,douyin,1693797,749.06,993.28
node_001452,tencent_video,1693797,661.25,1018.86
node_001452,iqiyi,1693797,593.69,887.67
node_001452,bilibili,1693797,742.06,806.43
node_001452,netease,1693797,547.44,707.43
node_001452,default,1693797,457.77,543.78
node_001453,kuaishou,1140643,1293.91,1592.04
node_001453,douyin,1140643,1262.26,1906.48
node_001453,tencent_video,1140643,1097.91,2113.89
node_001453,iqiyi,1140643,981.83,1730.12
node_001453,bilibili,1140643,1122.43,1844.81
node_001453,netease,1140643,923.34,1418.62
node_001453,default,1140643,734.79,883.4
node_001454,kuaishou,1307348,676.15,746.77
node_001454,douyin,1307348,549.44,849.24
node_001454,tencent_video,1307348,483.81,1043.96
node_001454,iqiyi,1307348,499.0,966.91
node_001454,bilibili,1307348,553.34,755.38
node_001454,netease,1307348,428.66,603.74
node_001454,default,1307348,381.0,395.44
node_001455,kuaishou,2336130,1365.99,1614.68
node_001455,douyin,2336130,1409.62,1856.89
node_001455,tencent_video,2336130,1115.02,1967.45
node_001455,iqiyi,2336130,962.46,1883.62
node_001455,bilibili,2336130,1089.84,1606.03
node_001455,netease,2336130,821.29,1403.75
node_001455,default,2336130,765.38,979.27
node_001456,kuaishou,2249995,1037.56,1298.87
node_001456,douyin,2249995,1063.3,1442.51
node_001456,tencent_video,2249995,863.66,1711.4
node_001456,iqiyi,2249995,860.37,1361.2
node_001456,bilibili,2249995,877.56,1288.61
node_001456,netease,2249995,757.73,1148.32
node_001456,default,2249995,617.85,834.57
node_001457,kuaishou,1717799,981.64,881.63
node_001457,douyin,1717799,832.62,1045.85
node_001457,tencent_video,1717799,709.0,1045.05
node_001457,iqiyi,1717799,609.19,968.83
node_001457,bilibili,1717799,753.75,790.15
node_001457,netease,1717799,546.92,725.68
node_001457,default,1717799,463.27,498.27
node_001458,kuaishou,2388445,1028.25,1037.54
node_001458,douyin,2388445,1004.26,1306.6
node_001458,tencent_video,2388445,731.25,1266.06
node_001458,iqiyi,2388445,736.29,1106.81
node_001458,bilibili,2388445,781.11,1136.91
node_001458,netease,2388445,623.63,900.8
node_001458,default,2388445,589.53,611.16
node_001459,kuaishou,2043581,982.29,951.79
node_001459,douyin,2043581,921.23,984.94
node_001459,tencent_video,2043581,699.79,1104.48
node_001459,iqiyi,2043581,658.31,1017.18
node_001459,bilibili,2043581,744.85,949.65
node_001459,netease,2043581,511.31,745.1
node_001459,default,2043581,480.64,549.13
node_001460,kuaishou,2354906,658.95,890.54
node_001460,douyin,2354906,604.44,922.61
node_001460,tencent_video,2354906,545.57,1103.26
node_001460,iqiyi,2354906,526.07,927.53
node_001460,bilibili,2354906,623.75,858.44
node_001460,netease,2354906,467.17,717.14
node_001460,default,2354906,385.64,557.48
node_001461,kuaishou,2402641,790.61,802.48
node_001461,douyin,2402641,757.3,964.39
node_001461,tencent_video,2402641,683.56,931.57
node_001461,iqiyi,2402641,588.17,944.76
node_001461,bilibili,2402641,663.78,797.01
node_001461,netease,2402641,548.29,757.36
node_001461,default,2402641,457.47,509.72
node_001462,kuaishou,473845,1063.15,1051.62
node_001462,douyin,473845,951.98,1233.06
node_001462,tencent_video,473845,733.55,1539.3
node_001462,iqiyi,473845,689.46,1354.15
node_001462,bilibili,473845,846.22,1140.32
node_001462,netease,473845,608.66,894.23
node_001462,default,473845,514.03,648.54
node_001463,kuaishou,2153691,1326.52,1551.29
node_001463,douyin,2153691,1296.84,1871.72
node_001463,tencent_video,2153691,1153.19,2283.97
node_001463,iqiyi,2153691,797.77,2129.69
node_001463,bilibili,2153691,1049.58,1704.82
node_001463,netease,2153691,820.88,1277.9
node_001463,default,2153691,683.07,966.84
node_001464,kuaishou,718496,580.37,658.42
node_001464,douyin,718496,578.18,799.88
node_001464,tencent_video,718496,482.42,904.65
node_001464,iqiyi,718496,485.42,761.66
node_001464,bilibili,718496,561.73,661.33
node_001464,netease,718496,419.3,596.56
node_001464,default,718496,342.48,460.6
node_001465,kuaishou,1418669,1203.15,1258.26
node_001465,douyin,1418669,1078.81,1420.46
node_001465,tencent_video,1418669,953.13,1671.02
node_001465,iqiyi,1418669,844.07,1525.68
node_001465,bilibili,1418669,936.02,1416.93
node_001465,netease,1418669,702.52,1060.35
node_001465,default,1418669,646.45,797.59
node_001466,kuaishou,1227289,776.65,860.33
node_001466,douyin,1227289,680.74,968.42
node_001466,tencent_video,1227289,567.99,1434.99
node_001466,iqiyi,1227289,510.37,1167.62
node_001466,bilibili,1227289,596.6,820.43
node_001466,netease,1227289,481.05,709.18
node_001466,default,1227289,413.5,535.53
node_001467,kuaishou,1894179,894.77,985.02
node_001467,douyin,1894179,795.44,1070.85
node_001467,tencent_video,1894179,831.07,1266.13
node_001467,iqiyi,1894179,668.58,1213.42
node_001467,bilibili,1894179,753.38,1027.07
node_001467,netease,1894179,562.59,879.3
node_001467,default,1894179,495.27,612.3
node_001468,kuaishou,1522824,1552.56,1763.2
node_001468,douyin,1522824,1431.97,2198.97
node_001468,tencent_video,1522824,1084.95,2226.37
node_001468,iqiyi,1522824,1076.5,1988.01
node_001468,bilibili,1522824,1244.17,1791.61
node_001468,netease,1522824,944.11,1526.23
node_001468,default,1522824,736.93,1174.15
node_001469,kuaishou,332652,840.22,1027.95
node_001469,douyin,332652,679.1,1179.89
node_001469,tencent_video,332652,644.61,1139.06
node_001469,iqiyi,332652,531.0,1109.97
node_001469,bilibili,332652,683.07,997.51
node_001469,netease,332652,542.96,820.33
node_001469,default,332652,423.44,582.38
node_001470,kuaishou,1907539,1132.31,1215.05
node_001470,douyin,1907539,976.44,1423.38
node_001470,tencent_video,1907539,774.61,1912.6
node_001470,iqiyi,1907539,837.2,1759.48
node_001470,bilibili,1907539,899.59,1151.53
node_001470,netease,1907539,748.34,1063.58
node_001470,default,1907539,639.96,708.79
node_001471,kuaishou,1944289,1054.71,1234.72
node_001471,douyin,1944289,1022.99,1430.56
node_001471,tencent_video,1944289,926.16,1857.66
node_001471,iqiyi,1944289,788.6,1807.41
node_001471,bilibili,1944289,968.39,1308.83
node_001471,netease,1944289,719.13,1115.79
node_001471,default,1944289,605.24,724.61
node_001472,kuaishou,1844692,1492.23,1420.39
node_001472,douyin,1844692,1185.7,1742.68
node_001472,tencent_video,1844692,955.67,1777.28
node_001472,iqiyi,1844692,956.7,1571.17
node_001472,bilibili,1844692,1051.39,1381.53
node_001472,netease,1844692,804.03,1354.21
node_001472,default,1844692,743.85,949.7
node_001473,kuaishou,1132168,1330.37,1463.79
node_001473,douyin,1132168,1271.54,1883.23
node_001473,tencent_video,1132168,1076.72,2377.89
node_001473,iqiyi,1132168,932.41,2274.43
node_001473,bilibili,1132168,1049.02,1579.02
node_001473,netease,1132168,797.22,1240.81
node_001473,default,1132168,761.31,921.84
node_001474,kuaishou,80379,853.85,1066.66
node_001474,douyin,80379,709.12,1126.95
node_001474,tencent_video,80379,676.33,1511.82
node_001474,iqiyi,80379,580.57,1344.12
node_001474,bilibili,80379,721.03,1122.83
node_001474,netease,80379,553.17,875.76
node_001474,default,80379,439.69,638.52
node_001475,kuaishou,1329675,1077.7,837.04
node_001475,douyin,1329675,831.65,1015.74
node_001475,tencent_video,1329675,684.44,1381.33
node_001475,iqiyi,1329675,655.17,1086.19
node_001475,bilibili,1329675,698.57,837.72
node_001475,netease,1329675,574.84,760.6
node_001475,default,1329675,475.01,531.32
node_001476,kuaishou,1922323,1255.73,1685.76
node_001476,douyin,1922323,1169.81,1760.42
node_001476,tencent_video,1922323,1040.35,2005.75
node_001476,iqiyi,1922323,949.26,1796.35
node_001476,bilibili,1922323,1204.45,1626.42
node_001476,netease,1922323,777.93,1403.38
node_001476,default,1922323,809.73,977.89
node_001477,kuaishou,461784,1117.72,1403.11
node_001477,douyin,461784,999.56,1602.58
node_001477,tencent_video,461784,967.53,1975.38
node_001477,iqiyi,461784,863.93,1747.22
node_001477,bilibili,461784,939.59,1353.58
node_001477,netease,461784,807.99,1087.92
node_001477,default,461784,646.46,838.87
node_001478,kuaishou,827791,686.61,774.23
node_001478,douyin,827791,629.59,849.96
node_001478,tencent_video,827791,562.18,1079.13
node_001478,iqiyi,827791,498.1,846.39
node_001478,bilibili,827791,545.67,824.81
node_001478,netease,827791,468.42,685.73
node_001478,default,827791,382.61,438.54
node_001479,kuaishou,742051,991.13,1158.88
node_001479,douyin,742051,852.68,1276.95
node_001479,tencent_video,742051,710.31,1730.7
node_001479,iqiyi,742051,653.11,1466.36
node_001479,bilibili,742051,756.89,1198.61
node_001479,netease,742051,568.17,967.61
node_001479,default,742051,490.15,665.35
node_001480,kuaishou,151855,1255.95,1210.58
node_001480,douyin,151855,1176.42,1442.61
node_001480,tencent_video,151855,868.14,1753.43
node_001480,iqiyi,151855,767.35,1497.74
node_001480,bilibili,151855,902.25,1208.68
node_001480,netease,151855,682.2,984.55
node_001480,default,151855,630.48,768.85
node_001481,kuaishou,795748,961.17,1172.33
node_001481,douyin,795748,962.53,1359.31
node_001481,tencent_video,795748,736.33,1494.18
node_001481,iqiyi,795748,644.13,1332.97
node_001481,bilibili,795748,749.02,1108.57
node_001481,netease,795748,589.01,1023.02
node_001481,default,795748,499.59,711.43
node_001482,kuaishou,2376482,763.49,784.8
node_001482,douyin,2376482,718.1,919.62
node_001482,tencent_video,2376482,600.81,1224.72
node_001482,iqiyi,2376482,507.22,1073.81
node_001482,bilibili,2376482,604.09,882.08
node_001482,netease,2376482,428.38,707.45
node_001482,default,2376482,364.37,522.66
node_001483,kuaishou,356873,1043.45,1272.55
node_001483,douyin,356873,1033.07,1478.05
node_001483,tencent_video,356873,932.27,1610.68
node_001483,iqiyi,356873,846.85,1464.54
node_001483,bilibili,356873,932.77,1242.14
node_001483,netease,356873,765.33,1063.6
node_001483,default,356873,655.13,783.82
node_001484,kuaishou,1850618,725.51,858.85
node_001484,douyin,1850618,567.69,922.64
node_001484,tencent_video,1850618,527.16,1023.16
node_001484,iqiyi,1850618,530.99,946.22
node_001484,bilibili,1850618,600.7,802.76
node_001484,netease,1850618,449.47,720.98
node_001484,default,1850618,441.55,462.95
node_001485,kuaishou,2429865,916.96,919.61
node_001485,douyin,2429865,835.71,1185.7
node_001485,tencent_video,2429865,762.41,1500.89
node_001485,iqiyi,2429865,733.21,1193.65
node_001485,bilibili,2429865,806.1,1031.55
node_001485,netease,2429865,675.33,871.48
node_001485,default,2429865,546.81,619.46
node_001486,kuaishou,1634503,1058.55,1145.45
node_001486,douyin,1634503,958.63,1362.56
node_001486,tencent_video,1634503,881.5,1753.08
node_001486,iqiyi,1634503,728.29,1620.59
node_001486,bilibili,1634503,929.11,1271.84
node_001486,netease,1634503,643.65,1006.07
node_001486,default,1634503,595.92,698.56
node_001487,kuaishou,1959737,1126.78,1208.36
node_001487,douyin,1959737,944.44,1583.46
node_001487,tencent_video,1959737,857.03,1993.58
node_001487,iqiyi,1959737,767.19,1785.71
node_001487,bilibili,1959737,1021.07,1307.68
node_001487,netease,1959737,735.87,1099.89
node_001487,default,1959737,620.48,775.76
node_001488,kuaishou,471954,995.81,1186.33
node_001488,douyin,471954,1018.73,1450.67
node_001488,tencent_video,471954,884.61,1914.32
node_001488,iqiyi,471954,777.01,1518.07
node_001488,bilibili,471954,922.27,1238.0
node_001488,netease,471954,664.16,995.91
node_001488,default,471954,605.81,693.0
node_001489,kuaishou,1449302,795.35,998.73
node_001489,douyin,1449302,782.36,1275.77
node_001489,tencent_video,1449302,723.8,1654.6
node_001489,iqiyi,1449302,686.39,1420.3
node_001489,bilibili,1449302,754.42,1057.71
node_001489,netease,1449302,559.65,954.61
node_001489,default,1449302,497.84,677.05
node_001490,kuaishou,1050174,924.8,1122.99
node_001490,douyin,1050174,782.23,1477.36
node_001490,tencent_video,1050174,693.61,1716.83
node_001490,iqiyi,1050174,651.7,1408.92
node_001490,bilibili,1050174,686.89,1132.6
node_001490,netease,1050174,559.84,993.09
node_001490,default,1050174,476.56,711.44
node_001491,kuaishou,1491545,954.06,1070.96
node_001491,douyin,1491545,761.41,1157.88
node_001491,tencent_video,1491545,720.93,1405.87
node_001491,iqiyi,1491545,709.2,1369.27
node_001491,bilibili,1491545,806.37,958.34
node_001491,netease,1491545,612.77,804.9
node_001491,default,1491545,532.64,587.89
node_001492,kuaishou,713843,1070.56,1062.41
node_001492,douyin,713843,981.08,1150.45
node_001492,tencent_video,713843,767.08,1499.85
node_001492,iqiyi,713843,680.34,1264.49
node_001492,bilibili,713843,853.57,1116.98
node_001492,netease,713843,586.95,899.69
node_001492,default,713843,571.12,581.8
node_001493,kuaishou,746034,1098.63,1261.18
node_001493,douyin,746034,997.79,1333.64
node_001493,tencent_video,746034,853.42,1320.1
node_001493,iqiyi,746034,771.08,1305.54
node_001493,bilibili,746034,936.45,1291.28
node_001493,netease,746034,712.44,1061.09
node_001493,default,746034,601.45,756.6
node_001494,kuaishou,240867,1645.69,1991.12
node_001494,douyin,240867,1437.86,2200.24
node_001494,tencent_video,240867,1118.98,2404.31
node_001494,iqiyi,240867,1060.98,1991.61
node_001494,bilibili,240867,1228.18,1816.38
node_001494,netease,240867,913.79,1617.3
node_001494,default,240867,825.9,1014.01
node_001495,kuaishou,1815850,1033.36,1339.79
node_001495,douyin,1815850,1057.35,1559.35
node_001495,tencent_video,1815850,858.27,1617.87
node_001495,iqiyi,1815850,784.11,1491.89
node_001495,bilibili,1815850,931.94,1229.25
node_001495,netease,1815850,747.61,1195.29
node_001495,default,1815850,629.9,798.39
node_001496,kuaishou,2072343,810.22,847.87
node_001496,douyin,2072343,682.55,1100.14
node_001496,tencent_video,2072343,568.61,1238.8
node_001496,iqiyi,2072343,540.55,1090.67
node_001496,bilibili,2072343,630.61,877.65
node_001496,netease,2072343,499.44,790.5
node_001496,default,2072343,440.76,541.12
node_001497,kuaishou,1030878,837.84,1042.79
node_001497,douyin,1030878,751.68,1256.84
node_001497,tencent_video,1030878,656.96,1344.44
node_001497,iqiyi,1030878,654.75,1135.46
node_001497,bilibili,1030878,753.86,1034.16
node_001497,netease,1030878,587.44,867.03
node_001497,default,1030878,462.24,687.59
node_001498,kuaishou,445936,609.33,861.16
node_001498,douyin,445936,592.29,889.9
node_001498,tencent_video,445936,524.08,1271.25
node_001498,iqiyi,445936,462.98,984.04
node_001498,bilibili,445936,570.84,792.39
node_001498,netease,445936,456.6,651.48
node_001498,default,445936,416.65,460.03
node_001499,kuaishou,1229867,1119.69,1338.68
node_001499,douyin,1229867,1034.29,1320.41
node_001499,tencent_video,1229867,825.25,1702.45
node_001499,iqiyi,1229867,785.62,1269.58
node_001499,bilibili,1229867,978.6,1243.54
node_001499,netease,1229867,727.47,935.58
node_001499,default,1229867,608.82,778.89
node_001500,kuaishou,729083,1054.17,1196.76
node_001500,douyin,729083,988.18,1431.95
node_001500,tencent_video,729083,825.71,1650.54
node_001500,iqiyi,729083,764.21,1279.68
node_001500,bilibili,729083,906.26,1195.73
node_001500,netease,729083,702.49,997.77
node_001500,default,729083,636.67,802.82
node_001501,kuaishou,1359971,685.8,960.06
node_001501,douyin,1359971,652.04,990.75
node_001501,tencent_video,1359971,657.66,1533.03
node_001501,iqiyi,1359971,560.27,1239.65
node_001501,bilibili,1359971,642.45,915.57
node_001501,netease,1359971,496.27,810.55
node_001501,default,1359971,462.48,538.98
node_001502,kuaishou,2485693,1060.68,1464.41
node_001502,douyin,2485693,924.73,1712.83
node_001502,tencent_video,2485693,991.83,1728.65
node_001502,iqiyi,2485693,752.74,1562.84
node_001502,bilibili,2485693,1024.79,1417.3
node_001502,netease,2485693,748.2,1154.33
node_001502,default,2485693,673.92,818.87
node_001503,kuaishou,773274,1165.92,1655.15
node_001503,douyin,773274,1044.24,1779.25
node_001503,tencent_video,773274,1058.46,2072.11
node_001503,iqiyi,773274,1004.7,1807.82
node_001503,bilibili,773274,1063.68,1589.78
node_001503,netease,773274,825.16,1266.67
node_001503,default,773274,709.87,1010.33
node_001504,kuaishou,1593000,1085.72,1491.7
node_001504,douyin,1593000,1126.85,1677.65
node_001504,tencent_video,1593000,882.8,1772.05
node_001504,iqiyi,1593000,894.18,1512.85
node_001504,bilibili,1593000,1067.72,1489.98
node_001504,netease,1593000,783.02,1222.97
node_001504,default,1593000,687.13,862.35
node_001505,kuaishou,405974,830.88,1123.45
node_001505,douyin,405974,780.27,1478.74
node_001505,tencent_video,405974,694.97,1800.84
node_001505,iqiyi,405974,659.89,1393.1
node_001505,bilibili,405974,754.48,1135.71
node_001505,netease,405974,594.79,1079.13
node_001505,default,405974,494.71,688.73
node_001506,kuaishou,322794,768.79,1089.48
node_001506,douyin,322794,711.04,1286.47
node_001506,tencent_video,322794,669.94,1294.63
node_001506,iqiyi,322794,642.8,1210.88
node_001506,bilibili,322794,678.17,1034.75
node_001506,netease,322794,556.92,857.07
node_001506,default,322794,487.78,704.35
node_001507,kuaishou,575370,896.24,1044.58
node_001507,douyin,575370,851.29,1351.3
node_001507,tencent_video,575370,716.42,1663.76
node_001507,iqiyi,575370,623.15,1455.58
node_001507,bilibili,575370,774.63,1003.2
node_001507,netease,575370,573.61,914.03
node_001507,default,575370,495.42,678.83
node_001508,kuaishou,198683,1582.0,1974.49
node_001508,douyin,198683,1477.65,2120.04
node_001508,tencent_video,198683,1135.32,2869.49
node_001508,iqiyi,198683,1021.38,2506.61
node_001508,bilibili,198683,1283.86,1894.71
node_001508,netease,198683,1029.2,1602.71
node_001508,default,198683,874.84,1185.77
node_001509,kuaishou,277713,772.44,859.04
node_001509,douyin,277713,784.26,958.84
node_001509,tencent_video,277713,669.96,1031.3
node_001509,iqiyi,277713,582.56,929.26
node_001509,bilibili,277713,727.48,908.62
node_001509,netease,277713,512.44,725.54
node_001509,default,277713,504.89,482.69
node_001510,kuaishou,1491359,1043.77,1065.98
node_001510,douyin,1491359,985.57,1147.7
node_001510,tencent_video,1491359,805.37,1386.41
node_001510,iqiyi,1491359,737.35,1265.62
node_001510,bilibili,1491359,866.09,1041.42
node_001510,netease,1491359,617.55,951.01
node_001510,default,1491359,561.85,643.7
node_001511,kuaishou,1749088,1053.14,1218.96
node_001511,douyin,1749088,1002.83,1477.12
node_001511,tencent_video,1749088,923.27,2048.65
node_001511,iqiyi,1749088,845.59,1759.65
node_001511,bilibili,1749088,1022.02,1374.59
node_001511,netease,1749088,732.84,1166.4
node_001511,default,1749088,597.1,840.44
node_001512,kuaishou,976958,623.59,672.04
node_001512,douyin,976958,559.45,785.41
node_001512,tencent_video,976958,520.11,846.38
node_001512,iqiyi,976958,471.15,840.33
node_001512,bilibili,976958,580.12,677.97
node_001512,netease,976958,403.17,640.74
node_001512,default,976958,377.78,420.45
node_001513,kuaishou,2252956,1107.75,1203.63
node_001513,douyin,2252956,916.07,1512.76
node_001513,tencent_video,2252956,937.32,1519.99
node_001513,iqiyi,2252956,798.28,1305.13
node_001513,bilibili,2252956,903.26,1272.2
node_001513,netease,2252956,730.65,980.11
node_001513,default,2252956,665.26,766.66
node_001514,kuaishou,2296505,1478.66,1502.93
node_001514,douyin,2296505,1205.82,1768.51
node_001514,tencent_video,2296505,971.1,1859.94
node_001514,iqiyi,2296505,943.55,1726.37
node_001514,bilibili,2296505,1109.46,1506.39
node_001514,netease,2296505,852.39,1303.32
node_001514,default,2296505,699.94,868.82
node_001515,kuaishou,2320347,1329.29,1702.91
node_001515,douyin,2320347,1260.97,1994.73
node_001515,tencent_video,2320347,1106.88,2301.04
node_001515,iqiyi,2320347,1039.6,1907.23
node_001515,bilibili,2320347,1147.6,1720.72
node_001515,netease,2320347,799.06,1569.1
node_001515,default,2320347,751.15,1094.88
node_001516,kuaishou,2585933,626.2,764.85
node_001516,douyin,2585933,628.49,942.46
node_001516,tencent_video,2585933,550.34,1216.72
node_001516,iqiyi,2585933,485.85,1181.72
node_001516,bilibili,2585933,591.34,774.81
node_001516,netease,2585933,463.29,720.7
node_001516,default,2585933,373.35,445.05
node_001517,kuaishou,2201731,828.08,1168.17
node_001517,douyin,2201731,784.85,1246.6
node_001517,tencent_video,2201731,643.66,1294.86
node_001517,iqiyi,2201731,565.35,1188.35
node_001517,bilibili,2201731,722.08,1119.96
node_001517,netease,2201731,548.42,959.31
node_001517,default,2201731,498.98,610.19
node_001518,kuaishou,1060544,628.17,676.05
node_001518,douyin,1060544,527.17,857.99
node_001518,tencent_video,1060544,557.16,888.87
node_001518,iqiyi,1060544,452.8,813.58
node_001518,bilibili,1060544,550.65,695.44
node_001518,netease,1060544,429.74,573.23
node_001518,default,1060544,346.27,429.37
node_001519,kuaishou,2513041,793.89,1060.93
node_001519,douyin,2513041,744.99,1124.18
node_001519,tencent_video,2513041,657.94,1303.03
node_001519,iqiyi,2513041,593.95,1072.02
node_001519,bilibili,2513041,693.81,989.01
node_001519,netease,2513041,477.29,906.21
node_001519,default,2513041,463.98,636.91
node_001520,kuaishou,354271,1018.1,1361.7
node_001520,douyin,354271,923.33,1259.42
node_001520,tencent_video,354271,920.61,1798.04
node_001520,iqiyi,354271,826.75,1541.58
node_001520,bilibili,354271,909.09,1314.61
node_001520,netease,354271,660.93,1045.45
node_001520,default,354271,628.27,717.5
node_001521,kuaishou,433291,649.44,870.64
node_001521,douyin,433291,681.63,930.08
node_001521,tencent_video,433291,558.92,1270.92
node_001521,iqiyi,433291,538.92,1288.84
node_001521,bilibili,433291,592.27,876.66
node_001521,netease,433291,470.42,730.6
node_001521,default,433291,410.52,511.44
node_001522,kuaishou,2330625,1024.0,1140.96
node_001522,douyin,2330625,1014.55,1344.74
node_001522,tencent_video,2330625,773.76,1588.05
node_001522,iqiyi,2330625,757.1,1456.82
node_001522,bilibili,2330625,886.66,1122.07
node_001522,netease,2330625,708.65,988.15
node_001522,default,2330625,578.47,699.0
node_001523,kuaishou,1302270,1154.75,1377.6
node_001523,douyin,1302270,1090.49,1659.2
node_001523,tencent_video,1302270,918.53,2156.81
node_001523,iqiyi,1302270,821.83,1755.9
node_001523,bilibili,1302270,915.38,1452.7
node_001523,netease,1302270,730.99,1018.48
node_001523,default,1302270,666.95,800.21
node_001524,kuaishou,2439337,938.81,1028.26
node_001524,douyin,2439337,832.15,1204.48
node_001524,tencent_video,2439337,735.89,1254.08
node_001524,iqiyi,2439337,643.38,1052.84
node_001524,bilibili,2439337,689.46,1023.18
node_001524,netease,2439337,623.34,896.44
node_001524,default,2439337,497.17,613.41
node_001525,kuaishou,586108,770.92,874.05
node_001525,douyin,586108,777.91,1104.15
node_001525,tencent_video,586108,671.93,1148.7
node_001525,iqiyi,586108,613.68,964.69
node_001525,bilibili,586108,704.32,850.15
node_001525,netease,586108,547.93,802.39
node_001525,default,586108,472.56,513.68
node_001526,kuaishou,1330913,1157.56,1350.02
node_001526,douyin,1330913,931.42,1480.86
node_001526,tencent_video,1330913,956.31,1993.66
node_001526,iqiyi,1330913,825.62,1569.57
node_001526,bilibili,1330913,925.03,1299.74
node_001526,netease,1330913,675.35,1144.65
node_001526,default,1330913,632.56,700.23
node_001527,kuaishou,2307494,1030.11,996.08
node_001527,douyin,2307494,979.88,1030.98
node_001527,tencent_video,2307494,744.4,1170.37
node_001527,iqiyi,2307494,605.14,913.27
node_001527,bilibili,2307494,752.11,848.25
node_001527,netease,2307494,544.71,752.58
node_001527,default,2307494,503.26,585.29
node_001528,kuaishou,1285755,1325.01,1468.73
node_001528,douyin,1285755,1222.31,1757.08
node_001528,tencent_video,1285755,1017.26,2347.63
node_001528,iqiyi,1285755,917.25,1951.45
node_001528,bilibili,1285755,1026.17,1520.8
node_001528,netease,1285755,787.79,1266.89
node_001528,default,1285755,713.68,898.35
node_001529,kuaishou,68117,966.13,1040.16
node_001529,douyin,68117,914.08,1185.1
node_001529,tencent_video,68117,805.03,1503.74
node_001529,iqiyi,68117,707.99,1309.14
node_001529,bilibili,68117,810.38,1037.6
node_001529,netease,68117,643.93,854.57
node_001529,default,68117,622.67,581.03
node_001530,kuaishou,741036,712.97,895.35
node_001530,douyin,741036,628.62,1108.61
node_001530,tencent_video,741036,593.85,1119.37
node_001530,iqiyi,741036,526.43,1041.55
node_001530,bilibili,741036,645.95,933.89
node_001530,netease,741036,472.9,810.02
node_001530,default,741036,415.92,561.57
node_001531,kuaishou,239910,1553.37,1824.03
node_001531,douyin,239910,1343.11,2117.29
node_001531,tencent_video,239910,1205.58,2418.85
node_001531,iqiyi,239910,1082.62,2010.06
node_001531,bilibili,239910,1259.07,1952.95
node_001531,netease,239910,829.62,1618.58
node_001531,default,239910,901.87,1109.0
node_001532,kuaishou,2321085,1008.42,1238.19
node_001532,douyin,2321085,1055.66,1460.21
node_001532,tencent_video,2321085,890.0,1779.46
node_001532,iqiyi,2321085,762.11,1546.76
node_001532,bilibili,2321085,984.36,1137.54
node_001532,netease,2321085,723.46,1079.07
node_001532,default,2321085,556.83,782.47
node_001533,kuaishou,2199282,933.64,1042.46
node_001533,douyin,2199282,826.82,1186.44
node_001533,tencent_video,2199282,737.42,1485.44
node_001533,iqiyi,2199282,747.96,1418.42
node_001533,bilibili,2199282,781.31,952.07
node_001533,netease,2199282,560.39,846.96
node_001533,default,2199282,538.81,621.08
node_001534,kuaishou,2409504,756.55,984.2
node_001534,douyin,2409504,698.05,1178.73
node_001534,tencent_video,2409504,645.97,1235.13
node_001534,iqiyi,2409504,595.46,1236.08
node_001534,bilibili,2409504,691.21,1037.32
node_001534,netease,2409504,539.71,914.68
node_001534,default,2409504,496.16,632.91
node_001535,kuaishou,1189712,576.76,739.54
node_001535,douyin,1189712,554.41,778.86
node_001535,tencent_video,1189712,519.47,839.81
node_001535,iqiyi,1189712,437.77,731.13
node_001535,bilibili,1189712,513.2,648.5
node_001535,netease,1189712,379.3,612.54
node_001535,default,1189712,365.64,395.38
node_001536,kuaishou,2165425,1172.48,1366.07
node_001536,douyin,2165425,903.85,1525.75
node_001536,tencent_video,2165425,940.19,1813.64
node_001536,iqiyi,2165425,834.16,1516.31
node_001536,bilibili,2165425,951.92,1483.83
node_001536,netease,2165425,803.28,1130.39
node_001536,default,2165425,604.24,751.22
node_001537,kuaishou,1742637,1010.57,1244.81
node_001537,douyin,1742637,1000.44,1484.19
node_001537,tencent_video,1742637,866.25,1513.82
node_001537,iqiyi,1742637,751.46,1225.87
node_001537,bilibili,1742637,901.49,1170.48
node_001537,netease,1742637,729.39,1028.69
node_001537,default,1742637,624.05,715.8
node_001538,kuaishou,1937206,1509.58,1511.25
node_001538,douyin,1937206,1205.52,1818.59
node_001538,tencent_video,1937206,1068.19,1944.71
node_001538,iqiyi,1937206,997.54,1913.14
node_001538,bilibili,1937206,987.92,1561.86
node_001538,netease,1937206,737.84,1398.3
node_001538,default,1937206,703.98,932.73
node_001539,kuaishou,1612096,1715.21,1687.86
node_001539,douyin,1612096,1298.82,2086.13
node_001539,tencent_video,1612096,1030.58,2095.85
node_001539,iqiyi,1612096,853.48,1850.3
node_001539,bilibili,1612096,1073.75,1815.49
node_001539,netease,1612096,831.3,1508.4
node_001539,default,1612096,760.7,1031.22
node_001540,kuaishou,97619,792.03,985.38
node_001540,douyin,97619,710.12,1101.81
node_001540,tencent_video,97619,663.58,1264.47
node_001540,iqiyi,97619,591.72,1199.96
node_001540,bilibili,97619,656.43,1009.02
node_001540,netease,97619,478.06,886.97
node_001540,default,97619,455.55,609.86
node_001541,kuaishou,726525,941.27,1013.13
node_001541,douyin,726525,797.63,1034.87
node_001541,tencent_video,726525,640.0,1229.59
node_001541,iqiyi,726525,553.8,1201.66
node_001541,bilibili,726525,718.94,925.24
node_001541,netease,726525,526.12,830.29
node_001541,default,726525,465.22,586.62
node_001542,kuaishou,719356,653.09,742.91
node_001542,douyin,719356,550.86,783.98
node_001542,tencent_video,719356,534.07,1032.56
node_001542,iqiyi,719356,460.91,1088.95
node_001542,bilibili,719356,604.27,748.84
node_001542,netease,719356,402.32,590.13
node_001542,default,719356,377.12,464.52
node_001543,kuaishou,383220,1097.53,1117.91
node_001543,douyin,383220,1126.87,1330.45
node_001543,tencent_video,383220,836.15,1588.64
node_001543,iqiyi,383220,762.19,1301.62
node_001543,bilibili,383220,903.07,1198.2
node_001543,netease,383220,720.63,966.0
node_001543,default,383220,603.94,767.98
node_001544,kuaishou,1090098,892.02,785.88
node_001544,douyin,1090098,662.63,1067.1
node_001544,tencent_video,1090098,572.49,1233.37
node_001544,iqiyi,1090098,521.45,1033.27
node_001544,bilibili,1090098,614.01,838.09
node_001544,netease,1090098,483.84,745.89
node_001544,default,1090098,420.68,509.7
node_001545,kuaishou,438862,1282.2,1715.76
node_001545,douyin,438862,1252.42,2166.74
node_001545,tencent_video,438862,1101.39,2033.05
node_001545,iqiyi,438862,1187.73,2107.87
node_001545,bilibili,438862,1252.71,1962.54
node_001545,netease,438862,916.15,1532.18
node_001545,default,438862,852.04,1162.34
node_001546,kuaishou,110125,1012.9,1175.3
node_001546,douyin,110125,917.45,1333.82
node_001546,tencent_video,110125,698.84,1674.25
node_001546,iqiyi,110125,678.51,1555.67
node_001546,bilibili,110125,780.17,1196.54
node_001546,netease,110125,614.56,1012.51
node_001546,default,110125,523.04,704.67
node_001547,kuaishou,1323016,1464.81,1984.26
node_001547,douyin,1323016,1315.58,2212.45
node_001547,tencent_video,1323016,1111.34,2278.84
node_001547,iqiyi,1323016,1087.95,2146.14
node_001547,bilibili,1323016,1269.63,2037.36
node_001547,netease,1323016,962.95,1625.1
node_001547,default,1323016,829.88,1181.7
node_001548,kuaishou,2148868,772.49,1020.56
node_001548,douyin,2148868,728.05,1027.9
node_001548,tencent_video,2148868,671.81,1327.8
node_001548,iqiyi,2148868,618.18,1054.62
node_001548,bilibili,2148868,678.54,979.16
node_001548,netease,2148868,468.2,828.79
node_001548,default,2148868,428.5,613.86
node_001549,kuaishou,2193289,588.84,773.97
node_001549,douyin,2193289,586.63,838.52
node_001549,tencent_video,2193289,481.78,959.37
node_001549,iqiyi,2193289,455.46,813.31
node_001549,bilibili,2193289,548.07,675.63
node_001549,netease,2193289,416.03,585.93
node_001549,default,2193289,356.27,449.77
node_001550,kuaishou,2589107,773.13,1046.56
node_001550,douyin,2589107,790.05,1282.37
node_001550,tencent_video,2589107,629.49,1353.27
node_001550,iqiyi,2589107,633.69,1187.17
node_001550,bilibili,2589107,717.22,1127.32
node_001550,netease,2589107,557.24,899.71
node_001550,default,2589107,487.04,658.64
node_001551,kuaishou,1495368,1101.65,1324.12
node_001551,douyin,1495368,1008.65,1416.41
node_001551,tencent_video,1495368,829.51,1514.6
node_001551,iqiyi,1495368,824.07,1503.01
node_001551,bilibili,1495368,963.55,1265.04
node_001551,netease,1495368,767.51,1060.28
node_001551,default,1495368,584.06,775.1
node_001552,kuaishou,519979,867.75,1025.24
node_001552,douyin,519979,911.0,1350.27
node_001552,tencent_video,519979,802.96,1859.15
node_001552,iqiyi,519979,686.03,1385.42
node_001552,bilibili,519979,830.75,1087.5
node_001552,netease,519979,651.77,905.89
node_001552,default,519979,578.29,682.17
node_001553,kuaishou,2315624,1125.85,1336.27
node_001553,douyin,2315624,948.12,1635.49
node_001553,tencent_video,2315624,942.49,2230.97
node_001553,iqiyi,2315624,785.47,1792.51
node_001553,bilibili,2315624,922.7,1461.96
node_001553,netease,2315624,799.38,1295.7
node_001553,default,2315624,675.82,867.33
node_001554,kuaishou,36744,1093.62,1294.82
node_001554,douyin,36744,1046.92,1581.25
node_001554,tencent_video,36744,997.75,1631.55
node_001554,iqiyi,36744,821.92,1455.21
node_001554,bilibili,36744,954.7,1380.61
node_001554,netease,36744,661.69,1136.35
node_001554,default,36744,693.06,837.5
node_001555,kuaishou,1476679,1092.01,1033.9
node_001555,douyin,1476679,989.66,1047.76
node_001555,tencent_video,1476679,772.67,1495.91
node_001555,iqiyi,1476679,683.26,1360.2
node_001555,bilibili,1476679,770.16,964.15
node_001555,netease,1476679,585.87,803.39
node_001555,default,1476679,501.74,580.26
node_001556,kuaishou,1701267,902.98,963.16
node_001556,douyin,1701267,795.25,1189.79
node_001556,tencent_video,1701267,695.99,1260.91
node_001556,iqiyi,1701267,645.03,1054.03
node_001556,bilibili,1701267,739.46,926.19
node_001556,netease,1701267,572.58,737.75
node_001556,default,1701267,521.05,578.76
node_001557,kuaishou,1976200,979.42,957.87
node_001557,douyin,1976200,884.92,1050.04
node_001557,tencent_video,1976200,738.57,980.74
node_001557,iqiyi,1976200,665.85,958.58
node_001557,bilibili,1976200,753.51,968.4
node_001557,netease,1976200,551.54,742.6
node_001557,default,1976200,488.75,497.46
node_001558,kuaishou,56834,803.68,1047.2
node_001558,douyin,56834,786.16,1320.55
node_001558,tencent_video,56834,729.75,1555.36
node_001558,iqiyi,56834,591.6,1383.12
node_001558,bilibili,56834,736.33,1008.91
node_001558,netease,56834,510.68,879.58
node_001558,default,56834,451.63,672.35
node_001559,kuaishou,1113953,1034.68,1436.38
node_001559,douyin,1113953,1149.47,1524.92
node_001559,tencent_video,1113953,969.91,1833.07
node_001559,iqiyi,1113953,751.42,1689.86
node_001559,bilibili,1113953,998.2,1333.43
node_001559,netease,1113953,723.69,1060.17
node_001559,default,1113953,635.11,774.24
node_001560,kuaishou,83285,746.08,981.49
node_001560,douyin,83285,629.28,1081.94
node_001560,tencent_video,83285,576.5,1412.7
node_001560,iqiyi,83285,547.89,1236.21
node_001560,bilibili,83285,675.06,976.07
node_001560,netease,83285,520.21,781.24
node_001560,default,83285,446.91,576.87
node_001561,kuaishou,2478395,666.24,805.47
node_001561,douyin,2478395,640.41,888.93
node_001561,tencent_video,2478395,548.86,998.47
node_001561,iqiyi,2478395,481.37,930.65
node_001561,bilibili,2478395,561.34,782.19
node_001561,netease,2478395,479.16,601.12
node_001561,default,2478395,386.73,452.42
node_001562,kuaishou,1041757,1421.07,1576.97
node_001562,douyin,1041757,1252.6,1670.55
node_001562,tencent_video,1041757,1044.29,1870.2
node_001562,iqiyi,1041757,948.49,1650.72
node_001562,bilibili,1041757,1122.3,1570.14
node_001562,netease,1041757,827.08,1321.78
node_001562,default,1041757,708.45,933.65
node_001563,kuaishou,1590999,989.59,987.62
node_001563,douyin,1590999,909.15,1076.0
node_001563,tencent_video,1590999,742.42,1429.13
node_001563,iqiyi,1590999,640.74,1193.0
node_001563,bilibili,1590999,800.56,1001.28
node_001563,netease,1590999,551.58,792.44
node_001563,default,1590999,526.57,538.39
node_001564,kuaishou,1253921,1027.34,1321.72
node_001564,douyin,1253921,1085.81,1496.7
node_001564,tencent_video,1253921,944.58,1831.08
node_001564,iqiyi,1253921,800.24,1785.98
node_001564,bilibili,1253921,943.28,1308.67
node_001564,netease,1253921,684.4,1169.83
node_001564,default,1253921,604.55,861.21
node_001565,kuaishou,769893,1202.01,1575.11
node_001565,douyin,769893,1198.56,1873.86
node_001565,tencent_video,769893,1005.17,2083.25
node_001565,iqiyi,769893,964.73,1681.07
node_001565,bilibili,769893,1061.27,1663.4
node_001565,netease,769893,862.23,1245.37
node_001565,default,769893,689.67,983.54
node_001566,kuaishou,1956942,1244.13,1313.61
node_001566,douyin,1956942,1241.75,1511.57
node_001566,tencent_video,1956942,817.65,2013.08
node_001566,iqiyi,1956942,858.45,1894.28
node_001566,bilibili,1956942,1067.17,1368.7
node_001566,netease,1956942,776.0,1165.48
node_001566,default,1956942,668.99,810.12
node_001567,kuaishou,805925,953.27,1110.02
node_001567,douyin,805925,857.48,1244.48
node_001567,tencent_video,805925,753.38,1321.9
node_001567,iqiyi,805925,736.46,1126.36
node_001567,bilibili,805925,857.59,955.25
node_001567,netease,805925,597.93,908.37
node_001567,default,805925,591.08,624.61
node_001568,kuaishou,573279,880.51,1043.61
node_001568,douyin,573279,878.08,1088.03
node_001568,tencent_video,573279,579.56,1455.77
node_001568,iqiyi,573279,646.2,1279.2
node_001568,bilibili,573279,704.86,934.47
node_001568,netease,573279,489.05,833.86
node_001568,default,573279,493.52,623.48
node_001569,kuaishou,425509,1112.89,928.95
node_001569,douyin,425509,1043.14,1116.98
node_001569,tencent_video,425509,765.43,1475.06
node_001569,iqiyi,425509,640.72,1361.8
node_001569,bilibili,425509,802.75,1003.08
node_001569,netease,425509,599.85,922.53
node_001569,default,425509,586.9,642.94
node_001570,kuaishou,2440423,1684.14,1827.68
node_001570,douyin,2440423,1484.92,2086.83
node_001570,tencent_video,2440423,1159.31,2808.5
node_001570,iqiyi,2440423,1083.89,2626.54
node_001570,bilibili,2440423,1314.34,1842.9
node_001570,netease,2440423,960.99,1530.34
node_001570,default,2440423,821.43,1145.44
node_001571,kuaishou,949817,683.36,802.44
node_001571,douyin,949817,609.91,893.03
node_001571,tencent_video,949817,594.59,1312.52
node_001571,iqiyi,949817,520.42,1036.76
node_001571,bilibili,949817,592.59,901.67
node_001571,netease,949817,473.92,745.01
node_001571,default,949817,468.97,514.38
node_001572,kuaishou,1713627,1101.93,1047.89
node_001572,douyin,1713627,885.15,1109.35
node_001572,tencent_video,1713627,723.32,1491.31
node_001572,iqiyi,1713627,658.63,1260.24
node_001572,bilibili,1713627,827.71,970.37
node_001572,netease,1713627,591.53,837.74
node_001572,default,1713627,531.79,599.13
node_001573,kuaishou,2378711,971.57,1285.48
node_001573,douyin,2378711,916.55,1389.85
node_001573,tencent_video,2378711,874.68,1835.6
node_001573,iqiyi,2378711,672.49,1698.59
node_001573,bilibili,2378711,951.37,1238.58
node_001573,netease,2378711,689.29,1041.55
node_001573,default,2378711,558.21,681.11
node_001574,kuaishou,1840331,947.21,1101.76
node_001574,douyin,1840331,931.56,1386.39
node_001574,tencent_video,1840331,614.96,1379.14
node_001574,iqiyi,1840331,617.39,1300.71
node_001574,bilibili,1840331,678.48,950.51
node_001574,netease,1840331,580.23,995.67
node_001574,default,1840331,444.19,666.37
node_001575,kuaishou,429488,828.41,850.61
node_001575,douyin,429488,773.62,1050.8
node_001575,tencent_video,429488,744.39,1483.36
node_001575,iqiyi,429488,632.96,1150.53
node_001575,bilibili,429488,717.18,842.91
node_001575,netease,429488,569.33,734.16
node_001575,default,429488,499.87,506.59
node_001576,kuaishou,1589082,1446.27,1546.72
node_001576,douyin,1589082,1180.08,1821.39
node_001576,tencent_video,1589082,943.16,2005.1
node_001576,iqiyi,1589082,877.58,1542.23
node_001576,bilibili,1589082,1170.21,1399.89
node_001576,netease,1589082,773.62,1250.28
node_001576,default,1589082,689.28,942.12
node_001577,kuaishou,2149047,1436.43,1800.19
node_001577,douyin,2149047,1278.26,2107.21
node_001577,tencent_video,2149047,1086.49,2703.57
node_001577,iqiyi,2149047,1014.6,2241.88
node_001577,bilibili,2149047,1094.12,1749.17
node_001577,netease,2149047,913.89,1486.2
node_001577,default,2149047,769.78,1049.66
node_001578,kuaishou,722887,850.18,1042.05
node_001578,douyin,722887,800.26,1204.93
node_001578,tencent_video,722887,730.13,1388.42
node_001578,iqiyi,722887,637.86,1249.98
node_001578,bilibili,722887,735.47,1149.68
node_001578,netease,722887,566.85,1057.51
node_001578,default,722887,499.5,691.09
node_001579,kuaishou,103482,1006.16,859.82
node_001579,douyin,103482,915.43,1069.64
node_001579,tencent_video,103482,712.39,1357.96
node_001579,iqiyi,103482,638.79,1138.84
node_001579,bilibili,103482,700.38,928.49
node_001579,netease,103482,553.55,785.74
node_001579,default,103482,531.72,529.95
node_001580,kuaishou,1439625,669.98,738.07
node_001580,douyin,1439625,565.75,896.4
node_001580,tencent_video,1439625,529.91,943.58
node_001580,iqiyi,1439625,501.77,825.99
node_001580,bilibili,1439625,553.84,725.76
node_001580,netease,1439625,447.71,623.03
node_001580,default,1439625,371.05,453.85
node_001581,kuaishou,2529887,934.94,1100.73
node_001581,douyin,2529887,856.74,1278.41
node_001581,tencent_video,2529887,728.61,1653.77
node_001581,iqiyi,2529887,623.47,1428.13
node_001581,bilibili,2529887,702.54,1099.74
node_001581,netease,2529887,549.35,984.86
node_001581,default,2529887,457.46,704.43
node_001582,kuaishou,775955,1155.24,1141.38
node_001582,douyin,775955,968.76,1335.06
node_001582,tencent_video,775955,914.37,1773.04
node_001582,iqiyi,775955,752.56,1637.78
node_001582,bilibili,775955,854.26,1179.99
node_001582,netease,775955,719.06,1101.32
node_001582,default,775955,578.92,700.83
node_001583,kuaishou,1260786,722.84,1043.61
node_001583,douyin,1260786,736.32,1211.1
node_001583,tencent_video,1260786,733.55,1520.93
node_001583,iqiyi,1260786,670.71,1439.14
node_001583,bilibili,1260786,676.56,989.49
node_001583,netease,1260786,547.16,906.8
node_001583,default,1260786,489.7,648.43
node_001584,kuaishou,1410062,1333.52,1447.06
node_001584,douyin,1410062,1166.94,1875.18
node_001584,tencent_video,1410062,1086.22,2374.61
node_001584,iqiyi,1410062,1012.21,2096.55
node_001584,bilibili,1410062,1093.9,1594.35
node_001584,netease,1410062,905.48,1255.59
node_001584,default,1410062,813.08,1062.37
node_001585,kuaishou,45553,640.98,872.02
node_001585,douyin,45553,617.33,945.8
node_001585,tencent_video,45553,562.47,1001.88
node_001585,iqiyi,45553,480.65,831.68
node_001585,bilibili,45553,559.98,676.84
node_001585,netease,45553,436.9,674.26
node_001585,default,45553,371.98,467.23
node_001586,kuaishou,1195791,1082.66,1444.1
node_001586,douyin,1195791,960.85,1723.48
node_001586,tencent_video,1195791,936.43,1718.41
node_001586,iqiyi,1195791,864.84,1372.53
node_001586,bilibili,1195791,909.73,1346.2
node_001586,netease,1195791,745.15,1256.15
node_001586,default,1195791,610.51,864.92
node_001587,kuaishou,563115,1476.44,1491.07
node_001587,douyin,563115,1361.68,1952.87
node_001587,tencent_video,563115,1123.4,2445.86
node_001587,iqiyi,563115,856.46,2185.16
node_001587,bilibili,563115,1151.41,1547.66
node_001587,netease,563115,833.76,1395.93
node_001587,default,563115,797.63,949.79
node_001588,kuaishou,1818536,911.29,955.56
node_001588,douyin,1818536,791.62,1097.05
node_001588,tencent_video,1818536,754.97,1195.58
node_001588,iqiyi,1818536,634.36,1022.21
node_001588,bilibili,1818536,765.18,909.46
node_001588,netease,1818536,593.07,778.7
node_001588,default,1818536,486.07,663.75
node_001589,kuaishou,1590588,1127.37,1263.9
node_001589,douyin,1590588,1062.47,1428.93
node_001589,tencent_video,1590588,960.61,1827.63
node_001589,iqiyi,1590588,733.4,1813.39
node_001589,bilibili,1590588,945.21,1279.69
node_001589,netease,1590588,684.57,1015.41
node_001589,default,1590588,587.11,753.57
node_001590,kuaishou,1132524,607.75,722.96
node_001590,douyin,1132524,583.75,804.76
node_001590,tencent_video,1132524,484.75,853.74
node_001590,iqiyi,1132524,453.24,776.52
node_001590,bilibili,1132524,581.92,737.0
node_001590,netease,1132524,393.91,654.28
node_001590,default,1132524,357.92,437.22
node_001591,kuaishou,1243145,1166.8,1231.91
node_001591,douyin,1243145,966.06,1323.7
node_001591,tencent_video,1243145,913.06,1772.39
node_001591,iqiyi,1243145,810.05,1637.92
node_001591,bilibili,1243145,921.3,1240.01
node_001591,netease,1243145,699.55,1038.14
node_001591,default,1243145,624.25,696.34
node_001592,kuaishou,88228,1212.24,1159.16
node_001592,douyin,88228,1097.93,1210.35
node_001592,tencent_video,88228,810.28,1802.12
node_001592,iqiyi,88228,863.48,1557.36
node_001592,bilibili,88228,859.8,1166.38
node_001592,netease,88228,648.28,1046.3
node_001592,default,88228,595.2,731.73
node_001593,kuaishou,392608,933.61,1046.47
node_001593,douyin,392608,866.51,1100.4
node_001593,tencent_video,392608,631.45,1194.03
node_001593,iqiyi,392608,606.72,1152.3
node_001593,bilibili,392608,736.66,1044.35
node_001593,netease,392608,508.33,878.2
node_001593,default,392608,416.23,603.21
node_001594,kuaishou,639516,751.89,933.71
node_001594,douyin,639516,762.42,1250.21
node_001594,tencent_video,639516,635.45,1239.25
node_001594,iqiyi,639516,580.38,1075.92
node_001594,bilibili,639516,663.99,1042.33
node_001594,netease,639516,576.63,851.12
node_001594,default,639516,480.53,622.43
node_001595,kuaishou,1374889,1464.98,1715.91
node_001595,douyin,1374889,1416.33,1937.64
node_001595,tencent_video,1374889,1017.11,1990.53
node_001595,iqiyi,1374889,986.41,1869.23
node_001595,bilibili,1374889,1117.88,1601.23
node_001595,netease,1374889,853.11,1363.38
node_001595,default,1374889,729.31,1071.63
node_001596,kuaishou,1882454,833.36,1218.17
node_001596,douyin,1882454,775.73,1363.14
node_001596,tencent_video,1882454,689.88,1438.22
node_001596,iqiyi,1882454,670.14,1208.35
node_001596,bilibili,1882454,765.4,1009.26
node_001596,netease,1882454,604.12,948.63
node_001596,default,1882454,495.02,685.41
node_001597,kuaishou,1702348,1106.86,1353.53
node_001597,douyin,1702348,1013.54,1483.37
node_001597,tencent_video,1702348,945.7,1766.71
node_001597,iqiyi,1702348,799.67,1440.41
node_001597,bilibili,1702348,1103.41,1348.6
node_001597,netease,1702348,692.47,1102.9
node_001597,default,1702348,622.4,812.73
node_001598,kuaishou,608075,1180.99,1628.29
node_001598,douyin,608075,1099.59,1877.6
node_001598,tencent_video,608075,1055.02,2426.16
node_001598,iqiyi,608075,968.3,2274.4
node_001598,bilibili,608075,1035.31,1633.15
node_001598,netease,608075,840.17,1402.65
node_001598,default,608075,724.8,995.4
node_001599,kuaishou,2172858,994.48,955.24
node_001599,douyin,2172858,945.32,1110.93
node_001599,tencent_video,2172858,796.73,1495.42
node_001599,iqiyi,2172858,682.31,1287.67
node_001599,bilibili,2172858,788.29,947.46
node_001599,netease,2172858,587.85,892.57
node_001599,default,2172858,510.02,536.54
node_001600,kuaishou,362501,910.24,1197.34
node_001600,douyin,362501,903.26,1471.45
node_001600,tencent_video,362501,854.22,1708.81
node_001600,iqiyi,362501,802.8,1378.46
node_001600,bilibili,362501,908.67,1115.47
node_001600,netease,362501,659.56,999.9
node_001600,default,362501,617.66,793.12
node_001601,kuaishou,517070,911.67,1153.68
node_001601,douyin,517070,836.92,1125.55
node_001601,tencent_video,517070,733.97,1314.08
node_001601,iqiyi,517070,765.5,1119.94
node_001601,bilibili,517070,894.3,1153.17
node_001601,netease,517070,640.32,802.81
node_001601,default,517070,521.24,628.89
node_001602,kuaishou,632490,1015.69,1293.48
node_001602,douyin,632490,1114.44,1470.16
node_001602,tencent_video,632490,936.11,1737.0
node_001602,iqiyi,632490,837.47,1497.25
node_001602,bilibili,632490,1011.95,1383.97
node_001602,netease,632490,732.78,1113.47
node_001602,default,632490,641.42,806.17
node_001603,kuaishou,1589550,994.59,1060.28
node_001603,douyin,1589550,849.43,1338.37
node_001603,tencent_video,1589550,722.31,1695.54
node_001603,iqiyi,1589550,646.14,1345.5
node_001603,bilibili,1589550,720.35,1036.41
node_001603,netease,1589550,513.03,923.75
node_001603,default,1589550,465.52,641.38
node_001604,kuaishou,1214678,799.06,1034.27
node_001604,douyin,1214678,723.18,1207.9
node_001604,tencent_video,1214678,632.65,1327.67
node_001604,iqiyi,1214678,625.07,1170.14
node_001604,bilibili,1214678,724.71,1174.34
node_001604,netease,1214678,596.35,920.17
node_001604,default,1214678,498.98,646.32
node_001605,kuaishou,34414,1321.1,1819.93
node_001605,douyin,34414,1128.0,1823.16
node_001605,tencent_video,34414,1085.38,2674.52
node_001605,iqiyi,34414,894.35,2230.55
node_001605,bilibili,34414,1114.39,1733.27
node_001605,netease,34414,884.64,1416.36
node_001605,default,34414,768.78,964.53
node_001606,kuaishou,1498486,1138.2,1526.14
node_001606,douyin,1498486,994.88,1727.88
node_001606,tencent_video,1498486,994.11,1684.3
node_001606,iqiyi,1498486,912.71,1553.34
node_001606,bilibili,1498486,1051.83,1463.65
node_001606,netease,1498486,738.94,1203.84
node_001606,default,1498486,664.55,940.7
node_001607,kuaishou,1631639,664.44,915.95
node_001607,douyin,1631639,633.22,1076.03
node_001607,tencent_video,1631639,632.47,1244.49
node_001607,iqiyi,1631639,545.09,1042.73
node_001607,bilibili,1631639,595.36,902.36
node_001607,netease,1631639,500.39,747.03
node_001607,default,1631639,460.16,580.57
node_001608,kuaishou,2086945,921.75,1003.43
node_001608,douyin,2086945,851.86,1127.04
node_001608,tencent_video,2086945,662.58,1539.42
node_001608,iqiyi,2086945,628.12,1384.22
node_001608,bilibili,2086945,694.85,945.17
node_001608,netease,2086945,508.99,832.43
node_001608,default,2086945,438.58,612.56
node_001609,kuaishou,842416,1220.4,1638.78
node_001609,douyin,842416,1136.9,1645.23
node_001609,tencent_video,842416,931.54,2547.02
node_001609,iqiyi,842416,842.96,2035.31
node_001609,bilibili,842416,1123.11,1417.71
node_001609,netease,842416,775.2,1239.28
node_001609,default,842416,781.66,1027.08
node_001610,kuaishou,990806,1025.0,1189.26
node_001610,douyin,990806,850.72,1260.31
node_001610,tencent_video,990806,652.31,1440.14
node_001610,iqiyi,990806,659.02,1227.39
node_001610,bilibili,990806,733.38,1249.84
node_001610,netease,990806,592.17,1035.21
node_001610,default,990806,439.49,703.33
node_001611,kuaishou,828902,1584.65,1989.7
node_001611,douyin,828902,1354.75,2201.41
node_001611,tencent_video,828902,1197.43,2415.26
node_001611,iqiyi,828902,1030.6,1971.18
node_001611,bilibili,828902,1326.99,1811.7
node_001611,netease,828902,887.17,1610.47
node_001611,default,828902,791.81,1195.32
node_001612,kuaishou,861262,1135.25,1075.94
node_001612,douyin,861262,1075.92,1291.56
node_001612,tencent_video,861262,852.58,1426.17
node_001612,iqiyi,861262,738.7,1264.83
node_001612,bilibili,861262,890.6,1205.97
node_001612,netease,861262,695.47,1094.39
node_001612,default,861262,600.14,675.75
node_001613,kuaishou,1767577,1023.26,1148.81
node_001613,douyin,1767577,830.85,1213.81
node_001613,tencent_video,1767577,656.09,1352.56
node_001613,iqiyi,1767577,631.69,1165.87
node_001613,bilibili,1767577,718.4,1201.86
node_001613,netease,1767577,604.58,1028.67
node_001613,default,1767577,445.49,730.27
node_001614,kuaishou,902216,768.5,893.75
node_001614,douyin,902216,666.99,1027.78
node_001614,tencent_video,902216,600.39,1416.29
node_001614,iqiyi,902216,490.22,1209.06
node_001614,bilibili,902216,627.68,862.32
node_001614,netease,902216,465.92,829.73
node_001614,default,902216,390.44,532.01
node_001615,kuaishou,1051199,627.23,722.14
node_001615,douyin,1051199,516.04,834.81
node_001615,tencent_video,1051199,500.33,898.43
node_001615,iqiyi,1051199,467.37,829.68
node_001615,bilibili,1051199,532.29,676.34
node_001615,netease,1051199,395.03,556.3
node_001615,default,1051199,369.08,391.35
node_001616,kuaishou,936525,871.55,987.45
node_001616,douyin,936525,882.11,1158.07
node_001616,tencent_video,936525,738.28,1487.03
node_001616,iqiyi,936525,736.37,1346.54
node_001616,bilibili,936525,754.16,975.47
node_001616,netease,936525,565.39,830.7
node_001616,default,936525,568.31,594.94
node_001617,kuaishou,1581857,974.26,1299.67
node_001617,douyin,1581857,1032.23,1342.17
node_001617,tencent_video,1581857,905.19,1516.1
node_001617,iqiyi,1581857,737.14,1365.17
node_001617,bilibili,1581857,938.7,1264.67
node_001617,netease,1581857,761.77,1118.89
node_001617,default,1581857,616.15,735.05
node_001618,kuaishou,2216861,1040.92,1308.49
node_001618,douyin,2216861,1052.51,1530.03
node_001618,tencent_video,2216861,969.01,1919.84
node_001618,iqiyi,2216861,724.61,1980.86
node_001618,bilibili,2216861,966.18,1379.38
node_001618,netease,2216861,699.64,1051.66
node_001618,default,2216861,642.21,717.29
node_001619,kuaishou,2492392,1023.75,1038.73
node_001619,douyin,2492392,935.81,1275.41
node_001619,tencent_video,2492392,762.31,1497.08
node_001619,iqiyi,2492392,712.29,1481.14
node_001619,bilibili,2492392,752.62,1061.4
node_001619,netease,2492392,559.02,881.57
node_001619,default,2492392,499.68,650.83
node_001620,kuaishou,1539064,1320.88,1426.59
node_001620,douyin,1539064,1228.35,1665.42
node_001620,tencent_video,1539064,866.67,1691.66
node_001620,iqiyi,1539064,775.97,1549.16
node_001620,bilibili,1539064,1065.55,1447.4
node_001620,netease,1539064,727.88,1207.28
node_001620,default,1539064,668.3,840.88
node_001621,kuaishou,357563,1235.48,1569.89
node_001621,douyin,357563,1130.25,1706.29
node_001621,tencent_video,357563,944.34,2038.5
node_001621,iqiyi,357563,969.39,1737.44
node_001621,bilibili,357563,1092.55,1482.2
node_001621,netease,357563,719.09,1303.87
node_001621,default,357563,648.6,940.56
node_001622,kuaishou,1911460,1181.14,1272.47
node_001622,douyin,1911460,948.56,1372.71
node_001622,tencent_video,1911460,844.85,1753.41
node_001622,iqiyi,1911460,817.8,1664.75
node_001622,bilibili,1911460,857.23,1223.02
node_001622,netease,1911460,732.24,1002.99
node_001622,default,1911460,600.56,745.69
node_001623,kuaishou,292002,1092.07,1231.93
node_001623,douyin,292002,983.79,1483.79
node_001623,tencent_video,292002,946.69,1674.91
node_001623,iqiyi,292002,771.18,1449.38
node_001623,bilibili,292002,899.39,1117.29
node_001623,netease,292002,773.26,1071.94
node_001623,default,292002,655.23,745.62
node_001624,kuaishou,897234,1119.71,1154.51
node_001624,douyin,897234,1075.32,1549.97
node_001624,tencent_video,897234,901.74,1440.76
node_001624,iqiyi,897234,813.73,1358.55
node_001624,bilibili,897234,924.34,1245.88
node_001624,netease,897234,696.77,1032.13
node_001624,default,897234,560.71,774.52
node_001625,kuaishou,2581361,1013.79,1221.33
node_001625,douyin,2581361,1031.45,1359.09
node_001625,tencent_video,2581361,931.46,1834.39
node_001625,iqiyi,2581361,838.68,1600.87
node_001625,bilibili,2581361,887.75,1230.54
node_001625,netease,2581361,735.83,1055.43
node_001625,default,2581361,611.11,762.69
node_001626,kuaishou,195897,1150.48,1581.64
node_001626,douyin,195897,1050.0,1865.59
node_001626,tencent_video,195897,1107.02,1791.53
node_001626,iqiyi,195897,928.27,1717.3
node_001626,bilibili,195897,976.71,1646.3
node_001626,netease,195897,852.22,1473.58
node_001626,default,195897,741.01,902.99
node_001627,kuaishou,2199654,1006.66,1329.11
node_001627,douyin,2199654,1059.31,1565.92
node_001627,tencent_video,2199654,989.91,1719.21
node_001627,iqiyi,2199654,836.68,1590.93
node_001627,bilibili,2199654,961.45,1369.27
node_001627,netease,2199654,749.09,1161.41
node_001627,default,2199654,689.8,795.17
node_001628,kuaishou,304136,1263.01,1448.05
node_001628,douyin,304136,1207.65,1781.69
node_001628,tencent_video,304136,973.88,1849.19
node_001628,iqiyi,304136,1001.54,1664.39
node_001628,bilibili,304136,1023.74,1525.02
node_001628,netease,304136,822.76,1335.01
node_001628,default,304136,734.24,946.24
node_001629,kuaishou,1528386,821.65,948.11
node_001629,douyin,1528386,680.59,1179.24
node_001629,tencent_video,1528386,647.03,1464.82
node_001629,iqiyi,1528386,545.15,1348.44
node_001629,bilibili,1528386,701.65,1030.74
node_001629,netease,1528386,518.38,809.96
node_001629,default,1528386,460.1,610.84
node_001630,kuaishou,2230693,1285.84,1546.37
node_001630,douyin,2230693,1161.44,1892.64
node_001630,tencent_video,2230693,1104.67,2183.82
node_001630,iqiyi,2230693,1024.59,1857.99
node_001630,bilibili,2230693,1117.58,1766.9
node_001630,netease,2230693,836.72,1401.97
node_001630,default,2230693,736.01,881.77
node_001631,kuaishou,1497944,894.83,995.5
node_001631,douyin,1497944,896.08,1243.26
node_001631,tencent_video,1497944,839.23,1559.14
node_001631,iqiyi,1497944,668.86,1444.35
node_001631,bilibili,1497944,785.63,1043.89
node_001631,netease,1497944,641.01,895.61
node_001631,default,1497944,533.18,591.58
node_001632,kuaishou,2437882,804.95,991.73
node_001632,douyin,2437882,736.95,1276.31
node_001632,tencent_video,2437882,644.86,1207.53
node_001632,iqiyi,2437882,581.32,1056.47
node_001632,bilibili,2437882,738.72,1038.36
node_001632,netease,2437882,508.42,854.28
node_001632,default,2437882,434.39,651.75
node_001633,kuaishou,814580,1268.52,1341.6
node_001633,douyin,814580,1153.12,1661.51
node_001633,tencent_video,814580,908.4,1747.52
node_001633,iqiyi,814580,850.69,1539.63
node_001633,bilibili,814580,913.42,1387.49
node_001633,netease,814580,745.48,1071.35
node_001633,default,814580,634.68,896.3
node_001634,kuaishou,1954080,825.89,1082.81
node_001634,douyin,1954080,794.21,1171.66
node_001634,tencent_video,1954080,744.75,1301.09
node_001634,iqiyi,1954080,654.84,1292.22
node_001634,bilibili,1954080,702.04,1071.47
node_001634,netease,1954080,546.33,959.67
node_001634,default,1954080,456.68,653.41
node_001635,kuaishou,778698,1455.38,1724.91
node_001635,douyin,778698,1227.51,1910.8
node_001635,tencent_video,778698,1091.67,2029.88
node_001635,iqiyi,778698,928.37,1784.86
node_001635,bilibili,778698,1154.41,1536.21
node_001635,netease,778698,877.77,1412.03
node_001635,default,778698,732.38,970.41
node_001636,kuaishou,1467132,906.28,985.91
node_001636,douyin,1467132,735.9,1036.95
node_001636,tencent_video,1467132,588.42,1022.41
node_001636,iqiyi,1467132,551.0,1074.56
node_001636,bilibili,1467132,640.09,879.62
node_001636,netease,1467132,473.05,785.15
node_001636,default,1467132,448.82,558.34
node_001637,kuaishou,40825,1131.94,1415.56
node_001637,douyin,40825,972.11,1589.56
node_001637,tencent_video,40825,911.46,1508.6
node_001637,iqiyi,40825,909.96,1469.67
node_001637,bilibili,40825,976.92,1307.66
node_001637,netease,40825,726.01,1156.61
node_001637,default,40825,611.17,878.48
node_001638,kuaishou,176654,1266.08,1600.34
node_001638,douyin,176654,1227.62,1956.04
node_001638,tencent_video,176654,1055.61,2420.91
node_001638,iqiyi,176654,893.58,2252.55
node_001638,bilibili,176654,1103.1,1669.55
node_001638,netease,176654,892.44,1338.48
node_001638,default,176654,706.96,1092.32
node_001639,kuaishou,1677078,1300.01,1446.5
node_001639,douyin,1677078,1021.84,1690.85
node_001639,tencent_video,1677078,944.97,1959.34
node_001639,iqiyi,1677078,890.43,1946.61
node_001639,bilibili,1677078,1121.09,1430.41
node_001639,netease,1677078,774.7,1243.84
node_001639,default,1677078,705.96,898.52
node_001640,kuaishou,1317055,1014.32,1206.69
node_001640,douyin,1317055,916.49,1427.3
node_001640,tencent_video,1317055,862.29,1748.19
node_001640,iqiyi,1317055,726.63,1557.16
node_001640,bilibili,1317055,855.23,1189.97
node_001640,netease,1317055,685.11,997.66
node_001640,default,1317055,638.55,764.2
node_001641,kuaishou,2279267,1463.36,1675.41
node_001641,douyin,2279267,1354.5,1924.64
node_001641,tencent_video,2279267,1053.14,2546.41
node_001641,iqiyi,2279267,932.33,2081.47
node_001641,bilibili,2279267,1078.0,1611.16
node_001641,netease,2279267,804.24,1297.48
node_001641,default,2279267,771.07,1064.3
node_001642,kuaishou,1274495,995.05,1218.64
node_001642,douyin,1274495,966.96,1393.25
node_001642,tencent_video,1274495,905.31,1493.43
node_001642,iqiyi,1274495,811.49,1386.52
node_001642,bilibili,1274495,865.0,1255.34
node_001642,netease,1274495,670.51,993.14
node_001642,default,1274495,628.33,729.23
node_001643,kuaishou,1779483,1025.37,1141.04
node_001643,douyin,1779483,854.98,1207.26
node_001643,tencent_video,1779483,665.75,1287.5
node_001643,iqiyi,1779483,608.54,1208.24
node_001643,bilibili,1779483,657.94,1096.02
node_001643,netease,1779483,562.65,928.43
node_001643,default,1779483,467.31,654.04
node_001644,kuaishou,70241,1072.34,1417.47
node_001644,douyin,70241,1037.28,1510.66
node_001644,tencent_video,70241,941.64,2085.23
node_001644,iqiyi,70241,848.59,1894.45
node_001644,bilibili,70241,905.63,1322.87
node_001644,netease,70241,738.24,1269.6
node_001644,default,70241,740.46,840.66
node_001645,kuaishou,1206210,878.59,1122.37
node_001645,douyin,1206210,798.82,1203.29
node_001645,tencent_video,1206210,618.26,1572.67
node_001645,iqiyi,1206210,602.49,1430.2
node_001645,bilibili,1206210,748.85,1105.11
node_001645,netease,1206210,557.25,895.22
node_001645,default,1206210,457.26,673.09
node_001646,kuaishou,567116,1113.44,1013.97
node_001646,douyin,567116,1038.55,1192.03
node_001646,tencent_video,567116,790.56,1594.99
node_001646,iqiyi,567116,741.03,1421.73
node_001646,bilibili,567116,761.08,1166.78
node_001646,netease,567116,649.06,873.15
node_001646,default,567116,514.17,663.87
node_001647,kuaishou,75994,867.94,1073.59
node_001647,douyin,75994,799.93,1224.68
node_001647,tencent_video,75994,727.19,1555.49
node_001647,iqiyi,75994,677.34,1440.19
node_001647,bilibili,75994,754.74,1158.27
node_001647,netease,75994,522.88,991.99
node_001647,default,75994,475.07,661.87
node_001648,kuaishou,766935,817.9,1171.48
node_001648,douyin,766935,754.96,1338.72
node_001648,tencent_video,766935,681.15,1548.27
node_001648,iqiyi,766935,556.93,1248.13
node_001648,bilibili,766935,729.33,1111.08
node_001648,netease,766935,563.91,949.39
node_001648,default,766935,491.81,681.84
node_001649,kuaishou,1185426,746.47,830.16
node_001649,douyin,1185426,715.6,1096.46
node_001649,tencent_video,1185426,655.48,1066.51
node_001649,iqiyi,1185426,516.22,1017.33
node_001649,bilibili,1185426,683.98,998.55
node_001649,netease,1185426,470.83,769.51
node_001649,default,1185426,488.88,539.13
node_001650,kuaishou,1038816,1090.12,1127.54
node_001650,douyin,1038816,867.86,1336.75
node_001650,tencent_video,1038816,794.65,1333.57
node_001650,iqiyi,1038816,786.74,1283.17
node_001650,bilibili,1038816,879.26,1049.89
node_001650,netease,1038816,644.57,917.65
node_001650,default,1038816,580.39,701.79
node_001651,kuaishou,1798433,1592.89,1802.52
node_001651,douyin,1798433,1460.69,2328.9
node_001651,tencent_video,1798433,1163.61,2236.39
node_001651,iqiyi,1798433,942.87,2290.61
node_001651,bilibili,1798433,1310.69,1934.39
node_001651,netease,1798433,999.73,1663.93
node_001651,default,1798433,823.57,1073.39
node_001652,kuaishou,1891754,721.71,838.73
node_001652,douyin,1891754,690.67,996.54
node_001652,tencent_video,1891754,632.33,1008.82
node_001652,iqiyi,1891754,544.22,911.7
node_001652,bilibili,1891754,595.3,906.68
node_001652,netease,1891754,463.07,833.08
node_001652,default,1891754,420.49,502.36
node_001653,kuaishou,449924,1165.67,1375.07
node_001653,douyin,449924,991.64,1570.14
node_001653,tencent_video,449924,936.72,2112.39
node_001653,iqiyi,449924,884.69,1932.04
node_001653,bilibili,449924,994.25,1537.94
node_001653,netease,449924,758.99,1093.39
node_001653,default,449924,665.02,857.03
node_001654,kuaishou,2041014,1427.15,1938.51
node_001654,douyin,2041014,1336.45,2132.99
node_001654,tencent_video,2041014,1174.35,2388.04
node_001654,iqiyi,2041014,1114.81,2238.9
node_001654,bilibili,2041014,1339.93,2032.8
node_001654,netease,2041014,1030.96,1704.41
node_001654,default,2041014,802.72,1232.91
node_001655,kuaishou,2421012,1402.71,1782.99
node_001655,douyin,2421012,1250.84,1916.98
node_001655,tencent_video,2421012,1233.43,2647.61
node_001655,iqiyi,2421012,1059.84,2541.43
node_001655,bilibili,2421012,1120.87,1810.59
node_001655,netease,2421012,918.93,1509.48
node_001655,default,2421012,829.82,1043.43
node_001656,kuaishou,2250611,1269.82,1577.85
node_001656,douyin,2250611,1176.33,1960.06
node_001656,tencent_video,2250611,1084.64,2592.22
node_001656,iqiyi,2250611,1002.08,2177.27
node_001656,bilibili,2250611,1189.28,1860.87
node_001656,netease,2250611,949.71,1471.87
node_001656,default,2250611,813.98,1016.81
node_001657,kuaishou,450708,1154.57,1075.26
node_001657,douyin,450708,988.1,1361.11
node_001657,tencent_video,450708,855.47,1469.0
node_001657,iqiyi,450708,728.73,1244.24
node_001657,bilibili,450708,880.21,1087.89
node_001657,netease,450708,666.52,917.95
node_001657,default,450708,549.99,702.52
node_001658,kuaishou,806404,1061.73,1372.38
node_001658,douyin,806404,984.77,1529.56
node_001658,tencent_video,806404,938.03,1748.78
node_001658,iqiyi,806404,879.17,1529.12
node_001658,bilibili,806404,1026.59,1300.01
node_001658,netease,806404,767.71,1120.7
node_001658,default,806404,682.72,809.45
node_001659,kuaishou,1260427,1138.87,1476.39
node_001659,douyin,1260427,964.51,1580.97
node_001659,tencent_video,1260427,958.5,1619.68
node_001659,iqiyi,1260427,793.43,1573.06
node_001659,bilibili,1260427,971.97,1394.25
node_001659,netease,1260427,748.16,1128.62
node_001659,default,1260427,660.95,850.72
node_001660,kuaishou,2071589,1024.04,1292.04
node_001660,douyin,2071589,972.66,1209.81
node_001660,tencent_video,2071589,919.09,1484.29
node_001660,iqiyi,2071589,785.69,1316.19
node_001660,bilibili,2071589,941.12,1173.91
node_001660,netease,2071589,634.93,1018.02
node_001660,default,2071589,558.56,771.4
node_001661,kuaishou,1286090,1144.46,1403.64
node_001661,douyin,1286090,1006.26,1809.65
node_001661,tencent_video,1286090,1006.71,2192.64
node_001661,iqiyi,1286090,903.63,1889.64
node_001661,bilibili,1286090,980.59,1224.01
node_001661,netease,1286090,714.05,1328.61
node_001661,default,1286090,703.94,854.8
node_001662,kuaishou,1921230,1348.65,2009.53
node_001662,douyin,1921230,1219.32,2067.92
node_001662,tencent_video,1921230,1198.73,3166.67
node_001662,iqiyi,1921230,1019.51,2476.86
node_001662,bilibili,1921230,1249.06,1866.56
node_001662,netease,1921230,862.79,1690.15
node_001662,default,1921230,835.81,1168.09
node_001663,kuaishou,27694,1103.75,1252.67
node_001663,douyin,27694,957.3,1636.5
node_001663,tencent_video,27694,989.17,1662.07
node_001663,iqiyi,27694,793.84,1360.49
node_001663,bilibili,27694,1017.02,1425.87
node_001663,netease,27694,636.06,1014.4
node_001663,default,27694,651.99,825.64
node_001664,kuaishou,2029924,1125.48,1457.82
node_001664,douyin,2029924,1023.88,1583.3
node_001664,tencent_video,2029924,1005.62,1841.73
node_001664,iqiyi,2029924,925.44,1715.7
node_001664,bilibili,2029924,996.47,1320.46
node_001664,netease,2029924,737.24,1225.45
node_001664,default,2029924,710.04,796.83
node_001665,kuaishou,185921,865.53,910.47
node_001665,douyin,185921,806.64,962.77
node_001665,tencent_video,185921,720.53,1182.1
node_001665,iqiyi,185921,617.37,1027.15
node_001665,bilibili,185921,807.45,1008.7
node_001665,netease,185921,567.05,830.35
node_001665,default,185921,471.56,562.72
node_001666,kuaishou,1138397,769.14,669.37
node_001666,douyin,1138397,670.55,790.56
node_001666,tencent_video,1138397,521.28,932.94
node_001666,iqiyi,1138397,410.45,756.99
node_001666,bilibili,1138397,508.41,705.81
node_001666,netease,1138397,419.5,573.06
node_001666,default,1138397,345.54,418.48
node_001667,kuaishou,1057270,833.61,833.51
node_001667,douyin,1057270,715.52,1025.56
node_001667,tencent_video,1057270,545.82,1068.68
node_001667,iqiyi,1057270,505.8,931.33
node_001667,bilibili,1057270,633.15,825.42
node_001667,netease,1057270,486.22,805.73
node_001667,default,1057270,417.94,510.24
node_001668,kuaishou,2235779,847.47,937.75
node_001668,douyin,2235779,870.67,1090.85
node_001668,tencent_video,2235779,625.29,1209.45
node_001668,iqiyi,2235779,617.53,1168.21
node_001668,bilibili,2235779,724.9,970.85
node_001668,netease,2235779,554.37,824.86
node_001668,default,2235779,437.26,585.17
node_001669,kuaishou,583883,1222.1,1224.38
node_001669,douyin,583883,1060.95,1324.27
node_001669,tencent_video,583883,878.8,1626.77
node_001669,iqiyi,583883,760.06,1208.69
node_001669,bilibili,583883,856.77,1227.64
node_001669,netease,583883,661.58,971.53
node_001669,default,583883,565.28,719.83
node_001670,kuaishou,1984721,1432.22,2032.02
node_001670,douyin,1984721,1228.55,2114.25
node_001670,tencent_video,1984721,1156.77,2786.41
node_001670,iqiyi,1984721,1092.73,2178.77
node_001670,bilibili,1984721,1283.9,1921.72
node_001670,netease,1984721,996.97,1474.9
node_001670,default,1984721,840.33,1173.1
node_001671,kuaishou,1544728,1078.55,1278.91
node_001671,douyin,1544728,1028.29,1515.12
node_001671,tencent_video,1544728,977.65,1517.36
node_001671,iqiyi,1544728,741.8,1368.95
node_001671,bilibili,1544728,963.86,1264.66
node_001671,netease,1544728,760.01,1076.86
node_001671,default,1544728,659.1,743.19
node_001672,kuaishou,1189779,1240.4,1130.87
node_001672,douyin,1189779,1098.3,1312.15
node_001672,tencent_video,1189779,869.21,1593.66
node_001672,iqiyi,1189779,782.72,1161.85
node_001672,bilibili,1189779,865.69,1242.58
node_001672,netease,1189779,677.24,1066.6
node_001672,default,1189779,572.24,738.33
node_001673,kuaishou,1586243,1153.01,1494.48
node_001673,douyin,1586243,1120.5,1802.41
node_001673,tencent_video,1586243,1012.96,1937.45
node_001673,iqiyi,1586243,851.26,1736.55
node_001673,bilibili,1586243,876.76,1613.92
node_001673,netease,1586243,853.68,1322.34
node_001673,default,1586243,777.83,818.53
node_001674,kuaishou,1308689,942.36,929.42
node_001674,douyin,1308689,924.47,1059.04
node_001674,tencent_video,1308689,730.09,1162.48
node_001674,iqiyi,1308689,606.8,992.06
node_001674,bilibili,1308689,771.22,825.65
node_001674,netease,1308689,518.71,699.5
node_001674,default,1308689,444.11,504.14
node_001675,kuaishou,1848498,1242.08,1309.72
node_001675,douyin,1848498,1253.52,1592.59
node_001675,tencent_video,1848498,1043.47,1772.12
node_001675,iqiyi,1848498,867.11,1633.4
node_001675,bilibili,1848498,931.73,1452.84
node_001675,netease,1848498,760.49,1276.76
node_001675,default,1848498,655.9,864.81
node_001676,kuaishou,2184249,906.87,1183.88
node_001676,douyin,2184249,889.53,1473.3
node_001676,tencent_video,2184249,856.41,1612.25
node_001676,iqiyi,2184249,798.08,1388.04
node_001676,bilibili,2184249,848.21,1255.59
node_001676,netease,2184249,735.39,965.65
node_001676,default,2184249,592.76,747.83
node_001677,kuaishou,2316584,873.36,1025.18
node_001677,douyin,2316584,783.38,1226.52
node_001677,tencent_video,2316584,697.79,1225.96
node_001677,iqiyi,2316584,587.01,1104.62
node_001677,bilibili,2316584,727.26,1101.79
node_001677,netease,2316584,513.23,739.39
node_001677,default,2316584,486.62,618.73
node_001678,kuaishou,1600252,884.88,1047.7
node_001678,douyin,1600252,777.37,1235.62
node_001678,tencent_video,1600252,652.71,1487.66
node_001678,iqiyi,1600252,553.16,1365.8
node_001678,bilibili,1600252,668.67,998.52
node_001678,netease,1600252,473.53,834.23
node_001678,default,1600252,439.27,614.55
node_001679,kuaishou,711335,782.04,1017.14
node_001679,douyin,711335,754.74,1256.49
node_001679,tencent_video,711335,617.08,1413.79
node_001679,iqiyi,711335,571.75,1199.32
node_001679,bilibili,711335,667.23,1044.96
node_001679,netease,711335,505.72,885.05
node_001679,default,711335,467.98,604.83
node_001680,kuaishou,461334,905.84,834.59
node_001680,douyin,461334,717.27,1020.98
node_001680,tencent_video,461334,578.38,1285.31
node_001680,iqiyi,461334,542.41,1295.79
node_001680,bilibili,461334,653.35,945.08
node_001680,netease,461334,424.22,774.14
node_001680,default,461334,389.48,562.05
node_001681,kuaishou,1156509,1109.56,1456.03
node_001681,douyin,1156509,1086.57,1627.81
node_001681,tencent_video,1156509,1010.9,1821.44
node_001681,iqiyi,1156509,843.93,1553.35
node_001681,bilibili,1156509,996.01,1370.5
node_001681,netease,1156509,769.06,1130.51
node_001681,default,1156509,691.82,913.25
node_001682,kuaishou,2186421,828.44,1225.59
node_001682,douyin,2186421,752.64,1202.2
node_001682,tencent_video,2186421,624.59,1720.3
node_001682,iqiyi,2186421,589.04,1404.38
node_001682,bilibili,2186421,761.18,1143.97
node_001682,netease,2186421,529.74,902.75
node_001682,default,2186421,436.12,585.03
node_001683,kuaishou,1542057,818.58,884.57
node_001683,douyin,1542057,730.9,1044.88
node_001683,tencent_video,1542057,557.14,1317.44
node_001683,iqiyi,1542057,545.39,1148.34
node_001683,bilibili,1542057,622.99,894.2
node_001683,netease,1542057,432.77,689.28
node_001683,default,1542057,418.01,514.65
node_001684,kuaishou,640622,838.88,1057.41
node_001684,douyin,640622,769.65,1275.77
node_001684,tencent_video,640622,663.96,1446.78
node_001684,iqiyi,640622,623.43,1348.89
node_001684,bilibili,640622,740.03,985.18
node_001684,netease,640622,510.56,1060.22
node_001684,default,640622,482.43,685.54
node_001685,kuaishou,294017,880.03,1167.75
node_001685,douyin,294017,794.43,1358.55
node_001685,tencent_video,294017,691.15,1859.48
node_001685,iqiyi,294017,641.67,1563.9
node_001685,bilibili,294017,738.13,1214.1
node_001685,netease,294017,573.11,976.33
node_001685,default,294017,528.99,632.5
node_001686,kuaishou,72697,1356.47,1710.73
node_001686,douyin,72697,1179.31,1685.0
node_001686,tencent_video,72697,1059.39,2140.28
node_001686,iqiyi,72697,950.51,1853.61
node_001686,bilibili,72697,1112.01,1679.23
node_001686,netease,72697,916.89,1466.44
node_001686,default,72697,701.19,913.39
node_001687,kuaishou,1158018,1206.64,1492.85
node_001687,douyin,1158018,1049.43,1813.8
node_001687,tencent_video,1158018,1049.71,2306.55
node_001687,iqiyi,1158018,915.61,2257.43
node_001687,bilibili,1158018,1147.44,1574.23
node_001687,netease,1158018,851.65,1244.71
node_001687,default,1158018,739.35,953.93
node_001688,kuaishou,315678,791.0,715.91
node_001688,douyin,315678,684.17,791.11
node_001688,tencent_video,315678,512.96,1069.38
node_001688,iqiyi,315678,474.53,957.56
node_001688,bilibili,315678,521.79,688.5
node_001688,netease,315678,415.08,560.01
node_001688,default,315678,349.67,429.97
node_001689,kuaishou,2081664,1205.0,1080.42
node_001689,douyin,2081664,1119.89,1337.27
node_001689,tencent_video,2081664,905.09,1875.39
node_001689,iqiyi,2081664,827.56,1428.41
node_001689,bilibili,2081664,911.69,1073.22
node_001689,netease,2081664,725.24,1061.83
node_001689,default,2081664,624.95,684.22
node_001690,kuaishou,1310568,674.52,798.54
node_001690,douyin,1310568,619.7,918.49
node_001690,tencent_video,1310568,498.15,1059.15
node_001690,iqiyi,1310568,546.92,844.6
node_001690,bilibili,1310568,578.27,876.42
node_001690,netease,1310568,432.52,706.42
node_001690,default,1310568,478.8,504.63
node_001691,kuaishou,63341,1058.45,1204.37
node_001691,douyin,63341,892.27,1193.99
node_001691,tencent_video,63341,709.08,1316.27
node_001691,iqiyi,63341,567.91,1316.69
node_001691,bilibili,63341,795.11,1046.39
node_001691,netease,63341,564.92,984.69
node_001691,default,63341,493.4,647.73
node_001692,kuaishou,1396834,615.69,877.09
node_001692,douyin,1396834,675.66,977.15
node_001692,tencent_video,1396834,573.17,1403.89
node_001692,iqiyi,1396834,503.46,1119.2
node_001692,bilibili,1396834,619.06,857.03
node_001692,netease,1396834,457.67,729.96
node_001692,default,1396834,437.84,533.69
node_001693,kuaishou,2120536,709.5,916.2
node_001693,douyin,2120536,626.33,1063.33
node_001693,tencent_video,2120536,550.54,1134.67
node_001693,iqiyi,2120536,531.39,1003.53
node_001693,bilibili,2120536,622.0,937.39
node_001693,netease,2120536,514.61,809.77
node_001693,default,2120536,459.15,547.49
node_001694,kuaishou,1399236,911.6,1068.57
node_001694,douyin,1399236,855.16,1293.11
node_001694,tencent_video,1399236,665.84,1704.79
node_001694,iqiyi,1399236,617.44,1529.38
node_001694,bilibili,1399236,735.78,1219.99
node_001694,netease,1399236,562.22,895.38
node_001694,default,1399236,483.78,673.75
node_001695,kuaishou,1776638,1321.43,1615.12
node_001695,douyin,1776638,1088.12,1873.97
node_001695,tencent_video,1776638,1042.74,2231.75
node_001695,iqiyi,1776638,911.69,2052.08
node_001695,bilibili,1776638,1063.87,1766.94
node_001695,netease,1776638,877.55,1475.97
node_001695,default,1776638,767.77,1047.73
node_001696,kuaishou,496925,715.02,898.92
node_001696,douyin,496925,613.08,1085.12
node_001696,tencent_video,496925,598.83,1442.78
node_001696,iqiyi,496925,551.61,1093.12
node_001696,bilibili,496925,589.18,930.66
node_001696,netease,496925,500.94,700.51
node_001696,default,496925,426.56,527.81
node_001697,kuaishou,756926,967.64,1145.08
node_001697,douyin,756926,891.52,1324.82
node_001697,tencent_video,756926,818.65,1486.75
node_001697,iqiyi,756926,797.1,1255.88
node_001697,bilibili,756926,834.89,1060.49
node_001697,netease,756926,677.73,927.36
node_001697,default,756926,641.88,780.8
node_001698,kuaishou,2578987,1173.96,1365.59
node_001698,douyin,2578987,1047.09,1662.67
node_001698,tencent_video,2578987,987.77,1659.38
node_001698,iqiyi,2578987,801.7,1586.55
node_001698,bilibili,2578987,999.73,1410.47
node_001698,netease,2578987,720.16,1201.77
node_001698,default,2578987,616.02,832.25
node_001699,kuaishou,1639928,792.37,1248.57
node_001699,douyin,1639928,775.04,1288.68
node_001699,tencent_video,1639928,666.61,1503.67
node_001699,iqiyi,1639928,668.51,1306.28
node_001699,bilibili,1639928,740.13,1183.69
node_001699,netease,1639928,542.33,980.27
node_001699,default,1639928,493.58,693.64
node_001700,kuaishou,624652,1204.22,1654.83
node_001700,douyin,624652,1225.85,1951.11
node_001700,tencent_video,624652,1088.17,2356.19
node_001700,iqiyi,624652,943.71,2104.53
node_001700,bilibili,624652,1016.29,1653.98
node_001700,netease,624652,851.27,1378.66
node_001700,default,624652,637.88,959.86
node_001701,kuaishou,2426224,1074.62,1396.2
node_001701,douyin,2426224,1140.1,1608.38
node_001701,tencent_video,2426224,958.69,1760.4
node_001701,iqiyi,2426224,890.32,1402.25
node_001701,bilibili,2426224,993.09,1424.63
node_001701,netease,2426224,726.26,1228.39
node_001701,default,2426224,695.16,871.72
node_001702,kuaishou,1517252,1018.97,1362.53
node_001702,douyin,1517252,968.92,1485.86
node_001702,tencent_video,1517252,892.16,1701.91
node_001702,iqiyi,1517252,856.92,1433.05
node_001702,bilibili,1517252,938.28,1178.83
node_001702,netease,1517252,697.06,1063.42
node_001702,default,1517252,642.21,783.73
node_001703,kuaishou,1022557,790.27,1027.01
node_001703,douyin,1022557,817.13,1115.89
node_001703,tencent_video,1022557,705.81,1468.39
node_001703,iqiyi,1022557,600.25,1208.29
node_001703,bilibili,1022557,779.61,897.71
node_001703,netease,1022557,598.88,799.7
node_001703,default,1022557,506.45,536.03
node_001704,kuaishou,1996229,1263.3,1457.57
node_001704,douyin,1996229,1151.94,1691.48
node_001704,tencent_video,1996229,1116.21,2261.26
node_001704,iqiyi,1996229,999.08,2000.59
node_001704,bilibili,1996229,1060.6,1648.55
node_001704,netease,1996229,773.07,1302.73
node_001704,default,1996229,728.09,935.8
node_001705,kuaishou,1180508,908.07,921.64
node_001705,douyin,1180508,733.52,1050.68
node_001705,tencent_video,1180508,691.15,1419.54
node_001705,iqiyi,1180508,636.13,1234.02
node_001705,bilibili,1180508,791.09,997.94
node_001705,netease,1180508,582.04,832.45
node_001705,default,1180508,497.49,513.79
node_001706,kuaishou,2258520,728.82,799.57
node_001706,douyin,2258520,604.44,920.68
node_001706,tencent_video,2258520,533.72,1076.3
node_001706,iqiyi,2258520,483.05,856.13
node_001706,bilibili,2258520,543.5,771.65
node_001706,netease,2258520,429.2,654.65
node_001706,default,2258520,385.75,453.76
node_001707,kuaishou,2560042,1128.27,1267.73
node_001707,douyin,2560042,985.28,1463.07
node_001707,tencent_video,2560042,809.33,1585.02
node_001707,iqiyi,2560042,832.94,1381.52
node_001707,bilibili,2560042,990.1,1331.61
node_001707,netease,2560042,696.24,1093.62
node_001707,default,2560042,626.3,678.67
node_001708,kuaishou,1245575,1661.37,1875.18
node_001708,douyin,1245575,1473.33,2205.13
node_001708,tencent_video,1245575,1169.57,2481.99
node_001708,iqiyi,1245575,1058.09,1891.15
node_001708,bilibili,1245575,1329.49,2036.43
node_001708,netease,1245575,923.15,1642.53
node_001708,default,1245575,883.74,1216.3
node_001709,kuaishou,542934,1330.01,1632.73
node_001709,douyin,542934,1144.85,1880.67
node_001709,tencent_video,542934,1083.62,1840.44
node_001709,iqiyi,542934,988.48,1834.43
node_001709,bilibili,542934,1140.93,1654.67
node_001709,netease,542934,799.28,1337.51
node_001709,default,542934,808.56,966.88
node_001710,kuaishou,2172531,923.53,999.6
node_001710,douyin,2172531,803.98,1320.61
node_001710,tencent_video,2172531,728.12,1308.98
node_001710,iqiyi,2172531,712.73,1024.63
node_001710,bilibili,2172531,773.52,999.11
node_001710,netease,2172531,607.73,921.92
node_001710,default,2172531,578.34,621.14
node_001711,kuaishou,1968832,996.82,972.48
node_001711,douyin,1968832,808.69,1223.72
node_001711,tencent_video,1968832,693.37,1320.7
node_001711,iqiyi,1968832,735.84,1197.94
node_001711,bilibili,1968832,826.89,1055.43
node_001711,netease,1968832,614.11,885.65
node_001711,default,1968832,555.37,591.03
node_001712,kuaishou,2534274,947.84,952.35
node_001712,douyin,2534274,768.76,1170.81
node_001712,tencent_video,2534274,730.43,1510.42
node_001712,iqiyi,2534274,657.39,1393.76
node_001712,bilibili,2534274,784.23,1121.55
node_001712,netease,2534274,631.05,938.89
node_001712,default,2534274,501.04,617.41
node_001713,kuaishou,696249,999.42,1203.89
node_001713,douyin,696249,967.26,1559.02
node_001713,tencent_video,696249,879.95,1591.4
node_001713,iqiyi,696249,770.15,1288.55
node_001713,bilibili,696249,953.63,1266.83
node_001713,netease,696249,726.9,1099.11
node_001713,default,696249,592.17,778.57
node_001714,kuaishou,755360,885.31,898.34
node_001714,douyin,755360,733.11,1024.78
node_001714,tencent_video,755360,680.63,1065.25
node_001714,iqiyi,755360,574.47,1035.06
node_001714,bilibili,755360,721.4,890.04
node_001714,netease,755360,589.34,773.79
node_001714,default,755360,456.19,563.01
node_001715,kuaishou,206727,825.69,812.8
node_001715,douyin,206727,781.82,948.37
node_001715,tencent_video,206727,602.49,1058.41
node_001715,iqiyi,206727,530.44,905.82
node_001715,bilibili,206727,594.38,848.23
node_001715,netease,206727,473.58,724.78
node_001715,default,206727,363.26,504.92
node_001716,kuaishou,2171531,1045.5,1065.36
node_001716,douyin,2171531,918.3,1219.11
node_001716,tencent_video,2171531,741.98,1205.57
node_001716,iqiyi,2171531,630.05,1182.98
node_001716,bilibili,2171531,832.21,972.63
node_001716,netease,2171531,616.19,852.34
node_001716,default,2171531,515.59,626.71
node_001717,kuaishou,66154,832.73,1066.38
node_001717,douyin,66154,710.58,1226.71
node_001717,tencent_video,66154,658.46,1538.3
node_001717,iqiyi,66154,594.18,1493.72
node_001717,bilibili,66154,717.5,1024.02
node_001717,netease,66154,553.28,921.5
node_001717,default,66154,469.43,613.47
node_001718,kuaishou,2435126,1066.09,1321.96
node_001718,douyin,2435126,997.13,1452.34
node_001718,tencent_video,2435126,901.0,1451.81
node_001718,iqiyi,2435126,815.94,1315.66
node_001718,bilibili,2435126,952.12,1204.81
node_001718,netease,2435126,732.42,1055.03
node_001718,default,2435126,586.82,739.57
node_001719,kuaishou,301165,770.32,964.15
node_001719,douyin,301165,693.17,1116.47
node_001719,tencent_video,301165,642.07,1124.85
node_001719,iqiyi,301165,607.3,1199.72
node_001719,bilibili,301165,659.26,1052.3
node_001719,netease,301165,509.95,819.38
node_001719,default,301165,440.64,598.9
node_001720,kuaishou,1657952,1182.22,1398.41
node_001720,douyin,1657952,978.21,1543.9
node_001720,tencent_video,1657952,947.4,2036.74
node_001720,iqiyi,1657952,904.06,1752.65
node_001720,bilibili,1657952,1021.43,1254.13
node_001720,netease,1657952,691.2,1238.44
node_001720,default,1657952,628.86,759.22
node_001721,kuaishou,1183039,978.37,1162.9
node_001721,douyin,1183039,968.72,1405.57
node_001721,tencent_video,1183039,872.52,1501.46
node_001721,iqiyi,1183039,739.74,1268.19
node_001721,bilibili,1183039,909.89,1294.76
node_001721,netease,1183039,646.66,967.65
node_001721,default,1183039,560.04,749.6
node_001722,kuaishou,352739,1130.2,1266.98
node_001722,douyin,352739,1043.65,1523.64
node_001722,tencent_video,352739,921.52,1804.22
node_001722,iqiyi,352739,862.73,1488.89
node_001722,bilibili,352739,970.28,1190.75
node_001722,netease,352739,712.48,1170.45
node_001722,default,352739,625.3,765.01
node_001723,kuaishou,607077,762.04,913.2
node_001723,douyin,607077,699.98,1020.88
node_001723,tencent_video,607077,540.44,1046.53
node_001723,iqiyi,607077,540.42,893.24
node_001723,bilibili,607077,601.0,862.42
node_001723,netease,607077,435.09,785.92
node_001723,default,607077,419.37,489.97
node_001724,kuaishou,989299,1216.85,1731.32
node_001724,douyin,989299,1251.82,1916.8
node_001724,tencent_video,989299,1035.26,2292.15
node_001724,iqiyi,989299,1016.29,1863.56
node_001724,bilibili,989299,1208.36,1746.21
node_001724,netease,989299,958.86,1515.26
node_001724,default,989299,716.59,1001.12
node_001725,kuaishou,1660888,1371.57,1845.16
node_001725,douyin,1660888,1327.06,2202.13
node_001725,tencent_video,1660888,1154.29,2783.66
node_001725,iqiyi,1660888,952.35,2696.1
node_001725,bilibili,1660888,1103.82,1930.57
node_001725,netease,1660888,940.68,1585.74
node_001725,default,1660888,821.21,1096.81
node_001726,kuaishou,141798,1116.39,1350.33
node_001726,douyin,141798,992.85,1526.14
node_001726,tencent_video,141798,978.86,1490.75
node_001726,iqiyi,141798,843.02,1520.65
node_001726,bilibili,141798,953.54,1405.45
node_001726,netease,141798,774.16,1072.41
node_001726,default,141798,614.1,790.4
node_001727,kuaishou,198735,1015.0,1074.52
node_001727,douyin,198735,796.6,1261.44
node_001727,tencent_video,198735,688.49,1367.84
node_001727,iqiyi,198735,661.83,1230.58
node_001727,bilibili,198735,751.06,1084.15
node_001727,netease,198735,562.08,872.08
node_001727,default,198735,487.75,633.71
node_001728,kuaishou,1150861,1262.91,1848.19
node_001728,douyin,1150861,1218.37,1985.7
node_001728,tencent_video,1150861,1152.18,2633.93
node_001728,iqiyi,1150861,1028.97,2341.76
node_001728,bilibili,1150861,1196.35,1706.62
node_001728,netease,1150861,933.88,1394.06
node_001728,default,1150861,773.16,1104.98
node_001729,kuaishou,1913394,830.72,840.11
node_001729,douyin,1913394,654.91,954.97
node_001729,tencent_video,1913394,552.35,1038.08
node_001729,iqiyi,1913394,559.03,941.95
node_001729,bilibili,1913394,611.56,821.94
node_001729,netease,1913394,462.29,674.92
node_001729,default,1913394,407.29,489.5
node_001730,kuaishou,2149761,1306.35,1794.11
node_001730,douyin,2149761,1234.63,2002.69
node_001730,tencent_video,2149761,1076.51,1968.91
node_001730,iqiyi,2149761,897.81,1803.1
node_001730,bilibili,2149761,1166.05,1622.49
node_001730,netease,2149761,882.96,1358.4
node_001730,default,2149761,727.05,1068.85
node_001731,kuaishou,1250551,1049.02,1082.89
node_001731,douyin,1250551,900.51,1411.32
node_001731,tencent_video,1250551,804.28,1409.03
node_001731,iqiyi,1250551,685.4,1286.78
node_001731,bilibili,1250551,825.78,1046.27
node_001731,netease,1250551,622.21,974.33
node_001731,default,1250551,526.53,633.51
node_001732,kuaishou,357630,1049.5,919.6
node_001732,douyin,357630,862.87,1107.72
node_001732,tencent_video,357630,696.38,1534.23
node_001732,iqiyi,357630,661.64,1360.36
node_001732,bilibili,357630,811.22,1043.93
node_001732,netease,357630,576.61,879.87
node_001732,default,357630,503.88,627.01
node_001733,kuaishou,184402,828.46,1126.36
node_001733,douyin,184402,735.52,1245.99
node_001733,tencent_video,184402,711.01,1385.17
node_001733,iqiyi,184402,624.36,1152.85
node_001733,bilibili,184402,723.22,1080.25
node_001733,netease,184402,542.38,911.49
node_001733,default,184402,482.24,632.6
node_001734,kuaishou,439058,954.29,1086.19
node_001734,douyin,439058,876.08,1324.6
node_001734,tencent_video,439058,791.42,1371.03
node_001734,iqiyi,439058,753.9,1231.14
node_001734,bilibili,439058,822.94,1129.2
node_001734,netease,439058,678.19,998.48
node_001734,default,439058,527.91,626.8
node_001735,kuaishou,282424,635.8,678.7
node_001735,douyin,282424,565.44,854.8
node_001735,tencent_video,282424,523.42,923.89
node_001735,iqiyi,282424,456.34,820.03
node_001735,bilibili,282424,537.58,817.71
node_001735,netease,282424,390.34,699.73
node_001735,default,282424,348.28,462.88
node_001736,kuaishou,1772473,1362.44,1508.23
node_001736,douyin,1772473,1370.47,1851.81
node_001736,tencent_video,1772473,966.45,1871.77
node_001736,iqiyi,1772473,831.19,1813.03
node_001736,bilibili,1772473,1123.08,1490.68
node_001736,netease,1772473,854.07,1473.06
node_001736,default,1772473,668.09,916.81
node_001737,kuaishou,1436843,663.35,817.2
node_001737,douyin,1436843,625.51,975.68
node_001737,tencent_video,1436843,582.57,952.36
node_001737,iqiyi,1436843,545.32,908.69
node_001737,bilibili,1436843,584.51,786.43
node_001737,netease,1436843,497.89,782.7
node_001737,default,1436843,433.22,497.19
node_001738,kuaishou,1658012,696.22,832.32
node_001738,douyin,1658012,629.22,991.27
node_001738,tencent_video,1658012,557.52,1041.9
node_001738,iqiyi,1658012,484.57,902.53
node_001738,bilibili,1658012,616.46,900.25
node_001738,netease,1658012,485.45,742.95
node_001738,default,1658012,375.15,491.3
node_001739,kuaishou,891366,677.72,803.31
node_001739,douyin,891366,622.81,903.63
node_001739,tencent_video,891366,551.7,1028.03
node_001739,iqiyi,891366,457.7,949.58
node_001739,bilibili,891366,553.68,785.24
node_001739,netease,891366,475.6,720.26
node_001739,default,891366,398.06,452.13
node_001740,kuaishou,1501879,936.72,1221.67
node_001740,douyin,1501879,871.1,1469.79
node_001740,tencent_video,1501879,890.45,1499.14
node_001740,iqiyi,1501879,774.08,1331.16
node_001740,bilibili,1501879,937.4,1247.47
node_001740,netease,1501879,755.07,1117.02
node_001740,default,1501879,679.39,764.07
node_001741,kuaishou,2567431,1448.67,1438.89
node_001741,douyin,2567431,1271.81,1851.55
node_001741,tencent_video,2567431,1041.95,1966.51
node_001741,iqiyi,2567431,972.15,1831.88
node_001741,bilibili,2567431,1002.36,1578.55
node_001741,netease,2567431,803.6,1300.51
node_001741,default,2567431,658.98,900.19
node_001742,kuaishou,419773,1381.79,1540.41
node_001742,douyin,419773,1349.4,1682.36
node_001742,tencent_video,419773,1060.63,1843.23
node_001742,iqiyi,419773,948.75,1576.05
node_001742,bilibili,419773,1103.68,1544.65
node_001742,netease,419773,822.64,1382.95
node_001742,default,419773,686.94,930.37
node_001743,kuaishou,2415243,780.75,855.82
node_001743,douyin,2415243,643.54,924.12
node_001743,tencent_video,2415243,555.52,971.15
node_001743,iqiyi,2415243,488.53,927.12
node_001743,bilibili,2415243,585.96,819.92
node_001743,netease,2415243,426.09,703.93
node_001743,default,2415243,370.31,538.89
node_001744,kuaishou,932170,1047.75,1305.97
node_001744,douyin,932170,1009.01,1515.52
node_001744,tencent_video,932170,927.11,1544.33
node_001744,iqiyi,932170,756.79,1481.16
node_001744,bilibili,932170,886.68,1389.37
node_001744,netease,932170,679.36,1059.84
node_001744,default,932170,612.18,703.88
node_001745,kuaishou,945576,739.37,890.52
node_001745,douyin,945576,663.16,1176.73
node_001745,tencent_video,945576,628.24,1212.12
node_001745,iqiyi,945576,538.24,976.58
node_001745,bilibili,945576,645.78,833.88
node_001745,netease,945576,470.72,757.49
node_001745,default,945576,391.35,588.94
node_001746,kuaishou,155993,849.16,948.71
node_001746,douyin,155993,810.83,1199.42
node_001746,tencent_video,155993,647.28,1278.41
node_001746,iqiyi,155993,544.26,1106.69
node_001746,bilibili,155993,643.12,982.82
node_001746,netease,155993,522.63,807.55
node_001746,default,155993,421.08,596.2
node_001747,kuaishou,382029,1106.81,1394.36
node_001747,douyin,382029,991.2,1719.48
node_001747,tencent_video,382029,948.5,1715.47
node_001747,iqiyi,382029,825.06,1643.49
node_001747,bilibili,382029,924.56,1315.72
node_001747,netease,382029,783.59,1172.99
node_001747,default,382029,638.62,795.77
node_001748,kuaishou,2474225,840.07,1217.52
node_001748,douyin,2474225,825.17,1266.69
node_001748,tencent_video,2474225,667.52,1607.75
node_001748,iqiyi,2474225,617.13,1568.85
node_001748,bilibili,2474225,745.91,1144.79
node_001748,netease,2474225,579.34,901.36
node_001748,default,2474225,469.89,686.95
node_001749,kuaishou,57874,1032.38,936.37
node_001749,douyin,57874,949.04,1074.11
node_001749,tencent_video,57874,728.84,1419.39
node_001749,iqiyi,57874,659.46,1283.93
node_001749,bilibili,57874,749.35,953.55
node_001749,netease,57874,590.88,836.09
node_001749,default,57874,510.29,550.04
node_001750,kuaishou,2059480,1132.89,1564.91
node_001750,douyin,2059480,1159.14,1736.81
node_001750,tencent_video,2059480,1121.75,2090.78
node_001750,iqiyi,2059480,995.51,1729.07
node_001750,bilibili,2059480,1146.44,1602.4
node_001750,netease,2059480,847.64,1433.42
node_001750,default,2059480,746.26,1034.47
node_001751,kuaishou,1358726,1101.91,1335.22
node_001751,douyin,1358726,980.34,1482.19
node_001751,tencent_video,1358726,929.37,1796.93
node_001751,iqiyi,1358726,865.69,1520.86
node_001751,bilibili,1358726,1031.08,1357.58
node_001751,netease,1358726,702.85,1132.69
node_001751,default,1358726,645.02,792.92
node_001752,kuaishou,1590554,829.89,986.98
node_001752,douyin,1590554,689.87,1126.9
node_001752,tencent_video,1590554,711.2,1236.92
node_001752,iqiyi,1590554,583.23,1089.1
node_001752,bilibili,1590554,650.16,1053.97
node_001752,netease,1590554,532.67,783.2
node_001752,default,1590554,432.43,629.97
node_001753,kuaishou,1036807,930.1,1017.73
node_001753,douyin,1036807,797.76,1254.31
node_001753,tencent_video,1036807,826.57,1666.32
node_001753,iqiyi,1036807,769.75,1445.86
node_001753,bilibili,1036807,758.82,1136.52
node_001753,netease,1036807,611.83,955.68
node_001753,default,1036807,501.2,661.16
node_001754,kuaishou,167805,757.67,1127.78
node_001754,douyin,167805,742.03,1176.99
node_001754,tencent_video,167805,713.72,1358.67
node_001754,iqiyi,167805,592.4,1252.06
node_001754,bilibili,167805,705.56,1003.76
node_001754,netease,167805,573.22,887.06
node_001754,default,167805,551.03,639.08
node_001755,kuaishou,2260380,1572.55,1664.2
node_001755,douyin,2260380,1343.81,1820.85
node_001755,tencent_video,2260380,1174.95,1956.37
node_001755,iqiyi,2260380,916.16,1843.74
node_001755,bilibili,2260380,1068.41,1539.2
node_001755,netease,2260380,840.03,1425.79
node_001755,default,2260380,806.65,1074.53
node_001756,kuaishou,2265560,888.88,1145.04
node_001756,douyin,2265560,741.88,1399.5
node_001756,tencent_video,2265560,706.57,1391.2
node_001756,iqiyi,2265560,585.36,1294.62
node_001756,bilibili,2265560,731.79,1161.01
node_001756,netease,2265560,571.86,1005.15
node_001756,default,2265560,501.59,677.11
node_001757,kuaishou,2079796,1424.38,1428.82
node_001757,douyin,2079796,1214.96,1620.53
node_001757,tencent_video,2079796,940.07,2243.6
node_001757,iqiyi,2079796,861.78,1665.97
node_001757,bilibili,2079796,1055.54,1475.01
node_001757,netease,2079796,771.84,1156.26
node_001757,default,2079796,634.81,816.31
node_001758,kuaishou,2233169,1237.87,1441.99
node_001758,douyin,2233169,1093.11,1582.82
node_001758,tencent_video,2233169,988.31,1641.32
node_001758,iqiyi,2233169,909.04,1472.87
node_001758,bilibili,2233169,913.15,1581.82
node_001758,netease,2233169,777.14,1214.38
node_001758,default,2233169,612.29,879.18
node_001759,kuaishou,296065,1235.07,1234.35
node_001759,douyin,296065,1091.32,1569.41
node_001759,tencent_video,296065,957.87,1674.05
node_001759,iqiyi,296065,824.11,1461.08
node_001759,bilibili,296065,932.37,1210.39
node_001759,netease,296065,662.28,1166.68
node_001759,default,296065,622.75,791.17
node_001760,kuaishou,1442413,1200.03,1217.07
node_001760,douyin,1442413,1110.62,1500.61
node_001760,tencent_video,1442413,880.23,2072.99
node_001760,iqiyi,1442413,820.61,1642.37
node_001760,bilibili,1442413,916.78,1282.37
node_001760,netease,1442413,726.22,1003.8
node_001760,default,1442413,633.37,709.54
node_001761,kuaishou,1231838,834.15,1017.6
node_001761,douyin,1231838,739.44,1196.91
node_001761,tencent_video,1231838,609.35,1335.5
node_001761,iqiyi,1231838,633.17,1172.09
node_001761,bilibili,1231838,673.32,1068.14
node_001761,netease,1231838,560.38,926.58
node_001761,default,1231838,484.1,568.83
node_001762,kuaishou,1424138,1568.1,1551.55
node_001762,douyin,1424138,1435.18,1943.29
node_001762,tencent_video,1424138,1045.09,2324.82
node_001762,iqiyi,1424138,958.78,2173.84
node_001762,bilibili,1424138,1126.6,1572.76
node_001762,netease,1424138,869.68,1352.13
node_001762,default,1424138,783.39,1057.5
node_001763,kuaishou,750760,1133.29,1295.55
node_001763,douyin,750760,1044.14,1505.57
node_001763,tencent_video,750760,886.46,2026.03
node_001763,iqiyi,750760,773.57,1903.97
node_001763,bilibili,750760,962.59,1285.94
node_001763,netease,750760,712.15,1125.89
node_001763,default,750760,667.48,758.53
node_001764,kuaishou,1616779,817.56,995.11
node_001764,douyin,1616779,787.35,1164.99
node_001764,tencent_video,1616779,674.18,1590.46
node_001764,iqiyi,1616779,549.77,1350.34
node_001764,bilibili,1616779,695.62,1019.79
node_001764,netease,1616779,523.63,936.83
node_001764,default,1616779,440.09,576.33
node_001765,kuaishou,2408619,1263.26,1385.88
node_001765,douyin,2408619,1185.16,1535.08
node_001765,tencent_video,2408619,877.06,1881.59
node_001765,iqiyi,2408619,798.93,1475.5
node_001765,bilibili,2408619,1020.97,1336.14
node_001765,netease,2408619,710.85,1179.15
node_001765,default,2408619,604.73,869.67
node_001766,kuaishou,2136343,1320.05,1148.81
node_001766,douyin,2136343,1166.83,1324.03
node_001766,tencent_video,2136343,825.35,1462.58
node_001766,iqiyi,2136343,766.64,1328.53
node_001766,bilibili,2136343,793.84,1183.42
node_001766,netease,2136343,663.86,962.38
node_001766,default,2136343,560.01,691.99
node_001767,kuaishou,1763597,784.62,776.82
node_001767,douyin,1763597,707.14,879.99
node_001767,tencent_video,1763597,710.99,1114.83
node_001767,iqiyi,1763597,648.42,894.1
node_001767,bilibili,1763597,752.18,854.56
node_001767,netease,1763597,516.07,689.52
node_001767,default,1763597,466.87,505.08
node_001768,kuaishou,2285938,919.22,1249.49
node_001768,douyin,2285938,813.91,1297.73
node_001768,tencent_video,2285938,820.28,1462.13
node_001768,iqiyi,2285938,739.13,1340.45
node_001768,bilibili,2285938,856.93,1188.36
node_001768,netease,2285938,678.72,1019.29
node_001768,default,2285938,565.23,681.29
node_001769,kuaishou,2481786,1342.2,1260.28
node_001769,douyin,2481786,1162.95,1489.91
node_001769,tencent_video,2481786,965.03,1582.46
node_001769,iqiyi,2481786,804.73,1526.63
node_001769,bilibili,2481786,908.96,1268.27
node_001769,netease,2481786,733.96,1189.78
node_001769,default,2481786,599.91,752.66
node_001770,kuaishou,951333,882.56,1008.37
node_001770,douyin,951333,827.96,1292.03
node_001770,tencent_video,951333,729.8,1213.21
node_001770,iqiyi,951333,715.49,1095.06
node_001770,bilibili,951333,835.4,1018.65
node_001770,netease,951333,626.43,805.92
node_001770,default,951333,548.04,623.99
node_001771,kuaishou,1816782,1016.65,911.61
node_001771,douyin,1816782,879.29,1035.04
node_001771,tencent_video,1816782,657.01,1117.9
node_001771,iqiyi,1816782,668.74,993.37
node_001771,bilibili,1816782,715.72,868.92
node_001771,netease,1816782,562.02,718.79
node_001771,default,1816782,470.18,582.21
node_001772,kuaishou,2385296,1586.17,2053.75
node_001772,douyin,2385296,1371.64,2218.37
node_001772,tencent_video,2385296,1231.85,2714.47
node_001772,iqiyi,2385296,1014.43,2427.67
node_001772,bilibili,2385296,1182.18,1879.91
node_001772,netease,2385296,974.5,1563.7
node_001772,default,2385296,854.15,1202.96
node_001773,kuaishou,1151120,1079.14,1312.23
node_001773,douyin,1151120,996.31,1499.97
node_001773,tencent_video,1151120,935.69,1434.52
node_001773,iqiyi,1151120,817.27,1302.0
node_001773,bilibili,1151120,869.42,1204.8
node_001773,netease,1151120,762.75,1010.67
node_001773,default,1151120,559.65,680.39
node_001774,kuaishou,1723800,1259.57,1379.0
node_001774,douyin,1723800,1165.62,1638.51
node_001774,tencent_video,1723800,920.88,1954.88
node_001774,iqiyi,1723800,857.21,1933.05
node_001774,bilibili,1723800,1022.92,1457.25
node_001774,netease,1723800,794.89,1181.78
node_001774,default,1723800,645.11,796.25
node_001775,kuaishou,2337171,837.65,1115.07
node_001775,douyin,2337171,740.59,1331.36
node_001775,tencent_video,2337171,715.1,1396.29
node_001775,iqiyi,2337171,580.44,1120.25
node_001775,bilibili,2337171,759.95,967.49
node_001775,netease,2337171,543.77,930.17
node_001775,default,2337171,466.27,650.66
node_001776,kuaishou,1910759,1392.35,1261.64
node_001776,douyin,1910759,1134.55,1547.31
node_001776,tencent_video,1910759,981.69,2080.25
node_001776,iqiyi,1910759,898.75,1795.21
node_001776,bilibili,1910759,981.43,1360.28
node_001776,netease,1910759,825.74,1109.71
node_001776,default,1910759,639.38,789.23
node_001777,kuaishou,1341634,821.84,1008.7
node_001777,douyin,1341634,697.87,1259.41
node_001777,tencent_video,1341634,667.47,1183.03
node_001777,iqiyi,1341634,586.51,1245.67
node_001777,bilibili,1341634,695.29,1024.03
node_001777,netease,1341634,494.12,868.78
node_001777,default,1341634,440.09,644.72
node_001778,kuaishou,2280347,762.12,768.89
node_001778,douyin,2280347,748.66,776.18
node_001778,tencent_video,2280347,533.8,897.7
node_001778,iqiyi,2280347,522.67,818.21
node_001778,bilibili,2280347,497.87,753.36
node_001778,netease,2280347,427.8,650.5
node_001778,default,2280347,356.03,449.66
node_001779,kuaishou,2175725,897.02,1120.05
node_001779,douyin,2175725,866.77,1240.82
node_001779,tencent_video,2175725,702.01,1435.5
node_001779,iqiyi,2175725,591.21,1467.37
node_001779,bilibili,2175725,778.36,1070.36
node_001779,netease,2175725,475.09,896.47
node_001779,default,2175725,471.98,678.67
node_001780,kuaishou,57230,935.99,910.4
node_001780,douyin,57230,793.68,1056.84
node_001780,tencent_video,57230,695.0,1067.41
node_001780,iqiyi,57230,620.68,914.47
node_001780,bilibili,57230,664.36,832.56
node_001780,netease,57230,498.91,690.21
node_001780,default,57230,443.12,554.52
node_001781,kuaishou,620146,1119.02,1459.71
node_001781,douyin,620146,1006.39,1594.34
node_001781,tencent_video,620146,923.92,1676.87
node_001781,iqiyi,620146,773.01,1360.82
node_001781,bilibili,620146,923.22,1368.95
node_001781,netease,620146,752.01,1188.75
node_001781,default,620146,631.31,807.83
node_001782,kuaishou,2155779,1137.08,999.92
node_001782,douyin,2155779,993.64,1133.38
node_001782,tencent_video,2155779,704.33,1211.81
node_001782,iqiyi,2155779,721.77,1075.16
node_001782,bilibili,2155779,765.96,990.3
node_001782,netease,2155779,585.89,892.18
node_001782,default,2155779,572.13,594.48
node_001783,kuaishou,2541381,1377.79,1652.15
node_001783,douyin,2541381,1265.52,1777.75
node_001783,tencent_video,2541381,1010.89,2056.2
node_001783,iqiyi,2541381,978.13,1783.54
node_001783,bilibili,2541381,1148.64,1680.09
node_001783,netease,2541381,754.22,1384.8
node_001783,default,2541381,712.2,889.75
node_001784,kuaishou,630191,1349.15,1604.71
node_001784,douyin,630191,986.56,1693.4
node_001784,tencent_video,630191,1077.6,1948.4
node_001784,iqiyi,630191,886.27,1689.85
node_001784,bilibili,630191,1093.59,1486.79
node_001784,netease,630191,805.92,1359.83
node_001784,default,630191,684.82,856.35
node_001785,kuaishou,1832285,852.33,886.48
node_001785,douyin,1832285,827.49,1020.66
node_001785,tencent_video,1832285,698.14,1116.69
node_001785,iqiyi,1832285,677.8,1009.87
node_001785,bilibili,1832285,827.87,945.22
node_001785,netease,1832285,606.82,776.68
node_001785,default,1832285,478.24,556.35
node_001786,kuaishou,643906,1123.19,1444.14
node_001786,douyin,643906,1035.87,1619.86
node_001786,tencent_video,643906,1001.23,1642.74
node_001786,iqiyi,643906,812.4,1503.13
node_001786,bilibili,643906,977.04,1476.46
node_001786,netease,643906,701.33,1184.63
node_001786,default,643906,642.19,908.65
node_001787,kuaishou,2136662,1096.5,1287.78
node_001787,douyin,2136662,952.64,1380.92
node_001787,tencent_video,2136662,866.71,1830.52
node_001787,iqiyi,2136662,788.99,1701.81
node_001787,bilibili,2136662,925.67,1237.99
node_001787,netease,2136662,666.59,1059.58
node_001787,default,2136662,551.85,706.64
node_001788,kuaishou,1558955,1312.64,1143.99
node_001788,douyin,1558955,1088.99,1352.57
node_001788,tencent_video,1558955,970.89,1427.12
node_001788,iqiyi,1558955,773.47,1295.19
node_001788,bilibili,1558955,852.63,1120.84
node_001788,netease,1558955,712.78,1055.53
node_001788,default,1558955,589.49,770.28
node_001789,kuaishou,1941592,1054.15,1251.71
node_001789,douyin,1941592,1016.67,1581.42
node_001789,tencent_video,1941592,903.96,1532.44
node_001789,iqiyi,1941592,798.62,1422.54
node_001789,bilibili,1941592,894.27,1311.15
node_001789,netease,1941592,710.05,1130.44
node_001789,default,1941592,583.25,688.39
node_001790,kuaishou,110936,1176.84,1510.74
node_001790,douyin,110936,1124.2,1743.95
node_001790,tencent_video,110936,1076.31,2320.26
node_001790,iqiyi,110936,916.69,1976.17
node_001790,bilibili,110936,1074.39,1487.81
node_001790,netease,110936,808.87,1256.22
node_001790,default,110936,683.61,860.84
node_001791,kuaishou,2147603,1059.89,1098.54
node_001791,douyin,2147603,974.67,1454.09
node_001791,tencent_video,2147603,942.81,1483.72
node_001791,iqiyi,2147603,769.76,1351.86
node_001791,bilibili,2147603,857.81,1150.55
node_001791,netease,2147603,693.1,942.8
node_001791,default,2147603,555.43,750.55
node_001792,kuaishou,988418,1244.57,1190.49
node_001792,douyin,988418,1129.42,1476.54
node_001792,tencent_video,988418,910.07,1885.63
node_001792,iqiyi,988418,834.98,1560.8
node_001792,bilibili,988418,969.88,1401.26
node_001792,netease,988418,701.94,1096.23
node_001792,default,988418,625.59,762.71
node_001793,kuaishou,1885087,1121.31,1369.7
node_001793,douyin,1885087,1056.93,1579.55
node_001793,tencent_video,1885087,950.67,1761.01
node_001793,iqiyi,1885087,811.33,1633.17
node_001793,bilibili,1885087,979.42,1338.63
node_001793,netease,1885087,702.45,1127.63
node_001793,default,1885087,654.52,808.13
node_001794,kuaishou,1376145,977.32,1046.85
node_001794,douyin,1376145,820.13,1237.41
node_001794,tencent_video,1376145,685.4,1330.21
node_001794,iqiyi,1376145,630.91,1161.3
node_001794,bilibili,1376145,719.16,1015.36
node_001794,netease,1376145,551.0,863.25
node_001794,default,1376145,438.24,619.08
node_001795,kuaishou,1074675,1343.39,1677.75
node_001795,douyin,1074675,1191.44,1931.13
node_001795,tencent_video,1074675,1141.58,2222.08
node_001795,iqiyi,1074675,1045.43,1790.46
node_001795,bilibili,1074675,1151.76,1966.9
node_001795,netease,1074675,930.5,1495.41
node_001795,default,1074675,749.95,1130.79
node_001796,kuaishou,2233135,882.66,946.75
node_001796,douyin,2233135,755.65,1019.44
node_001796,tencent_video,2233135,693.65,1240.18
node_001796,iqiyi,2233135,607.7,989.4
node_001796,bilibili,2233135,774.35,864.5
node_001796,netease,2233135,575.29,703.33
node_001796,default,2233135,501.75,550.0
node_001797,kuaishou,2219729,1147.43,1483.11
node_001797,douyin,2219729,1076.08,1675.68
node_001797,tencent_video,2219729,1125.6,2148.23
node_001797,iqiyi,2219729,949.69,1925.91
node_001797,bilibili,2219729,923.09,1483.91
node_001797,netease,2219729,833.45,1288.94
node_001797,default,2219729,699.47,882.96
node_001798,kuaishou,1192130,1287.71,1759.1
node_001798,douyin,1192130,1398.43,2057.96
node_001798,tencent_video,1192130,1181.4,2116.01
node_001798,iqiyi,1192130,968.94,1973.37
node_001798,bilibili,1192130,1296.81,1694.16
node_001798,netease,1192130,881.92,1608.79
node_001798,default,1192130,860.21,1110.39
node_001799,kuaishou,2022383,1561.84,1952.93
node_001799,douyin,2022383,1402.48,2305.08
node_001799,tencent_video,2022383,1212.9,2666.38
node_001799,iqiyi,2022383,1111.07,2331.83
node_001799,bilibili,2022383,1301.8,1901.3
node_001799,netease,2022383,858.06,1486.68
node_001799,default,2022383,798.66,1170.79
node_001800,kuaishou,840676,821.69,877.49
node_001800,douyin,840676,743.44,1187.62
node_001800,tencent_video,840676,713.62,1212.05
node_001800,iqiyi,840676,672.2,1027.72
node_001800,bilibili,840676,717.23,951.73
node_001800,netease,840676,542.14,812.27
node_001800,default,840676,475.51,544.47
node_001801,kuaishou,1144066,1124.79,1461.04
node_001801,douyin,1144066,1037.12,1515.93
node_001801,tencent_video,1144066,884.42,1609.51
node_001801,iqiyi,1144066,871.54,1586.59
node_001801,bilibili,1144066,1002.99,1116.19
node_001801,netease,1144066,645.9,1126.66
node_001801,default,1144066,631.39,796.38
node_001802,kuaishou,1472444,988.88,1111.46
node_001802,douyin,1472444,950.05,1575.76
node_001802,tencent_video,1472444,971.95,1474.94
node_001802,iqiyi,1472444,751.16,1464.08
node_001802,bilibili,1472444,927.46,1369.8
node_001802,netease,1472444,749.46,1139.81
node_001802,default,1472444,606.26,786.39
node_001803,kuaishou,315566,1112.29,1562.81
node_001803,douyin,315566,1201.05,1840.82
node_001803,tencent_video,315566,1039.72,2111.01
node_001803,iqiyi,315566,1030.85,1992.46
node_001803,bilibili,315566,1117.02,1603.53
node_001803,netease,315566,827.51,1423.35
node_001803,default,315566,733.56,968.42
node_001804,kuaishou,110483,753.85,810.86
node_001804,douyin,110483,640.38,1069.16
node_001804,tencent_video,110483,584.62,1267.06
node_001804,iqiyi,110483,553.24,1135.69
node_001804,bilibili,110483,616.05,922.21
node_001804,netease,110483,405.67,741.77
node_001804,default,110483,391.13,509.04
node_001805,kuaishou,1961559,817.58,983.43
node_001805,douyin,1961559,782.93,1041.96
node_001805,tencent_video,1961559,729.16,1149.25
node_001805,iqiyi,1961559,683.49,1062.68
node_001805,bilibili,1961559,754.25,968.11
node_001805,netease,1961559,578.74,740.64
node_001805,default,1961559,522.77,502.1
node_001806,kuaishou,116699,1347.21,1829.26
node_001806,douyin,116699,1270.6,2042.83
node_001806,tencent_video,116699,1108.34,2557.94
node_001806,iqiyi,116699,982.33,2601.4
node_001806,bilibili,116699,1177.17,1823.54
node_001806,netease,116699,841.18,1732.27
node_001806,default,116699,761.08,1020.19
node_001807,kuaishou,212004,842.92,1057.43
node_001807,douyin,212004,729.92,1362.3
node_001807,tencent_video,212004,705.67,1698.75
node_001807,iqiyi,212004,646.84,1473.57
node_001807,bilibili,212004,733.07,1151.22
node_001807,netease,212004,582.86,980.55
node_001807,default,212004,525.97,676.17
node_001808,kuaishou,1568252,1435.13,1411.87
node_001808,douyin,1568252,1187.41,1464.44
node_001808,tencent_video,1568252,1048.36,1691.85
node_001808,iqiyi,1568252,795.51,1536.8
node_001808,bilibili,1568252,1048.71,1475.25
node_001808,netease,1568252,735.11,1175.16
node_001808,default,1568252,665.6,874.34
node_001809,kuaishou,2399131,1355.25,2120.08
node_001809,douyin,2399131,1365.66,2262.76
node_001809,tencent_video,2399131,1131.73,2220.47
node_001809,iqiyi,2399131,1035.18,2063.95
node_001809,bilibili,2399131,1132.25,1910.44
node_001809,netease,2399131,980.34,1408.55
node_001809,default,2399131,777.13,1188.12
node_001810,kuaishou,467574,1451.99,1882.65
node_001810,douyin,467574,1358.94,2120.21
node_001810,tencent_video,467574,1263.3,2439.6
node_001810,iqiyi,467574,1067.82,2105.21
node_001810,bilibili,467574,1202.15,1837.41
node_001810,netease,467574,950.02,1508.1
node_001810,default,467574,795.83,1079.35
node_001811,kuaishou,2216669,1164.0,1144.95
node_001811,douyin,2216669,1079.12,1382.77
node_001811,tencent_video,2216669,923.19,1760.77
node_001811,iqiyi,2216669,779.51,1493.72
node_001811,bilibili,2216669,879.71,1138.36
node_001811,netease,2216669,661.55,979.72
node_001811,default,2216669,608.07,689.37
node_001812,kuaishou,1419572,1292.28,1334.26
node_001812,douyin,1419572,1262.21,1469.78
node_001812,tencent_video,1419572,905.65,1881.05
node_001812,iqiyi,1419572,837.48,1706.72
node_001812,bilibili,1419572,1000.63,1265.21
node_001812,netease,1419572,743.64,1086.21
node_001812,default,1419572,577.12,800.33
node_001813,kuaishou,1695984,1002.5,914.84
node_001813,douyin,1695984,869.05,1157.44
node_001813,tencent_video,1695984,680.28,1144.33
node_001813,iqiyi,1695984,620.17,1096.34
node_001813,bilibili,1695984,827.69,928.41
node_001813,netease,1695984,603.76,719.04
node_001813,default,1695984,498.11,602.25
node_001814,kuaishou,2337884,1207.78,1792.43
node_001814,douyin,2337884,1079.47,1716.59
node_001814,tencent_video,2337884,1082.88,1901.63
node_001814,iqiyi,2337884,1027.01,2008.61
node_001814,bilibili,2337884,1086.4,1631.23
node_001814,netease,2337884,761.39,1435.85
node_001814,default,2337884,651.04,899.27
node_001815,kuaishou,1762912,1397.19,1538.39
node_001815,douyin,1762912,1254.82,1782.55
node_001815,tencent_video,1762912,996.65,1824.54
node_001815,iqiyi,1762912,924.19,1611.19
node_001815,bilibili,1762912,1031.05,1576.33
node_001815,netease,1762912,837.62,1253.04
node_001815,default,1762912,729.38,840.46
node_001816,kuaishou,1022659,1255.18,1740.66
node_001816,douyin,1022659,1272.65,2228.99
node_001816,tencent_video,1022659,1114.04,2221.5
node_001816,iqiyi,1022659,954.47,1927.13
node_001816,bilibili,1022659,1232.47,1942.88
node_001816,netease,1022659,893.61,1469.44
node_001816,default,1022659,796.32,993.19
node_001817,kuaishou,2383321,1151.33,972.2
node_001817,douyin,2383321,879.36,1091.74
node_001817,tencent_video,2383321,696.13,1209.0
node_001817,iqiyi,2383321,643.28,1108.25
node_001817,bilibili,2383321,838.18,1061.15
node_001817,netease,2383321,593.38,851.15
node_001817,default,2383321,589.75,635.71
node_001818,kuaishou,2215123,1105.83,1254.92
node_001818,douyin,2215123,992.0,1455.83
node_001818,tencent_video,2215123,850.14,1846.54
node_001818,iqiyi,2215123,802.66,1732.17
node_001818,bilibili,2215123,935.48,1251.16
node_001818,netease,2215123,714.76,1091.79
node_001818,default,2215123,596.95,786.57
node_001819,kuaishou,1171398,689.63,835.35
node_001819,douyin,1171398,570.52,777.2
node_001819,tencent_video,1171398,543.19,1107.45
node_001819,iqiyi,1171398,472.0,1008.55
node_001819,bilibili,1171398,582.55,743.07
node_001819,netease,1171398,437.9,653.13
node_001819,default,1171398,336.7,476.6
node_001820,kuaishou,2262957,992.44,1194.93
node_001820,douyin,2262957,895.12,1376.15
node_001820,tencent_video,2262957,679.04,1422.94
node_001820,iqiyi,2262957,613.74,1318.65
node_001820,bilibili,2262957,716.42,1277.7
node_001820,netease,2262957,557.52,1023.93
node_001820,default,2262957,488.15,741.52
node_001821,kuaishou,2205314,1239.81,1379.53
node_001821,douyin,2205314,1077.26,1470.06
node_001821,tencent_video,2205314,898.15,1679.3
node_001821,iqiyi,2205314,778.08,1423.91
node_001821,bilibili,2205314,1020.21,1415.04
node_001821,netease,2205314,653.41,1117.37
node_001821,default,2205314,696.4,828.26
node_001822,kuaishou,1391118,632.08,831.57
node_001822,douyin,1391118,570.34,889.95
node_001822,tencent_video,1391118,577.62,1227.76
node_001822,iqiyi,1391118,490.55,973.78
node_001822,bilibili,1391118,585.15,781.37
node_001822,netease,1391118,457.59,668.06
node_001822,default,1391118,356.78,450.59
node_001823,kuaishou,2407753,890.96,926.25
node_001823,douyin,2407753,831.86,1134.95
node_001823,tencent_video,2407753,737.8,1147.15
node_001823,iqiyi,2407753,637.0,950.17
node_001823,bilibili,2407753,757.13,937.2
node_001823,netease,2407753,538.54,894.53
node_001823,default,2407753,520.16,540.95
node_001824,kuaishou,2156652,621.14,647.8
node_001824,douyin,2156652,581.6,778.34
node_001824,tencent_video,2156652,534.82,1044.04
node_001824,iqiyi,2156652,454.44,922.38
node_001824,bilibili,2156652,574.74,658.06
node_001824,netease,2156652,432.01,624.03
node_001824,default,2156652,363.24,423.38
node_001825,kuaishou,1380395,870.11,975.26
node_001825,douyin,1380395,878.2,1151.45
node_001825,tencent_video,1380395,824.92,1522.21
node_001825,iqiyi,1380395,725.99,1370.58
node_001825,bilibili,1380395,798.56,1020.26
node_001825,netease,1380395,641.74,941.26
node_001825,default,1380395,540.85,660.43
node_001826,kuaishou,1841764,671.73,780.25
node_001826,douyin,1841764,634.37,931.02
node_001826,tencent_video,1841764,549.98,1224.02
node_001826,iqiyi,1841764,536.17,959.25
node_001826,bilibili,1841764,628.32,789.14
node_001826,netease,1841764,432.0,678.19
node_001826,default,1841764,375.88,463.14
node_001827,kuaishou,1225386,1236.98,1484.85
node_001827,douyin,1225386,1148.26,1684.73
node_001827,tencent_video,1225386,1069.28,1897.51
node_001827,iqiyi,1225386,886.57,1629.32
node_001827,bilibili,1225386,1113.77,1481.16
node_001827,netease,1225386,856.17,1320.15
node_001827,default,1225386,662.14,923.23
node_001828,kuaishou,324388,1023.34,1344.5
node_001828,douyin,324388,924.29,1543.0
node_001828,tencent_video,324388,954.67,1770.78
node_001828,iqiyi,324388,832.51,1658.98
node_001828,bilibili,324388,904.39,1220.4
node_001828,netease,324388,712.89,1063.26
node_001828,default,324388,661.6,758.3
node_001829,kuaishou,443049,639.36,722.6
node_001829,douyin,443049,559.53,881.61
node_001829,tencent_video,443049,521.93,1076.07
node_001829,iqiyi,443049,496.92,1028.17
node_001829,bilibili,443049,526.87,680.83
node_001829,netease,443049,419.59,589.85
node_001829,default,443049,345.39,418.56
node_001830,kuaishou,789547,821.97,1124.37
node_001830,douyin,789547,730.14,1284.5
node_001830,tencent_video,789547,719.21,1727.31
node_001830,iqiyi,789547,572.91,1410.91
node_001830,bilibili,789547,735.22,1013.28
node_001830,netease,789547,505.56,909.58
node_001830,default,789547,463.58,637.36
node_001831,kuaishou,542128,738.42,972.6
node_001831,douyin,542128,670.01,1109.17
node_001831,tencent_video,542128,553.28,1442.28
node_001831,iqiyi,542128,554.55,1231.51
node_001831,bilibili,542128,614.09,913.65
node_001831,netease,542128,482.39,740.47
node_001831,default,542128,435.05,597.85
node_001832,kuaishou,2385458,1494.94,1915.89
node_001832,douyin,2385458,1338.13,2327.64
node_001832,tencent_video,2385458,1067.92,2460.38
node_001832,iqiyi,2385458,1054.53,2205.89
node_001832,bilibili,2385458,1190.77,1997.39
node_001832,netease,2385458,895.26,1654.55
node_001832,default,2385458,838.73,1135.99
node_001833,kuaishou,1918395,1465.52,1936.54
node_001833,douyin,1918395,1291.29,2199.63
node_001833,tencent_video,1918395,1213.28,2783.53
node_001833,iqiyi,1918395,1037.7,2537.01
node_001833,bilibili,1918395,1221.55,1985.64
node_001833,netease,1918395,984.31,1660.42
node_001833,default,1918395,853.6,1163.68
node_001834,kuaishou,1502865,791.05,879.42
node_001834,douyin,1502865,745.55,1042.53
node_001834,tencent_video,1502865,521.52,1270.1
node_001834,iqiyi,1502865,504.69,1014.18
node_001834,bilibili,1502865,604.85,813.09
node_001834,netease,1502865,463.38,728.92
node_001834,default,1502865,422.84,520.8
node_001835,kuaishou,1718334,793.9,1140.63
node_001835,douyin,1718334,745.96,1186.21
node_001835,tencent_video,1718334,677.65,1798.18
node_001835,iqiyi,1718334,635.65,1224.7
node_001835,bilibili,1718334,711.69,1179.16
node_001835,netease,1718334,552.77,984.09
node_001835,default,1718334,481.29,683.15
node_001836,kuaishou,1516110,1064.78,1237.42
node_001836,douyin,1516110,996.31,1439.78
node_001836,tencent_video,1516110,904.98,1675.72
node_001836,iqiyi,1516110,743.44,1465.49
node_001836,bilibili,1516110,841.03,1282.93
node_001836,netease,1516110,656.46,956.15
node_001836,default,1516110,602.5,688.54
node_001837,kuaishou,894323,671.17,786.47
node_001837,douyin,894323,563.97,924.82
node_001837,tencent_video,894323,576.7,1271.77
node_001837,iqiyi,894323,439.47,1017.33
node_001837,bilibili,894323,543.33,773.85
node_001837,netease,894323,475.28,655.22
node_001837,default,894323,379.63,460.07
node_001838,kuaishou,1045485,739.15,904.12
node_001838,douyin,1045485,698.06,1095.09
node_001838,tencent_video,1045485,665.86,1269.39
node_001838,iqiyi,1045485,631.98,1094.95
node_001838,bilibili,1045485,691.78,972.2
node_001838,netease,1045485,555.81,841.9
node_001838,default,1045485,445.69,610.03
node_001839,kuaishou,1574259,1060.54,1058.1
node_001839,douyin,1574259,1008.07,1368.4
node_001839,tencent_video,1574259,850.31,1846.23
node_001839,iqiyi,1574259,819.97,1830.14
node_001839,bilibili,1574259,855.85,1185.77
node_001839,netease,1574259,715.06,1014.37
node_001839,default,1574259,644.46,736.79
node_001840,kuaishou,1579268,941.06,962.53
node_001840,douyin,1579268,881.86,1137.53
node_001840,tencent_video,1579268,778.4,1585.26
node_001840,iqiyi,1579268,678.84,1414.49
node_001840,bilibili,1579268,796.02,1042.32
node_001840,netease,1579268,602.52,789.83
node_001840,default,1579268,531.23,588.11
node_001841,kuaishou,2063678,608.51,773.88
node_001841,douyin,2063678,611.43,889.37
node_001841,tencent_video,2063678,509.6,1196.57
node_001841,iqiyi,2063678,520.23,983.55
node_001841,bilibili,2063678,538.62,700.2
node_001841,netease,2063678,430.06,623.95
node_001841,default,2063678,370.99,409.42
node_001842,kuaishou,74707,1279.34,1339.1
node_001842,douyin,74707,1261.72,1589.77
node_001842,tencent_video,74707,920.69,1837.02
node_001842,iqiyi,74707,884.74,1537.36
node_001842,bilibili,74707,991.33,1439.05
node_001842,netease,74707,789.51,1212.95
node_001842,default,74707,676.76,821.65
node_001843,kuaishou,1359760,860.6,930.73
node_001843,douyin,1359760,739.09,1078.82
node_001843,tencent_video,1359760,696.18,1110.81
node_001843,iqiyi,1359760,579.97,960.57
node_001843,bilibili,1359760,746.89,824.45
node_001843,netease,1359760,473.59,731.21
node_001843,default,1359760,471.35,546.77
node_001844,kuaishou,1961261,1368.74,1858.5
node_001844,douyin,1961261,1186.53,1845.48
node_001844,tencent_video,1961261,1075.14,2142.36
node_001844,iqiyi,1961261,990.4,1876.81
node_001844,bilibili,1961261,1188.94,1663.25
node_001844,netease,1961261,839.08,1377.65
node_001844,default,1961261,777.78,1040.26
node_001845,kuaishou,2177080,656.2,829.42
node_001845,douyin,2177080,655.11,941.75
node_001845,tencent_video,2177080,573.23,1104.89
node_001845,iqiyi,2177080,527.3,1109.82
node_001845,bilibili,2177080,624.53,753.93
node_001845,netease,2177080,448.78,740.92
node_001845,default,2177080,387.61,500.22
node_001846,kuaishou,1960067,689.11,850.68
node_001846,douyin,1960067,635.99,1004.33
node_001846,tencent_video,1960067,591.43,998.2
node_001846,iqiyi,1960067,523.87,955.33
node_001846,bilibili,1960067,648.81,802.97
node_001846,netease,1960067,473.07,706.28
node_001846,default,1960067,406.95,480.14
node_001847,kuaishou,1351019,1182.71,1150.73
node_001847,douyin,1351019,1034.21,1368.09
node_001847,tencent_video,1351019,866.89,1854.94
node_001847,iqiyi,1351019,696.73,1511.69
node_001847,bilibili,1351019,773.63,1077.73
node_001847,netease,1351019,638.73,1025.83
node_001847,default,1351019,565.36,684.07
node_001848,kuaishou,830098,915.28,971.42
node_001848,douyin,830098,749.32,1038.65
node_001848,tencent_video,830098,591.88,1139.2
node_001848,iqiyi,830098,568.06,1159.42
node_001848,bilibili,830098,666.45,959.08
node_001848,netease,830098,526.61,784.74
node_001848,default,830098,462.55,605.84
node_001849,kuaishou,1325301,796.29,996.04
node_001849,douyin,1325301,716.87,1120.79
node_001849,tencent_video,1325301,684.65,1595.15
node_001849,iqiyi,1325301,599.98,1460.09
node_001849,bilibili,1325301,673.88,1021.55
node_001849,netease,1325301,496.86,946.37
node_001849,default,1325301,483.74,677.76
node_001850,kuaishou,1127316,887.37,901.42
node_001850,douyin,1127316,783.63,1175.37
node_001850,tencent_video,1127316,559.94,1478.55
node_001850,iqiyi,1127316,564.52,1312.27
node_001850,bilibili,1127316,677.55,903.94
node_001850,netease,1127316,492.47,736.66
node_001850,default,1127316,419.6,561.78
node_001851,kuaishou,1650516,820.9,874.53
node_001851,douyin,1650516,743.17,1032.07
node_001851,tencent_video,1650516,683.09,1224.1
node_001851,iqiyi,1650516,563.81,1020.42
node_001851,bilibili,1650516,769.45,878.11
node_001851,netease,1650516,564.54,770.73
node_001851,default,1650516,497.83,571.86
node_001852,kuaishou,108970,1393.56,1625.16
node_001852,douyin,108970,1211.16,1853.13
node_001852,tencent_video,108970,1035.66,2015.76
node_001852,iqiyi,108970,950.67,1802.97
node_001852,bilibili,108970,1086.48,1468.49
node_001852,netease,108970,764.76,1366.39
node_001852,default,108970,681.51,975.13
node_001853,kuaishou,2439888,1395.14,1783.59
node_001853,douyin,2439888,1228.42,1743.92
node_001853,tencent_video,2439888,1007.17,1937.65
node_001853,iqiyi,2439888,957.21,1718.15
node_001853,bilibili,2439888,1090.97,1542.8
node_001853,netease,2439888,819.6,1365.47
node_001853,default,2439888,729.67,1062.49
node_001854,kuaishou,1786171,1356.96,1851.39
node_001854,douyin,1786171,1184.47,2122.33
node_001854,tencent_video,1786171,1161.14,2668.21
node_001854,iqiyi,1786171,1096.57,2424.9
node_001854,bilibili,1786171,1086.49,1879.41
node_001854,netease,1786171,873.7,1582.96
node_001854,default,1786171,802.18,932.6
node_001855,kuaishou,804411,1284.83,1628.17
node_001855,douyin,804411,1144.4,1786.24
node_001855,tencent_video,804411,1002.53,2210.33
node_001855,iqiyi,804411,895.98,1972.13
node_001855,bilibili,804411,1021.52,1711.02
node_001855,netease,804411,753.8,1409.13
node_001855,default,804411,677.0,893.56
node_001856,kuaishou,7023,1486.32,1688.59
node_001856,douyin,7023,1373.22,2109.45
node_001856,tencent_video,7023,1147.13,2341.14
node_001856,iqiyi,7023,967.76,1992.36
node_001856,bilibili,7023,1188.93,1797.58
node_001856,netease,7023,853.69,1417.8
node_001856,default,7023,801.74,1101.7
node_001857,kuaishou,81692,919.01,1035.29
node_001857,douyin,81692,871.73,1161.1
node_001857,tencent_video,81692,708.62,1648.37
node_001857,iqiyi,81692,625.83,1339.76
node_001857,bilibili,81692,695.73,1087.51
node_001857,netease,81692,527.85,860.96
node_001857,default,81692,449.29,608.0
node_001858,kuaishou,1453239,1074.61,1352.42
node_001858,douyin,1453239,913.95,1441.7
node_001858,tencent_video,1453239,930.38,2130.55
node_001858,iqiyi,1453239,777.69,1609.13
node_001858,bilibili,1453239,969.59,1296.26
node_001858,netease,1453239,700.24,1032.05
node_001858,default,1453239,619.21,795.91
node_001859,kuaishou,1833644,705.32,738.1
node_001859,douyin,1833644,681.03,798.98
node_001859,tencent_video,1833644,496.95,908.91
node_001859,iqiyi,1833644,433.6,836.86
node_001859,bilibili,1833644,541.87,681.93
node_001859,netease,1833644,392.69,625.28
node_001859,default,1833644,370.56,417.87
node_001860,kuaishou,2449320,1078.44,1378.39
node_001860,douyin,2449320,956.42,1719.6
node_001860,tencent_video,2449320,1078.97,2310.61
node_001860,iqiyi,2449320,886.96,1921.15
node_001860,bilibili,2449320,1014.3,1539.96
node_001860,netease,2449320,795.14,1246.98
node_001860,default,2449320,650.35,903.85
node_001861,kuaishou,1235305,1081.39,1207.98
node_001861,douyin,1235305,1068.67,1354.7
node_001861,tencent_video,1235305,749.26,1591.46
node_001861,iqiyi,1235305,730.99,1387.46
node_001861,bilibili,1235305,903.22,1146.69
node_001861,netease,1235305,731.09,1014.08
node_001861,default,1235305,573.78,682.46
node_001862,kuaishou,290022,723.29,918.3
node_001862,douyin,290022,669.18,1183.12
node_001862,tencent_video,290022,628.72,1224.54
node_001862,iqiyi,290022,563.31,992.77
node_001862,bilibili,290022,654.03,893.54
node_001862,netease,290022,525.39,772.64
node_001862,default,290022,421.39,589.64
node_001863,kuaishou,975924,1414.04,1623.61
node_001863,douyin,975924,1246.77,1881.28
node_001863,tencent_video,975924,1041.34,2583.53
node_001863,iqiyi,975924,927.48,2123.41
node_001863,bilibili,975924,1079.24,1645.69
node_001863,netease,975924,935.62,1152.64
node_001863,default,975924,742.85,1043.98
node_001864,kuaishou,971612,1048.57,1296.32
node_001864,douyin,971612,1010.5,1442.72
node_001864,tencent_video,971612,889.93,1936.1
node_001864,iqiyi,971612,770.67,1759.02
node_001864,bilibili,971612,872.93,1249.62
node_001864,netease,971612,728.15,1012.71
node_001864,default,971612,640.31,761.9
node_001865,kuaishou,923342,1126.2,1133.69
node_001865,douyin,923342,1049.34,1241.94
node_001865,tencent_video,923342,806.03,1358.68
node_001865,iqiyi,923342,706.99,1310.0
node_001865,bilibili,923342,863.98,1102.41
node_001865,netease,923342,652.47,961.18
node_001865,default,923342,576.75,635.16
node_001866,kuaishou,1816545,1160.46,1419.07
node_001866,douyin,1816545,1020.65,1745.82
node_001866,tencent_video,1816545,1053.04,1648.93
node_001866,iqiyi,1816545,923.32,1519.9
node_001866,bilibili,1816545,991.66,1443.92
node_001866,netease,1816545,824.84,1227.25
node_001866,default,1816545,683.71,890.73
node_001867,kuaishou,1078465,782.63,1017.04
node_001867,douyin,1078465,753.01,1242.44
node_001867,tencent_video,1078465,689.79,1355.95
node_001867,iqiyi,1078465,589.6,1136.61
node_001867,bilibili,1078465,741.81,1027.85
node_001867,netease,1078465,520.75,938.74
node_001867,default,1078465,467.9,617.22
node_001868,kuaishou,260949,1137.17,1160.27
node_001868,douyin,260949,954.09,1197.78
node_001868,tencent_video,260949,823.96,1605.09
node_001868,iqiyi,260949,736.5,1411.51
node_001868,bilibili,260949,860.26,1017.38
node_001868,netease,260949,654.55,831.09
node_001868,default,260949,583.21,654.33
node_001869,kuaishou,816260,959.19,831.95
node_001869,douyin,816260,1091.25,1034.28
node_001869,tencent_video,816260,735.83,1077.58
node_001869,iqiyi,816260,633.32,1003.72
node_001869,bilibili,816260,685.56,843.6
node_001869,netease,816260,578.77,733.93
node_001869,default,816260,464.89,507.25
node_001870,kuaishou,610421,1323.91,1732.94
node_001870,douyin,610421,1227.08,1949.54
node_001870,tencent_video,610421,1070.88,2135.96
node_001870,iqiyi,610421,902.39,1630.83
node_001870,bilibili,610421,1236.22,1644.18
node_001870,netease,610421,875.4,1204.6
node_001870,default,610421,803.69,1045.98
node_001871,kuaishou,2579200,828.94,963.69
node_001871,douyin,2579200,819.32,1154.24
node_001871,tencent_video,2579200,644.25,1253.65
node_001871,iqiyi,2579200,533.64,1163.04
node_001871,bilibili,2579200,705.77,1042.92
node_001871,netease,2579200,532.58,851.64
node_001871,default,2579200,442.36,578.79
node_001872,kuaishou,780278,1463.47,1910.98
node_001872,douyin,780278,1178.14,2339.63
node_001872,tencent_video,780278,1130.46,2240.59
node_001872,iqiyi,780278,1140.1,2222.68
node_001872,bilibili,780278,1219.32,1798.78
node_001872,netease,780278,905.8,1595.43
node_001872,default,780278,880.83,1225.92
node_001873,kuaishou,1738086,1026.64,1217.8
node_001873,douyin,1738086,948.95,1480.85
node_001873,tencent_video,1738086,893.81,1511.48
node_001873,iqiyi,1738086,788.1,1254.69
node_001873,bilibili,1738086,813.65,1180.49
node_001873,netease,1738086,691.09,1058.19
node_001873,default,1738086,605.64,710.56
node_001874,kuaishou,982548,830.12,1078.76
node_001874,douyin,982548,754.23,1231.61
node_001874,tencent_video,982548,663.22,1380.48
node_001874,iqiyi,982548,552.25,1125.87
node_001874,bilibili,982548,759.12,1021.22
node_001874,netease,982548,533.64,960.58
node_001874,default,982548,465.81,607.62
node_001875,kuaishou,121664,711.3,715.56
node_001875,douyin,121664,659.6,827.04
node_001875,tencent_video,121664,572.07,936.79
node_001875,iqiyi,121664,433.95,815.0
node_001875,bilibili,121664,553.42,782.36
node_001875,netease,121664,419.2,621.73
node_001875,default,121664,404.12,419.29
node_001876,kuaishou,921076,1297.6,1555.0
node_001876,douyin,921076,1077.57,2033.8
node_001876,tencent_video,921076,1074.22,2472.93
node_001876,iqiyi,921076,1043.18,2052.23
node_001876,bilibili,921076,975.47,1493.37
node_001876,netease,921076,827.95,1403.97
node_001876,default,921076,796.0,1026.81
node_001877,kuaishou,210777,900.46,940.49
node_001877,douyin,210777,900.92,1167.87
node_001877,tencent_video,210777,835.85,1235.78
node_001877,iqiyi,210777,660.9,1144.54
node_001877,bilibili,210777,784.21,1059.81
node_001877,netease,210777,648.87,906.25
node_001877,default,210777,565.81,631.17
node_001878,kuaishou,1312816,1151.35,1395.84
node_001878,douyin,1312816,1040.92,1577.3
node_001878,tencent_video,1312816,898.37,1814.68
node_001878,iqiyi,1312816,814.82,1541.05
node_001878,bilibili,1312816,981.1,1449.73
node_001878,netease,1312816,750.05,1127.09
node_001878,default,1312816,700.74,803.14
node_001879,kuaishou,675593,628.39,814.77
node_001879,douyin,675593,642.17,892.17
node_001879,tencent_video,675593,519.08,1146.6
node_001879,iqiyi,675593,483.35,1100.68
node_001879,bilibili,675593,564.53,818.93
node_001879,netease,675593,434.75,652.57
node_001879,default,675593,371.6,453.58
node_001880,kuaishou,2446668,1187.05,1227.32
node_001880,douyin,2446668,1209.09,1419.27
node_001880,tencent_video,2446668,857.41,1454.88
node_001880,iqiyi,2446668,740.97,1311.79
node_001880,bilibili,2446668,925.03,1146.85
node_001880,netease,2446668,669.23,951.9
node_001880,default,2446668,648.2,744.8
node_001881,kuaishou,1393462,1348.7,1444.75
node_001881,douyin,1393462,1155.15,1657.34
node_001881,tencent_video,1393462,924.46,1808.02
node_001881,iqiyi,1393462,831.62,1768.99
node_001881,bilibili,1393462,1005.19,1436.07
node_001881,netease,1393462,764.03,1289.24
node_001881,default,1393462,644.76,744.8
node_001882,kuaishou,1322352,1068.41,1133.49
node_001882,douyin,1322352,851.15,1235.31
node_001882,tencent_video,1322352,821.18,1320.03
node_001882,iqiyi,1322352,698.53,1241.41
node_001882,bilibili,1322352,914.7,1224.8
node_001882,netease,1322352,681.34,977.73
node_001882,default,1322352,560.68,703.7
node_001883,kuaishou,65564,1147.45,1290.95
node_001883,douyin,65564,1026.32,1528.5
node_001883,tencent_video,65564,936.57,1649.49
node_001883,iqiyi,65564,898.63,1515.63
node_001883,bilibili,65564,907.18,1274.33
node_001883,netease,65564,797.33,1149.88
node_001883,default,65564,645.2,865.27
node_001884,kuaishou,373140,1323.1,1651.52
node_001884,douyin,373140,1388.5,2065.18
node_001884,tencent_video,373140,1124.64,2713.14
node_001884,iqiyi,373140,1040.49,2329.29
node_001884,bilibili,373140,1121.27,1678.02
node_001884,netease,373140,781.94,1411.28
node_001884,default,373140,767.67,975.73
node_001885,kuaishou,1719528,819.76,1066.55
node_001885,douyin,1719528,835.67,1291.53
node_001885,tencent_video,1719528,714.13,1307.64
node_001885,iqiyi,1719528,653.99,1207.53
node_001885,bilibili,1719528,779.21,1082.29
node_001885,netease,1719528,595.66,997.41
node_001885,default,1719528,477.28,720.09
node_001886,kuaishou,1990956,983.76,912.04
node_001886,douyin,1990956,861.43,1151.82
node_001886,tencent_video,1990956,654.82,1278.3
node_001886,iqiyi,1990956,687.58,1069.06
node_001886,bilibili,1990956,822.53,973.98
node_001886,netease,1990956,608.57,756.66
node_001886,default,1990956,463.12,585.12
node_001887,kuaishou,484966,1077.18,1404.57
node_001887,douyin,484966,978.43,1605.61
node_001887,tencent_video,484966,874.91,1641.0
node_001887,iqiyi,484966,840.09,1437.77
node_001887,bilibili,484966,944.27,1175.83
node_001887,netease,484966,768.78,1142.54
node_001887,default,484966,615.08,885.65
node_001888,kuaishou,786788,1039.02,1123.5
node_001888,douyin,786788,941.33,1422.83
node_001888,tencent_video,786788,846.21,1839.51
node_001888,iqiyi,786788,808.07,1639.96
node_001888,bilibili,786788,948.19,1206.44
node_001888,netease,786788,674.08,958.72
node_001888,default,786788,609.39,710.82
node_001889,kuaishou,48884,1040.18,1327.13
node_001889,douyin,48884,999.56,1561.23
node_001889,tencent_video,48884,857.39,1578.82
node_001889,iqiyi,48884,862.52,1437.32
node_001889,bilibili,48884,970.19,1288.65
node_001889,netease,48884,742.44,983.49
node_001889,default,48884,671.74,774.85
node_001890,kuaishou,409783,921.49,1105.06
node_001890,douyin,409783,852.91,1196.7
node_001890,tencent_video,409783,664.45,1418.52
node_001890,iqiyi,409783,639.92,1198.1
node_001890,bilibili,409783,714.42,1193.35
node_001890,netease,409783,552.83,917.38
node_001890,default,409783,467.99,653.22
node_001891,kuaishou,1496869,1025.96,1062.77
node_001891,douyin,1496869,847.87,1263.37
node_001891,tencent_video,1496869,746.05,1509.45
node_001891,iqiyi,1496869,688.52,1393.36
node_001891,bilibili,1496869,733.73,1113.77
node_001891,netease,1496869,630.95,934.63
node_001891,default,1496869,502.69,613.32
node_001892,kuaishou,1506692,1139.54,1616.26
node_001892,douyin,1506692,1193.12,1744.87
node_001892,tencent_video,1506692,1081.2,2019.65
node_001892,iqiyi,1506692,859.93,1825.26
node_001892,bilibili,1506692,1086.27,1518.4
node_001892,netease,1506692,878.88,1431.77
node_001892,default,1506692,691.79,979.56
node_001893,kuaishou,868617,1185.3,1572.66
node_001893,douyin,868617,1139.31,1873.36
node_001893,tencent_video,868617,1057.93,2038.0
node_001893,iqiyi,868617,1008.28,1647.09
node_001893,bilibili,868617,1131.29,1661.26
node_001893,netease,868617,794.25,1426.29
node_001893,default,868617,755.62,978.5
node_001894,kuaishou,2554782,1176.32,1365.82
node_001894,douyin,2554782,1015.15,1584.38
node_001894,tencent_video,2554782,869.66,1880.74
node_001894,iqiyi,2554782,859.37,1640.03
node_001894,bilibili,2554782,894.87,1282.77
node_001894,netease,2554782,698.0,1211.51
node_001894,default,2554782,663.7,759.7
node_001895,kuaishou,1051951,1154.33,1345.09
node_001895,douyin,1051951,1019.34,1545.37
node_001895,tencent_video,1051951,852.19,1597.38
node_001895,iqiyi,1051951,781.35,1469.31
node_001895,bilibili,1051951,912.31,1315.92
node_001895,netease,1051951,726.61,1147.39
node_001895,default,1051951,602.7,804.09
node_001896,kuaishou,1133720,746.4,888.09
node_001896,douyin,1133720,666.43,1144.63
node_001896,tencent_video,1133720,602.82,1368.46
node_001896,iqiyi,1133720,538.0,1260.55
node_001896,bilibili,1133720,623.83,963.09
node_001896,netease,1133720,514.06,808.48
node_001896,default,1133720,422.32,514.99
node_001897,kuaishou,1582320,844.16,1037.15
node_001897,douyin,1582320,679.35,1235.7
node_001897,tencent_video,1582320,640.87,1686.65
node_001897,iqiyi,1582320,591.43,1370.16
node_001897,bilibili,1582320,709.59,1084.46
node_001897,netease,1582320,507.53,918.08
node_001897,default,1582320,439.89,594.73
node_001898,kuaishou,976913,1244.44,1317.85
node_001898,douyin,976913,1126.63,1623.18
node_001898,tencent_video,976913,1049.63,2055.15
node_001898,iqiyi,976913,859.41,1985.74
node_001898,bilibili,976913,1068.17,1426.02
node_001898,netease,976913,776.96,1310.89
node_001898,default,976913,726.12,867.73
node_001899,kuaishou,263171,1231.63,1570.52
node_001899,douyin,263171,1072.96,1751.3
node_001899,tencent_video,263171,1030.25,2291.96
node_001899,iqiyi,263171,831.86,2199.06
node_001899,bilibili,263171,1100.79,1537.21
node_001899,netease,263171,816.31,1414.19
node_001899,default,263171,684.36,876.16
node_001900,kuaishou,450403,717.98,898.11
node_001900,douyin,450403,675.26,1006.84
node_001900,tencent_video,450403,579.1,1321.87
node_001900,iqiyi,450403,559.8,1185.71
node_001900,bilibili,450403,606.32,873.26
node_001900,netease,450403,508.74,767.95
node_001900,default,450403,414.05,552.3
node_001901,kuaishou,172616,1027.28,1021.71
node_001901,douyin,172616,959.52,999.91
node_001901,tencent_video,172616,688.11,1449.11
node_001901,iqiyi,172616,679.75,1315.52
node_001901,bilibili,172616,774.41,1007.11
node_001901,netease,172616,603.1,820.57
node_001901,default,172616,530.31,564.11
node_001902,kuaishou,2072641,939.07,970.71
node_001902,douyin,2072641,849.16,1113.64
node_001902,tencent_video,2072641,788.86,1269.81
node_001902,iqiyi,2072641,716.28,1222.74
node_001902,bilibili,2072641,782.86,940.95
node_001902,netease,2072641,638.22,824.19
node_001902,default,2072641,505.48,621.48
node_001903,kuaishou,59496,997.88,1175.61
node_001903,douyin,59496,975.43,1271.59
node_001903,tencent_video,59496,889.81,1625.58
node_001903,iqiyi,59496,695.36,1313.82
node_001903,bilibili,59496,909.7,1245.48
node_001903,netease,59496,603.04,1031.51
node_001903,default,59496,585.22,705.89
node_001904,kuaishou,532573,1216.68,1266.43
node_001904,douyin,532573,1015.64,1374.03
node_001904,tencent_video,532573,913.95,1838.52
node_001904,iqiyi,532573,890.32,1735.87
node_001904,bilibili,532573,939.48,1349.39
node_001904,netease,532573,727.03,1076.27
node_001904,default,532573,569.18,777.83
node_001905,kuaishou,11236,1590.33,1563.28
node_001905,douyin,11236,1300.82,1874.0
node_001905,tencent_video,11236,1026.18,2068.57
node_001905,iqiyi,11236,958.05,1794.7
node_001905,bilibili,11236,1059.63,1460.48
node_001905,netease,11236,798.36,1303.58
node_001905,default,11236,739.56,916.78
node_001906,kuaishou,415714,756.9,939.7
node_001906,douyin,415714,737.32,1109.98
node_001906,tencent_video,415714,610.69,1280.29
node_001906,iqiyi,415714,613.65,1088.39
node_001906,bilibili,415714,634.03,1055.7
node_001906,netease,415714,518.19,842.55
node_001906,default,415714,436.04,621.51
node_001907,kuaishou,1475530,917.35,1177.95
node_001907,douyin,1475530,756.85,1352.22
node_001907,tencent_video,1475530,665.24,1652.61
node_001907,iqiyi,1475530,634.93,1533.42
node_001907,bilibili,1475530,705.35,1172.58
node_001907,netease,1475530,586.69,973.83
node_001907,default,1475530,446.32,698.5
node_001908,kuaishou,539852,1510.39,1803.62
node_001908,douyin,539852,1279.34,1996.34
node_001908,tencent_video,539852,1150.71,2749.54
node_001908,iqiyi,539852,1006.75,2084.87
node_001908,bilibili,539852,1214.06,1910.97
node_001908,netease,539852,858.67,1473.06
node_001908,default,539852,815.85,1106.7
node_001909,kuaishou,1969351,804.27,801.63
node_001909,douyin,1969351,719.28,973.39
node_001909,tencent_video,1969351,676.78,1091.71
node_001909,iqiyi,1969351,601.88,1012.47
node_001909,bilibili,1969351,756.16,827.93
node_001909,netease,1969351,548.11,765.65
node_001909,default,1969351,459.69,490.51
node_001910,kuaishou,1839979,1046.1,1214.93
node_001910,douyin,1839979,1010.82,1239.96
node_001910,tencent_video,1839979,727.83,1392.71
node_001910,iqiyi,1839979,697.83,1250.28
node_001910,bilibili,1839979,793.59,1142.66
node_001910,netease,1839979,587.71,988.19
node_001910,default,1839979,503.32,713.05
node_001911,kuaishou,1113621,1360.19,1423.31
node_001911,douyin,1113621,1197.26,1315.56
node_001911,tencent_video,1113621,891.67,1786.82
node_001911,iqiyi,1113621,801.67,1559.87
node_001911,bilibili,1113621,1027.36,1374.76
node_001911,netease,1113621,683.45,1131.87
node_001911,default,1113621,678.35,881.66
node_001912,kuaishou,2470999,744.01,779.6
node_001912,douyin,2470999,688.73,858.1
node_001912,tencent_video,2470999,521.84,948.89
node_001912,iqiyi,2470999,462.11,831.16
node_001912,bilibili,2470999,566.07,781.26
node_001912,netease,2470999,445.21,652.27
node_001912,default,2470999,366.45,474.89
node_001913,kuaishou,1620490,929.27,1124.19
node_001913,douyin,1620490,905.42,1276.94
node_001913,tencent_video,1620490,788.2,1320.13
node_001913,iqiyi,1620490,698.35,1204.06
node_001913,bilibili,1620490,782.39,1036.17
node_001913,netease,1620490,672.32,920.29
node_001913,default,1620490,568.93,591.52
node_001914,kuaishou,2573309,818.75,780.82
node_001914,douyin,2573309,658.86,919.33
node_001914,tencent_video,2573309,615.95,1054.0
node_001914,iqiyi,2573309,495.98,937.27
node_001914,bilibili,2573309,612.64,715.27
node_001914,netease,2573309,464.41,675.77
node_001914,default,2573309,369.16,476.36
node_001915,kuaishou,1773418,1349.36,1696.8
node_001915,douyin,1773418,1375.62,1753.49
node_001915,tencent_video,1773418,979.09,1992.52
node_001915,iqiyi,1773418,878.63,1741.13
node_001915,bilibili,1773418,1101.58,1626.63
node_001915,netease,1773418,850.58,1308.74
node_001915,default,1773418,734.39,1022.9
node_001916,kuaishou,2171872,986.62,1383.9
node_001916,douyin,2171872,1057.51,1468.21
node_001916,tencent_video,2171872,960.84,1725.85
node_001916,iqiyi,2171872,897.47,1480.0
node_001916,bilibili,2171872,988.11,1397.28
node_001916,netease,2171872,641.46,1147.06
node_001916,default,2171872,655.75,727.18
node_001917,kuaishou,1330366,1645.59,1748.09
node_001917,douyin,1330366,1508.17,2221.53
node_001917,tencent_video,1330366,1242.71,2838.84
node_001917,iqiyi,1330366,1017.91,2417.93
node_001917,bilibili,1330366,1338.68,1953.46
node_001917,netease,1330366,1017.52,1762.49
node_001917,default,1330366,801.47,1108.0
node_001918,kuaishou,1444402,861.51,991.74
node_001918,douyin,1444402,777.29,1135.27
node_001918,tencent_video,1444402,613.81,1203.78
node_001918,iqiyi,1444402,640.09,1078.96
node_001918,bilibili,1444402,613.27,1007.01
node_001918,netease,1444402,535.52,857.32
node_001918,default,1444402,439.62,558.54
node_001919,kuaishou,1470537,618.94,769.48
node_001919,douyin,1470537,607.08,884.64
node_001919,tencent_video,1470537,550.05,1034.08
node_001919,iqiyi,1470537,481.29,877.19
node_001919,bilibili,1470537,582.41,770.17
node_001919,netease,1470537,449.0,626.52
node_001919,default,1470537,360.13,469.86
node_001920,kuaishou,390678,764.91,960.29
node_001920,douyin,390678,677.08,1086.17
node_001920,tencent_video,390678,702.28,1103.5
node_001920,iqiyi,390678,531.41,1122.22
node_001920,bilibili,390678,695.98,919.06
node_001920,netease,390678,458.54,871.08
node_001920,default,390678,416.74,563.91
node_001921,kuaishou,1984834,1117.96,1252.05
node_001921,douyin,1984834,1063.59,1663.06
node_001921,tencent_video,1984834,1017.96,1552.53
node_001921,iqiyi,1984834,706.41,1557.93
node_001921,bilibili,1984834,949.37,1274.32
node_001921,netease,1984834,749.69,1140.37
node_001921,default,1984834,610.83,820.06
node_001922,kuaishou,2195213,759.07,1013.33
node_001922,douyin,2195213,755.82,1272.98
node_001922,tencent_video,2195213,700.55,1185.2
node_001922,iqiyi,2195213,563.59,1168.44
node_001922,bilibili,2195213,734.8,978.7
node_001922,netease,2195213,530.47,824.68
node_001922,default,2195213,466.31,597.2
node_001923,kuaishou,1541816,1133.69,1500.22
node_001923,douyin,1541816,1006.41,1613.35
node_001923,tencent_video,1541816,966.95,2221.83
node_001923,iqiyi,1541816,910.87,1905.92
node_001923,bilibili,1541816,1068.54,1609.25
node_001923,netease,1541816,819.16,1290.0
node_001923,default,1541816,719.16,848.11
node_001924,kuaishou,486348,1086.0,1172.29
node_001924,douyin,486348,864.31,1375.85
node_001924,tencent_video,486348,846.39,1433.82
node_001924,iqiyi,486348,715.29,1330.07
node_001924,bilibili,486348,915.06,1185.06
node_001924,netease,486348,668.08,952.54
node_001924,default,486348,596.46,677.55
node_001925,kuaishou,288134,1062.38,874.44
node_001925,douyin,288134,892.16,1050.68
node_001925,tencent_video,288134,670.39,1389.22
node_001925,iqiyi,288134,635.24,1203.87
node_001925,bilibili,288134,701.08,898.41
node_001925,netease,288134,553.99,789.26
node_001925,default,288134,471.86,580.92
node_001926,kuaishou,2105025,929.04,1050.61
node_001926,douyin,2105025,936.86,1145.75
node_001926,tencent_video,2105025,680.48,1363.43
node_001926,iqiyi,2105025,575.19,1337.45
node_001926,bilibili,2105025,678.08,1075.73
node_001926,netease,2105025,587.47,895.73
node_001926,default,2105025,477.52,633.25
node_001927,kuaishou,1006301,767.41,1040.82
node_001927,douyin,1006301,800.05,1209.25
node_001927,tencent_video,1006301,690.15,1498.91
node_001927,iqiyi,1006301,592.73,1321.34
node_001927,bilibili,1006301,747.14,971.77
node_001927,netease,1006301,544.62,910.94
node_001927,default,1006301,474.28,558.12
node_001928,kuaishou,648014,701.71,869.81
node_001928,douyin,648014,659.14,1158.33
node_001928,tencent_video,648014,570.47,1377.18
node_001928,iqiyi,648014,545.9,1221.04
node_001928,bilibili,648014,623.21,964.69
node_001928,netease,648014,496.39,791.68
node_001928,default,648014,390.25,542.5
node_001929,kuaishou,1016647,1449.22,1631.38
node_001929,douyin,1016647,1297.68,1858.91
node_001929,tencent_video,1016647,1086.37,2668.58
node_001929,iqiyi,1016647,953.54,2092.36
node_001929,bilibili,1016647,1175.17,1486.45
node_001929,netease,1016647,898.53,1303.47
node_001929,default,1016647,771.79,967.51
node_001930,kuaishou,8490,732.49,1004.99
node_001930,douyin,8490,693.08,1221.22
node_001930,tencent_video,8490,668.34,1395.21
node_001930,iqiyi,8490,570.24,1349.52
node_001930,bilibili,8490,641.71,942.31
node_001930,netease,8490,502.28,861.24
node_001930,default,8490,473.22,604.57
node_001931,kuaishou,1939382,592.46,724.37
node_001931,douyin,1939382,525.09,825.54
node_001931,tencent_video,1939382,505.7,1021.11
node_001931,iqiyi,1939382,477.05,932.56
node_001931,bilibili,1939382,535.0,734.41
node_001931,netease,1939382,451.05,610.35
node_001931,default,1939382,327.82,391.87
node_001932,kuaishou,1909732,1097.39,1512.71
node_001932,douyin,1909732,1074.62,1715.18
node_001932,tencent_video,1909732,1006.97,2250.61
node_001932,iqiyi,1909732,955.04,1956.36
node_001932,bilibili,1909732,1050.29,1577.95
node_001932,netease,1909732,867.92,1256.52
node_001932,default,1909732,675.88,867.21
node_001933,kuaishou,677501,1131.84,1193.31
node_001933,douyin,677501,970.39,1456.74
node_001933,tencent_video,677501,939.39,1545.36
node_001933,iqiyi,677501,779.42,1367.44
node_001933,bilibili,677501,965.04,1266.16
node_001933,netease,677501,666.29,1012.24
node_001933,default,677501,632.89,768.78
node_001934,kuaishou,1236927,999.43,1272.43
node_001934,douyin,1236927,914.4,1322.17
node_001934,tencent_video,1236927,842.62,1504.26
node_001934,iqiyi,1236927,808.0,1291.87
node_001934,bilibili,1236927,858.89,1142.69
node_001934,netease,1236927,666.02,1148.02
node_001934,default,1236927,604.31,739.78
node_001935,kuaishou,1848723,1184.04,1356.67
node_001935,douyin,1848723,947.71,1395.62
node_001935,tencent_video,1848723,873.86,1523.93
node_001935,iqiyi,1848723,784.07,1349.12
node_001935,bilibili,1848723,920.89,1268.65
node_001935,netease,1848723,718.54,1084.28
node_001935,default,1848723,595.97,820.35
node_001936,kuaishou,2045226,788.67,805.5
node_001936,douyin,2045226,731.54,945.37
node_001936,tencent_video,2045226,558.66,984.79
node_001936,iqiyi,2045226,496.29,806.62
node_001936,bilibili,2045226,558.81,869.17
node_001936,netease,2045226,425.17,615.07
node_001936,default,2045226,405.62,484.39
node_001937,kuaishou,1701470,1174.17,1252.38
node_001937,douyin,1701470,1100.78,1444.26
node_001937,tencent_video,1701470,894.94,1726.18
node_001937,iqiyi,1701470,877.56,1476.08
node_001937,bilibili,1701470,942.49,1317.93
node_001937,netease,1701470,727.41,1182.74
node_001937,default,1701470,635.59,775.07
node_001938,kuaishou,2585985,965.76,1095.76
node_001938,douyin,2585985,870.69,1277.26
node_001938,tencent_video,2585985,806.13,1536.55
node_001938,iqiyi,2585985,657.83,1287.59
node_001938,bilibili,2585985,804.97,984.99
node_001938,netease,2585985,592.99,879.22
node_001938,default,2585985,578.19,578.15
node_001939,kuaishou,155467,1203.7,1342.54
node_001939,douyin,155467,1063.1,1564.07
node_001939,tencent_video,155467,978.56,2268.45
node_001939,iqiyi,155467,837.45,1811.04
node_001939,bilibili,155467,969.38,1332.87
node_001939,netease,155467,728.49,1166.05
node_001939,default,155467,634.86,793.1
node_001940,kuaishou,2481394,1145.96,1463.6
node_001940,douyin,2481394,1064.99,1551.71
node_001940,tencent_video,2481394,994.91,1837.19
node_001940,iqiyi,2481394,810.18,1606.04
node_001940,bilibili,2481394,987.12,1385.1
node_001940,netease,2481394,772.48,1214.35
node_001940,default,2481394,692.43,806.28
node_001941,kuaishou,898263,1207.21,1421.0
node_001941,douyin,898263,1121.02,1718.62
node_001941,tencent_video,898263,1017.36,1983.68
node_001941,iqiyi,898263,876.94,1653.96
node_001941,bilibili,898263,995.28,1528.16
node_001941,netease,898263,785.3,1475.81
node_001941,default,898263,775.43,1004.0
node_001942,kuaishou,1176233,933.95,1108.99
node_001942,douyin,1176233,906.36,1231.11
node_001942,tencent_video,1176233,776.39,1120.56
node_001942,iqiyi,1176233,761.86,1137.71
node_001942,bilibili,1176233,828.65,1190.24
node_001942,netease,1176233,590.65,909.99
node_001942,default,1176233,563.28,676.71
node_001943,kuaishou,1118323,927.3,1127.93
node_001943,douyin,1118323,960.18,1354.29
node_001943,tencent_video,1118323,838.6,1591.78
node_001943,iqiyi,1118323,755.19,1517.7
node_001943,bilibili,1118323,890.48,1233.16
node_001943,netease,1118323,647.2,964.91
node_001943,default,1118323,604.66,671.16
node_001944,kuaishou,2458257,1063.48,1284.03
node_001944,douyin,2458257,929.77,1239.87
node_001944,tencent_video,2458257,821.18,1772.01
node_001944,iqiyi,2458257,698.44,1465.63
node_001944,bilibili,2458257,874.02,1160.65
node_001944,netease,2458257,737.91,1014.91
node_001944,default,2458257,559.46,826.52
node_001945,kuaishou,1875460,1166.8,1557.01
node_001945,douyin,1875460,1034.74,1640.06
node_001945,tencent_video,1875460,1022.38,2209.86
node_001945,iqiyi,1875460,867.55,1954.11
node_001945,bilibili,1875460,1113.68,1584.13
node_001945,netease,1875460,812.99,1243.02
node_001945,default,1875460,714.69,854.78
node_001946,kuaishou,323361,846.15,1126.87
node_001946,douyin,323361,729.81,1246.79
node_001946,tencent_video,323361,644.44,1312.17
node_001946,iqiyi,323361,593.79,1136.2
node_001946,bilibili,323361,757.96,968.77
node_001946,netease,323361,529.1,885.06
node_001946,default,323361,477.97,588.89
node_001947,kuaishou,185579,1278.72,1772.14
node_001947,douyin,185579,1156.08,1991.61
node_001947,tencent_video,185579,1019.13,2564.33
node_001947,iqiyi,185579,1016.62,2375.94
node_001947,bilibili,185579,1046.94,1656.85
node_001947,netease,185579,933.74,1495.42
node_001947,default,185579,749.03,1009.27
node_001948,kuaishou,1001327,811.67,1020.19
node_001948,douyin,1001327,786.79,1217.32
node_001948,tencent_video,1001327,719.4,1701.72
node_001948,iqiyi,1001327,571.36,1362.67
node_001948,bilibili,1001327,689.18,1074.85
node_001948,netease,1001327,555.75,906.14
node_001948,default,1001327,456.32,687.4
node_001949,kuaishou,842499,777.62,794.01
node_001949,douyin,842499,731.38,919.98
node_001949,tencent_video,842499,617.47,1181.06
node_001949,iqiyi,842499,523.37,1062.21
node_001949,bilibili,842499,590.07,773.05
node_001949,netease,842499,432.07,685.82
node_001949,default,842499,368.23,458.79
node_001950,kuaishou,857497,1073.04,1203.2
node_001950,douyin,857497,1003.92,1475.14
node_001950,tencent_video,857497,901.55,1825.79
node_001950,iqiyi,857497,749.76,1613.02
node_001950,bilibili,857497,936.89,1247.14
node_001950,netease,857497,711.9,1018.12
node_001950,default,857497,614.93,810.29
node_001951,kuaishou,789825,680.96,914.18
node_001951,douyin,789825,740.07,1135.12
node_001951,tencent_video,789825,601.94,1180.99
node_001951,iqiyi,789825,535.75,1020.5
node_001951,bilibili,789825,620.86,889.95
node_001951,netease,789825,469.8,840.05
node_001951,default,789825,413.44,578.19
node_001952,kuaishou,1513527,1258.61,1607.77
node_001952,douyin,1513527,1206.15,1777.92
node_001952,tencent_video,1513527,1110.23,2416.58
node_001952,iqiyi,1513527,880.15,2073.89
node_001952,bilibili,1513527,1042.76,1620.49
node_001952,netease,1513527,807.16,1309.86
node_001952,default,1513527,746.19,970.49
node_001953,kuaishou,944421,1065.74,1051.33
node_001953,douyin,944421,1062.81,1244.25
node_001953,tencent_video,944421,725.3,1376.55
node_001953,iqiyi,944421,689.2,1237.2
node_001953,bilibili,944421,845.31,1133.04
node_001953,netease,944421,659.72,949.34
node_001953,default,944421,579.88,666.21
node_001954,kuaishou,145104,818.48,1186.73
node_001954,douyin,145104,760.85,1264.26
node_001954,tencent_video,145104,677.87,1411.71
node_001954,iqiyi,145104,615.02,1204.73
node_001954,bilibili,145104,782.52,1116.18
node_001954,netease,145104,543.44,899.35
node_001954,default,145104,491.24,649.38
node_001955,kuaishou,418728,899.51,1005.94
node_001955,douyin,418728,841.26,1002.93
node_001955,tencent_video,418728,697.4,1366.12
node_001955,iqiyi,418728,667.92,1199.77
node_001955,bilibili,418728,733.93,899.02
node_001955,netease,418728,583.93,818.47
node_001955,default,418728,472.92,545.57
node_001956,kuaishou,1888342,1181.67,1381.73
node_001956,douyin,1888342,1246.92,1663.57
node_001956,tencent_video,1888342,1007.0,1814.84
node_001956,iqiyi,1888342,844.6,1526.76
node_001956,bilibili,1888342,1027.68,1316.39
node_001956,netease,1888342,644.49,1235.27
node_001956,default,1888342,678.31,922.38
node_001957,kuaishou,212990,1274.7,1854.33
node_001957,douyin,212990,1288.97,2034.22
node_001957,tencent_video,212990,1143.2,2694.79
node_001957,iqiyi,212990,977.61,2283.39
node_001957,bilibili,212990,1114.77,1729.51
node_001957,netease,212990,935.69,1552.38
node_001957,default,212990,800.34,1102.01
node_001958,kuaishou,2172490,616.83,728.93
node_001958,douyin,2172490,627.51,778.64
node_001958,tencent_video,2172490,498.06,871.0
node_001958,iqiyi,2172490,447.42,748.27
node_001958,bilibili,2172490,543.45,746.88
node_001958,netease,2172490,415.57,579.07
node_001958,default,2172490,357.92,404.94
node_001959,kuaishou,2492372,1204.31,1233.98
node_001959,douyin,2492372,1118.86,1389.97
node_001959,tencent_video,2492372,871.28,1434.49
node_001959,iqiyi,2492372,698.15,1322.63
node_001959,bilibili,2492372,898.75,1152.67
node_001959,netease,2492372,685.99,1045.46
node_001959,default,2492372,613.66,781.49
node_001960,kuaishou,533260,1080.11,1111.46
node_001960,douyin,533260,1015.3,1212.87
node_001960,tencent_video,533260,770.11,1318.73
node_001960,iqiyi,533260,707.09,1212.36
node_001960,bilibili,533260,805.93,1048.27
node_001960,netease,533260,602.13,884.5
node_001960,default,533260,530.95,583.91
node_001961,kuaishou,1003451,1114.13,1318.84
node_001961,douyin,1003451,1041.24,1478.52
node_001961,tencent_video,1003451,850.56,1696.38
node_001961,iqiyi,1003451,784.45,1361.31
node_001961,bilibili,1003451,924.81,1173.79
node_001961,netease,1003451,716.0,1126.85
node_001961,default,1003451,619.66,823.16
node_001962,kuaishou,1974439,1069.05,1242.91
node_001962,douyin,1974439,904.66,1785.0
node_001962,tencent_video,1974439,856.48,1550.73
node_001962,iqiyi,1974439,865.05,1381.82
node_001962,bilibili,1974439,902.2,1158.11
node_001962,netease,1974439,758.49,1088.11
node_001962,default,1974439,675.15,808.42
node_001963,kuaishou,1862786,821.14,812.16
node_001963,douyin,1862786,777.86,1010.93
node_001963,tencent_video,1862786,605.71,1355.3
node_001963,iqiyi,1862786,587.06,1185.77
node_001963,bilibili,1862786,663.42,948.41
node_001963,netease,1862786,452.46,785.8
node_001963,default,1862786,408.83,516.32
node_001964,kuaishou,228244,1134.43,1567.68
node_001964,douyin,228244,1042.63,1578.49
node_001964,tencent_video,228244,967.69,1881.58
node_001964,iqiyi,228244,872.46,1645.38
node_001964,bilibili,228244,1034.8,1540.16
node_001964,netease,228244,800.27,1320.03
node_001964,default,228244,652.89,856.74
node_001965,kuaishou,1498084,715.55,982.56
node_001965,douyin,1498084,714.04,1197.41
node_001965,tencent_video,1498084,596.37,1242.41
node_001965,iqiyi,1498084,611.26,1019.58
node_001965,bilibili,1498084,624.23,903.83
node_001965,netease,1498084,522.77,799.31
node_001965,default,1498084,454.17,579.13
node_001966,kuaishou,1733670,818.4,874.06
node_001966,douyin,1733670,731.59,1121.61
node_001966,tencent_video,1733670,590.08,1294.78
node_001966,iqiyi,1733670,543.12,945.33
node_001966,bilibili,1733670,579.02,952.9
node_001966,netease,1733670,474.49,794.32
node_001966,default,1733670,467.92,556.55
node_001967,kuaishou,2040078,658.09,737.4
node_001967,douyin,2040078,627.3,962.45
node_001967,tencent_video,2040078,539.2,987.29
node_001967,iqiyi,2040078,443.91,870.92
node_001967,bilibili,2040078,545.96,818.58
node_001967,netease,2040078,451.14,678.76
node_001967,default,2040078,413.92,484.53
node_001968,kuaishou,266961,595.94,795.15
node_001968,douyin,266961,558.81,787.95
node_001968,tencent_video,266961,533.57,944.48
node_001968,iqiyi,266961,449.06,1030.22
node_001968,bilibili,266961,523.89,719.42
node_001968,netease,266961,425.34,628.72
node_001968,default,266961,357.01,449.31
node_001969,kuaishou,866475,1053.61,993.52
node_001969,douyin,866475,916.7,1112.29
node_001969,tencent_video,866475,741.47,1374.07
node_001969,iqiyi,866475,652.75,1157.51
node_001969,bilibili,866475,832.27,1023.58
node_001969,netease,866475,569.81,842.17
node_001969,default,866475,510.48,649.89
node_001970,kuaishou,2297316,1029.47,1348.05
node_001970,douyin,2297316,960.66,1566.71
node_001970,tencent_video,2297316,932.13,1968.03
node_001970,iqiyi,2297316,793.62,1778.5
node_001970,bilibili,2297316,956.64,1071.58
node_001970,netease,2297316,679.66,1094.56
node_001970,default,2297316,628.73,793.26
node_001971,kuaishou,2085350,811.32,895.3
node_001971,douyin,2085350,773.3,1002.67
node_001971,tencent_video,2085350,704.92,1097.87
node_001971,iqiyi,2085350,658.99,988.84
node_001971,bilibili,2085350,760.24,836.32
node_001971,netease,2085350,527.85,741.42
node_001971,default,2085350,499.83,535.58
node_001972,kuaishou,2064494,1170.39,1090.15
node_001972,douyin,2064494,1100.58,1399.41
node_001972,tencent_video,2064494,880.94,1752.71
node_001972,iqiyi,2064494,743.04,1528.25
node_001972,bilibili,2064494,881.0,1157.5
node_001972,netease,2064494,707.32,972.52
node_001972,default,2064494,536.91,717.8
node_001973,kuaishou,1466366,1138.08,1287.01
node_001973,douyin,1466366,968.73,1593.16
node_001973,tencent_video,1466366,953.76,1528.07
node_001973,iqiyi,1466366,803.76,1383.63
node_001973,bilibili,1466366,913.78,1258.92
node_001973,netease,1466366,702.69,1090.38
node_001973,default,1466366,624.18,816.42
node_001974,kuaishou,1182902,1135.15,1484.19
node_001974,douyin,1182902,1124.02,1627.59
node_001974,tencent_video,1182902,1059.38,1991.14
node_001974,iqiyi,1182902,925.31,1674.64
node_001974,bilibili,1182902,935.07,1347.98
node_001974,netease,1182902,776.55,1186.46
node_001974,default,1182902,703.71,742.69
node_001975,kuaishou,1430752,678.8,696.1
node_001975,douyin,1430752,585.03,804.99
node_001975,tencent_video,1430752,538.32,846.83
node_001975,iqiyi,1430752,431.32,786.76
node_001975,bilibili,1430752,539.42,716.25
node_001975,netease,1430752,392.44,599.59
node_001975,default,1430752,326.07,403.4
node_001976,kuaishou,2182711,881.71,1092.38
node_001976,douyin,2182711,908.37,1260.44
node_001976,tencent_video,2182711,589.12,1326.03
node_001976,iqiyi,2182711,595.11,1035.85
node_001976,bilibili,2182711,654.13,1090.28
node_001976,netease,2182711,537.71,894.73
node_001976,default,2182711,451.01,663.07
node_001977,kuaishou,2168768,1138.06,1302.52
node_001977,douyin,2168768,1055.42,1442.13
node_001977,tencent_video,2168768,931.15,2128.56
node_001977,iqiyi,2168768,898.22,1836.59
node_001977,bilibili,2168768,973.73,1353.76
node_001977,netease,2168768,747.24,1228.88
node_001977,default,2168768,681.23,840.27
node_001978,kuaishou,1371877,1511.03,1823.94
node_001978,douyin,1371877,1374.38,2296.57
node_001978,tencent_video,1371877,1218.3,2330.2
node_001978,iqiyi,1371877,1001.6,2255.84
node_001978,bilibili,1371877,1281.9,1877.59
node_001978,netease,1371877,1012.37,1658.43
node_001978,default,1371877,849.49,1102.08
node_001979,kuaishou,697814,1049.98,1111.62
node_001979,douyin,697814,919.22,1193.14
node_001979,tencent_video,697814,774.88,1370.6
node_001979,iqiyi,697814,801.86,1272.25
node_001979,bilibili,697814,928.49,1195.15
node_001979,netease,697814,692.47,949.64
node_001979,default,697814,600.38,712.5
node_001980,kuaishou,1195680,772.38,946.04
node_001980,douyin,1195680,715.2,1142.15
node_001980,tencent_video,1195680,705.74,1269.79
node_001980,iqiyi,1195680,545.1,1146.11
node_001980,bilibili,1195680,692.96,1025.3
node_001980,netease,1195680,519.57,874.54
node_001980,default,1195680,454.53,580.22
node_001981,kuaishou,1615356,878.99,906.35
node_001981,douyin,1615356,815.38,1047.86
node_001981,tencent_video,1615356,701.68,1428.67
node_001981,iqiyi,1615356,694.32,1251.38
node_001981,bilibili,1615356,726.64,918.49
node_001981,netease,1615356,600.43,810.76
node_001981,default,1615356,528.16,572.0
node_001982,kuaishou,1344608,741.01,901.3
node_001982,douyin,1344608,662.16,1052.15
node_001982,tencent_video,1344608,588.23,1072.38
node_001982,iqiyi,1344608,544.31,943.6
node_001982,bilibili,1344608,617.06,817.16
node_001982,netease,1344608,474.43,713.77
node_001982,default,1344608,413.29,499.68
node_001983,kuaishou,2055912,840.07,939.98
node_001983,douyin,2055912,715.49,1030.89
node_001983,tencent_video,2055912,657.72,1428.82
node_001983,iqiyi,2055912,591.29,1307.65
node_001983,bilibili,2055912,639.8,928.75
node_001983,netease,2055912,519.14,831.75
node_001983,default,2055912,454.7,565.28
node_001984,kuaishou,1518012,1356.25,1358.93
node_001984,douyin,1518012,1170.77,1575.84
node_001984,tencent_video,1518012,989.23,1895.66
node_001984,iqiyi,1518012,877.17,1884.72
node_001984,bilibili,1518012,965.58,1437.56
node_001984,netease,1518012,726.28,1208.24
node_001984,default,1518012,634.22,942.37
node_001985,kuaishou,1708367,805.21,889.05
node_001985,douyin,1708367,720.68,951.74
node_001985,tencent_video,1708367,642.85,1338.39
node_001985,iqiyi,1708367,577.46,1137.94
node_001985,bilibili,1708367,692.38,877.56
node_001985,netease,1708367,497.76,744.19
node_001985,default,1708367,415.33,521.43
node_001986,kuaishou,2570462,958.79,984.06
node_001986,douyin,2570462,949.52,1150.8
node_001986,tencent_video,2570462,801.09,1321.11
node_001986,iqiyi,2570462,671.5,1233.75
node_001986,bilibili,2570462,775.37,986.69
node_001986,netease,2570462,568.4,783.8
node_001986,default,2570462,495.05,630.45
node_001987,kuaishou,889226,1231.29,1801.22
node_001987,douyin,889226,1336.08,2093.55
node_001987,tencent_video,889226,1185.15,2441.23
node_001987,iqiyi,889226,1064.63,1977.42
node_001987,bilibili,889226,1234.39,1668.97
node_001987,netease,889226,936.59,1605.97
node_001987,default,889226,805.94,1156.13
node_001988,kuaishou,369285,744.62,976.42
node_001988,douyin,369285,715.84,1104.31
node_001988,tencent_video,369285,638.97,1186.62
node_001988,iqiyi,369285,600.86,1195.45
node_001988,bilibili,369285,753.41,952.74
node_001988,netease,369285,495.03,851.82
node_001988,default,369285,471.17,600.02
node_001989,kuaishou,1138855,925.41,1187.19
node_001989,douyin,1138855,829.81,1254.09
node_001989,tencent_video,1138855,815.62,1355.09
node_001989,iqiyi,1138855,678.73,1126.77
node_001989,bilibili,1138855,854.44,1130.93
node_001989,netease,1138855,629.86,853.93
node_001989,default,1138855,552.85,693.61
node_001990,kuaishou,911120,1423.54,2021.45
node_001990,douyin,911120,1332.72,2334.51
node_001990,tencent_video,911120,1090.96,2940.94
node_001990,iqiyi,911120,920.81,2712.15
node_001990,bilibili,911120,1325.41,1896.0
node_001990,netease,911120,843.96,1621.34
node_001990,default,911120,880.6,1180.28
node_001991,kuaishou,2102870,1370.57,1746.41
node_001991,douyin,2102870,1208.02,1886.21
node_001991,tencent_video,2102870,1137.38,2108.56
node_001991,iqiyi,2102870,1031.62,2045.15
node_001991,bilibili,2102870,1141.43,1843.93
node_001991,netease,2102870,891.58,1514.38
node_001991,default,2102870,722.0,1002.69
node_001992,kuaishou,1242105,1256.34,1338.13
node_001992,douyin,1242105,1120.17,1571.89
node_001992,tencent_video,1242105,1016.45,1822.32
node_001992,iqiyi,1242105,832.7,1494.1
node_001992,bilibili,1242105,1001.32,1370.96
node_001992,netease,1242105,762.98,1166.94
node_001992,default,1242105,649.89,786.14
node_001993,kuaishou,667882,865.35,891.68
node_001993,douyin,667882,821.01,1108.69
node_001993,tencent_video,667882,597.74,1103.31
node_001993,iqiyi,667882,541.55,1017.11
node_001993,bilibili,667882,608.92,908.41
node_001993,netease,667882,476.03,782.21
node_001993,default,667882,425.05,571.4
node_001994,kuaishou,1133142,1378.17,1354.3
node_001994,douyin,1133142,1241.18,1666.79
node_001994,tencent_video,1133142,888.88,2121.43
node_001994,iqiyi,1133142,804.42,1890.51
node_001994,bilibili,1133142,979.32,1342.42
node_001994,netease,1133142,698.63,1183.38
node_001994,default,1133142,629.77,776.95
node_001995,kuaishou,1446450,757.11,982.04
node_001995,douyin,1446450,686.13,1186.74
node_001995,tencent_video,1446450,666.8,1216.89
node_001995,iqiyi,1446450,602.43,1022.85
node_001995,bilibili,1446450,671.48,933.53
node_001995,netease,1446450,486.82,792.99
node_001995,default,1446450,436.71,619.4
node_001996,kuaishou,22273,1194.13,1458.94
node_001996,douyin,22273,1160.52,1851.39
node_001996,tencent_video,22273,983.71,2182.86
node_001996,iqiyi,22273,877.96,1871.61
node_001996,bilibili,22273,1051.93,1555.55
node_001996,netease,22273,688.74,1232.63
node_001996,default,22273,739.59,894.79
node_001997,kuaishou,1076281,1267.33,1340.71
node_001997,douyin,1076281,1075.45,1376.56
node_001997,tencent_video,1076281,844.19,1925.45
node_001997,iqiyi,1076281,748.39,1785.52
node_001997,bilibili,1076281,905.54,1294.35
node_001997,netease,1076281,680.11,1111.96
node_001997,default,1076281,638.64,698.66
node_001998,kuaishou,2347936,969.21,1016.07
node_001998,douyin,2347936,925.19,1165.83
node_001998,tencent_video,2347936,742.98,1533.41
node_001998,iqiyi,2347936,685.07,1354.7
node_001998,bilibili,2347936,806.0,1048.43
node_001998,netease,2347936,570.36,888.4
node_001998,default,2347936,492.3,526.09
node_001999,kuaishou,1858615,853.97,1135.6
node_001999,douyin,1858615,773.57,1339.61
node_001999,tencent_video,1858615,694.95,1500.41
node_001999,iqiyi,1858615,619.67,1277.3
node_001999,bilibili,1858615,760.48,1030.24
node_001999,netease,1858615,571.33,923.35
node_001999,default,1858615,464.46,659.04
